id_escala,imo,buque,id_naviera,id_muelle,tipo_trafico,operacion,mercancia,toneladas,teu,eta,ata,atd,origen,destino,practicaje,pasajeros
ESC-2024-001881,9183415,Blue Horizon II,NAV014,M02,granel_solido,mixta,Pirita,24776.8,0,2024-01-01 04:49:11,2024-01-01 11:48:34,2024-01-02 21:30:09,Algeciras,Valencia,S,0
ESC-2024-002258,9323998,Odiel Mar I,NAV003,M08,fruta_refrigerada,descarga,Cítricos,14113.1,0,2024-01-01 05:17:16,2024-01-01 09:53:33,2024-01-02 22:50:11,Tánger Med,Valencia,S,0
ESC-2024-002806,9782431,Iberian Wave,NAV016,M12,granel_liquido,carga,Crudo,81062.7,0,2024-01-01 05:39:53,2024-01-01 12:09:14,2024-01-03 09:12:35,Le Havre,Santa Cruz de Tenerife,S,0
ESC-2024-000218,9952402,Punta Pioneer,NAV032,M10,pesca,carga,Pescado fresco,26.3,0,2024-01-01 06:52:58,01/01/2024 07:08,2024-01-01 14:29:06,Rotterdam,Ceuta,N,0
ESC-2024-000501,9765768,Cabo Pride I,NAV007,M12,granel_liquido,carga,Productos químicos,44646.5,0,2024-01-01 07:34:46,01/01/2024 21:49,2024-01-02 20:34:38,Algeciras,Le Havre,S,0
ESC-2024-000141,9764958,Silver Breeze,NAV040,M07,ro_ro,carga,Semirremolques,20033.2,0,2024-01-01 08:15:37,2024-01-01 09:29:32,2024-01-02 00:08:49,Algeciras,Santa Cruz de Tenerife,S,0
ESC-2024-004582,9418834,Costa Navigator V,NAV035,M02,granel_solido,mixta,Cereal,38268.5,0,2024-01-01 09:14:54,2024-01-01 12:54:58,2024-01-03 00:39:58,Algeciras,Génova,S,0
ESC-2024-006374,9569700,Costa Star,NAV006,M01,contenedores,descarga,Contenedores,16031.7,1301,2024-01-01 10:22:02,2024-01-01 14:30:32,2024-01-02 06:12:25,Casablanca,Ceuta,S,0
ESC-2024-002934,9364722,Aurora Glory II,NAV023,M05,granel_liquido,descarga,GNL,7264.9,0,2024-01-01 13:38:08,2024-01-01 23:05:35,2024-01-03 01:04:02,Amberes,Hamburgo,S,0
ESC-2024-003647,9938640,Estrella Spirit I,NAV002,M11,carga_general,descarga,Palés,6635.0,0,2024-01-01 18:00:22,2024-01-01 20:14:29,2024-01-02 14:16:46,Santa Cruz de Tenerife,Las Palmas,S,0
ESC-2024-003862,9948346,Tinto Sol V,NAV020,M09,pasajeros,mixta,Pasajeros,0.0,0,2024-01-02 01:13:06,2024-01-02 01:44:46,2024-01-02 11:40:14,Santos,Nueva York,S,2376
ESC-2024-001556,9426178,Delta Marina II,NAV023,M09,pasajeros,carga,Pasajeros,0.0,0,2024-01-02 03:00:17,2024-01-02 03:13:28,2024-01-02 13:09:02,Rotterdam,Rotterdam,S,2660
ESC-2024-000963,9677117,Iberian Pride,NAV017,M03,granel_solido,carga,Concentrado de cobre,23494.4,0,2024-01-02 03:05:31,2024-01-03 15:49:24,2024-01-05 17:12:44,Casablanca,Las Palmas,S,0
ESC-2024-001767,9521198,Blue Bay III,NAV036,M10,pesca,mixta,Pescado fresco,74.1,0,2024-01-02 03:24:18,2024-01-02 03:28:42,2024-01-02 09:47:35,Algeciras,Nueva York,N,0
ESC-2024-003796,9284635,Nordic Sol IV,NAV017,M02,granel_solido,mixta,Fertilizantes,18918.0,0,2024-01-02 06:11:18,2024-01-02 08:58:54,2024-01-04 03:25:32,Valencia,Nueva York,S,0
ESC-2024-002180,9236834,Aurora Fortune,NAV040,M04,granel_liquido,carga,Gasóleo,67784.6,0,2024-01-02 12:34:39,2024-01-02 15:09:28,2024-01-02 17:09:28,Nueva York,Santa Cruz de Tenerife,S,0
ESC-2024-006073,9148130,Odiel Star II,NAV019,M05,granel_liquido,mixta,Crudo,90955.1,0,2024-01-02 12:52:59,2024-01-02 17:27:52,2024-01-03 20:05:36,Santa Cruz de Tenerife,Génova,S,0
ESC-2024-005586,9419474,Ocean Glory I,NAV022,M11,carga_general,descarga,Bobinas de acero,11444.7,0,2024-01-02 14:44:02,2024-01-02 17:01:29,2024-01-03 19:17:18,Casablanca,Hamburgo,S,0
ESC-2024-004002,9153252,Estrella Carrier,NAV007,M03,granel_solido,mixta,Clínker,24047.0,0,2024-01-02 16:17:19,2024-01-02 16:57:20,2024-01-04 16:22:48,Houston,Santos,S,0
ESC-2024-001708,9039896,Blue Breeze,NAV036,M06,granel_liquido,mixta,Gasóleo,25840.7,0,2024-01-02 16:41:26,2024-01-02 19:56:49,2024-01-02 10:56:49,Valencia,Casablanca,S,0
ESC-2024-002932,9342255,Blue Fortune II,NAV034,M02,granel_solido,mixta,Clínker,39425.8,0,2024-01-02 19:35:58,2024-01-02 20:20:26,2024-01-04 17:16:41,Amberes,Abiyán,S,0
ESC-2024-005669,9543823,Aurora Mar IV,NAV036,M02,granel_solido,descarga,Concentrado de cobre,45578.4,0,2024-01-02 20:12:46,2024-01-03 19:06:16,2024-01-05 09:48:06,Tánger Med,Dakar,S,0
ESC-2024-001539,9717199,Doña Express,NAV017,M10,pesca,mixta,Pescado fresco,20.1,0,2024-01-03 03:59:45,2024-01-03 04:05:03,2024-01-03 10:03:52,Valencia,Funchal,N,0
ESC-2024-005152,9826809,Delta Voyager,NAV034,M06,granel_liquido,carga,Ácido sulfúrico,77357.4,0,2024-01-03 06:10:45,2024-01-03 12:55:44,2024-01-04 14:17:18,Hamburgo,Dakar,S,0
ESC-2024-003525,9435818,Estrella Breeze,NAV033,M01,contenedores,mixta,Contenedores,10550.1,1094,2024-01-03 11:39:25,2024-01-03 13:51:23,2024-01-04 07:09:05,Ceuta,Le Havre,S,0
ESC-2024-006483,9822619,Ocean Bay,NAV002,M11,carga_general,mixta,Maquinaria,10047.0,0,2024-01-03 14:05:26,2024-01-03 14:40:40,2024-01-04 16:11:40,Le Havre,Houston,S,0
ESC-2024-003266,9362786,Golden Pioneer,NAV005,M07,ro_ro,descarga,Semirremolques,13501.0,0,2024-01-03 16:17:19,2024-01-03 16:37:15,2024-01-04 02:28:34,Génova,Santa Cruz de Tenerife,S,0
ESC-2024-000204,9260500,Southern Venture,NAV003,M01,contenedores,mixta,Contenedores,16913.9,1404,2024-01-03 16:45:09,2024-01-03 21:20:21,2024-01-04 20:14:34,Santa Cruz de Tenerife,Amberes,S,0
ESC-2024-006404,9822619,Ocean Bay,NAV002,M11,carga_general,mixta,Palés,5536.3,0,2024-01-03 17:09:40,03/01/2024 21:00,2024-01-05 11:04:36,Hamburgo,Tánger Med,S,0
ESC-2024-003396,9936604,Silver Star,NAV010,M08,fruta_refrigerada,mixta,Fresa y frutos rojos,15032.4,0,2024-01-03 19:45:39,2024-01-03 21:41:51,2024-01-04 19:55:37,Amberes,Ceuta,S,0
ESC-2024-005410,9924003,Odiel Mar II,NAV015,M04,granel_liquido,mixta,Crudo,16772.3,0,2024-01-03 20:38:06,2024-01-03 22:33:20,2024-01-05 04:12:06,Amberes,Ceuta,S,0
ESC-2024-001856,9736327,Iberian Dawn,NAV033,M03,granel_solido,carga,Clínker,20253.3,0,2024-01-03 21:34:52,2024-01-05 11:18:50,2024-01-06 06:07:18,Hamburgo,Le Havre,S,0
ESC-2024-003508,9665891,Atlantic Venture IV,NAV032,M10,pesca,mixta,Pescado fresco,11.8,0,2024-01-04 01:27:49,2024-01-04 01:31:23,2024-01-04 08:22:58,Hamburgo,Funchal,S,0
ESC-2024-000982,9829746,Marisma Venture,NAV030,M12,granel_liquido,mixta,Biocombustible,46330.9,0,2024-01-04 14:26:13,2024-01-04 18:40:40,2024-01-05 20:11:40,Génova,Hamburgo,S,0
ESC-2024-005761,9445459,Costa Breeze,NAV018,M03,granel_solido,carga,Pirita,15696.9,0,2024-01-04 15:20:14,2024-01-04 17:59:56,2024-01-06 04:40:50,Dakar,Sines,S,0
ESC-2024-004902,9484132,Costa Pride IV,NAV016,M01,contenedores,carga,Contenedores,10536.3,1170,2024-01-04 16:24:51,2024-01-04 23:49:07,2024-01-05 20:50:36,Abiyán,Santos,S,0
ESC-2024-001123,9098672,Punta Dawn,NAV035,M04,granel_liquido,carga,GNL,47054.7,0,2024-01-04 20:43:30,2024-01-05 03:13:48,2024-01-06 02:13:45,Las Palmas,Houston,S,0
ESC-2024-005836,9276406,Atlantic Dawn,NAV020,M11,carga_general,mixta,Madera,9281.9,0,2024-01-04 22:53:21,2024-01-04 23:30:12,2024-01-05 21:39:35,Dakar,Génova,S,0
ESC-2024-005322,9844588,Delta Wave,NAV001,M01,contenedores,mixta,Contenedores,8934.3,759,2024-01-05 00:08:34,2024-01-05 02:17:48,2024-01-05 10:15:30,Ceuta,Nueva York,S,0
ESC-2024-002427,9364722,Aurora Glory II,NAV023,M12,granel_liquido,mixta,Crudo,7225.9,0,2024-01-05 00:46:01,2024-01-05 10:47:29,2024-01-06 16:39:36,Santa Cruz de Tenerife,Dakar,S,0
ESC-2024-002331,9495507,Costa Bay,NAV040,M01,contenedores,descarga,Contenedores,12540.7,896,2024-01-05 07:04:23,2024-01-05 08:14:00,2024-01-05 22:15:08,Valencia,Tánger Med,S,0
ESC-2024-004691,9098672,Punta Dawn,NAV035,M04,granel_liquido,descarga,Biocombustible,59446.8,0,2024-01-05 08:09:24,2024-01-05 16:56:49,2024-01-07 03:23:54,Hamburgo,Santos,S,0
ESC-2024-004124,9151632,Golden Trader V,NAV030,M12,granel_liquido,descarga,Crudo,13188.9,0,2024-01-05 08:38:33,2024-01-05 19:22:29,2024-01-06 21:03:44,Rotterdam,Rotterdam,S,0
ESC-2024-003304,9816622,Río Fortune,NAV010,M11,carga_general,descarga,Palés,6021.8,0,2024-01-05 13:02:43,2024-01-05 14:27:01,2024-01-06 18:37:56,Amberes,Algeciras,S,0
ESC-2024-001197,9634581,Luz Dawn V,NAV017,M04,granel_liquido,mixta,GNL,9539.8,0,2024-01-05 14:37:30,2024-01-06 02:34:38,2024-01-07 16:03:36,Lisboa,Sines,S,0
ESC-2024-004647,9587568,Río Pioneer I,NAV026,M02,granel_solido,descarga,Pirita,14318.8,0,2024-01-05 18:19:32,2024-01-05 20:00:04,2024-01-07 11:39:48,Nueva York,Ceuta,S,0
ESC-2024-001398,9816622,Río Fortune,NAV010,M11,carga_general,mixta,Maquinaria,5936.2,0,2024-01-05 18:23:32,2024-01-07 17:02:06,2024-01-08 16:58:47,Génova,Funchal,S,0
ESC-2024-001695,9160126,Río Marina V,NAV008,M05,granel_liquido,carga,Crudo,27497.8,0,2024-01-05 18:26:38,2024-01-06 10:34:59,2024-01-07 13:02:41,Algeciras,Las Palmas,S,0
ESC-2024-003143,9717199,Doña Express,NAV017,M10,pesca,carga,Pescado fresco,43.4,0,2024-01-05 19:28:27,2024-01-05 19:37:45,2024-01-06 04:14:17,Génova,Génova,N,0
ESC-2024-001287,9806017,Río Star,NAV027,M01,contenedores,descarga,Contenedores,7210.9,581,2024-01-05 22:20:48,2024-01-05 23:50:31,2024-01-06 17:26:26,Génova,Tánger Med,S,0
ESC-2024-003895,9430090,Odiel Mar,NAV035,M03,granel_solido,carga,Fertilizantes,18916.0,0,2024-01-05 22:29:04,2024-01-06 08:03:45,2024-01-08 02:57:52,Houston,Las Palmas,S,0
ESC-2024-001825,9864447,Iberian Dawn II,NAV008,M02,granel_solido,descarga,Cereal,18758.0,0,2024-01-05 22:46:25,2024-01-06 01:11:55,2024-01-07 12:16:24,Rotterdam,Casablanca,S,0
ESC-2024-001142,9750165,Golden Navigator,NAV014,M02,granel_solido,carga,Clínker,13087.0,0,2024-01-05 22:57:31,2024-01-06 12:57:06,2024-01-08 13:24:54,Algeciras,Ceuta,S,0
ESC-2024-003808,9042219,Marisma Trader,NAV015,M03,granel_solido,carga,Concentrado de cobre,15810.4,0,2024-01-05 23:29:12,2024-01-05 23:52:57,2024-01-07 11:32:48,Lisboa,Tánger Med,S,0
ESC-2024-001729,9626546,Southern Fortune,NAV008,M03,granel_solido,descarga,Pirita,24065.5,0,2024-01-06 01:49:47,2024-01-06 23:58:02,2024-01-08 10:44:52,Houston,Nueva York,S,0
ESC-2024-004309,9503445,Ocean Mar,NAV034,M04,granel_liquido,carga,Productos químicos,82240.0,0,2024-01-06 02:42:58,2024-01-06 04:43:35,2024-01-07 03:13:53,Hamburgo,Santa Cruz de Tenerife,S,0
ESC-2024-001714,9957799,Río Sol,NAV006,M12,granel_liquido,carga,Biocombustible,62609.3,0,2024-01-06 02:52:06,2024-01-06 03:09:35,2024-01-08 00:14:59,Lisboa,Algeciras,S,0
ESC-2024-002984,9520895,Río Spirit,NAV009,M05,granel_liquido,carga,GNL,88164.4,0,2024-01-06 08:05:56,2024-01-06 15:08:18,2024-01-08 00:19:24,Le Havre,Funchal,S,0
ESC-2024-003078,9609550,Blue Navigator,NAV014,M07,ro_ro,carga,Vehículos,23490.3,0,2024-01-06 11:44:26,2024-01-06 12:15:46,2024-01-07 03:23:21,Nueva York,Le Havre,S,0
ESC-2024-003044,9654488,Delta Sol,NAV035,M03,granel_solido,carga,Concentrado de cobre,39502.1,0,2024-01-06 12:25:25,2024-01-06 16:39:46,2024-01-08 08:43:24,Dakar,Funchal,S,0
ESC-2024-000008,9221920,Silver Bay,NAV020,M12,granel_liquido,carga,Gasóleo,17771.1,0,2024-01-06 12:48:41,2024-01-06 15:15:49,2024-01-07 08:57:52,Santa Cruz de Tenerife,Santos,S,0
ESC-2024-000359,9621766,Delta Trader IV,NAV006,M01,contenedores,mixta,Contenedores,6688.1,479,2024-01-06 13:11:13,2024-01-06 15:52:47,2024-01-07 12:10:46,Amberes,Las Palmas,S,0
ESC-2024-002545,9938640,Estrella Spirit I,NAV002,M11,carga_general,mixta,Maquinaria,9442.2,0,2024-01-06 16:24:02,2024-01-06 22:57:14,2024-01-08 17:32:24,Ceuta,Algeciras,S,0
ESC-2024-005594,9947017,Aurora Breeze,NAV035,M06,granel_liquido,descarga,GNL,50095.5,0,2024-01-06 20:44:16,2024-01-07 06:09:14,2024-01-08 04:21:29,Amberes,Houston,S,0
ESC-2024-003668,9680669,Estrella Fortune,NAV029,M07,ro_ro,carga,Vehículos,14138.0,0,2024-01-07 00:20:18,2024-01-07 01:40:52,2024-01-07 11:43:32,Tánger Med,Casablanca,S,0
ESC-2024-002452,9641912,Ocean Glory,NAV030,M02,granel_solido,mixta,Concentrado de cobre,20815.7,0,2024-01-07 05:14:39,2024-01-07 09:32:28,2024-01-09 19:42:46,Houston,Génova,S,0
ESC-2024-004473,9311490,Río Trader IV,NAV033,M10,pesca,carga,Pescado fresco,35.2,0,2024-01-07 06:10:48,2024-01-07 06:14:39,2024-01-07 12:06:39,Santa Cruz de Tenerife,Santos,S,0
ESC-2024-006035,9521198,Blue Bay III,NAV036,M10,pesca,descarga,Pescado fresco,60.6,0,2024-01-07 07:10:52,2024-01-07 08:12:08,2024-01-07 12:06:15,Santos,Santos,S,0
ESC-2024-002045,9228526,Silver Navigator V,NAV039,M03,granel_solido,carga,Pirita,50931.7,0,2024-01-07 07:24:44,07/01/2024 15:29,2024-01-08 19:16:23,Génova,Casablanca,S,0
ESC-2024-004520,9408011,Cabo Voyager,NAV021,M04,granel_liquido,mixta,Gasóleo,45660.4,0,2024-01-07 08:17:14,2024-01-07 13:45:29,2024-01-08 18:13:17,Algeciras,Rotterdam,S,0
ESC-2024-003772,9680669,Estrella Fortune,NAV029,M07,ro_ro,carga,Semirremolques,13982.9,0,2024-01-07 20:29:39,2024-01-07 21:12:37,2024-01-08 13:20:09,Santos,Ceuta,S,0
ESC-2024-006153,9472995,Blue Trader,NAV028,M02,granel_solido,carga,Pirita,46253.2,0,2024-01-07 23:04:14,2024-01-07 23:28:13,2024-01-11 09:58:56,Las Palmas,Rotterdam,S,0
ESC-2024-005503,9809253,Río Bay,NAV005,M03,granel_solido,descarga,Cereal,18809.8,0,2024-01-07 23:59:10,2024-01-08 00:42:51,2024-01-10 10:02:25,Santos,Casablanca,S,0
ESC-2024-003600,9132703,Cabo Breeze,NAV019,M05,granel_liquido,carga,Biocombustible,46932.2,0,2024-01-08 03:12:31,2024-01-08 04:42:50,2024-01-09 02:35:51,Funchal,Algeciras,S,0
ESC-2024-005001,9459709,Río Marina,NAV024,M12,granel_liquido,descarga,Productos químicos,34637.8,0,2024-01-08 05:11:26,2024-01-08 09:49:03,2024-01-09 22:48:41,Génova,Le Havre,S,0
ESC-2024-006475,9092329,Tinto Star,NAV017,M03,granel_solido,carga,Clínker,31380.7,0,2024-01-08 06:18:54,2024-01-08 20:40:52,2024-01-11 01:04:53,Amberes,Santos,S,0
ESC-2024-000060,9195274,Aurora Sol,NAV006,M02,granel_solido,descarga,Fertilizantes,32265.2,0,2024-01-08 13:12:49,2024-01-08 22:14:52,2024-01-10 21:51:15,Tánger Med,Sines,S,0
ESC-2024-004796,9406518,Tinto Voyager,NAV016,M06,granel_liquido,carga,Biocombustible,31863.8,0,2024-01-08 14:00:58,2024-01-08 20:15:58,2024-01-09 13:02:48,Amberes,Tánger Med,S,0
ESC-2024-001988,9467031,Cabo Star,NAV008,M11,carga_general,descarga,Madera,11156.2,0,2024-01-08 17:36:30,2024-01-08 18:50:00,2024-01-10 09:30:20,Las Palmas,Hamburgo,S,0
ESC-2024-001243,9004516,Costa Spirit,NAV028,M04,granel_liquido,carga,GNL,28712.3,0,2024-01-08 19:57:55,09/01/2024 00:36,2024-01-10 01:26:11,Amberes,Tánger Med,S,0
ESC-2024-004741,9287900,Delta Spirit,NAV040,M07,ro_ro,descarga,Vehículos,13263.3,0,2024-01-08 22:29:20,2024-01-08 23:25:04,2024-01-09 09:56:46,Le Havre,Sines,S,0
ESC-2024-004222,9594248,Costa Fortune,NAV015,M03,granel_solido,mixta,Concentrado de cobre,19751.9,0,2024-01-09 01:28:10,2024-01-09 12:54:50,2024-01-10 19:30:36,Funchal,Nueva York,S,0
ESC-2024-005491,9434709,Silver Express,NAV014,M04,granel_liquido,mixta,Crudo,56589.1,0,2024-01-09 03:30:57,2024-01-09 07:56:06,2024-01-10 03:07:31,Génova,Le Havre,S,0
ESC-2024-003373,9846483,Southern Horizon III,NAV019,M02,granel_solido,mixta,Cereal,29958.2,0,2024-01-09 06:55:00,2024-01-09 08:07:15,2024-01-11 19:05:11,Rotterdam,Las Palmas,S,0
ESC-2024-000959,9026564,Tinto Mar,NAV040,M12,granel_liquido,descarga,Productos químicos,34243.8,0,2024-01-09 17:53:57,2024-01-10 02:00:25,2024-01-11 05:24:03,Santos,Ceuta,S,0
ESC-2024-004245,9738167,Silver Venture,NAV013,M09,pasajeros,descarga,Pasajeros,0.0,0,2024-01-09 19:38:18,2024-01-09 19:52:20,2024-01-10 05:37:14,Abiyán,Lisboa,S,956
ESC-2024-006378,9924003,Odiel Mar II,NAV015,M12,granel_liquido,carga,GNL,24699.8,0,2024-01-09 23:01:24,2024-01-10 02:08:53,2024-01-11 20:12:06,Las Palmas,Casablanca,S,0
ESC-2024-002726,9183415,Blue Horizon II,NAV014,M02,granel_solido,carga,Cereal,21611.1,0,2024-01-10 04:11:00,2024-01-10 06:39:54,2024-01-12 12:43:03,Ceuta,Abiyán,S,0
ESC-2024-005798,9263394,Odiel Horizon,NAV034,M10,pesca,mixta,Pescado fresco,48.0,0,2024-01-10 05:19:22,2024-01-10 05:32:56,2024-01-10 10:44:54,Nueva York,Ceuta,S,0
ESC-2024-000863,9145425,Costa Express,NAV032,M04,granel_liquido,descarga,Productos químicos,45668.4,0,2024-01-10 22:07:03,2024-01-11 01:58:33,2024-01-11 17:11:45,Abiyán,Sines,S,0
ESC-2024-001932,9948346,Tinto Sol V,NAV020,M09,pasajeros,descarga,Pasajeros,0.0,0,2024-01-11 00:09:00,2024-01-11 00:18:34,2024-01-11 12:16:39,Le Havre,Rotterdam,S,1484
ESC-2024-003106,9513804,Silver Navigator,NAV010,M05,granel_liquido,mixta,Ácido sulfúrico,73382.6,0,2024-01-11 02:34:28,2024-01-11 04:18:19,2024-01-12 22:45:23,Hamburgo,Casablanca,S,0
ESC-2024-000221,9550230,Nordic Carrier,NAV011,M11,carga_general,descarga,Maquinaria,3616.6,0,2024-01-11 08:43:25,2024-01-11 09:56:08,2024-01-12 14:28:40,Lisboa,Houston,S,0
ESC-2024-005729,9386237,Cabo Venture,NAV038,M07,ro_ro,carga,Vehículos,21594.3,0,2024-01-11 10:25:43,2024-01-11 14:05:31,2024-01-12 03:56:28,Santos,Génova,S,0
ESC-2024-005243,9537977,Luz Voyager V,NAV002,M02,granel_solido,mixta,Pirita,53483.0,0,2024-01-11 11:07:31,2024-01-12 02:45:05,2024-01-14 04:01:13,Hamburgo,Casablanca,S,0
ESC-2024-003016,9256200,Luz Breeze,NAV009,M04,granel_liquido,mixta,Gasóleo,63747.5,0,2024-01-11 13:15:36,2024-01-11 15:47:55,2024-01-12 14:25:21,Sines,Rotterdam,S,0
ESC-2024-001977,9203722,Southern Voyager II,NAV034,M01,contenedores,mixta,Contenedores,19242.6,1546,2024-01-11 16:35:18,2024-01-11 17:49:05,2024-01-13 02:54:50,Abiyán,Tánger Med,S,0
ESC-2024-005963,9609550,Blue Navigator,NAV014,M07,ro_ro,descarga,Vehículos,25738.7,0,2024-01-11 19:45:25,2024-01-11 20:50:51,2024-01-12 12:29:56,Santa Cruz de Tenerife,Valencia,S,0
ESC-2024-001628,9058751,Río Voyager,NAV009,M05,granel_liquido,mixta,Productos químicos,33306.6,0,2024-01-11 22:42:53,2024-01-11 23:16:54,2024-01-13 07:57:27,Hamburgo,Amberes,S,0
ESC-2024-000232,9465851,Luz Glory IV,NAV008,M02,granel_solido,mixta,Clínker,26293.6,0,2024-01-11 22:48:16,2024-01-11 23:38:30,2024-01-13 17:09:28,Hamburgo,Algeciras,S,0
ESC-2024-004372,9952402,Punta Pioneer,NAV032,M10,pesca,carga,Pescado fresco,68.4,0,2024-01-12 06:27:54,2024-01-12 07:23:24,2024-01-12 16:51:18,Le Havre,Houston,N,0
ESC-2024-003855,9429601,Marisma Spirit IV,NAV040,M02,granel_solido,carga,Fertilizantes,19360.3,0,2024-01-12 13:03:18,2024-01-12 15:08:34,2024-01-14 12:36:42,Génova,Nueva York,S,0
ESC-2024-004292,9362786,Golden Pioneer,NAV005,M07,ro_ro,mixta,Vehículos,13883.8,0,2024-01-12 17:27:00,2024-01-12 17:42:17,2024-01-13 06:11:02,Tánger Med,Lisboa,S,0
ESC-2024-001054,9633628,Blue Pride,NAV033,M01,contenedores,carga,Contenedores,10459.5,865,2024-01-12 18:45:17,2024-01-12 20:01:08,2024-01-13 17:43:53,Amberes,Tánger Med,S,0
ESC-2024-002146,9116034,Atlantic Fortune III,NAV019,M01,contenedores,mixta,Contenedores,12651.9,1083,2024-01-12 22:27:20,2024-01-13 03:23:44,2024-01-14 02:41:36,Amberes,Santa Cruz de Tenerife,S,0
ESC-2024-006303,9362786,Golden Pioneer,NAV005,M07,ro_ro,descarga,Semirremolques,9075.6,0,2024-01-12 23:43:48,2024-01-13 00:23:57,2024-01-13 11:44:11,Lisboa,Santa Cruz de Tenerife,S,0
ESC-2024-002351,9355458,Southern Spirit II,NAV010,M12,granel_liquido,carga,Ácido sulfúrico,11380.9,0,2024-01-13 00:12:35,2024-01-13 03:37:54,2024-01-14 07:05:43,Sines,Valencia,S,0
ESC-2024-003925,9947017,  AURORA BREEZE ,NAV035,M05,granel_liquido,descarga,GNL,44774.4,0,2024-01-13 07:27:55,2024-01-13 08:38:19,2024-01-14 19:56:17,Sines,Santa Cruz de Tenerife,S,0
ESC-2024-000734,9350628,Aurora Express,NAV028,M01,contenedores,mixta,Contenedores,10884.2,1041,2024-01-13 07:51:21,2024-01-13 13:48:29,2024-01-14 10:30:45,Tánger Med,Rotterdam,S,0
ESC-2024-004639,9680669,Estrella Fortune,NAV029,M07,ro_ro,descarga,Semirremolques,18804000.0,0,2024-01-13 12:58:37,2024-01-13 14:03:11,2024-01-14 00:16:39,Las Palmas,Tánger Med,S,0
ESC-2024-000506,9514585,Iberian Voyager IV,NAV005,M01,contenedores,mixta,Contenedores,9238.2,894,2024-01-13 16:46:46,2024-01-14 02:54:29,2024-01-15 01:31:41,Santa Cruz de Tenerife,Génova,S,0
ESC-2024-005865,9655248,Southern Pioneer I,NAV017,M05,granel_liquido,descarga,Productos químicos,11982.5,0,2024-01-13 19:09:22,2024-01-13 21:47:05,2024-01-15 08:19:33,Abiyán,Houston,S,0
ESC-2024-002018,9405186,Tinto Star II,NAV037,M01,contenedores,descarga,Contenedores,12069.9,988,2024-01-13 21:28:56,2024-01-14 02:50:02,2024-01-14 18:52:21,Santa Cruz de Tenerife,Abiyán,S,0
ESC-2024-006112,9227118,Silver Sol,NAV013,M02,granel_solido,mixta,Pirita,30324.0,0,2024-01-13 22:40:26,2024-01-14 06:26:49,2024-01-15 00:56:33,Le Havre,Funchal,S,0
ESC-2024-005389,9287900,Delta Spirit,NAV040,M07,ro_ro,mixta,Semirremolques,14075.0,0,2024-01-13 22:44:33,2024-01-13 23:46:31,2024-01-14 10:30:08,Hamburgo,Lisboa,S,0
ESC-2024-005269,9473468,Nordic Fortune,NAV029,M10,pesca,descarga,Pescado fresco,72.2,0,2024-01-14 00:15:17,2024-01-14 00:49:59,2024-01-14 07:00:59,Nueva York,Funchal,N,0
ESC-2024-004807,9367487,Ocean Fortune I,NAV009,M11,carga_general,carga,Palés,6222.4,0,2024-01-14 04:49:27,14/01/2024 20:26,2024-01-15 23:50:12,Hamburgo,Funchal,S,0
ESC-2024-005411,9625803,Costa Marina,NAV026,M06,granel_liquido,mixta,Ácido sulfúrico,95636.3,0,2024-01-15 00:34:33,2024-01-15 08:20:35,2024-01-15 23:51:00,Le Havre,Lisboa,S,0
ESC-2024-006220,9133135,Punta Star III,NAV004,M06,granel_liquido,descarga,Crudo,35763.4,0,2024-01-15 02:12:11,2024-01-15 09:26:54,2024-01-16 17:08:58,Génova,Le Havre,S,0
ESC-2024-003975,9894832,Luz Spirit,NAV008,M06,granel_liquido,carga,Ácido sulfúrico,45179.8,0,2024-01-15 05:41:53,2024-01-15 07:51:18,2024-01-16 06:10:36,Sines,Houston,S,0
ESC-2024-002602,9426178,Delta Marina II,NAV023,M09,pasajeros,mixta,Pasajeros,0.0,0,2024-01-15 11:19:28,2024-01-15 11:44:15,2024-01-15 23:03:21,Génova,Tánger Med,S,2380
ESC-2024-005195,9417816,Golden Wave,NAV024,M07,ro_ro,mixta,Vehículos,21195.5,0,2024-01-16 07:11:22,2024-01-16 07:45:47,2024-01-16 23:28:51,Sines,Ceuta,S,0
ESC-2024-004976,9641912,Ocean Glory,NAV030,M03,granel_solido,descarga,Fertilizantes,28235.3,0,2024-01-16 13:04:14,2024-01-17 07:03:23,2024-01-20 13:34:07,Las Palmas,Nueva York,S,0
ESC-2024-001808,9578270,  MARISMA BAY ,NAV035,M02,granel_solido,descarga,Clínker,16276.1,0,2024-01-16 15:32:11,2024-01-16 17:33:18,2024-01-19 02:21:47,Valencia,Amberes,S,0
ESC-2024-001968,9680669,Estrella Fortune,NAV029,M07,ro_ro,mixta,Vehículos,9714.4,0,2024-01-16 16:29:45,2024-01-16 17:30:28,2024-01-17 08:56:09,Santa Cruz de Tenerife,Casablanca,S,0
ESC-2024-002959,9276406,Atlantic Dawn,NAV020,M11,carga_general,mixta,Palés,13141.6,0,2024-01-17 00:53:01,2024-01-17 02:48:13,2024-01-18 10:32:01,Lisboa,Le Havre,S,0
ESC-2024-000018,9230438,Nordic Star IV,NAV030,M01,contenedores,mixta,Contenedores,9686.8,731,2024-01-17 01:28:18,17/01/2024 01:43,2024-01-17 23:31:26,Santos,Le Havre,S,0
ESC-2024-004928,9405186,Tinto Star II,NAV037,M01,contenedores,carga,Contenedores,9641.4,1050,2024-01-17 03:44:07,2024-01-17 04:09:17,2024-01-17 02:09:17,Lisboa,Abiyán,S,0
ESC-2024-000301,9368390,Doña Spirit IV,NAV003,M01,contenedores,carga,Contenedores,9664.1,1008,2024-01-17 10:13:03,2024-01-17 12:09:45,2024-01-18 21:26:49,Lisboa,Las Palmas,S,0
ESC-2024-000294,9195274,Aurora Sol,NAV006,M03,granel_solido,carga,Cereal,25280.1,0,2024-01-17 10:13:10,2024-01-18 02:56:09,2024-01-20 01:42:37,Génova,Sines,S,0
ESC-2024-000078,9119555,Iberian Breeze,NAV010,M12,granel_liquido,descarga,Gasóleo,75599.4,0,2024-01-17 10:27:09,2024-01-17 11:34:51,2024-01-19 00:48:08,Amberes,Casablanca,S,0
ESC-2024-000437,9089059,Costa Voyager I,NAV035,M02,granel_solido,carga,Clínker,26125.4,0,2024-01-17 11:58:15,2024-01-17 18:47:21,2024-01-19 06:22:33,Hamburgo,Casablanca,S,0
ESC-2024-000412,9494670,Luz Fortune,NAV031,M07,ro_ro,mixta,Semirremolques,16377.1,0,2024-01-17 17:36:53,2024-01-17 21:42:28,2024-01-18 07:29:53,Ceuta,Le Havre,S,0
ESC-2024-004488,9119555,Iberian Breeze,NAV010,M05,granel_liquido,descarga,Gasóleo,52079.9,0,2024-01-18 01:49:57,2024-01-18 07:24:57,2024-01-20 02:06:02,Valencia,Sines,S,0
ESC-2024-001225,9362786,Golden Pioneer,NAV005,M07,ro_ro,mixta,Semirremolques,9816.6,0,2024-01-18 06:16:41,2024-01-18 06:25:26,2024-01-18 22:40:32,Santos,Sines,S,0
ESC-2024-002036,9355367,Delta Navigator I,NAV012,M01,contenedores,carga,Contenedores,13056.8,1208,2024-01-18 10:09:11,2024-01-18 13:38:41,2024-01-19 13:45:32,Sines,Le Havre,S,0
ESC-2024-004635,9030022,Costa Fortune V,NAV007,M10,pesca,mixta,Pescado fresco,78.1,0,2024-01-18 11:08:29,2024-01-18 11:10:20,2024-01-18 13:18:30,Ceuta,Ceuta,N,0
ESC-2024-005521,9531090,Iberian Marina,NAV031,M03,granel_solido,descarga,Clínker,12010.4,0,2024-01-18 11:25:22,2024-01-18 17:53:31,2024-01-20 04:46:42,Hamburgo,Amberes,S,0
ESC-2024-002601,9492907,Ocean Star II,NAV037,M11,carga_general,mixta,Bobinas de acero,7997.3,0,2024-01-18 18:09:14,2024-01-19 00:45:15,2024-01-20 07:06:04,Santa Cruz de Tenerife,Le Havre,S,0
ESC-2024-001740,9142590,Doña Wave,NAV019,M04,granel_liquido,mixta,GNL,26732.9,0,2024-01-18 19:29:29,2024-01-19 17:13:18,2024-01-21 04:17:39,Génova,Valencia,S,0
ESC-2024-003149,9355458,Southern Spirit II,NAV010,M12,granel_liquido,mixta,Crudo,14715.7,0,2024-01-18 22:06:02,2024-01-19 04:29:02,2024-01-20 15:44:13,Casablanca,Dakar,S,0
ESC-2024-002553,9924003,Odiel Mar II,NAV015,M06,granel_liquido,descarga,Biocombustible,25710.6,0,2024-01-19 05:07:37,2024-01-19 06:06:53,2024-01-20 13:14:01,Nueva York,Tánger Med,S,0
ESC-2024-001367,9230438,Nordic Star IV,NAV030,M01,contenedores,descarga,Contenedores,7920.9,685,2024-01-19 11:13:00,2024-01-19 15:53:18,2024-01-20 12:03:52,Le Havre,Rotterdam,S,0
ESC-2024-004708,9473468,Nordic Fortune,NAV029,M10,pesca,mixta,Pescado fresco,31.1,0,2024-01-19 15:31:55,2024-01-19 15:48:14,2024-01-19 23:19:12,Le Havre,Amberes,N,0
ESC-2024-003790,9614294,Punta Express,NAV032,M03,granel_solido,carga,Concentrado de cobre,28178.1,0,2024-01-19 19:05:28,2024-01-20 03:02:57,2024-01-22 03:57:01,Le Havre,Santos,S,0
ESC-2024-006365,9829746,Marisma Venture,NAV030,M06,granel_liquido,mixta,Ácido sulfúrico,49533.0,0,2024-01-19 23:34:15,2024-01-20 19:35:01,2024-01-21 18:47:51,Sines,Houston,S,0
ESC-2024-002254,9495507,Costa Bay,NAV040,M01,contenedores,descarga,Contenedores,9728.0,924,2024-01-20 01:49:12,2024-01-20 04:43:38,2024-01-21 03:59:08,Abiyán,Algeciras,S,0
ESC-2024-005022,9826809,Delta Voyager,NAV034,M06,granel_liquido,descarga,GNL,73014.4,0,2024-01-20 05:18:09,2024-01-20 06:04:07,2024-01-21 06:26:28,Rotterdam,Dakar,S,0
ESC-2024-002954,9536624,Silver Star III,NAV012,M01,contenedores,mixta,Contenedores,14727.6,1332,2024-01-20 08:50:45,20/01/2024 10:56,2024-01-20 21:55:27,Amberes,Ceuta,S,0
ESC-2024-003156,9276406,Atlantic Dawn,NAV020,M11,carga_general,descarga,Madera,13412.5,0,2024-01-20 12:17:53,2024-01-20 16:42:49,2024-01-22 18:02:53,Casablanca,Ceuta,S,0
ESC-2024-003479,9395252,Ocean Breeze,NAV013,M12,granel_liquido,mixta,Ácido sulfúrico,62079.3,0,2024-01-20 13:50:05,2024-01-20 18:47:50,2024-01-22 05:46:54,Funchal,Funchal,S,0
ESC-2024-003343,9148130,Odiel Star II,NAV019,M05,granel_liquido,mixta,Biocombustible,52054.6,0,2024-01-20 19:53:28,2024-01-21 05:20:29,2024-01-22 14:29:04,Houston,Abiyán,S,0
ESC-2024-001656,9391385,Blue Marina,NAV032,M08,fruta_refrigerada,carga,Cítricos,4684.8,0,2024-01-20 21:50:58,2024-01-21 03:11:07,2024-01-22 08:13:56,Santa Cruz de Tenerife,Le Havre,S,0
ESC-2024-003505,9075113,Delta Glory,NAV023,M04,granel_liquido,descarga,Biocombustible,7880.6,0,2024-01-20 23:57:10,2024-01-21 00:09:31,2024-01-21 16:06:42,Dakar,Le Havre,S,0
ESC-2024-001734,9514585,Iberian Voyager IV,NAV005,M01,contenedores,mixta,Contenedores,9460800.0,711,2024-01-21 00:01:51,2024-01-21 12:52:43,2024-01-22 17:50:44,Funchal,Houston,S,0
ESC-2024-001756,9355458,Southern Spirit II,NAV010,M06,granel_liquido,carga,GNL,10019.5,0,2024-01-21 04:46:49,2024-01-21 08:58:13,2024-01-22 19:36:45,Tánger Med,Santa Cruz de Tenerife,S,0
ESC-2024-002886,9708813,Doña Venture,NAV035,M12,granel_liquido,mixta,Productos químicos,37745.9,0,2024-01-21 07:51:33,2024-01-21 15:29:05,2024-01-22 13:47:20,Lisboa,Algeciras,S,0
ESC-2024-003802,9216286,Odiel Voyager,NAV031,M02,granel_solido,mixta,Cereal,31660.3,0,2024-01-21 10:19:33,2024-01-21 15:03:25,2024-01-23 13:05:23,Nueva York,Santa Cruz de Tenerife,S,0
ESC-2024-001789,9895927,Cabo Express,NAV032,M05,granel_liquido,mixta,Gasóleo,57549.8,0,2024-01-21 16:19:17,2024-01-21 16:33:54,2024-01-23 06:08:05,Santa Cruz de Tenerife,Lisboa,S,0
ESC-2024-001004,9236834,Aurora Fortune,NAV040,M12,granel_liquido,descarga,Productos químicos,49667.6,0,2024-01-21 18:12:41,2024-01-22 05:58:44,2024-01-24 00:20:14,Amberes,Casablanca,S,0
ESC-2024-003531,9654488,Delta Sol,NAV035,M02,granel_solido,carga,Concentrado de cobre,51823.3,0,2024-01-21 19:51:31,2024-01-21 20:21:55,2024-01-22 13:38:17,Rotterdam,Abiyán,S,0
ESC-2024-000979,9276638,Estrella Dawn,NAV008,M10,pesca,mixta,Pescado fresco,13.2,0,2024-01-21 20:41:08,2024-01-21 20:51:01,2024-01-22 03:57:45,Rotterdam,Amberes,N,0
ESC-2024-004738,9962445,Punta Marina IV,NAV029,M03,granel_solido,descarga,Fertilizantes,30234.3,0,2024-01-21 21:20:59,2024-01-22 12:53:28,2024-01-23 22:48:42,Casablanca,Valencia,S,0
ESC-2024-001768,9176761,Cabo Pride,NAV014,M01,contenedores,descarga,Contenedores,15991.1,1359,2024-01-21 22:13:29,2024-01-22 04:17:13,2024-01-23 04:28:19,Sines,Valencia,S,0
ESC-2024-005115,9936135,Luz Dawn,NAV008,M02,granel_solido,descarga,Cereal,30887.6,0,2024-01-21 22:23:56,2024-01-22 00:38:10,2024-01-24 08:03:42,Amberes,Funchal,S,0
ESC-2024-006395,9595216,Southern Breeze I,NAV002,M07,ro_ro,mixta,Semirremolques,24705.9,0,2024-01-21 23:05:56,2024-01-21 23:47:18,2024-01-22 09:36:34,Santos,Houston,S,0
ESC-2024-005717,9148130,Odiel Star II,NAV019,M12,granel_liquido,mixta,Productos químicos,80379.2,0,2024-01-21 23:07:36,2024-01-22 02:57:04,2024-01-23 04:51:39,Nueva York,Amberes,S,0
ESC-2024-002450,9680669,Estrella Fortune,NAV029,M07,ro_ro,mixta,Semirremolques,19111.2,0,2024-01-21 23:23:30,2024-01-22 01:25:39,2024-01-22 12:55:06,Valencia,Amberes,S,0
ESC-2024-000771,9229142,  MARISMA SPIRIT II ,NAV013,M08,fruta_refrigerada,descarga,Cítricos,10832.2,0,2024-01-21 23:29:04,2024-01-22 01:46:26,2024-01-23 13:38:00,Houston,Sines,S,0
ESC-2024-005183,9603192,Odiel Spirit,NAV036,M07,ro_ro,descarga,Vehículos,17241.4,0,2024-01-22 07:50:03,2024-01-22 08:19:14,2024-01-23 02:50:49,Las Palmas,Sines,S,0
ESC-2024-002395,9352119,Aurora Pioneer,NAV024,M05,granel_liquido,descarga,Ácido sulfúrico,35330.9,0,2024-01-22 12:54:32,2024-01-22 20:34:13,2024-01-24 05:49:46,Lisboa,Génova,S,0
ESC-2024-001455,9218076,Doña Horizon,NAV012,M02,granel_solido,descarga,Clínker,21354.8,0,2024-01-22 14:37:55,2024-01-22 22:08:33,2024-01-24 13:11:07,Funchal,Ceuta,S,0
ESC-2024-005497,9842700,Cabo Carrier,NAV037,M09,pasajeros,descarga,Pasajeros,0.0,0,2024-01-23 02:14:20,2024-01-23 02:20:15,2024-01-23 14:31:40,Valencia,Le Havre,S,3235
ESC-2024-000611,9465851,Luz Glory IV,NAV008,M02,granel_solido,descarga,Pirita,33056.0,0,2024-01-23 09:20:37,2024-01-23 10:50:13,2024-01-25 17:39:18,Ceuta,Las Palmas,S,0
ESC-2024-006424,9351828,Iberian Spirit,NAV008,M06,granel_liquido,descarga,Biocombustible,22289.7,0,2024-01-23 10:10:47,2024-01-23 10:16:58,2024-01-24 15:41:06,Rotterdam,Génova,S,0
ESC-2024-001647,9435818,Estrella Breeze,NAV033,M01,contenedores,carga,Contenedores,4479.5,486,2024-01-23 10:36:41,2024-01-23 11:50:42,2024-01-24 10:51:37,Casablanca,Amberes,S,0
ESC-2024-005648,9055943,Río Venture,NAV002,M02,granel_solido,carga,Clínker,34137.8,0,2024-01-23 12:05:44,2024-01-23 14:54:59,2024-01-26 18:32:15,Génova,Génova,S,0
ESC-2024-005476,9844588,Delta Wave,NAV001,M01,contenedores,mixta,Contenedores,10668.9,837,2024-01-23 16:54:54,2024-01-23 22:12:16,2024-01-25 02:11:20,Casablanca,Algeciras,S,0
ESC-2024-001641,9190901,Tinto Wave,NAV017,M11,carga_general,mixta,Maquinaria,12231.0,0,2024-01-23 21:26:08,2024-01-23 22:18:41,2024-01-24 19:39:21,Amberes,Algeciras,S,0
ESC-2024-006288,9025699,Iberian Trader I,NAV001,M04,granel_liquido,descarga,Biocombustible,75465.0,0,2024-01-24 01:54:39,2024-01-24 08:00:41,2024-01-25 08:50:54,Tánger Med,Amberes,S,0
ESC-2024-000164,9853620,Blue Express,NAV007,M11,carga_general,carga,Palés,11708.4,0,2024-01-24 02:08:14,2024-01-24 03:44:09,2024-01-25 19:18:06,Funchal,Rotterdam,S,0
ESC-2024-006383,9132703,Cabo Breeze,NAV019,M05,granel_liquido,mixta,Crudo,40042.9,0,2024-01-24 02:33:47,2024-01-24 16:37:34,2024-01-25 22:07:51,Funchal,Hamburgo,S,0
ESC-2024-004244,9148104,Marisma Pride,NAV010,M10,pesca,mixta,Pescado fresco,53.3,0,2024-01-24 03:11:36,2024-01-24 03:32:10,2024-01-24 09:27:04,Santos,Abiyán,N,0
ESC-2024-003535,9131761,Southern Trader,NAV032,M07,ro_ro,carga,Vehículos,28760.5,0,2024-01-24 08:19:51,2024-01-24 13:38:49,2024-01-24 21:42:58,Algeciras,Dakar,S,0
ESC-2024-003573,9415882,Southern Star II,NAV016,M02,granel_solido,carga,Concentrado de cobre,22723.7,0,2024-01-24 11:17:34,2024-01-24 21:32:47,2024-01-27 01:14:07,Nueva York,Ceuta,S,0
ESC-2024-001041,9738167,Silver Venture,NAV013,M09,pasajeros,descarga,Pasajeros,0.0,0,2024-01-24 13:08:53,2024-01-24 13:09:17,2024-01-24 20:27:02,Génova,Amberes,S,2536
ESC-2024-003258,9782431,Iberian Wave,NAV016,M05,granel_liquido,mixta,Biocombustible,53856.5,0,2024-01-24 14:04:45,2024-01-24 16:17:55,2024-01-25 20:14:13,Lisboa,Nueva York,S,0
ESC-2024-005113,9857640,Silver Navigator I,NAV009,M05,granel_liquido,descarga,Crudo,20693.3,0,2024-01-24 16:28:23,2024-01-25 08:06:59,2024-01-27 01:02:11,Sines,Rotterdam,S,0
ESC-2024-000103,9465851,Luz Glory IV,NAV008,M02,granel_solido,descarga,Concentrado de cobre,42251.5,0,2024-01-24 18:26:59,2024-01-26 09:59:49,2024-01-27 17:54:17,Dakar,Funchal,S,0
ESC-2024-003913,9017721,Delta Dawn,NAV030,M10,pesca,carga,Pescado fresco,5.2,0,2024-01-24 20:50:04,2024-01-24 21:19:49,2024-01-25 06:02:34,Santos,Nueva York,S,0
ESC-2024-000701,9448982,Estrella Spirit,NAV011,M04,granel_liquido,descarga,Crudo,58425.0,0,2024-01-25 01:30:31,2024-01-25 07:35:04,2024-01-26 11:41:38,Algeciras,Las Palmas,S,0
ESC-2024-001303,9809253,Río Bay,NAV005,M03,granel_solido,carga,Concentrado de cobre,17197.5,0,2024-01-25 02:12:42,2024-01-25 09:36:40,2024-01-27 04:16:14,Santa Cruz de Tenerife,Nueva York,S,0
ESC-2024-000658,9853620,Blue Express,NAV007,M11,carga_general,mixta,Palés,10656.3,0,2024-01-25 07:27:18,2024-01-25 10:45:58,2024-01-26 05:19:01,Valencia,Abiyán,S,0
ESC-2024-004854,9634581,Luz Dawn V,NAV017,M04,granel_liquido,carga,Productos químicos,10644.8,0,2024-01-25 10:12:22,26/01/2024 18:14,2024-01-27 15:04:41,Le Havre,Santos,S,0
ESC-2024-004854,9634581,Luz Dawn V,NAV017,M04,granel_liquido,carga,Productos químicos,10644.8,0,2024-01-25 10:12:22,26/01/2024 18:14,2024-01-27 15:04:41,Le Havre,Santos,S,0
ESC-2024-000975,9444091,Nordic Dawn,NAV005,M06,granel_liquido,mixta,Crudo,14825.7,0,2024-01-25 16:50:46,2024-01-26 17:21:42,2024-01-28 04:30:55,Dakar,Le Havre,S,0
ESC-2024-002001,9321201,Estrella Voyager,NAV020,M01,contenedores,mixta,Contenedores,10356.0,859,2024-01-25 17:25:27,25/01/2024 21:30,2024-01-26 11:37:32,Dakar,Nueva York,S,0
ESC-2024-006186,9957799,Río Sol,NAV006,M12,granel_liquido,descarga,Crudo,60079.1,0,2024-01-25 22:25:04,2024-01-26 03:47:01,2024-01-27 07:36:50,Nueva York,Funchal,S,0
ESC-2024-001962,9368390,Doña Spirit IV,NAV003,M01,contenedores,mixta,Contenedores,11778.1,995,2024-01-26 03:45:29,2024-01-26 03:51:07,2024-01-27 03:22:44,Amberes,Tánger Med,S,0
ESC-2024-001083,9944625,Blue Fortune,NAV019,M09,pasajeros,mixta,Pasajeros,0.0,0,2024-01-26 04:31:16,2024-01-26 05:27:36,2024-01-26 19:01:37,Funchal,Casablanca,S,2899
ESC-2024-005569,9507843,Iberian Express,NAV018,M11,carga_general,carga,Maquinaria,13779.2,0,2024-01-26 07:52:49,2024-01-26 16:14:57,2024-01-28 05:28:12,Le Havre,Lisboa,S,0
ESC-2024-001561,9922976,Río Horizon II,NAV034,M04,granel_liquido,descarga,Biocombustible,17766.0,0,2024-01-26 12:48:19,2024-01-26 16:28:49,2024-01-27 23:19:16,Sines,Nueva York,S,0
ESC-2024-001094,9429601,Marisma Spirit IV,NAV040,M02,granel_solido,mixta,Concentrado de cobre,24036.3,0,2024-01-26 13:34:23,2024-01-27 07:11:10,2024-01-29 22:20:30,Le Havre,Valencia,S,0
ESC-2024-002026,9721994,Cabo Pioneer,NAV031,M08,fruta_refrigerada,mixta,Fresa y frutos rojos,6220.3,0,2024-01-26 14:28:15,2024-01-26 14:48:52,2024-01-27 16:24:25,Valencia,Dakar,S,0
ESC-2024-005434,9180633,Doña Carrier,NAV034,M05,granel_liquido,descarga,Crudo,44203.7,0,2024-01-26 15:47:08,2024-01-26 20:05:46,2024-01-27 07:33:51,Hamburgo,Funchal,S,0
ESC-2024-000172,9536624,Silver Star III,NAV012,M01,contenedores,carga,Contenedores,21193.4,1541,2024-01-26 20:52:42,2024-01-27 00:08:57,2024-01-27 19:03:21,Funchal,Ceuta,S,0
ESC-2024-003391,9553086,Golden Bay,NAV029,M12,granel_liquido,carga,GNL,64656.3,0,2024-01-27 04:32:03,2024-01-27 18:55:24,2024-01-29 14:42:21,Génova,Casablanca,S,0
ESC-2024-003759,9451410,Delta Bay,NAV002,M01,contenedores,carga,Contenedores,11801.2,921,2024-01-27 06:01:26,2024-01-27 09:58:54,2024-01-28 12:31:04,Le Havre,Le Havre,S,0
ESC-2024-002650,9520895,Río Spirit,NAV009,M06,granel_liquido,carga,Ácido sulfúrico,81160.7,0,2024-01-27 06:38:35,2024-01-27 13:17:23,2024-01-28 17:50:43,Tánger Med,Rotterdam,S,0
ESC-2024-003686,9350628,Aurora Express,NAV028,M01,contenedores,descarga,Contenedores,11916.5,1291,2024-01-27 16:52:53,2024-01-27 23:44:08,2024-01-28 23:33:23,Rotterdam,Funchal,S,0
ESC-2024-006194,9195274,Aurora Sol,NAV006,M03,granel_solido,carga,Concentrado de cobre,19961.8,0,2024-01-27 23:06:39,2024-01-28 23:11:56,2024-01-31 23:21:17,Valencia,Funchal,S,0
ESC-2024-000735,9284635,Nordic Sol IV,NAV017,M03,granel_solido,carga,Pirita,15638.7,0,2024-01-28 02:28:59,28/01/2024 08:58,2024-01-29 22:10:25,Santa Cruz de Tenerife,Houston,S,0
ESC-2024-004770,9782431,Iberian Wave,NAV016,M06,granel_liquido,descarga,Biocombustible,64448.1,0,2024-01-28 07:34:58,2024-01-29 01:07:13,2024-01-30 10:01:16,Casablanca,Tánger Med,S,0
ESC-2024-001624,9488736,Aurora Carrier,NAV013,M05,granel_liquido,descarga,Biocombustible,48715.9,0,2024-01-28 09:36:15,2024-01-28 17:28:19,2024-01-30 04:03:01,Sines,Rotterdam,S,0
ESC-2024-002675,9434072,Iberian Voyager,NAV015,M01,contenedores,carga,Contenedores,4764.1,482,2024-01-28 09:41:59,2024-01-28 14:18:43,2024-01-29 12:48:51,Santa Cruz de Tenerife,Abiyán,S,0
ESC-2024-003931,9116034,Atlantic Fortune III,NAV019,M01,contenedores,carga,Contenedores,18331.6,1565,2024-01-28 09:59:18,2024-01-28 12:47:15,2024-01-29 11:56:59,Houston,Génova,S,0
ESC-2024-006183,9418834,Costa Navigator V,NAV035,M02,granel_solido,mixta,Fertilizantes,32830.3,0,2024-01-28 15:26:41,2024-01-28 15:55:02,2024-01-30 17:48:56,Hamburgo,Tánger Med,S,0
ESC-2024-003455,9263394,Odiel Horizon,NAV034,M10,pesca,mixta,Pescado fresco,16.7,0,2024-01-28 17:27:54,2024-01-28 17:54:08,2024-01-29 00:33:23,Casablanca,Amberes,N,0
ESC-2024-006392,9194256,Costa Glory,NAV015,M07,ro_ro,descarga,Vehículos,19702.8,0,2024-01-28 20:53:54,2024-01-28 23:21:11,2024-01-29 06:50:53,Santos,Tánger Med,S,0
ESC-2024-003401,9507843,Iberian Express,NAV018,M11,carga_general,descarga,Madera,9594.4,0,2024-01-28 21:06:55,2024-01-29 03:11:22,2024-01-30 19:47:59,Valencia,Las Palmas,S,0
ESC-2024-001381,9826809,Delta Voyager,NAV034,M05,granel_liquido,mixta,Crudo,88723.5,0,2024-01-29 00:07:25,2024-01-29 07:34:03,2024-01-30 22:11:08,Ceuta,Abiyán,S,0
ESC-2024-001597,9376153,Río Wave,NAV031,M09,pasajeros,mixta,Pasajeros,0.0,0,2024-01-29 01:06:37,2024-01-29 01:19:21,2024-01-29 10:40:22,Las Palmas,Nueva York,S,4002
ESC-2024-001597,9376153,Río Wave,NAV031,M09,pasajeros,mixta,Pasajeros,0.0,0,2024-01-29 01:06:37,2024-01-29 01:19:21,2024-01-29 10:40:22,Las Palmas,Nueva York,S,4002
ESC-2024-004323,9578270,Marisma Bay,NAV035,M02,granel_solido,descarga,Clínker,10661.3,0,2024-01-29 02:26:27,2024-01-29 07:31:20,2024-01-31 06:31:18,Rotterdam,Ceuta,S,0
ESC-2024-004253,9826809,Delta Voyager,NAV034,M04,granel_liquido,carga,Biocombustible,87232.9,0,2024-01-29 03:14:37,2024-01-29 17:50:43,2024-01-31 08:45:55,Houston,Nueva York,S,0
ESC-2024-006012,9647021,Punta Pride,NAV035,M04,granel_liquido,carga,Productos químicos,52608.2,0,2024-01-29 07:43:53,2024-01-29 11:40:22,2024-01-30 05:57:33,Génova,Abiyán,S,0
ESC-2024-000378,9220328,Odiel Carrier II,NAV022,M02,granel_solido,carga,Cereal,19186.0,0,2024-01-29 13:29:35,2024-01-29 18:31:58,2024-02-01 04:05:18,Casablanca,Génova,S,0
ESC-2024-000447,9721994,Cabo Pioneer,NAV031,M08,fruta_refrigerada,mixta,Fruta tropical,4894.6,0,2024-01-29 13:45:50,2024-01-29 13:51:23,2024-01-30 11:40:19,Las Palmas,Casablanca,S,0
ESC-2024-002946,9871880,Costa Sol,NAV028,M04,granel_liquido,carga,Productos químicos,51780.5,0,2024-01-29 14:16:43,2024-01-30 14:21:41,2024-02-01 15:23:50,Abiyán,Hamburgo,S,0
ESC-2024-006315,9148104,Marisma Pride,NAV010,M10,pesca,mixta,Pescado fresco,49.2,0,2024-01-29 23:16:45,2024-01-29 23:44:33,2024-01-30 04:56:37,Las Palmas,Valencia,N,0
ESC-2024-004710,9476367,Nordic Venture,NAV030,M08,fruta_refrigerada,carga,Fresa y frutos rojos,12592.8,0,2024-01-30 00:30:13,30/01/2024 04:11,2024-02-01 04:22:38,Nueva York,Génova,S,0
ESC-2024-005827,9148104,  MARISMA PRIDE ,NAV010,M10,pesca,descarga,Pescado fresco,22.7,0,2024-01-30 03:58:32,2024-01-30 04:10:48,2024-01-30 08:46:38,Houston,Amberes,S,0
ESC-2024-005924,9055943,Río Venture,NAV002,M03,granel_solido,carga,Cereal,19529.0,0,2024-01-30 04:22:23,2024-01-30 05:15:01,2024-01-31 16:24:24,Génova,Amberes,S,0
ESC-2024-002320,9148104,Marisma Pride,NAV010,M10,pesca,carga,Pescado fresco,68.9,0,2024-01-30 09:10:10,2024-01-30 09:16:59,2024-01-30 18:19:34,Rotterdam,Ceuta,N,0
ESC-2024-004271,9417816,Golden Wave,NAV024,M07,ro_ro,carga,Vehículos,23211.3,0,2024-01-30 11:05:24,2024-01-30 12:19:28,2024-01-30 22:01:56,Houston,Casablanca,S,0
ESC-2024-005343,9256200,Luz Breeze,NAV009,M12,granel_liquido,descarga,Biocombustible,39015.7,0,2024-01-30 19:32:01,2024-01-30 20:01:34,2024-02-01 00:37:40,Hamburgo,Abiyán,S,0
ESC-2024-002222,9520261,Nordic Express V,NAV017,M07,ro_ro,descarga,Semirremolques,13619.2,0,2024-01-30 19:38:02,2024-01-30 20:13:15,2024-01-31 04:25:17,Algeciras,Casablanca,S,0
ESC-2024-003713,9331919,Costa Wave,NAV027,,contenedores,descarga,Contenedores,13052.0,1381,2024-01-30 22:09:25,2024-01-31 15:26:34,2024-02-01 20:33:57,Abiyán,Tánger Med,S,0
ESC-2024-001675,9531090,Iberian Marina,NAV031,M03,granel_solido,carga,Concentrado de cobre,18681.7,0,2024-01-31 07:51:41,2024-02-01 00:34:24,2024-02-03 12:48:30,Lisboa,Génova,S,0
ESC-2024-002373,9026564,Tinto Mar,NAV040,M12,granel_liquido,mixta,Biocombustible,38869.4,0,2024-01-31 12:21:21,2024-01-31 13:40:55,2024-02-01 14:34:45,Funchal,Funchal,S,0
ESC-2024-004609,9495507,Costa Bay,NAV040,M01,contenedores,carga,Contenedores,12812.8,935,2024-01-31 12:34:38,2024-01-31 15:31:27,2024-02-01 10:52:31,Nueva York,Houston,S,0
ESC-2024-000224,9465057,Costa Pride I,NAV004,M11,carga_general,mixta,Maquinaria,8975.4,0,2024-01-31 13:06:33,2024-02-01 01:27:34,2024-02-01 22:22:55,Santa Cruz de Tenerife,Houston,S,0
ESC-2024-002615,9089059,Costa Voyager I,NAV035,M03,granel_solido,carga,Cereal,29530.7,0,2024-01-31 13:32:20,2024-02-01 06:45:09,2024-02-02 17:38:27,Sines,Rotterdam,S,0
ESC-2024-000364,9678460,Southern Spirit V,NAV033,M03,granel_solido,carga,Cereal,20110.2,0,2024-01-31 14:13:58,2024-01-31 14:35:01,2024-02-01 21:19:07,Casablanca,Casablanca,S,0
ESC-2024-001498,9397987,Tinto Express,NAV012,M01,contenedores,carga,Contenedores,10466.1,1117,2024-01-31 15:12:31,2024-01-31 15:50:49,2024-02-01 17:07:54,Dakar,Ceuta,S,0
ESC-2024-001278,9017721,Delta Dawn,NAV030,M10,pesca,carga,Pescado fresco,73.1,0,2024-01-31 19:54:10,2024-01-31 19:59:35,2024-02-01 04:57:05,Dakar,Rotterdam,S,0
ESC-2024-001278,9017721,Delta Dawn,NAV030,M10,pesca,carga,Pescado fresco,73.1,0,2024-01-31 19:54:10,2024-01-31 19:59:35,2024-02-01 04:57:05,Dakar,Rotterdam,S,0
ESC-2024-001015,9954917,Luz Carrier II,NAV030,M07,ro_ro,mixta,Vehículos,19909.6,0,2024-01-31 20:51:00,2024-01-31 21:39:27,2024-02-01 05:01:39,Abiyán,Nueva York,S,0
ESC-2024-001933,9465851,Luz Glory IV,NAV008,M03,granel_solido,carga,Clínker,40146.2,0,2024-01-31 23:43:59,2024-02-01 12:21:12,2024-02-01 09:21:12,Nueva York,Le Havre,S,0
ESC-2024-000912,9556313,Punta Bay,NAV018,M11,carga_general,descarga,Madera,5436.8,0,2024-02-01 00:40:00,2024-02-01 05:23:00,2024-02-02 08:06:43,Génova,Dakar,S,0
ESC-2024-003458,9118032,Atlantic Horizon,NAV032,M03,granel_solido,mixta,Cereal,21470.0,0,2024-02-01 08:59:21,2024-02-01 09:58:17,2024-02-03 00:14:41,Ceuta,Rotterdam,S,0
ESC-2024-000628,9189512,Silver Spirit,NAV028,M03,granel_solido,descarga,Pirita,15488.0,0,2024-02-01 09:14:22,2024-02-02 10:46:53,2024-02-04 11:42:45,Abiyán,Sines,S,0
ESC-2024-005689,9098672,Punta Dawn,NAV035,M06,granel_liquido,mixta,Ácido sulfúrico,40198.5,0,2024-02-01 10:16:53,2024-02-01 19:50:40,2024-02-02 23:30:52,Rotterdam,Lisboa,S,0
ESC-2024-003670,9507843,Iberian Express,NAV018,M11,carga_general,descarga,Palés,11916.3,0,2024-02-01 10:58:04,2024-02-01 15:39:45,2024-02-03 01:40:07,Le Havre,Santos,S,0
ESC-2024-003558,9342255,Blue Fortune II,NAV034,M02,granel_solido,carga,Concentrado de cobre,46713.5,0,2024-02-01 11:38:01,01/02/2024 14:12,2024-02-02 11:47:51,Las Palmas,Valencia,S,0
ESC-2024-000833,9376153,Río Wave,NAV031,M09,pasajeros,descarga,Pasajeros,0.0,0,2024-02-01 13:39:38,2024-02-01 13:44:38,2024-02-02 02:07:36,Sines,Santos,S,2022
ESC-2024-005051,9132703,Cabo Breeze,NAV019,M06,granel_liquido,mixta,Ácido sulfúrico,35521400.0,0,2024-02-01 15:06:10,2024-02-01 17:40:11,2024-02-02 20:49:55,Valencia,Algeciras,S,0
ESC-2024-004462,9005211,Cabo Sol II,NAV039,M01,contenedores,carga,Contenedores,7419.3,813,2024-02-01 15:33:23,2024-02-01 20:38:16,2024-02-02 13:24:08,Amberes,Valencia,S,0
ESC-2024-001921,9323998,Odiel Mar I,NAV003,M08,fruta_refrigerada,descarga,Fruta tropical,16059.5,0,2024-02-01 18:36:50,2024-02-01 19:47:49,2024-02-02 13:44:40,Génova,Algeciras,S,0
ESC-2024-002152,9507843,Iberian Express,NAV018,M11,carga_general,mixta,Bobinas de acero,7413.1,0,2024-02-01 22:36:14,02/02/2024 01:29,2024-02-03 07:21:37,Casablanca,Valencia,S,0
ESC-2024-004831,9736327,Iberian Dawn,NAV033,M03,granel_solido,carga,Concentrado de cobre,32564.8,0,2024-02-02 06:57:42,2024-02-02 21:35:43,2024-02-02 13:35:43,Las Palmas,Lisboa,S,0
ESC-2024-001892,9460124,Estrella Bay,NAV021,M08,fruta_refrigerada,descarga,Fresa y frutos rojos,8134.7,0,2024-02-02 07:23:21,2024-02-02 09:15:04,2024-02-03 13:09:23,Ceuta,Valencia,S,0
ESC-2024-002324,9460124,Estrella Bay,NAV021,M08,fruta_refrigerada,carga,Fruta tropical,9927.0,0,2024-02-02 08:00:00,2024-02-02 09:08:46,2024-02-03 23:43:18,Nueva York,Casablanca,S,0
ESC-2024-005997,9683910,Tinto Marina IV,NAV036,M08,fruta_refrigerada,mixta,Fruta tropical,13370.6,0,2024-02-02 09:00:00,2024-02-02 10:21:07,2024-02-04 02:52:58,Dakar,Santos,S,0
ESC-2024-005997,9683910,Tinto Marina IV,NAV036,M08,fruta_refrigerada,mixta,Fruta tropical,13370.6,0,2024-02-02 09:00:00,2024-02-02 10:21:07,2024-02-04 02:52:58,Dakar,Santos,S,0
ESC-2024-003203,9371919,Southern Pride,NAV034,M11,carga_general,mixta,Palés,4690.9,0,2024-02-02 09:52:43,2024-02-02 09:53:54,2024-02-04 04:44:57,Las Palmas,Amberes,S,0
ESC-2024-002862,9093464,Iberian Sol,NAV004,M05,granel_liquido,descarga,GNL,50516.1,0,2024-02-02 10:32:13,2024-02-02 17:06:51,2024-02-03 14:30:22,Le Havre,Dakar,S,0
ESC-2024-003488,9368223,Iberian Navigator,NAV010,M10,pesca,descarga,Pescado fresco,48.6,0,2024-02-02 17:23:45,2024-02-02 17:42:54,2024-02-03 00:53:36,Algeciras,Lisboa,N,0
ESC-2024-001589,9119517,Costa Venture II,NAV036,M03,granel_solido,descarga,Cereal,15771.4,0,2024-02-02 18:33:21,2024-02-02 19:57:36,2024-02-05 10:02:59,Nueva York,Santos,S,0
ESC-2024-005563,9256200,Luz Breeze,NAV009,M04,granel_liquido,descarga,Gasóleo,43843.9,0,2024-02-02 23:19:52,2024-02-03 01:37:18,2024-02-04 07:15:11,Houston,Nueva York,S,0
ESC-2024-006440,9459424,Luz Fortune IV,NAV028,M07,ro_ro,carga,Vehículos,16658.2,0,2024-02-03 03:19:28,2024-02-03 04:46:39,2024-02-03 18:03:28,Algeciras,Algeciras,S,0
ESC-2024-004225,9683910,Tinto Marina IV,NAV036,M08,fruta_refrigerada,descarga,Fresa y frutos rojos,9336.3,0,2024-02-03 05:00:00,2024-02-03 10:29:15,2024-02-04 14:23:08,Las Palmas,Sines,S,0
ESC-2024-000607,9589475,Cabo Fortune,NAV007,M01,contenedores,descarga,Contenedores,13947.0,1074,2024-02-03 07:00:23,2024-02-03 08:17:57,2024-02-04 18:24:41,Valencia,Amberes,S,0
ESC-2024-002774,9228526,  SILVER NAVIGATOR V ,NAV039,M03,granel_solido,carga,Fertilizantes,50181.8,0,2024-02-03 07:27:07,2024-02-03 09:25:56,2024-02-05 10:35:33,Santos,Las Palmas,S,0
ESC-2024-001071,9331919,Costa Wave,NAV027,M01,contenedores,carga,Contenedores,9911.0,945,2024-02-03 08:16:59,2024-02-03 20:55:54,2024-02-04 20:27:56,Abiyán,Hamburgo,S,0
ESC-2024-002692,9342255,Blue Fortune II,NAV034,M02,granel_solido,carga,Concentrado de cobre,40496.1,0,2024-02-03 11:14:40,2024-02-03 19:02:59,2024-02-06 07:10:52,Santa Cruz de Tenerife,Génova,S,0
ESC-2024-002950,9055943,Río Venture,NAV002,M03,granel_solido,carga,Pirita,31637.7,0,2024-02-03 11:45:50,2024-02-03 13:46:42,2024-02-05 14:56:44,Hamburgo,Santa Cruz de Tenerife,S,0
ESC-2024-004850,9287900,Delta Spirit,NAV040,M07,ro_ro,mixta,Vehículos,19158.8,0,2024-02-03 13:49:57,2024-02-03 14:24:19,2024-02-04 02:11:32,Las Palmas,Las Palmas,S,0
ESC-2024-004888,9924003,Odiel Mar II,NAV015,M05,granel_liquido,carga,Crudo,20590.4,0,2024-02-03 15:27:54,2024-02-03 18:22:45,2024-02-04 23:27:50,Valencia,Algeciras,S,0
ESC-2024-006467,9571296,Marisma Pioneer I,NAV031,M08,fruta_refrigerada,carga,Fresa y frutos rojos,16814.4,0,2024-02-03 17:00:00,2024-02-03 21:32:11,2024-02-04 19:18:25,Génova,Funchal,S,0
ESC-2024-002439,9556313,Punta Bay,NAV018,M11,carga_general,descarga,Palés,8647.0,0,2024-02-03 18:07:28,2024-02-03 21:20:58,2024-02-04 22:11:21,Dakar,Funchal,S,0
ESC-2024-003660,9476367,Nordic Venture,NAV030,M08,fruta_refrigerada,carga,Cítricos,11933.3,0,2024-02-04 01:00:00,2024-02-04 05:59:33,2024-02-05 02:48:09,Casablanca,Algeciras,S,0
ESC-2024-002813,9426178,Delta Marina II,NAV023,M09,pasajeros,descarga,Pasajeros,0.0,0,2024-02-04 06:09:37,2024-02-04 06:25:43,2024-02-04 15:11:55,Génova,Casablanca,S,1591
ESC-2024-000168,9853620,Blue Express,NAV007,M11,carga_general,carga,Maquinaria,12588.8,0,2024-02-04 06:11:15,2024-02-04 15:20:29,2024-02-05 19:11:32,Amberes,Rotterdam,S,0
ESC-2024-003922,9465057,Costa Pride I,NAV004,M11,carga_general,carga,Maquinaria,5387.2,0,2024-02-04 08:48:29,2024-02-05 08:41:05,2024-02-06 01:40:28,Ceuta,Algeciras,S,0
ESC-2024-005733,9686780,Tinto Carrier V,NAV039,M02,granel_solido,carga,Cereal,12291.5,0,2024-02-04 10:25:55,2024-02-04 20:23:01,2024-02-06 10:55:58,Amberes,Ceuta,S,0
ESC-2024-004158,9878230,Delta Sol I,NAV011,M08,fruta_refrigerada,mixta,Fruta tropical,9997.2,0,2024-02-04 13:00:00,2024-02-04 15:08:15,2024-02-05 18:32:39,Santa Cruz de Tenerife,Santa Cruz de Tenerife,S,0
ESC-2024-004415,9320221,Tinto Pride,NAV024,M08,fruta_refrigerada,descarga,Fresa y frutos rojos,6242.8,0,2024-02-04 13:00:00,2024-02-04 20:28:00,2024-02-06 12:05:22,Las Palmas,Ceuta,S,0
ESC-2024-003405,9352119,Aurora Pioneer,NAV024,M04,granel_liquido,mixta,Biocombustible,45277.2,0,2024-02-04 15:16:12,2024-02-04 21:30:11,2024-02-06 01:47:46,Houston,Sines,S,0
ESC-2024-001724,9536624,Silver Star III,NAV012,M01,contenedores,mixta,Contenedores,15787.0,1179,2024-02-04 15:37:42,2024-02-04 16:42:47,2024-02-05 03:43:17,Le Havre,Ceuta,S,0
ESC-2024-001157,9223904,Aurora Bay IV,NAV003,M06,granel_liquido,carga,Productos químicos,32527.7,0,2024-02-04 20:26:09,2024-02-05 02:17:05,2024-02-06 02:31:39,Funchal,Rotterdam,S,0
ESC-2024-002842,9936604,Silver Star,NAV010,M08,fruta_refrigerada,mixta,Fruta tropical,11921.4,0,2024-02-04 21:00:00,2024-02-04 23:24:22,2024-02-06 12:26:52,Tánger Med,Valencia,S,0
ESC-2024-005172,9665891,Atlantic Venture IV,NAV032,M10,pesca,mixta,Pescado fresco,37.1,0,2024-02-04 22:39:58,2024-02-04 22:43:22,2024-02-05 04:22:08,Ceuta,Rotterdam,N,0
ESC-2024-000016,9704348,Punta Glory,NAV002,M08,fruta_refrigerada,descarga,Fresa y frutos rojos,10295.5,0,2024-02-05 00:00:00,2024-02-05 00:58:50,2024-02-06 06:13:26,Las Palmas,Abiyán,S,0
ESC-2024-004884,9912490,Río Pride,NAV037,M08,fruta_refrigerada,descarga,Cítricos,16319.7,0,2024-02-05 06:00:00,2024-02-05 07:55:31,2024-02-06 00:46:52,Santa Cruz de Tenerife,Abiyán,S,0
ESC-2024-000183,9341287,Luz Carrier,NAV009,M08,fruta_refrigerada,mixta,Fruta tropical,7575.7,0,2024-02-05 09:00:00,2024-02-05 15:46:52,2024-02-07 01:37:10,Valencia,Génova,S,0
ESC-2024-004774,9742132,Odiel Fortune,NAV010,M05,granel_liquido,mixta,Productos químicos,13330.4,0,2024-02-05 09:54:37,2024-02-06 01:42:45,2024-02-07 00:25:28,Abiyán,Santa Cruz de Tenerife,S,0
ESC-2024-004911,9704348,Punta Glory,NAV002,M08,fruta_refrigerada,descarga,Fruta tropical,15582.6,0,2024-02-05 13:00:00,2024-02-05 18:07:42,2024-02-07 12:14:41,Le Havre,Le Havre,S,0
ESC-2024-001502,9060417,Estrella Venture,NAV025,M06,granel_liquido,mixta,Crudo,9583.4,0,2024-02-05 13:29:11,2024-02-05 16:17:42,2024-02-06 17:25:33,Sines,Casablanca,S,0
ESC-2024-004356,9183415,Blue Horizon II,NAV014,M02,granel_solido,descarga,Clínker,22953.7,0,2024-02-05 18:08:24,2024-02-06 00:03:07,2024-02-08 07:20:43,Sines,Algeciras,S,0
ESC-2024-002142,9829746,Marisma Venture,NAV030,M12,granel_liquido,mixta,GNL,42990.5,0,2024-02-05 18:54:03,2024-02-05 19:02:58,2024-02-07 09:25:01,Houston,Amberes,S,0
ESC-2024-005167,9361641,Luz Pride,NAV024,M07,ro_ro,carga,Semirremolques,21143.8,0,2024-02-05 19:15:48,2024-02-05 21:14:25,2024-02-06 05:12:53,Santos,Houston,S,0
ESC-2024-003801,9311945,Blue Fortune III,NAV037,M10,pesca,carga,Pescado fresco,74.7,0,2024-02-05 19:54:00,2024-02-05 19:54:01,2024-02-06 02:31:37,Ceuta,Santa Cruz de Tenerife,N,0
ESC-2024-002095,9260483,Punta Navigator IV,NAV004,M04,granel_liquido,mixta,Biocombustible,62222.9,0,2024-02-05 20:20:19,2024-02-06 02:38:15,2024-02-07 06:10:19,Génova,Funchal,S,0
ESC-2024-004496,9216286,Odiel Voyager,NAV031,M02,granel_solido,carga,Cereal,20937.7,0,2024-02-06 01:55:48,2024-02-06 08:20:21,2024-02-08 18:02:18,Ceuta,Houston,S,0
ESC-2024-004977,9105396,Río Dawn,NAV006,M11,carga_general,descarga,Maquinaria,11032.4,0,2024-02-06 02:43:24,2024-02-06 09:17:03,2024-02-08 01:56:51,Amberes,Lisboa,S,0
ESC-2024-001878,9936604,Silver Star,NAV010,M08,fruta_refrigerada,mixta,Fresa y frutos rojos,17469.5,0,2024-02-06 03:45:13,2024-02-06 09:24:03,2024-02-08 04:11:36,Abiyán,Tánger Med,S,0
ESC-2024-006420,9754288,Marisma Horizon V,NAV026,M06,granel_liquido,mixta,Ácido sulfúrico,38696.6,0,2024-02-06 04:11:25,2024-02-06 16:01:29,2024-02-08 01:39:36,Rotterdam,Santos,S,0
ESC-2024-006456,9386237,Cabo Venture,NAV038,M07,ro_ro,mixta,Semirremolques,24606.0,0,2024-02-06 07:41:54,2024-02-06 07:50:23,2024-02-06 18:23:01,Ceuta,Houston,S,0
ESC-2024-002729,9095888,Estrella Pioneer,NAV010,M03,granel_solido,descarga,Clínker,40400.2,0,2024-02-06 11:19:18,2024-02-06 12:57:46,2024-02-08 11:59:03,Tánger Med,Santa Cruz de Tenerife,S,0
ESC-2024-001771,9391385,Blue Marina,NAV032,M08,fruta_refrigerada,descarga,Cítricos,6423.9,0,2024-02-06 13:00:00,2024-02-06 15:14:54,2024-02-07 20:26:10,Amberes,Abiyán,S,0
ESC-2024-000673,9260500,Southern Venture,NAV003,M01,contenedores,carga,Contenedores,10592.3,1036,2024-02-06 14:38:05,2024-02-06 22:20:33,2024-02-08 03:40:42,Hamburgo,Dakar,S,0
ESC-2024-004290,9331919,Costa Wave,NAV027,M01,contenedores,carga,Contenedores,12172.3,1237,2024-02-06 16:50:49,2024-02-06 18:10:39,2024-02-07 14:33:45,Nueva York,Le Havre,S,0
ESC-2024-004018,9341287,Luz Carrier,NAV009,M08,fruta_refrigerada,descarga,Fruta tropical,8439.0,0,2024-02-06 23:00:00,2024-02-07 03:23:13,2024-02-08 02:35:54,Houston,Valencia,S,0
ESC-2024-001086,9183415,Blue Horizon II,NAV014,M03,granel_solido,descarga,Cereal,30019.9,0,2024-02-07 01:23:26,2024-02-07 11:11:45,2024-02-09 16:44:21,Nueva York,Las Palmas,S,0
ESC-2024-000889,9954656,Punta Sol II,NAV003,M08,fruta_refrigerada,carga,Fruta tropical,6406.7,0,2024-02-07 04:00:00,2024-02-07 15:04:28,2024-02-08 16:34:18,Valencia,Le Havre,S,0
ESC-2024-004149,9417816,Golden Wave,NAV024,M07,ro_ro,descarga,Vehículos,34884.6,0,2024-02-07 10:03:57,2024-02-07 12:21:53,2024-02-08 00:20:46,Rotterdam,Amberes,S,0
ESC-2024-000712,9853620,Blue Express,NAV007,M11,carga_general,mixta,Bobinas de acero,10529.0,0,2024-02-07 10:40:16,2024-02-07 16:25:01,2024-02-08 13:37:19,Tánger Med,Nueva York,S,0
ESC-2024-002943,9796822,Odiel Navigator,NAV022,M12,granel_liquido,mixta,Ácido sulfúrico,53888.4,0,2024-02-07 15:10:51,2024-02-09 02:45:25,2024-02-09 17:32:40,Nueva York,Hamburgo,S,0
ESC-2024-005573,9488231,Atlantic Voyager,NAV033,M03,granel_solido,descarga,Fertilizantes,20711.7,0,2024-02-07 18:12:10,2024-02-08 13:49:03,2024-02-10 16:17:06,Funchal,Amberes,S,0
ESC-2024-003794,9435818,Estrella Breeze,NAV033,M01,contenedores,descarga,Contenedores,5755.8,437,2024-02-07 22:48:46,2024-02-07 23:39:04,2024-02-08 19:02:46,Génova,Las Palmas,S,0
ESC-2024-004983,9276638,Estrella Dawn,NAV008,M10,pesca,mixta,Pescado fresco,28.6,0,2024-02-08 02:19:53,08/02/2024 02:58,2024-02-08 09:48:25,Funchal,Amberes,S,0
ESC-2024-004812,9142590,Doña Wave,NAV019,M05,granel_liquido,carga,Gasóleo,38099.0,0,2024-02-08 03:27:25,2024-02-08 06:48:51,2024-02-09 07:38:50,Santa Cruz de Tenerife,Valencia,S,0
ESC-2024-004830,9874595,Nordic Breeze,NAV020,M11,carga_general,descarga,Palés,6740.9,0,2024-02-08 05:41:58,2024-02-08 10:41:28,2024-02-10 13:40:51,Valencia,Abiyán,S,0
ESC-2024-005907,9454072,Silver Dawn I,NAV036,M08,fruta_refrigerada,descarga,Fruta tropical,12665.4,0,2024-02-08 13:00:00,2024-02-08 15:32:49,2024-02-10 04:51:47,Rotterdam,Sines,S,0
ESC-2024-003648,9522908,Tinto Breeze III,NAV019,M08,fruta_refrigerada,mixta,Fruta tropical,12879.5,0,2024-02-08 15:00:00,2024-02-08 16:51:07,2024-02-09 22:00:17,Nueva York,Houston,S,0
ESC-2024-002153,9686780,Tinto Carrier V,NAV039,M03,granel_solido,mixta,Pirita,15441.2,0,2024-02-08 17:40:26,2024-02-08 22:26:19,2024-02-11 14:13:25,Nueva York,Abiyán,S,0
ESC-2024-003002,9614294,Punta Express,NAV032,M03,granel_solido,descarga,Cereal,28350.8,0,2024-02-08 21:18:09,2024-02-09 09:26:50,2024-02-11 07:35:11,Algeciras,Tánger Med,S,0
ESC-2024-005955,9721994,Cabo Pioneer,NAV031,M08,fruta_refrigerada,mixta,Fresa y frutos rojos,3636.4,0,2024-02-08 22:00:00,2024-02-09 05:00:39,2024-02-09 18:14:04,Houston,Valencia,S,0
ESC-2024-006149,9158094,Odiel Dawn,NAV006,M12,granel_liquido,carga,GNL,28448400.0,0,2024-02-08 22:00:22,2024-02-08 22:10:55,2024-02-09 21:38:18,Funchal,Génova,S,0
ESC-2024-000211,9954656,Punta Sol II,NAV003,M08,fruta_refrigerada,descarga,Cítricos,9451.6,0,2024-02-09 00:00:00,2024-02-09 04:48:05,2024-02-10 04:30:48,Nueva York,Sines,S,0
ESC-2024-005719,9004516,Costa Spirit,NAV028,M05,granel_liquido,carga,Ácido sulfúrico,35214.3,0,2024-02-09 10:15:29,2024-02-09 12:23:54,2024-02-11 02:45:09,Le Havre,Houston,S,0
ESC-2024-001830,9086382,Estrella Star V,NAV036,M06,granel_liquido,descarga,Crudo,74153.6,0,2024-02-09 12:48:46,2024-02-09 23:54:30,2024-02-11 05:53:18,Sines,Amberes,S,0
ESC-2024-005887,9459424,Luz Fortune IV,NAV028,M07,ro_ro,descarga,Semirremolques,14298.5,0,2024-02-09 16:49:34,2024-02-10 00:03:23,2024-02-10 11:08:07,Houston,Houston,S,0
ESC-2024-000153,9936604,Silver Star,NAV010,M08,fruta_refrigerada,carga,Cítricos,9482.1,0,2024-02-09 18:00:00,2024-02-09 18:17:31,2024-02-10 19:36:17,Lisboa,Sines,S,0
ESC-2024-000153,9936604,Silver Star,NAV010,M08,fruta_refrigerada,carga,Cítricos,9482.1,0,2024-02-09 18:00:00,2024-02-09 18:17:31,2024-02-10 19:36:17,Lisboa,Sines,S,0
ESC-2024-000031,9017721,Delta Dawn,NAV030,M10,pesca,descarga,Pescado fresco,77.6,0,2024-02-09 18:40:23,2024-02-09 18:55:50,2024-02-09 23:08:02,Lisboa,Funchal,N,0
ESC-2024-003539,9323998,Odiel Mar I,NAV003,M08,fruta_refrigerada,carga,Fresa y frutos rojos,8353.4,0,2024-02-09 20:00:00,2024-02-10 05:58:15,2024-02-10 22:34:59,Casablanca,Santos,S,0
ESC-2024-000295,9017721,Delta Dawn,NAV030,M10,pesca,descarga,Pescado fresco,34.1,0,2024-02-09 21:29:33,2024-02-09 21:37:02,2024-02-10 07:07:26,Valencia,Santos,N,0
ESC-2024-001605,9738167,Silver Venture,NAV013,M09,pasajeros,mixta,Pasajeros,0.0,0,2024-02-09 21:40:54,2024-02-09 21:54:15,2024-02-10 08:02:42,Le Havre,Le Havre,S,1838
ESC-2024-002961,9571296,Marisma Pioneer I,NAV031,M08,fruta_refrigerada,descarga,Fresa y frutos rojos,14420.9,0,2024-02-10 02:00:00,2024-02-10 03:45:04,2024-02-10 16:52:11,Santa Cruz de Tenerife,Ceuta,S,0
ESC-2024-002635,9331919,Costa Wave,NAV027,M01,contenedores,descarga,Contenedores,8769.8,801,2024-02-10 03:46:21,2024-02-10 12:13:35,2024-02-11 03:55:47,Valencia,Lisboa,S,0
ESC-2024-000814,9353993,Southern Horizon,NAV039,M06,granel_liquido,carga,Biocombustible,67556.7,0,2024-02-10 11:59:16,2024-02-10 21:19:27,2024-02-12 05:30:11,Santos,Dakar,S,0
ESC-2024-001012,9442380,Odiel Horizon II,NAV013,M06,granel_liquido,descarga,Crudo,90655.9,0,2024-02-10 15:17:02,2024-02-12 14:17:43,2024-02-14 05:33:54,Le Havre,Las Palmas,S,0
ESC-2024-005295,9396517,Atlantic Voyager III,NAV035,M08,fruta_refrigerada,mixta,Fruta tropical,10221.9,0,2024-02-11 01:00:00,2024-02-11 08:36:31,2024-02-12 17:06:44,Tánger Med,Ceuta,S,0
ESC-2024-006382,9944625,Blue Fortune,NAV019,M09,pasajeros,carga,Pasajeros,0.0,0,2024-02-11 09:05:05,2024-02-11 09:29:37,2024-02-11 16:06:14,Las Palmas,Tánger Med,S,1566
ESC-2024-003004,9004516,Costa Spirit,NAV028,M06,granel_liquido,carga,Gasóleo,18454.9,0,2024-02-11 17:09:18,2024-02-12 19:32:55,2024-02-14 00:14:06,Abiyán,Algeciras,S,0
ESC-2024-001927,9438004,Tinto Bay IV,NAV031,M05,granel_liquido,descarga,GNL,62488.7,0,2024-02-11 22:18:00,2024-02-12 09:51:41,2024-02-13 10:09:43,Le Havre,Santos,S,0
ESC-2024-005077,9086382,Estrella Star V,NAV036,M04,granel_liquido,descarga,Crudo,97945.1,0,2024-02-12 00:26:48,2024-02-12 02:09:38,2024-02-13 12:13:18,Nueva York,Algeciras,S,0
ESC-2024-003252,9846483,Southern Horizon III,NAV019,M02,granel_solido,mixta,Clínker,24731.8,0,2024-02-12 00:31:37,12/02/2024 09:15,2024-02-13 15:24:02,Amberes,Le Havre,S,0
ESC-2024-002536,9513804,Silver Navigator,NAV010,M04,granel_liquido,mixta,Crudo,77536.5,0,2024-02-12 03:31:08,2024-02-12 15:18:06,2024-02-13 10:39:55,Valencia,Tánger Med,S,0
ESC-2024-002703,9589475,Cabo Fortune,NAV007,M01,contenedores,descarga,Contenedores,17038.4,1370,2024-02-12 07:33:27,2024-02-12 09:56:57,2024-02-13 04:52:34,Las Palmas,Valencia,S,0
ESC-2024-003448,9418834,Costa Navigator V,NAV035,M02,granel_solido,mixta,Cereal,36696.7,0,2024-02-12 08:05:16,2024-02-12 20:11:14,2024-02-15 10:56:11,Algeciras,Rotterdam,S,0
ESC-2024-001469,9954917,Luz Carrier II,NAV030,M07,ro_ro,descarga,Semirremolques,16252.1,0,2024-02-12 08:45:04,2024-02-12 13:03:32,2024-02-13 02:06:50,Algeciras,Las Palmas,S,0
ESC-2024-005423,9171371,Ocean Pioneer,NAV025,M03,granel_solido,mixta,Concentrado de cobre,25390.2,0,2024-02-12 09:36:54,2024-02-13 06:00:48,2024-02-15 04:03:17,Lisboa,Houston,S,0
ESC-2024-000314,9822619,Ocean Bay,NAV002,M11,carga_general,descarga,Madera,8694.3,0,2024-02-12 12:23:48,2024-02-12 16:07:22,2024-02-14 11:06:54,Amberes,Hamburgo,S,0
ESC-2024-006295,9412543,Estrella Sol,NAV033,M04,granel_liquido,descarga,Crudo,13615.6,0,2024-02-12 12:55:02,2024-02-12 17:19:47,2024-02-14 19:21:38,Casablanca,Le Havre,S,0
ESC-2024-005960,9539145,Marisma Mar,NAV013,M08,fruta_refrigerada,carga,Cítricos,7395.0,0,2024-02-12 14:00:00,2024-02-12 16:07:25,2024-02-13 06:41:48,Génova,Houston,S,0
ESC-2024-003087,9063160,Golden Trader,NAV034,M04,granel_liquido,mixta,Biocombustible,33766.0,0,2024-02-12 14:42:58,2024-02-13 15:15:03,2024-02-14 10:53:50,Génova,Casablanca,S,0
ESC-2024-001717,9844588,Delta Wave,NAV001,M01,contenedores,descarga,Contenedores,6059.0,616,2024-02-12 16:14:38,2024-02-12 20:00:43,2024-02-13 21:57:12,Funchal,Le Havre,S,0
ESC-2024-006299,9151711,Delta Trader,NAV018,M08,fruta_refrigerada,carga,Fresa y frutos rojos,17071.8,0,2024-02-12 17:00:00,2024-02-12 21:55:39,2024-02-13 20:43:11,Abiyán,Lisboa,S,0
ESC-2024-003934,9553086,Golden Bay,NAV029,M06,granel_liquido,descarga,Biocombustible,46856.0,0,2024-02-12 18:29:17,2024-02-12 23:17:46,2024-02-14 19:19:15,Dakar,Funchal,S,0
ESC-2024-000731,9088330,Southern Fortune I,NAV003,M05,granel_liquido,descarga,Productos químicos,103286.2,0,2024-02-12 21:27:09,2024-02-12 21:37:43,2024-02-14 10:16:14,Génova,Tánger Med,S,0
ESC-2024-006141,9284635,Nordic Sol IV,NAV017,M03,granel_solido,mixta,Concentrado de cobre,21373.7,0,2024-02-12 21:46:47,13/02/2024 10:12,2024-02-14 08:49:23,Amberes,Amberes,S,0
ESC-2024-000690,9717199,Doña Express,NAV017,M10,pesca,mixta,Pescado fresco,48.9,0,2024-02-12 22:12:24,2024-02-12 22:25:54,2024-02-13 01:53:35,Las Palmas,Dakar,N,0
ESC-2024-000322,9826809,Delta Voyager,NAV034,M12,granel_liquido,mixta,Ácido sulfúrico,70420.8,0,2024-02-13 03:26:23,2024-02-13 11:15:21,2024-02-13 18:52:55,Santos,Funchal,S,0
ESC-2024-006375,9954656,Punta Sol II,NAV003,M08,fruta_refrigerada,mixta,Fruta tropical,8996.9,0,2024-02-13 04:00:00,2024-02-13 15:09:28,2024-02-15 14:34:16,Houston,Abiyán,S,0
ESC-2024-000909,9647021,Punta Pride,NAV035,M12,granel_liquido,mixta,Biocombustible,46370.3,0,2024-02-13 06:43:37,2024-02-13 10:22:22,2024-02-14 17:09:32,Algeciras,Le Havre,S,0
ESC-2024-000269,9948346,Tinto Sol V,NAV020,M09,pasajeros,descarga,Pasajeros,0.0,0,2024-02-13 09:02:57,2024-02-13 09:08:28,2024-02-13 18:25:59,Santa Cruz de Tenerife,Amberes,S,1276
ESC-2024-005744,9663582,Delta Express IV,NAV026,M07,ro_ro,descarga,Semirremolques,21309.0,0,2024-02-13 09:03:39,2024-02-13 09:24:21,2024-02-13 16:32:26,Dakar,Génova,S,0
ESC-2024-000088,9460124,Estrella Bay,NAV021,M08,fruta_refrigerada,descarga,Cítricos,16525.3,0,2024-02-13 09:09:06,2024-02-13 12:27:02,2024-02-14 13:09:46,Las Palmas,Santos,S,0
ESC-2024-001393,9342255,Blue Fortune II,NAV034,M02,granel_solido,descarga,Fertilizantes,34090.1,0,2024-02-13 10:29:54,2024-02-13 18:01:58,2024-02-15 11:45:20,Casablanca,Le Havre,S,0
ESC-2024-005128,9419474,Ocean Glory I,NAV022,M11,carga_general,mixta,Bobinas de acero,8618.4,0,2024-02-13 12:06:26,2024-02-13 16:42:54,2024-02-14 16:36:40,Santos,Nueva York,S,0
ESC-2024-004369,9198757,Golden Breeze,NAV032,M10,pesca,carga,Pescado fresco,63.4,0,2024-02-13 14:18:07,2024-02-13 14:23:34,2024-02-13 20:11:46,Santa Cruz de Tenerife,Tánger Med,N,0
ESC-2024-002688,9361641,Luz Pride,NAV024,M07,ro_ro,carga,Semirremolques,13797.1,0,2024-02-13 19:33:37,2024-02-13 21:11:09,2024-02-14 07:58:35,Valencia,Dakar,S,0
ESC-2024-004780,9387047,Doña Breeze III,NAV001,M02,granel_solido,descarga,Concentrado de cobre,17349.3,0,2024-02-13 21:30:13,2024-02-14 04:00:43,2024-02-16 11:21:50,Casablanca,Casablanca,S,0
ESC-2024-004205,9068720,Silver Venture II,NAV030,M10,pesca,mixta,Pescado fresco,58.0,0,2024-02-13 21:54:02,2024-02-13 21:58:09,2024-02-14 01:33:09,Génova,Hamburgo,N,0
ESC-2024-005852,9093220,Atlantic Trader,NAV010,M08,fruta_refrigerada,descarga,Cítricos,8895.1,0,2024-02-14 02:00:00,2024-02-14 06:32:19,2024-02-15 04:06:19,Funchal,Rotterdam,S,0
ESC-2024-006367,9633628,Blue Pride,NAV033,M01,contenedores,mixta,Contenedores,11131900.0,954,2024-02-14 03:41:13,2024-02-14 14:27:16,2024-02-15 07:48:54,Ceuta,Abiyán,S,0
ESC-2024-005160,9270531,  TINTO DAWN ,NAV012,M06,granel_liquido,descarga,Ácido sulfúrico,61548.7,0,2024-02-14 07:27:50,2024-02-14 10:02:03,2024-02-15 11:12:23,Lisboa,Le Havre,S,0
ESC-2024-002189,9514585,Iberian Voyager IV,NAV005,M01,contenedores,carga,Contenedores,15662.5,1205,2024-02-14 08:52:55,2024-02-14 19:01:54,2024-02-15 11:42:07,Funchal,Lisboa,S,0
ESC-2024-001949,9158094,Odiel Dawn,NAV006,M05,granel_liquido,carga,Gasóleo,24338.9,0,2024-02-14 10:04:53,2024-02-15 13:04:21,2024-02-16 18:45:33,Hamburgo,Santa Cruz de Tenerife,S,0
ESC-2024-003601,9284635,Nordic Sol IV,NAV017,M02,granel_solido,descarga,Fertilizantes,12078.0,0,2024-02-14 12:53:00,2024-02-14 17:49:02,2024-02-16 11:18:17,Le Havre,Las Palmas,S,0
ESC-2024-004005,9912490,Río Pride,NAV037,M08,fruta_refrigerada,mixta,Cítricos,12040.7,0,2024-02-14 13:00:00,2024-02-14 13:27:08,2024-02-15 11:00:50,Valencia,Rotterdam,S,0
ESC-2024-004083,9614294,Punta Express,NAV032,M02,granel_solido,descarga,Fertilizantes,21899.6,0,2024-02-14 20:24:33,2024-02-15 05:59:21,2024-02-17 08:58:56,Santa Cruz de Tenerife,Valencia,S,0
ESC-2024-004175,9460124,Estrella Bay,NAV021,M08,fruta_refrigerada,carga,Fruta tropical,13906.0,0,2024-02-14 21:00:00,2024-02-15 00:22:30,2024-02-16 01:00:05,Nueva York,Génova,S,0
ESC-2024-001673,9952402,Punta Pioneer,NAV032,M10,pesca,carga,Pescado fresco,32.8,0,2024-02-14 23:37:58,2024-02-15 00:06:21,2024-02-15 09:23:02,Rotterdam,Tánger Med,N,0
ESC-2024-005872,9571296,Marisma Pioneer I,NAV031,M08,fruta_refrigerada,descarga,Fresa y frutos rojos,14167.4,0,2024-02-15 05:00:00,2024-02-15 05:06:58,2024-02-16 02:57:02,Hamburgo,Nueva York,S,0
ESC-2024-006114,9952402,Punta Pioneer,NAV032,M10,pesca,mixta,Pescado fresco,48.5,0,2024-02-15 06:52:09,2024-02-15 06:58:16,2024-02-15 12:31:44,Santa Cruz de Tenerife,Génova,S,0
ESC-2024-005908,9272931,Southern Pioneer,NAV020,M02,granel_solido,carga,Fertilizantes,35610.7,0,2024-02-15 09:41:54,2024-02-15 13:28:25,2024-02-17 16:08:03,Hamburgo,Casablanca,S,0
ESC-2024-005908,9272931,Southern Pioneer,NAV020,M02,granel_solido,carga,Fertilizantes,35610.7,0,2024-02-15 09:41:54,2024-02-15 13:28:25,2024-02-17 16:08:03,Hamburgo,Casablanca,S,0
ESC-2024-003155,9717199,Doña Express,NAV017,M10,pesca,carga,Pescado fresco,32.0,0,2024-02-15 12:55:35,2024-02-15 13:01:50,2024-02-15 19:11:58,Las Palmas,Abiyán,N,0
ESC-2024-005891,9151632,Golden Trader V,NAV030,M04,granel_liquido,carga,Productos químicos,9155.5,0,2024-02-15 13:07:09,2024-02-16 02:08:29,2024-02-17 17:24:20,Houston,Santos,S,0
ESC-2024-005664,9180633,Doña Carrier,NAV034,M12,granel_liquido,carga,GNL,39943.7,0,2024-02-15 15:43:09,2024-02-15 17:02:25,2024-02-17 04:20:57,Amberes,Sines,S,0
ESC-2024-001003,9207479,  PUNTA FORTUNE ,NAV034,M01,contenedores,descarga,Contenedores,6265.0,494,2024-02-15 19:20:17,2024-02-15 20:30:25,2024-02-16 09:31:29,Abiyán,Funchal,S,0
ESC-2024-004403,9156204,Silver Glory III,NAV021,M03,granel_solido,descarga,Clínker,44735.8,0,2024-02-15 19:30:12,2024-02-15 23:44:03,2024-02-17 03:06:05,Las Palmas,Ceuta,S,0
ESC-2024-006273,9997361,Río Voyager III,NAV013,M03,granel_solido,carga,Clínker,35852.4,0,2024-02-15 20:08:48,2024-02-17 05:55:34,2024-02-19 20:02:26,Las Palmas,Dakar,S,0
ESC-2024-000028,9465851,Luz Glory IV,NAV008,M02,granel_solido,mixta,Cereal,32435.7,0,2024-02-16 00:22:35,2024-02-16 12:11:38,2024-02-18 08:53:21,Hamburgo,Ceuta,S,0
ESC-2024-003821,9320221,Tinto Pride,NAV024,M08,fruta_refrigerada,mixta,Fresa y frutos rojos,11012.0,0,2024-02-16 03:00:00,2024-02-16 03:36:35,2024-02-17 13:23:38,Hamburgo,Funchal,S,0
ESC-2024-005696,9197583,Delta Venture,NAV007,M02,granel_solido,carga,Cereal,21259.3,0,2024-02-16 08:17:21,2024-02-16 13:25:06,2024-02-18 01:10:57,Tánger Med,Abiyán,S,0
ESC-2024-003371,9738167,Silver Venture,NAV013,M09,pasajeros,carga,Pasajeros,0.0,0,2024-02-16 08:40:10,2024-02-16 08:52:49,2024-02-16 17:49:43,Rotterdam,Valencia,S,2633
ESC-2024-000652,9853620,Blue Express,NAV007,M11,carga_general,mixta,Bobinas de acero,11669.2,0,2024-02-16 09:48:32,2024-02-16 10:40:41,2024-02-17 09:00:48,Le Havre,Le Havre,S,0
ESC-2024-000268,9442732,Punta Venture,NAV025,M06,granel_liquido,carga,Gasóleo,90118.1,0,2024-02-16 11:07:26,2024-02-16 12:28:34,2024-02-17 21:01:11,Sines,Dakar,S,0
ESC-2024-005730,9514585,Iberian Voyager IV,NAV005,M01,contenedores,carga,Contenedores,8070.7,614,2024-02-16 11:44:09,2024-02-16 12:34:53,2024-02-17 14:01:24,Santos,Dakar,S,0
ESC-2024-004664,9405186,  TINTO STAR II ,NAV037,M01,contenedores,descarga,Contenedores,13077.7,1326,2024-02-16 14:16:33,2024-02-16 16:47:53,2024-02-17 13:43:43,Hamburgo,Abiyán,S,0
ESC-2024-005915,9444792,Blue Pride V,NAV012,M01,contenedores,mixta,Contenedores,11752.0,1184,2024-02-16 17:20:30,2024-02-16 18:38:16,2024-02-17 12:45:40,Casablanca,Le Havre,S,0
ESC-2024-003309,9796822,Odiel Navigator,NAV022,M12,granel_liquido,descarga,Ácido sulfúrico,68815.7,0,2024-02-16 17:30:56,2024-02-16 22:03:33,2024-02-17 21:27:05,Santos,Houston,S,0
ESC-2024-003423,9229142,Marisma Spirit II,NAV013,M08,fruta_refrigerada,descarga,Fruta tropical,11640.5,0,2024-02-16 19:00:00,2024-02-16 23:09:53,2024-02-17 16:55:21,Hamburgo,Génova,S,0
ESC-2024-001307,9944625,Blue Fortune,NAV019,M09,pasajeros,descarga,Pasajeros,0.0,0,2024-02-16 20:40:08,2024-02-16 22:08:53,2024-02-17 10:21:43,Nueva York,Ceuta,S,3881
ESC-2024-003515,9531090,Iberian Marina,NAV031,M02,granel_solido,carga,Fertilizantes,22290.4,0,2024-02-17 02:44:01,2024-02-17 18:45:28,2024-02-18 23:39:35,Dakar,Santa Cruz de Tenerife,S,0
ESC-2024-001281,9211444,  OCEAN CARRIER ,NAV014,M08,fruta_refrigerada,descarga,Fruta tropical,8830.5,0,2024-02-17 04:00:00,2024-02-17 09:41:47,2024-02-18 10:19:07,Abiyán,Las Palmas,S,0
ESC-2024-002511,9540780,Odiel Trader V,NAV009,M12,granel_liquido,carga,Biocombustible,29323.5,0,2024-02-17 13:20:30,2024-02-17 23:49:53,2024-02-18 21:30:34,Tánger Med,Las Palmas,S,0
ESC-2024-000130,9030022,Costa Fortune V,NAV007,M10,pesca,descarga,Pescado fresco,60.0,0,2024-02-17 14:35:45,2024-02-17 14:36:43,2024-02-17 23:06:12,Dakar,Casablanca,N,0
ESC-2024-003592,9600396,Estrella Pioneer V,NAV007,M10,pesca,carga,Pescado fresco,79.6,0,2024-02-17 16:23:11,2024-02-17 16:37:50,2024-02-17 21:30:44,Funchal,Ceuta,S,0
ESC-2024-002344,9750165,Golden Navigator,NAV014,M02,granel_solido,carga,Concentrado de cobre,12597.6,0,2024-02-17 17:11:25,2024-02-17 17:39:54,2024-02-19 15:07:52,Valencia,Tánger Med,S,0
ESC-2024-005252,9465928,Southern Voyager,NAV003,M08,fruta_refrigerada,carga,Cítricos,5541.4,0,2024-02-17 20:00:00,2024-02-17 23:09:05,2024-02-18 17:38:56,Casablanca,Abiyán,S,0
ESC-2024-004993,9396517,Atlantic Voyager III,NAV035,M08,fruta_refrigerada,descarga,Cítricos,13949.6,0,2024-02-17 20:00:20,2024-02-17 21:24:29,2024-02-18 07:01:24,Santos,Lisboa,S,0
ESC-2024-003454,9488736,Aurora Carrier,NAV013,M05,granel_liquido,mixta,GNL,36925.6,0,2024-02-17 20:28:58,2024-02-17 21:19:01,2024-02-19 11:34:09,Nueva York,Houston,S,0
ESC-2024-003973,9603219,Aurora Spirit,NAV026,M10,pesca,mixta,Pescado fresco,37.7,0,2024-02-18 00:08:32,2024-02-18 00:10:44,2024-02-18 08:59:01,Tánger Med,Valencia,N,0
ESC-2024-004749,9216286,Odiel Voyager,NAV031,M02,granel_solido,descarga,Concentrado de cobre,30232.5,0,2024-02-18 01:26:10,2024-02-18 16:49:52,2024-02-20 09:30:16,Rotterdam,Casablanca,S,0
ESC-2024-001127,9391385,Blue Marina,NAV032,M08,fruta_refrigerada,descarga,Fruta tropical,8028.0,0,2024-02-18 01:58:14,2024-02-18 10:23:33,2024-02-19 16:06:03,Génova,Le Havre,S,0
ESC-2024-000063,9093220,Atlantic Trader,NAV010,M08,fruta_refrigerada,carga,Cítricos,4862.3,0,2024-02-18 02:00:00,2024-02-18 02:37:01,2024-02-18 22:37:16,Amberes,Sines,S,0
ESC-2024-002173,9857640,Silver Navigator I,NAV009,M12,granel_liquido,mixta,Biocombustible,13171.7,0,2024-02-18 02:23:22,2024-02-18 16:23:22,2024-02-19 22:00:00,Abiyán,Le Havre,S,0
ESC-2024-001575,9151711,Delta Trader,NAV018,M08,fruta_refrigerada,mixta,Cítricos,16938.6,0,2024-02-18 03:00:00,2024-02-18 04:33:26,2024-02-19 11:48:08,Lisboa,Las Palmas,S,0
ESC-2024-004942,9164330,Tinto Trader III,NAV025,M01,contenedores,mixta,Contenedores,8764.1,959,2024-02-18 03:39:16,2024-02-18 09:31:48,2024-02-19 09:58:20,Rotterdam,Génova,S,0
ESC-2024-004208,9198757,Golden Breeze,NAV032,M10,pesca,mixta,Pescado fresco,60.3,0,2024-02-18 09:18:41,2024-02-18 09:33:31,2024-02-18 11:55:16,Dakar,Le Havre,S,0
ESC-2024-000958,9341287,Luz Carrier,NAV009,M08,fruta_refrigerada,carga,Fresa y frutos rojos,9879.2,0,2024-02-18 12:00:00,2024-02-18 12:34:35,2024-02-19 20:21:57,Lisboa,Santa Cruz de Tenerife,S,0
ESC-2024-001947,9371919,Southern Pride,NAV034,M11,carga_general,mixta,Maquinaria,5983.9,0,2024-02-18 12:01:47,2024-02-18 15:57:37,2024-02-19 15:10:45,Amberes,Las Palmas,S,0
ESC-2024-001855,9408011,Cabo Voyager,NAV021,M12,granel_liquido,mixta,Productos químicos,52291.5,0,2024-02-18 13:22:28,2024-02-18 20:06:17,2024-02-20 10:20:21,Houston,Funchal,S,0
ESC-2024-001736,9434199,Estrella Pride II,NAV021,M04,granel_liquido,carga,GNL,55357.9,0,2024-02-18 19:30:51,18/02/2024 20:03,2024-02-19 03:53:19,Nueva York,Santos,S,0
ESC-2024-000195,9331919,Costa Wave,NAV027,M01,contenedores,mixta,Contenedores,21082.6,1574,2024-02-18 21:15:55,2024-02-19 04:15:32,2024-02-19 19:24:54,Nueva York,Génova,S,0
ESC-2024-003614,9459424,Luz Fortune IV,NAV028,M07,ro_ro,descarga,Vehículos,16895.4,0,2024-02-18 22:06:21,2024-02-19 00:03:07,2024-02-19 12:56:40,Ceuta,Funchal,S,0
ESC-2024-004041,9520895,Río Spirit,NAV009,M04,granel_liquido,mixta,Ácido sulfúrico,76778.8,0,2024-02-19 01:34:28,2024-02-19 07:20:58,2024-02-20 22:23:26,Rotterdam,Santa Cruz de Tenerife,S,0
ESC-2024-003400,9460124,Estrella Bay,NAV021,M08,fruta_refrigerada,descarga,Fresa y frutos rojos,12593.7,0,2024-02-19 02:00:00,2024-02-19 02:37:35,2024-02-19 23:27:24,Valencia,Rotterdam,S,0
ESC-2024-000151,9051777,Tinto Mar V,NAV029,M05,granel_liquido,descarga,Ácido sulfúrico,8616.9,0,2024-02-19 04:58:36,2024-02-19 11:15:47,2024-02-20 20:35:10,Nueva York,Las Palmas,S,0
ESC-2024-002830,9578270,Marisma Bay,NAV035,M02,granel_solido,carga,Fertilizantes,13898.8,0,2024-02-19 08:14:58,2024-02-20 02:48:17,2024-02-22 03:01:42,Abiyán,Tánger Med,S,0
ESC-2024-001292,9543823,Aurora Mar IV,NAV036,M03,granel_solido,carga,Pirita,28291.6,0,2024-02-19 08:53:12,2024-02-19 16:04:59,2024-02-21 10:51:14,Nueva York,Le Havre,S,0
ESC-2024-000547,9977737,Marisma Voyager,NAV033,M11,carga_general,descarga,Madera,5742.0,0,2024-02-19 11:21:42,2024-02-19 13:54:34,2024-02-20 19:59:13,Génova,Houston,S,0
ESC-2024-000828,9341287,Luz Carrier,NAV009,M08,fruta_refrigerada,mixta,Cítricos,10465.1,0,2024-02-19 13:41:38,2024-02-19 14:53:45,2024-02-20 22:39:14,Santa Cruz de Tenerife,Rotterdam,S,0
ESC-2024-002250,9405186,Tinto Star II,NAV037,M01,contenedores,mixta,Contenedores,13933.6,1416,2024-02-19 16:29:45,2024-02-20 01:34:09,2024-02-21 10:08:31,Las Palmas,Santos,S,0
ESC-2024-004197,9796822,Odiel Navigator,NAV022,M04,granel_liquido,descarga,Crudo,83249.4,0,2024-02-19 19:50:25,20/02/2024 01:35,2024-02-21 18:16:03,Algeciras,Tánger Med,S,0
ESC-2024-001926,9173824,Doña Star,NAV004,M01,contenedores,carga,Contenedores,10980.0,813,2024-02-19 20:48:45,2024-02-20 01:15:14,2024-02-21 01:49:16,Rotterdam,Casablanca,S,0
ESC-2024-004334,9894832,Luz Spirit,NAV008,M05,granel_liquido,carga,Gasóleo,47269.7,0,2024-02-19 23:11:34,2024-02-19 23:34:59,2024-02-21 02:16:20,Nueva York,Dakar,S,0
ESC-2024-000457,9311945,Blue Fortune III,NAV037,M10,pesca,carga,Pescado fresco,63.8,0,2024-02-20 00:13:07,2024-02-20 00:20:14,2024-02-20 07:34:16,Nueva York,Le Havre,N,0
ESC-2024-004528,9600396,Estrella Pioneer V,NAV007,M10,pesca,carga,Pescado fresco,78.9,0,2024-02-20 06:12:14,2024-02-20 06:17:01,2024-02-20 11:37:12,Le Havre,Génova,N,0
ESC-2024-000756,9842700,Cabo Carrier,NAV037,M09,pasajeros,carga,Pasajeros,0.0,0,2024-02-20 07:01:09,2024-02-20 07:01:49,2024-02-20 12:57:29,Hamburgo,Sines,S,2588
ESC-2024-001045,9997361,Río Voyager III,NAV013,M02,granel_solido,carga,Fertilizantes,25809.1,0,2024-02-20 08:28:23,2024-02-20 09:00:02,2024-02-22 20:48:24,Algeciras,Algeciras,S,0
ESC-2024-006003,9574614,  AURORA MAR V ,NAV029,M01,contenedores,descarga,Contenedores,627.0,50,2024-02-20 13:06:04,2024-02-20 16:56:20,2024-02-21 23:22:38,Funchal,Lisboa,S,0
ESC-2024-006050,9521198,Blue Bay III,NAV036,M10,pesca,mixta,Pescado fresco,55.8,0,2024-02-20 14:41:06,2024-02-20 14:43:53,2024-02-20 18:51:25,Nueva York,Rotterdam,S,0
ESC-2024-002257,9476367,Nordic Venture,NAV030,M08,fruta_refrigerada,carga,Cítricos,12281.4,0,2024-02-20 15:00:00,2024-02-20 17:50:55,2024-02-21 15:59:03,Génova,Nueva York,S,0
ESC-2024-005562,9183415,Blue Horizon II,NAV014,M02,granel_solido,mixta,Pirita,28128.6,0,2024-02-21 00:34:09,2024-02-21 18:20:40,2024-02-22 07:04:10,Algeciras,Ceuta,S,0
ESC-2024-003495,9948346,Tinto Sol V,NAV020,M09,pasajeros,mixta,Pasajeros,0.0,0,2024-02-21 02:24:28,2024-02-21 02:24:58,2024-02-21 12:13:15,Amberes,Las Palmas,S,1367
ESC-2024-001167,9460124,Estrella Bay,NAV021,M08,fruta_refrigerada,descarga,Fresa y frutos rojos,8791.3,0,2024-02-21 04:00:00,2024-02-21 04:37:11,2024-02-22 02:42:37,Funchal,Le Havre,S,0
ESC-2024-004182,9764958,Silver Breeze,NAV040,M07,ro_ro,carga,Semirremolques,15531.4,0,2024-02-21 06:01:13,2024-02-21 06:21:20,2024-02-22 01:07:05,Tánger Med,Ceuta,S,0
ESC-2024-002808,9236834,Aurora Fortune,NAV040,M04,granel_liquido,mixta,Crudo,49518.9,0,2024-02-21 08:29:35,2024-02-21 23:41:10,2024-02-22 21:42:11,Amberes,Casablanca,S,0
ESC-2024-000972,9952402,Punta Pioneer,NAV032,M10,pesca,mixta,Pescado fresco,27.8,0,2024-02-21 09:19:08,2024-02-21 09:30:22,2024-02-21 16:58:32,Algeciras,Tánger Med,S,0
ESC-2024-000135,9554494,Tinto Wave IV,NAV004,M07,ro_ro,descarga,Semirremolques,23888.3,0,2024-02-21 09:52:56,2024-02-21 10:15:49,2024-02-21 22:34:57,Las Palmas,Abiyán,S,0
ESC-2024-002557,9806017,Río Star,NAV027,M01,contenedores,descarga,Contenedores,9776.5,1032,2024-02-21 11:40:04,2024-02-22 09:42:07,2024-02-23 10:51:46,Rotterdam,Casablanca,S,0
ESC-2024-002145,9119517,Costa Venture II,NAV036,M02,granel_solido,mixta,Pirita,26263.5,0,2024-02-21 16:47:30,2024-02-21 20:31:45,2024-02-23 09:31:39,Hamburgo,Génova,S,0
ESC-2024-002268,9017721,Delta Dawn,NAV030,M10,pesca,carga,Pescado fresco,20.2,0,2024-02-21 17:37:13,2024-02-21 17:37:59,2024-02-21 22:46:57,Santos,Abiyán,S,0
ESC-2024-006070,9948346,Tinto Sol V,NAV020,M09,pasajeros,descarga,Pasajeros,0.0,0,2024-02-21 18:00:14,2024-02-21 18:04:29,2024-02-22 03:20:37,Casablanca,Casablanca,S,1159
ESC-2024-005686,9435818,Estrella Breeze,NAV033,M01,contenedores,mixta,Contenedores,18740.4,1530,2024-02-21 20:28:05,2024-02-21 23:52:59,2024-02-22 15:47:27,Casablanca,Nueva York,S,0
ESC-2024-004910,9738167,Silver Venture,NAV013,M09,pasajeros,descarga,Pasajeros,0.0,0,2024-02-21 22:05:26,2024-02-21 22:21:17,2024-02-22 07:22:37,Amberes,Lisboa,S,3445
ESC-2024-003530,9442732,Punta Venture,NAV025,M04,granel_liquido,mixta,GNL,82490.9,0,2024-02-21 23:46:45,2024-02-22 07:59:31,2024-02-23 17:20:12,Lisboa,Santa Cruz de Tenerife,S,0
ESC-2024-004010,9806017,Río Star,NAV027,M01,contenedores,carga,Contenedores,7006.3,582,2024-02-22 04:41:19,22/02/2024 08:49,2024-02-22 22:07:32,Génova,Le Havre,S,0
ESC-2024-000363,9522908,Tinto Breeze III,NAV019,M08,fruta_refrigerada,descarga,Fruta tropical,11961.0,0,2024-02-22 08:00:00,2024-02-22 11:20:53,2024-02-23 14:00:36,Las Palmas,Santos,S,0
ESC-2024-004629,9415882,Southern Star II,NAV016,M02,granel_solido,carga,Clínker,30643.5,0,2024-02-22 08:40:13,2024-02-22 15:23:38,2024-02-24 04:22:37,Dakar,Génova,S,0
ESC-2024-006285,9164330,Tinto Trader III,NAV025,M01,contenedores,descarga,Contenedores,3764.5,378,2024-02-22 09:29:06,2024-02-22 13:01:49,2024-02-23 20:24:47,Nueva York,Tánger Med,S,0
ESC-2024-000807,9495507,  COSTA BAY ,NAV040,M01,contenedores,carga,Contenedores,17553.6,1732,2024-02-22 09:55:03,2024-02-22 21:58:31,2024-02-24 00:48:38,Valencia,Valencia,S,0
ESC-2024-001579,9311945,Blue Fortune III,NAV037,M10,pesca,descarga,Pescado fresco,42.9,0,2024-02-22 14:49:26,2024-02-22 14:50:09,2024-02-22 21:38:07,Le Havre,Algeciras,S,0
ESC-2024-000217,9151632,Golden Trader V,NAV030,M04,granel_liquido,carga,Gasóleo,15952.0,0,2024-02-22 14:53:59,2024-02-22 19:02:31,2024-02-24 05:28:03,Rotterdam,Funchal,S,0
ESC-2024-006433,9083366,Cabo Spirit,NAV007,M08,fruta_refrigerada,mixta,Cítricos,8549.9,0,2024-02-22 16:00:00,2024-02-22 18:13:28,2024-02-24 01:48:35,Amberes,Funchal,S,0
ESC-2024-003358,9416159,Silver Marina,NAV015,M08,fruta_refrigerada,descarga,Fresa y frutos rojos,3307.5,0,2024-02-22 17:29:00,2024-02-22 21:54:17,2024-02-23 18:27:35,Tánger Med,Dakar,S,0
ESC-2024-002176,9276406,Atlantic Dawn,NAV020,M11,carga_general,mixta,Madera,10543.6,0,2024-02-22 18:07:24,2024-02-22 20:18:13,2024-02-24 16:14:09,Santa Cruz de Tenerife,Santos,S,0
ESC-2024-003565,9203722,Southern Voyager II,NAV034,M01,contenedores,mixta,Contenedores,8665.8,829,2024-02-22 19:37:08,2024-02-22 22:48:22,2024-02-23 19:27:06,Algeciras,Sines,S,0
ESC-2024-005853,9560857,Tinto Breeze,NAV019,M12,granel_liquido,descarga,Productos químicos,26571.8,0,2024-02-22 20:03:37,2024-02-22 21:04:58,2024-02-23 19:25:59,Santos,Ceuta,S,0
ESC-2024-003361,9473468,Nordic Fortune,NAV029,M10,pesca,descarga,Pescado fresco,25.1,0,2024-02-23 00:28:09,2024-02-23 00:44:24,2024-02-23 03:56:36,Amberes,Santa Cruz de Tenerife,S,0
ESC-2024-000770,9708813,Doña Venture,NAV035,M06,granel_liquido,descarga,Ácido sulfúrico,54933.6,0,2024-02-23 02:16:19,2024-02-23 04:53:47,2024-02-24 20:15:21,Funchal,Ceuta,S,0
ESC-2024-004460,9158094,Odiel Dawn,NAV006,M12,granel_liquido,carga,Ácido sulfúrico,35316.3,0,2024-02-23 03:04:03,2024-02-23 03:38:23,2024-02-24 09:40:03,Amberes,Rotterdam,S,0
ESC-2024-003100,9005211,Cabo Sol II,NAV039,M01,contenedores,carga,Contenedores,6639.9,623,2024-02-23 03:37:34,2024-02-23 06:13:37,2024-02-24 07:46:11,Santa Cruz de Tenerife,Santa Cruz de Tenerife,S,0
ESC-2024-005539,9093220,Atlantic Trader,NAV010,M08,fruta_refrigerada,mixta,Cítricos,5357.2,0,2024-02-23 04:00:00,2024-02-23 11:26:18,2024-02-24 13:15:43,Las Palmas,Sines,S,0
ESC-2024-005539,9093220,Atlantic Trader,NAV010,M08,fruta_refrigerada,mixta,Cítricos,5357.2,0,2024-02-23 04:00:00,2024-02-23 11:26:18,2024-02-24 13:15:43,Las Palmas,Sines,S,0
ESC-2024-006201,9465851,Luz Glory IV,NAV008,M03,granel_solido,carga,Pirita,36781.0,0,2024-02-23 04:49:46,2024-02-23 15:48:49,2024-02-25 11:01:59,Lisboa,Valencia,S,0
ESC-2024-000368,9770684,Delta Pioneer,NAV005,M05,granel_liquido,mixta,Gasóleo,31552.3,0,2024-02-23 05:30:55,2024-02-23 09:44:03,2024-02-24 13:23:56,Casablanca,Funchal,S,0
ESC-2024-001443,9320221,Tinto Pride,NAV024,M08,fruta_refrigerada,mixta,Fruta tropical,5892.2,0,2024-02-23 07:00:00,2024-02-23 10:08:20,2024-02-24 04:48:09,Dakar,Génova,S,0
ESC-2024-003538,9158094,Odiel Dawn,NAV006,M05,granel_liquido,descarga,Gasóleo,31789.7,0,2024-02-23 08:10:19,2024-02-24 12:16:00,2024-02-25 17:33:16,Amberes,Abiyán,S,0
ESC-2024-001114,9947017,Aurora Breeze,NAV035,M05,granel_liquido,carga,Crudo,51928.7,0,2024-02-23 11:45:51,2024-02-23 12:51:29,2024-02-24 03:54:34,Ceuta,Hamburgo,S,0
ESC-2024-003950,9912490,Río Pride,NAV037,M08,fruta_refrigerada,mixta,Fresa y frutos rojos,10730.4,0,2024-02-23 12:00:00,2024-02-23 15:18:56,2024-02-24 14:42:10,Santos,Dakar,S,0
ESC-2024-001352,9997361,Río Voyager III,NAV013,M03,granel_solido,descarga,Concentrado de cobre,26975.9,0,2024-02-23 18:00:01,2024-02-23 18:41:04,2024-02-24 17:31:13,Rotterdam,Génova,S,0
ESC-2024-006358,9609550,Blue Navigator,NAV014,M07,ro_ro,mixta,Vehículos,27231.3,0,2024-02-23 19:25:26,2024-02-23 19:36:52,2024-02-24 06:06:04,Rotterdam,Nueva York,S,0
ESC-2024-002669,9119517,Costa Venture II,NAV036,M03,granel_solido,descarga,Pirita,24659.8,0,2024-02-23 20:25:59,2024-02-23 21:59:53,2024-02-25 14:08:22,Santos,Houston,S,0
ESC-2024-003385,9488231,  ATLANTIC VOYAGER ,NAV033,M03,granel_solido,carga,Cereal,18363.4,0,2024-02-23 21:26:57,2024-02-24 01:26:50,2024-02-25 05:27:34,Dakar,Dakar,S,0
ESC-2024-005296,9954917,Luz Carrier II,NAV030,M07,ro_ro,carga,Semirremolques,18373300.0,0,2024-02-23 22:11:04,2024-02-23 22:37:41,2024-02-24 07:56:30,Nueva York,Génova,S,0
ESC-2024-003387,9878369,Costa Horizon,NAV040,M08,fruta_refrigerada,descarga,Cítricos,11436.3,0,2024-02-24 00:00:00,2024-02-24 04:26:00,2024-02-26 01:45:48,Amberes,Valencia,S,0
ESC-2024-000550,9465057,Costa Pride I,NAV004,M11,carga_general,carga,Bobinas de acero,5334.0,0,2024-02-24 00:27:38,2024-02-24 08:18:04,2024-02-25 18:52:43,Lisboa,Génova,S,0
ESC-2024-004727,9997361,Río Voyager III,NAV013,M02,granel_solido,carga,Pirita,41741.1,0,2024-02-24 00:41:18,2024-02-24 10:38:30,2024-02-26 21:05:17,Sines,Sines,S,0
ESC-2024-001383,9276406,Atlantic Dawn,NAV020,M11,carga_general,descarga,Bobinas de acero,7945.6,0,2024-02-24 00:58:03,2024-02-24 02:47:41,2024-02-25 03:25:38,Santos,Génova,S,0
ESC-2024-001978,9284635,Nordic Sol IV,NAV017,M02,granel_solido,carga,Pirita,22531.3,0,2024-02-24 01:13:54,2024-02-24 03:27:44,2024-02-25 10:30:18,Las Palmas,Santa Cruz de Tenerife,S,0
ESC-2024-001759,9665891,Atlantic Venture IV,NAV032,M10,pesca,descarga,Pescado fresco,21.9,0,2024-02-24 01:35:10,2024-02-24 01:35:32,2024-02-24 06:59:46,Nueva York,Abiyán,N,0
ESC-2024-002251,9770531,  AURORA SPIRIT III ,NAV023,M01,contenedores,mixta,Contenedores,16175.5,1451,2024-02-24 01:51:30,2024-02-24 13:50:16,2024-02-25 16:19:14,Génova,Sines,S,0
ESC-2024-006460,9460124,Estrella Bay,NAV021,M08,fruta_refrigerada,carga,Cítricos,13593.6,0,2024-02-24 02:32:59,2024-02-24 06:40:08,2024-02-25 14:27:06,Las Palmas,Rotterdam,S,0
ESC-2024-003521,9571296,Marisma Pioneer I,NAV031,M08,fruta_refrigerada,mixta,Fruta tropical,12797.2,0,2024-02-24 04:00:00,2024-02-24 04:21:48,2024-02-25 17:41:03,Sines,Santos,S,0
ESC-2024-002865,9745940,Punta Breeze I,NAV027,M05,granel_liquido,descarga,Productos químicos,52776.4,0,2024-02-24 07:23:40,2024-02-24 11:42:32,2024-02-26 08:09:44,Houston,Santa Cruz de Tenerife,S,0
ESC-2024-003820,9229142,Marisma Spirit II,NAV013,M08,fruta_refrigerada,descarga,Cítricos,9722.4,0,2024-02-24 10:00:00,2024-02-24 14:47:29,2024-02-25 15:06:13,Amberes,Algeciras,S,0
ESC-2024-003130,9556313,Punta Bay,NAV018,M11,carga_general,descarga,Palés,9599.7,0,2024-02-24 10:36:56,2024-02-24 12:26:30,2024-02-25 13:35:49,Rotterdam,Amberes,S,0
ESC-2024-003050,9520261,Nordic Express V,NAV017,M07,ro_ro,descarga,Semirremolques,21965.3,0,2024-02-24 12:25:01,2024-02-24 12:55:44,2024-02-25 02:44:04,Lisboa,Ceuta,S,0
ESC-2024-003640,9149469,Río Spirit IV,NAV036,M02,granel_solido,carga,Clínker,29124.5,0,2024-02-24 12:31:55,2024-02-24 16:30:48,2024-02-27 02:00:31,Casablanca,Santa Cruz de Tenerife,S,0
ESC-2024-000678,9216286,Odiel Voyager,NAV031,M03,granel_solido,descarga,Concentrado de cobre,25580.9,0,2024-02-24 15:59:33,2024-02-25 19:14:27,2024-02-28 00:01:47,Sines,Funchal,S,0
ESC-2024-004186,9500467,Odiel Marina,NAV034,M08,fruta_refrigerada,carga,Fresa y frutos rojos,12211.9,0,2024-02-24 17:00:00,2024-02-24 20:17:22,2024-02-25 23:20:40,Nueva York,Génova,S,0
ESC-2024-001164,9323998,Odiel Mar I,NAV003,M08,fruta_refrigerada,descarga,Cítricos,10262.0,0,2024-02-24 18:37:03,2024-02-25 04:31:27,2024-02-25 22:47:24,Abiyán,Sines,S,0
ESC-2024-001911,9260483,Punta Navigator IV,NAV004,M04,granel_liquido,mixta,Crudo,89779.9,0,2024-02-25 05:55:23,2024-02-25 15:39:17,2024-02-26 01:33:51,Las Palmas,Amberes,S,0
ESC-2024-000585,9434072,Iberian Voyager,NAV015,M01,contenedores,carga,Contenedores,9035.4,755,2024-02-25 12:57:31,2024-02-25 22:32:48,2024-02-26 17:34:24,Lisboa,Casablanca,S,0
ESC-2024-004135,9418834,Costa Navigator V,NAV035,,granel_solido,carga,Cereal,24910.7,0,2024-02-25 15:09:41,2024-02-25 18:59:08,2024-02-27 01:47:56,Le Havre,Nueva York,S,0
ESC-2024-004901,9571296,Marisma Pioneer I,NAV031,M08,fruta_refrigerada,carga,Fresa y frutos rojos,9233.1,0,2024-02-25 23:00:00,2024-02-26 00:30:13,2024-02-27 02:14:57,Hamburgo,Santos,S,0
ESC-2024-003003,9721994,Cabo Pioneer,NAV031,M08,fruta_refrigerada,carga,Fresa y frutos rojos,5018.4,0,2024-02-25 23:32:44,2024-02-26 02:19:23,2024-02-27 17:19:47,Lisboa,Le Havre,S,0
ESC-2024-001960,9222869,Aurora Trader,NAV038,M01,contenedores,descarga,Contenedores,12525.7,984,2024-02-26 02:32:48,2024-02-26 07:52:52,2024-02-27 01:56:12,Sines,Santa Cruz de Tenerife,S,0
ESC-2024-003012,9560857,Tinto Breeze,NAV019,M06,granel_liquido,descarga,GNL,18418.3,0,2024-02-26 02:50:36,2024-02-26 09:57:22,2024-02-26 19:59:42,Casablanca,Le Havre,S,0
ESC-2024-002160,9656321,Punta Trader,NAV012,M04,granel_liquido,carga,Crudo,23551.1,0,2024-02-26 10:04:08,2024-02-27 01:47:24,2024-02-28 05:40:18,Sines,Lisboa,S,0
ESC-2024-002900,9444091,Nordic Dawn,NAV005,M12,granel_liquido,mixta,Biocombustible,12782.6,0,2024-02-26 14:59:31,2024-02-26 18:48:52,2024-02-27 16:34:12,Las Palmas,Le Havre,S,0
ESC-2024-005786,9119517,Costa Venture II,NAV036,M02,granel_solido,carga,Concentrado de cobre,21970.9,0,2024-02-26 16:59:51,2024-02-27 04:07:48,2024-02-28 11:42:13,Algeciras,Hamburgo,S,0
ESC-2024-003760,9571296,Marisma Pioneer I,NAV031,M08,fruta_refrigerada,carga,Fresa y frutos rojos,16581.5,0,2024-02-26 17:00:00,2024-02-26 18:10:41,2024-02-26 08:10:41,Nueva York,Funchal,S,0
ESC-2024-003941,9189512,Silver Spirit,NAV028,M03,granel_solido,descarga,Fertilizantes,23006.2,0,2024-02-26 17:29:33,2024-02-26 18:28:49,2024-03-01 12:51:24,Génova,Santos,S,0
ESC-2024-003182,9199622,Costa Pride,NAV033,M11,carga_general,carga,Madera,3646.8,0,2024-02-26 19:05:58,2024-02-26 22:14:50,2024-02-28 12:28:07,Génova,Dakar,S,0
ESC-2024-000487,9771195,Golden Venture I,NAV025,M06,granel_liquido,descarga,Gasóleo,71030.0,0,2024-02-26 20:12:09,2024-02-27 04:46:28,2024-02-28 18:06:20,Sines,Nueva York,S,0
ESC-2024-005233,9721994,Cabo Pioneer,NAV031,M08,fruta_refrigerada,mixta,Fruta tropical,5623.2,0,2024-02-26 23:00:00,2024-02-27 13:00:57,2024-02-28 20:19:13,Funchal,Santos,S,0
ESC-2024-005644,9311945,Blue Fortune III,NAV037,M10,pesca,carga,Pescado fresco,64.9,0,2024-02-26 23:15:29,2024-02-26 23:19:47,2024-02-27 07:08:31,Génova,Algeciras,S,0
ESC-2024-000249,9771195,Golden Venture I,NAV025,M06,granel_liquido,descarga,GNL,50574.9,0,2024-02-27 01:07:44,2024-02-27 03:26:32,2024-02-28 12:31:55,Valencia,Hamburgo,S,0
ESC-2024-004702,9272931,Southern Pioneer,NAV020,M03,granel_solido,descarga,Pirita,33682.7,0,2024-02-27 05:39:29,27/02/2024 16:02,2024-02-29 02:38:06,Santa Cruz de Tenerife,Houston,S,0
ESC-2024-006136,9132703,Cabo Breeze,NAV019,M06,granel_liquido,mixta,Biocombustible,61813.2,0,2024-02-27 10:00:30,2024-02-28 04:24:21,2024-02-29 05:19:01,Rotterdam,Amberes,S,0
ESC-2024-003910,9936604,Silver Star,NAV010,M08,fruta_refrigerada,carga,Fresa y frutos rojos,17265.3,0,2024-02-27 15:00:00,2024-02-27 21:06:25,2024-02-28 15:21:26,Santa Cruz de Tenerife,Ceuta,S,0
ESC-2024-003201,9190901,Tinto Wave,NAV017,M11,carga_general,descarga,Palés,10357.9,0,2024-02-27 16:01:07,2024-02-27 22:07:29,2024-02-28 21:38:28,Génova,Nueva York,S,0
ESC-2024-004793,9361914,Cabo Marina,NAV037,M03,granel_solido,descarga,Fertilizantes,17089.8,0,2024-02-27 19:36:46,2024-02-28 04:27:16,2024-03-02 00:07:36,Lisboa,Houston,S,0
ESC-2024-000307,9716602,Iberian Horizon III,NAV038,M11,carga_general,descarga,Madera,3614.0,0,2024-02-27 21:04:23,2024-02-28 02:45:59,2024-02-29 11:59:42,Algeciras,Amberes,S,0
ESC-2024-003788,9537977,Luz Voyager V,NAV002,M02,granel_solido,descarga,Fertilizantes,30958.2,0,2024-02-27 22:41:13,2024-02-27 22:53:54,2024-03-02 09:52:26,Funchal,Le Havre,S,0
ESC-2024-005361,9351828,Iberian Spirit,NAV008,M04,granel_liquido,carga,Ácido sulfúrico,29631.1,0,2024-02-27 23:34:03,2024-02-28 10:54:18,2024-02-29 22:57:06,Génova,Amberes,S,0
ESC-2024-003774,9936135,Luz Dawn,NAV008,M03,granel_solido,mixta,Cereal,29676.0,0,2024-02-28 00:20:04,2024-02-28 02:26:05,2024-03-01 00:12:59,Génova,Valencia,S,0
ESC-2024-001030,9952402,Punta Pioneer,NAV032,M10,pesca,carga,Pescado fresco,74.3,0,2024-02-28 05:25:56,2024-02-28 05:36:14,2024-02-28 13:24:12,Abiyán,Tánger Med,N,0
ESC-2024-004195,9853620,Blue Express,NAV007,M11,carga_general,mixta,Palés,8667.5,0,2024-02-28 05:55:42,2024-02-28 18:02:44,2024-02-29 12:34:59,Dakar,Valencia,S,0
ESC-2024-004965,9589475,Cabo Fortune,NAV007,M01,contenedores,mixta,Contenedores,7450.4,581,2024-02-28 12:02:26,2024-02-28 17:27:46,2024-02-29 15:28:19,Casablanca,Ceuta,S,0
ESC-2024-005043,9197583,Delta Venture,NAV007,M03,granel_solido,descarga,Cereal,13484.0,0,2024-02-28 13:05:20,2024-02-28 14:43:39,2024-03-01 19:46:48,Houston,Amberes,S,0
ESC-2024-005722,9156204,Silver Glory III,NAV021,M02,granel_solido,carga,Fertilizantes,52419.0,0,2024-02-28 14:24:59,2024-02-28 21:00:46,2024-02-29 18:17:23,Dakar,Nueva York,S,0
ESC-2024-000707,9435818,Estrella Breeze,NAV033,M01,contenedores,descarga,Contenedores,494.3,50,2024-02-28 14:27:47,2024-02-29 02:25:24,2024-03-01 06:45:12,Houston,Funchal,S,0
ESC-2024-002410,9160126,Río Marina V,NAV008,M12,granel_liquido,carga,Gasóleo,27348.4,0,2024-02-28 16:58:47,2024-02-29 06:06:53,2024-02-29 08:41:09,Valencia,Houston,S,0
ESC-2024-002410,9160126,Río Marina V,NAV008,M12,granel_liquido,carga,Gasóleo,27348.4,0,2024-02-28 16:58:47,2024-02-29 06:06:53,2024-02-29 08:41:09,Valencia,Houston,S,0
ESC-2024-002081,9656321,Punta Trader,NAV012,M04,granel_liquido,descarga,Ácido sulfúrico,25850.0,0,2024-02-28 17:40:28,2024-02-29 11:25:55,2024-03-01 15:52:14,Nueva York,Funchal,S,0
ESC-2024-002121,9912490,Río Pride,NAV037,M08,fruta_refrigerada,mixta,Fresa y frutos rojos,11860.3,0,2024-02-28 21:00:00,28/02/2024 23:15,2024-02-29 15:08:02,Rotterdam,Amberes,S,0
ESC-2024-002610,9093220,Atlantic Trader,NAV010,M08,fruta_refrigerada,descarga,Fruta tropical,7390.9,0,2024-02-29 04:55:41,2024-02-29 06:18:41,2024-03-01 05:47:29,Sines,Rotterdam,S,0
ESC-2024-005996,9221920,Silver Bay,NAV020,M12,granel_liquido,carga,Crudo,20002.7,0,2024-02-29 18:59:52,2024-02-29 20:25:50,2024-03-02 07:56:41,Nueva York,Rotterdam,S,0
ESC-2024-005477,9614294,Punta Express,NAV032,M03,granel_solido,mixta,Clínker,22827.4,0,2024-02-29 19:04:13,2024-03-02 12:12:03,2024-03-03 19:13:39,Valencia,Sines,S,0
ESC-2024-001900,9368223,Iberian Navigator,NAV010,M10,pesca,mixta,Pescado fresco,61.7,0,2024-02-29 19:20:57,2024-02-29 19:27:22,2024-03-01 01:12:00,Amberes,Amberes,S,0
ESC-2024-005640,9732890,Tinto Marina,NAV033,M05,granel_liquido,descarga,Productos químicos,9183.8,0,2024-03-01 01:47:25,2024-03-01 02:43:57,2024-03-03 06:51:25,Algeciras,Houston,S,0
ESC-2024-004502,9173824,Doña Star,NAV004,M01,contenedores,mixta,Contenedores,8258.2,821,2024-03-01 03:50:13,2024-03-01 10:36:08,2024-03-02 07:12:31,Lisboa,Houston,S,0
ESC-2024-002034,9416159,Silver Marina,NAV015,M08,fruta_refrigerada,mixta,Fruta tropical,3403.1,0,2024-03-01 05:00:00,2024-03-01 23:06:56,2024-03-02 11:20:58,Amberes,Lisboa,S,0
ESC-2024-001654,9086382,Estrella Star V,NAV036,M05,granel_liquido,carga,Productos químicos,63052.1,0,2024-03-01 07:28:04,2024-03-01 16:44:09,2024-03-03 07:38:17,Génova,Dakar,S,0
ESC-2024-006436,9521198,Blue Bay III,NAV036,M10,pesca,carga,Pescado fresco,44.0,0,2024-03-01 10:37:28,2024-03-01 10:42:23,2024-03-01 16:46:42,Nueva York,Lisboa,N,0
ESC-2024-002917,9051777,Tinto Mar V,NAV029,M05,granel_liquido,mixta,Biocombustible,9082.9,0,2024-03-01 16:26:06,2024-03-01 16:35:48,2024-03-02 23:50:17,Algeciras,Houston,S,0
ESC-2024-001546,9878230,Delta Sol I,NAV011,M08,fruta_refrigerada,mixta,Cítricos,12474.6,0,2024-03-01 18:00:00,2024-03-02 03:19:50,2024-03-03 04:30:29,Génova,Las Palmas,S,0
ESC-2024-001590,9391385,Blue Marina,NAV032,M08,fruta_refrigerada,carga,Cítricos,6008.1,0,2024-03-01 19:00:00,2024-03-01 20:35:29,2024-03-02 19:37:15,Hamburgo,Santos,S,0
ESC-2024-004733,9594248,Costa Fortune,NAV015,M03,granel_solido,descarga,Fertilizantes,21035.1,0,2024-03-01 20:54:25,2024-03-02 03:36:21,2024-03-04 22:01:29,Amberes,Génova,S,0
ESC-2024-000672,9320221,Tinto Pride,NAV024,M08,fruta_refrigerada,mixta,Fresa y frutos rojos,11211.7,0,2024-03-02 01:00:00,2024-03-02 05:21:49,2024-03-02 11:34:54,Houston,Amberes,S,0
ESC-2024-003311,9867126,Aurora Wave I,NAV002,M07,ro_ro,mixta,Vehículos,26471.5,0,2024-03-02 03:35:35,2024-03-02 06:15:56,2024-03-02 23:03:44,Algeciras,Génova,S,0
ESC-2024-004716,9093220,Atlantic Trader,NAV010,M08,fruta_refrigerada,descarga,Fruta tropical,5462.8,0,2024-03-02 04:00:00,2024-03-02 16:24:25,2024-03-03 08:28:11,Las Palmas,Abiyán,S,0
ESC-2024-005044,9609550,Blue Navigator,NAV014,M07,ro_ro,descarga,Vehículos,16312.2,0,2024-03-02 07:54:58,2024-03-02 08:42:22,2024-03-03 01:06:03,Génova,Sines,S,0
ESC-2024-002434,9351828,Iberian Spirit,NAV008,M12,granel_liquido,mixta,GNL,21280.0,0,2024-03-02 08:45:00,2024-03-02 08:49:21,2024-03-03 07:47:37,Funchal,Santa Cruz de Tenerife,S,0
ESC-2024-002322,9323998,Odiel Mar I,NAV003,M08,fruta_refrigerada,carga,Cítricos,11772.9,0,2024-03-02 09:00:00,2024-03-02 09:02:03,2024-03-03 03:15:24,Abiyán,Le Havre,S,0
ESC-2024-005945,9223904,Aurora Bay IV,NAV003,M12,granel_liquido,descarga,Ácido sulfúrico,34606.0,0,2024-03-02 09:45:59,2024-03-02 10:32:40,2024-03-03 06:41:54,Casablanca,Ceuta,S,0
ESC-2024-000559,9116591,Nordic Marina IV,NAV014,M01,contenedores,descarga,Contenedores,12928.4,1021,2024-03-02 13:20:52,2024-03-02 15:37:21,2024-03-03 12:28:14,Tánger Med,Santa Cruz de Tenerife,S,0
ESC-2024-001838,9043055,Ocean Venture,NAV012,M10,pesca,descarga,Pescado fresco,54.9,0,2024-03-02 14:56:03,2024-03-02 15:19:15,2024-03-02 20:58:52,Abiyán,Lisboa,N,0
ESC-2024-000500,9276406,Atlantic Dawn,NAV020,M11,carga_general,mixta,Maquinaria,10030.6,0,2024-03-02 15:57:41,2024-03-03 07:46:24,2024-03-03 15:47:20,Le Havre,Ceuta,S,0
ESC-2024-000500,9276406,Atlantic Dawn,NAV020,M11,carga_general,mixta,Maquinaria,10030.6,0,2024-03-02 15:57:41,2024-03-03 07:46:24,2024-03-03 15:47:20,Le Havre,Ceuta,S,0
ESC-2024-006477,9460124,Estrella Bay,NAV021,M08,fruta_refrigerada,descarga,Cítricos,16206.9,0,2024-03-02 16:00:00,2024-03-03 00:50:25,2024-03-03 23:16:03,Tánger Med,Abiyán,S,0
ESC-2024-000991,9476367,Nordic Venture,NAV030,M08,fruta_refrigerada,carga,Fruta tropical,8771.2,0,2024-03-02 17:00:00,2024-03-02 18:38:16,2024-03-03 22:14:33,Dakar,Le Havre,S,0
ESC-2024-002388,9093464,Iberian Sol,NAV004,M04,granel_liquido,descarga,GNL,67992.1,0,2024-03-02 17:55:51,2024-03-02 20:49:23,2024-03-04 03:43:12,Amberes,Las Palmas,S,0
ESC-2024-001189,9531090,Iberian Marina,NAV031,M03,granel_solido,descarga,Clínker,15654.5,0,2024-03-02 19:12:05,2024-03-03 06:29:34,2024-03-06 05:20:15,Rotterdam,Las Palmas,S,0
ESC-2024-000137,9089059,Costa Voyager I,NAV035,M03,granel_solido,carga,Clínker,21423.8,0,2024-03-03 00:42:58,2024-03-03 01:16:05,2024-03-04 22:28:38,Rotterdam,Funchal,S,0
ESC-2024-005349,9119517,Costa Venture II,NAV036,M02,granel_solido,descarga,Clínker,19396.3,0,2024-03-03 00:51:34,2024-03-03 05:17:35,2024-03-04 03:44:04,Tánger Med,Le Havre,S,0
ESC-2024-002239,9806017,Río Star,NAV027,M01,contenedores,mixta,Contenedores,5967.9,429,2024-03-03 04:11:29,2024-03-03 09:26:38,2024-03-04 04:21:33,Ceuta,Rotterdam,S,0
ESC-2024-001776,9454072,Silver Dawn I,NAV036,M08,fruta_refrigerada,descarga,Fresa y frutos rojos,7453.0,0,2024-03-03 05:00:00,2024-03-03 05:55:15,2024-03-04 01:04:56,Funchal,Hamburgo,S,0
ESC-2024-003462,9392119,Odiel Voyager II,NAV025,M07,ro_ro,descarga,Vehículos,20310.8,0,2024-03-03 05:32:04,2024-03-03 05:40:23,2024-03-03 11:26:32,Algeciras,Valencia,S,0
ESC-2024-000992,9531090,Iberian Marina,NAV031,M03,granel_solido,descarga,Clínker,15174.1,0,2024-03-03 07:27:28,2024-03-04 12:37:51,2024-03-06 22:16:54,Hamburgo,Rotterdam,S,0
ESC-2024-000415,9771195,Golden Venture I,NAV025,M04,granel_liquido,descarga,Crudo,66648.4,0,2024-03-03 11:22:34,2024-03-03 12:45:06,2024-03-05 06:09:09,Hamburgo,Le Havre,S,0
ESC-2024-002135,9350628,Aurora Express,NAV028,M01,contenedores,carga,Contenedores,9664.9,727,2024-03-03 15:19:14,2024-03-03 19:41:31,2024-03-05 02:41:58,Las Palmas,Abiyán,S,0
ESC-2024-004386,9075113,Delta Glory,NAV023,M04,granel_liquido,mixta,Gasóleo,10712.4,0,2024-03-03 19:20:29,2024-03-04 14:01:53,2024-03-05 22:39:30,Ceuta,Funchal,S,0
ESC-2024-005017,9173824,Doña Star,NAV004,M01,contenedores,mixta,Contenedores,16680.8,1560,2024-03-03 19:40:54,2024-03-04 05:30:10,2024-03-04 14:31:03,Funchal,Rotterdam,S,0
ESC-2024-001037,9154933,Iberian Star V,NAV009,M05,granel_liquido,descarga,Biocombustible,31519.1,0,2024-03-03 22:49:57,2024-03-04 03:50:40,2024-03-05 21:26:23,Hamburgo,Algeciras,S,0
ESC-2024-002215,9771195,Golden Venture I,NAV025,M04,granel_liquido,descarga,GNL,51952.4,0,2024-03-04 00:26:28,2024-03-04 01:31:26,2024-03-04 20:45:06,Amberes,Sines,S,0
ESC-2024-003532,9445459,Costa Breeze,NAV018,M03,granel_solido,carga,Clínker,29817.9,0,2024-03-04 02:01:37,2024-03-04 06:31:03,2024-03-07 05:19:09,Dakar,Las Palmas,S,0
ESC-2024-000880,9351828,Iberian Spirit,NAV008,M06,granel_liquido,mixta,GNL,29116.6,0,2024-03-04 02:50:39,2024-03-04 12:22:36,2024-03-05 03:56:09,Funchal,Nueva York,S,0
ESC-2024-002515,9323998,Odiel Mar I,NAV003,M08,fruta_refrigerada,descarga,Cítricos,12372.3,0,2024-03-04 04:00:00,2024-03-04 06:44:07,2024-03-05 13:45:38,Rotterdam,Santa Cruz de Tenerife,S,0
ESC-2024-005220,9736327,Iberian Dawn,NAV033,M03,granel_solido,descarga,Cereal,22580.0,0,2024-03-04 04:06:40,2024-03-04 04:11:54,2024-03-05 19:09:59,Valencia,Santos,S,0
ESC-2024-000994,9004516,Costa Spirit,NAV028,M04,granel_liquido,descarga,Ácido sulfúrico,27285.7,0,2024-03-04 04:32:31,2024-03-04 15:42:14,2024-03-05 22:46:43,Algeciras,Dakar,S,0
ESC-2024-004939,9871880,Costa Sol,NAV028,M12,granel_liquido,carga,Biocombustible,35665.1,0,2024-03-04 06:00:05,2024-03-04 23:40:35,2024-03-06 16:00:58,Le Havre,Las Palmas,S,0
ESC-2024-002517,9556143,Southern Mar,NAV028,M11,carga_general,descarga,Bobinas de acero,10472.6,0,2024-03-04 14:25:44,2024-03-05 17:34:52,2024-03-06 21:21:22,Houston,Las Palmas,S,0
ESC-2024-006491,9058751,Río Voyager,NAV009,M06,granel_liquido,mixta,Biocombustible,26694.9,0,2024-03-04 16:02:28,2024-03-05 01:38:46,2024-03-06 14:40:53,Ceuta,Abiyán,S,0
ESC-2024-000009,9083366,Cabo Spirit,NAV007,M08,fruta_refrigerada,carga,Cítricos,7958.9,0,2024-03-04 17:00:00,2024-03-04 20:41:44,2024-03-05 04:49:41,Casablanca,Algeciras,S,0
ESC-2024-003000,9603192,Odiel Spirit,NAV036,M07,ro_ro,carga,Vehículos,27235.7,0,2024-03-04 18:16:59,2024-03-04 19:57:24,2024-03-05 07:06:12,Valencia,Le Havre,S,0
ESC-2024-001621,9571296,  MARISMA PIONEER I ,NAV031,M08,fruta_refrigerada,carga,Fruta tropical,12593.0,0,2024-03-04 21:00:00,2024-03-04 21:46:59,2024-03-06 07:27:36,Dakar,Valencia,S,0
ESC-2024-001452,9243320,Golden Pride,NAV028,M05,granel_liquido,carga,Gasóleo,83647.5,0,2024-03-05 01:04:42,2024-03-05 07:28:08,2024-03-06 13:29:08,Dakar,Houston,S,0
ESC-2024-000578,9228526,Silver Navigator V,NAV039,M02,granel_solido,descarga,Pirita,35040.4,0,2024-03-05 03:16:43,2024-03-05 03:53:21,2024-03-07 04:09:36,Sines,Houston,S,0
ESC-2024-002794,9750165,  GOLDEN NAVIGATOR ,NAV014,M02,granel_solido,mixta,Pirita,23296.2,0,2024-03-05 09:08:32,2024-03-05 23:28:48,2024-03-08 02:54:49,Houston,Santos,S,0
ESC-2024-003518,9207558,Marisma Spirit III,NAV017,M04,granel_liquido,mixta,Ácido sulfúrico,26873.5,0,2024-03-05 10:58:51,2024-03-06 05:56:27,2024-03-07 05:07:07,Le Havre,Rotterdam,S,0
ESC-2024-000961,9397987,Tinto Express,NAV012,M01,contenedores,mixta,Contenedores,7841.1,812,2024-03-05 15:08:26,2024-03-05 16:22:39,2024-03-06 09:58:55,Santa Cruz de Tenerife,Nueva York,S,0
ESC-2024-000664,9236834,Aurora Fortune,NAV040,M12,granel_liquido,mixta,Crudo,59930.8,0,2024-03-05 21:01:07,2024-03-05 23:02:49,2024-03-07 00:21:41,Houston,Ceuta,S,0
ESC-2024-003883,9842700,Cabo Carrier,NAV037,M09,pasajeros,mixta,Pasajeros,0.0,0,2024-03-06 00:59:02,2024-03-06 01:00:41,2024-03-06 10:37:54,Lisboa,Hamburgo,S,2737
ESC-2024-001059,9153252,Estrella Carrier,NAV007,M03,granel_solido,descarga,Fertilizantes,13509.6,0,2024-03-06 04:12:05,2024-03-06 19:05:24,2024-03-08 12:31:02,Houston,Funchal,S,0
ESC-2024-004808,9425693,Tinto Bay I,NAV002,M08,fruta_refrigerada,descarga,Fresa y frutos rojos,4441.2,0,2024-03-06 11:00:00,2024-03-08 01:12:24,2024-03-08 19:57:47,Le Havre,Tánger Med,S,0
ESC-2024-006179,9063160,Golden Trader,NAV034,M06,granel_liquido,mixta,Crudo,30685.8,0,2024-03-06 11:37:07,2024-03-06 20:56:26,2024-03-08 03:46:32,Dakar,Houston,S,0
ESC-2024-001548,9990105,Blue Carrier V,NAV035,M02,granel_solido,mixta,Cereal,10659.4,0,2024-03-06 14:22:55,2024-03-06 17:36:25,2024-03-09 18:53:08,Houston,Valencia,S,0
ESC-2024-000572,9022130,Golden Spirit,NAV017,M08,fruta_refrigerada,mixta,Cítricos,14165.9,0,2024-03-06 15:03:50,2024-03-06 15:51:35,2024-03-07 23:32:36,Las Palmas,Amberes,S,0
ESC-2024-002731,9063160,Golden Trader,NAV034,M12,granel_liquido,carga,GNL,37487.3,0,2024-03-06 15:40:10,2024-03-07 16:13:47,2024-03-08 09:54:38,Santa Cruz de Tenerife,Tánger Med,S,0
ESC-2024-006328,9406518,Tinto Voyager,NAV016,M12,granel_liquido,mixta,Gasóleo,27603.4,0,2024-03-06 17:46:23,2024-03-06 21:02:23,2024-03-08 04:38:48,Abiyán,Génova,S,0
ESC-2024-001222,9376153,Río Wave,NAV031,M09,pasajeros,mixta,Pasajeros,0.0,0,2024-03-06 19:28:24,2024-03-06 19:38:52,2024-03-07 03:16:18,Tánger Med,Ceuta,S,1940
ESC-2024-004779,9460124,Estrella Bay,NAV021,M08,fruta_refrigerada,descarga,Fresa y frutos rojos,8425.2,0,2024-03-07 03:49:31,2024-03-07 05:07:21,2024-03-07 22:14:54,Funchal,Santos,S,0
ESC-2024-005545,9521198,Blue Bay III,NAV036,M10,pesca,mixta,Pescado fresco,35.5,0,2024-03-07 08:31:15,2024-03-07 08:32:03,2024-03-07 18:12:37,Valencia,Casablanca,N,0
ESC-2024-003777,9371919,Southern Pride,NAV034,M11,carga_general,mixta,Bobinas de acero,6115.1,0,2024-03-07 18:01:43,2024-03-08 02:14:08,2024-03-08 20:47:17,Lisboa,Valencia,S,0
ESC-2024-005384,9936604,Silver Star,NAV010,M08,fruta_refrigerada,descarga,Cítricos,16536.7,0,2024-03-07 21:00:00,2024-03-08 00:45:29,2024-03-09 08:13:23,Ceuta,Santos,S,0
ESC-2024-005602,9311945,Blue Fortune III,NAV037,M10,pesca,descarga,Pescado fresco,36.4,0,2024-03-07 21:00:12,2024-03-07 21:11:20,2024-03-08 00:28:18,Santos,Houston,S,0
ESC-2024-000067,9331919,Costa Wave,NAV027,M01,contenedores,mixta,Contenedores,6859.7,639,2024-03-07 22:31:56,2024-03-08 01:27:55,2024-03-09 09:11:48,Algeciras,Dakar,S,0
ESC-2024-005731,9426178,Delta Marina II,NAV023,M09,pasajeros,carga,Pasajeros,0.0,0,2024-03-07 22:47:45,2024-03-07 23:00:21,2024-03-08 07:37:56,Santa Cruz de Tenerife,Las Palmas,S,3575
ESC-2024-002385,9151711,Delta Trader,NAV018,M08,fruta_refrigerada,descarga,Cítricos,16719.0,0,2024-03-08 02:00:00,2024-03-08 10:47:56,2024-03-08 07:47:56,Tánger Med,Santos,S,0
ESC-2024-000169,9151711,Delta Trader,NAV018,M08,fruta_refrigerada,mixta,Fruta tropical,10325.2,0,2024-03-08 04:00:00,2024-03-08 11:46:51,2024-03-09 08:15:01,Amberes,Valencia,S,0
ESC-2024-001136,9408011,Cabo Voyager,NAV021,M04,granel_liquido,mixta,Biocombustible,25162.9,0,2024-03-08 04:34:21,2024-03-08 10:11:48,2024-03-09 20:34:50,Houston,Amberes,S,0
ESC-2024-002915,9465928,Southern Voyager,NAV003,M08,fruta_refrigerada,mixta,Fruta tropical,5533.4,0,2024-03-08 06:00:00,2024-03-08 07:16:54,2024-03-09 09:36:30,Amberes,Valencia,S,0
ESC-2024-000789,9093816,Costa Glory II,NAV006,M10,pesca,mixta,Pescado fresco,33.4,0,2024-03-08 09:50:51,2024-03-08 09:52:54,2024-03-08 11:52:54,Ceuta,Ceuta,S,0
ESC-2024-001841,9775373,Tinto Bay III,NAV012,M08,fruta_refrigerada,descarga,Fresa y frutos rojos,5616.8,0,2024-03-08 10:00:00,2024-03-08 12:55:28,2024-03-09 09:04:44,Houston,Ceuta,S,0
ESC-2024-001524,9633628,Blue Pride,NAV033,M01,contenedores,descarga,Contenedores,11710.2,1087,2024-03-08 10:51:56,2024-03-08 13:45:02,2024-03-10 06:00:34,Houston,Casablanca,S,0
ESC-2024-004696,9058751,Río Voyager,NAV009,M06,granel_liquido,mixta,Crudo,36235.9,0,2024-03-08 14:05:59,2024-03-08 14:46:53,2024-03-10 16:50:28,Hamburgo,Amberes,S,0
ESC-2024-001916,9482093,Southern Marina,NAV039,M12,granel_liquido,descarga,Biocombustible,26053.0,0,2024-03-08 15:40:08,2024-03-08 15:40:08,2024-03-09 18:32:13,Casablanca,Hamburgo,S,0
ESC-2024-003335,9151711,Delta Trader,NAV018,M08,fruta_refrigerada,carga,Fruta tropical,9129.6,0,2024-03-08 16:00:00,2024-03-08 16:15:27,2024-03-09 16:37:29,Santa Cruz de Tenerife,Lisboa,S,0
ESC-2024-002319,9406518,Tinto Voyager,NAV016,M12,granel_liquido,mixta,GNL,36445.7,0,2024-03-08 22:30:54,2024-03-09 01:31:57,2024-03-10 19:35:27,Lisboa,Houston,S,0
ESC-2024-005300,9522908,Tinto Breeze III,NAV019,M08,fruta_refrigerada,carga,Fresa y frutos rojos,10148.4,0,2024-03-09 00:00:00,2024-03-09 06:41:06,2024-03-11 00:22:58,Las Palmas,Las Palmas,S,0
ESC-2024-002198,9151711,Delta Trader,NAV018,M08,fruta_refrigerada,mixta,Cítricos,11945.1,0,2024-03-09 01:44:07,2024-03-09 05:05:43,2024-03-09 23:12:41,Amberes,Ceuta,S,0
ESC-2024-004189,9211444,Ocean Carrier,NAV014,M08,fruta_refrigerada,carga,Fresa y frutos rojos,8284.4,0,2024-03-09 08:00:00,2024-03-09 15:46:30,2024-03-11 09:50:12,Amberes,Dakar,S,0
ESC-2024-004695,9878230,Delta Sol I,NAV011,M08,fruta_refrigerada,mixta,Fruta tropical,7560.5,0,2024-03-09 15:00:00,2024-03-09 15:30:02,2024-03-10 17:01:18,Dakar,Santa Cruz de Tenerife,S,0
ESC-2024-004116,9603219,Aurora Spirit,NAV026,M10,pesca,carga,Pescado fresco,19.4,0,2024-03-09 16:28:04,2024-03-09 16:46:59,2024-03-09 23:48:03,Ceuta,Tánger Med,N,0
ESC-2024-002608,9118238,Doña Glory,NAV006,M03,granel_solido,mixta,Fertilizantes,27526.5,0,2024-03-09 17:27:55,2024-03-10 04:58:40,2024-03-12 04:50:39,Nueva York,Nueva York,S,0
ESC-2024-001224,9217412,Costa Pride III,NAV014,M04,granel_liquido,mixta,GNL,38820.9,0,2024-03-09 18:44:21,2024-03-09 20:11:09,2024-03-10 20:59:21,Génova,Tánger Med,S,0
ESC-2024-001886,9948346,Tinto Sol V,NAV020,M09,pasajeros,descarga,Pasajeros,0.0,0,2024-03-09 19:25:41,2024-03-09 19:51:13,2024-03-10 01:34:29,Tánger Med,Algeciras,S,2237
ESC-2024-003992,9614294,Punta Express,NAV032,M02,granel_solido,mixta,Fertilizantes,23179.3,0,2024-03-09 21:18:05,2024-03-09 21:40:30,2024-03-12 04:28:09,Abiyán,Casablanca,S,0
ESC-2024-005884,9122916,Silver Breeze III,NAV040,M12,granel_liquido,mixta,Crudo,82957.1,0,2024-03-09 22:24:16,2024-03-10 02:06:39,2024-03-11 17:59:13,Dakar,Funchal,S,0
ESC-2024-002127,9665891,Atlantic Venture IV,NAV032,M10,pesca,carga,Pescado fresco,75.5,0,2024-03-09 23:49:46,2024-03-09 23:51:34,2024-03-10 01:51:34,Abiyán,Dakar,S,0
ESC-2024-005973,9083366,Cabo Spirit,NAV007,M08,fruta_refrigerada,mixta,Fruta tropical,7440.2,0,2024-03-10 01:00:00,2024-03-10 01:21:39,2024-03-11 08:20:58,Ceuta,Rotterdam,S,0
ESC-2024-001399,9180633,Doña Carrier,NAV034,M12,granel_liquido,descarga,Ácido sulfúrico,26463.2,0,2024-03-10 04:57:57,2024-03-10 17:07:58,2024-03-12 06:03:12,Sines,Hamburgo,S,0
ESC-2024-003695,9484132,Costa Pride IV,NAV016,M01,contenedores,mixta,Contenedores,14959.5,1263,2024-03-10 06:35:44,2024-03-10 07:44:05,2024-03-11 09:37:04,Algeciras,Amberes,S,0
ESC-2024-004059,9750165,Golden Navigator,NAV014,M03,granel_solido,descarga,Fertilizantes,17716.1,0,2024-03-10 06:43:36,2024-03-10 16:00:06,2024-03-12 20:26:05,Nueva York,Santa Cruz de Tenerife,S,0
ESC-2024-004069,9871880,Costa Sol,NAV028,M04,granel_liquido,descarga,Crudo,32985.6,0,2024-03-10 08:09:55,2024-03-10 08:55:14,2024-03-11 16:27:07,Amberes,Nueva York,S,0
ESC-2024-000246,9118238,Doña Glory,NAV006,M02,granel_solido,carga,Fertilizantes,30495.4,0,2024-03-10 12:14:00,2024-03-10 17:33:11,2024-03-13 00:27:32,Tánger Med,Santa Cruz de Tenerife,S,0
ESC-2024-004125,9368223,Iberian Navigator,NAV010,M10,pesca,carga,Pescado fresco,45.7,0,2024-03-10 13:33:27,2024-03-10 13:37:44,2024-03-10 19:11:04,Santos,Algeciras,N,0
ESC-2024-004301,9864447,Iberian Dawn II,NAV008,M03,granel_solido,mixta,Cereal,11493.6,0,2024-03-11 02:32:56,2024-03-11 14:56:48,2024-03-13 04:11:59,Las Palmas,Sines,S,0
ESC-2024-002445,9030022,Costa Fortune V,NAV007,M10,pesca,descarga,Pescado fresco,50.9,0,2024-03-11 04:20:45,2024-03-11 04:27:53,2024-03-11 06:27:53,Lisboa,Las Palmas,N,0
ESC-2024-003700,9149469,Río Spirit IV,NAV036,M03,granel_solido,carga,Cereal,22421000.0,0,2024-03-11 06:42:02,2024-03-11 18:44:03,2024-03-13 10:34:07,Amberes,Funchal,S,0
ESC-2024-005758,9408011,Cabo Voyager,NAV021,M06,granel_liquido,carga,GNL,41130.9,0,2024-03-11 06:57:53,2024-03-11 23:27:28,2024-03-13 14:29:02,Valencia,Funchal,S,0
ESC-2024-003652,9122916,Silver Breeze III,NAV040,M05,granel_liquido,mixta,Biocombustible,59672.4,0,2024-03-11 13:12:04,2024-03-11 16:19:35,2024-03-13 04:24:42,Tánger Med,Dakar,S,0
ESC-2024-004314,9207479,Punta Fortune,NAV034,M01,contenedores,carga,Contenedores,9464.2,977,2024-03-11 15:17:21,2024-03-11 18:26:34,2024-03-12 19:19:45,Santos,Funchal,S,0
ESC-2024-005437,9093220,Atlantic Trader,NAV010,M08,fruta_refrigerada,mixta,Cítricos,4382.0,0,2024-03-11 16:00:00,2024-03-11 19:16:25,2024-03-13 09:56:27,Funchal,Santos,S,0
ESC-2024-002899,9454072,Silver Dawn I,NAV036,M08,fruta_refrigerada,mixta,Fresa y frutos rojos,9023.2,0,2024-03-11 19:41:45,2024-03-11 20:26:38,2024-03-12 15:33:12,Rotterdam,Funchal,S,0
ESC-2024-001827,9476367,Nordic Venture,NAV030,M08,fruta_refrigerada,carga,Fresa y frutos rojos,9740.8,0,2024-03-11 22:00:00,2024-03-12 00:51:29,2024-03-12 17:49:02,Casablanca,Tánger Med,S,0
ESC-2024-002975,9119517,Costa Venture II,NAV036,M02,granel_solido,mixta,Fertilizantes,23485.9,0,2024-03-11 23:41:15,2024-03-12 06:50:32,2024-03-14 15:56:45,Santos,Valencia,S,0
ESC-2024-006008,9936135,Luz Dawn,NAV008,M03,granel_solido,mixta,Clínker,29305.3,0,2024-03-12 00:07:19,2024-03-12 03:18:56,2024-03-14 06:42:41,Santos,Algeciras,S,0
ESC-2024-000102,9912490,  RÍO PRIDE ,NAV037,M08,fruta_refrigerada,mixta,Fresa y frutos rojos,11498.7,0,2024-03-12 02:00:00,2024-03-13 00:42:02,2024-03-14 08:30:20,Sines,Funchal,S,0
ESC-2024-000481,9589475,Cabo Fortune,NAV007,M01,contenedores,mixta,Contenedores,12847.6,1274,2024-03-12 03:38:50,2024-03-12 04:27:50,2024-03-12 16:49:10,Houston,Génova,S,0
ESC-2024-000806,9548768,Aurora Trader II,NAV029,M03,granel_solido,mixta,Clínker,33432.0,0,2024-03-12 04:13:38,2024-03-12 09:01:02,2024-03-13 06:14:44,Ceuta,Abiyán,S,0
ESC-2024-001585,9513804,Silver Navigator,NAV010,M04,granel_liquido,descarga,Productos químicos,90399.1,0,2024-03-12 09:50:53,2024-03-12 20:37:56,2024-03-13 14:45:40,Houston,Abiyán,S,0
ESC-2024-006115,9603219,  AURORA SPIRIT ,NAV026,M10,pesca,descarga,Pescado fresco,44.0,0,2024-03-12 12:13:21,2024-03-12 12:14:07,2024-03-12 17:48:51,Santos,Dakar,N,0
ESC-2024-003151,9594248,Costa Fortune,NAV015,M03,granel_solido,mixta,Fertilizantes,27702.4,0,2024-03-12 13:25:37,2024-03-12 14:09:24,2024-03-15 10:48:57,Tánger Med,Ceuta,S,0
ESC-2024-004526,9423853,Odiel Pioneer,NAV028,M05,granel_liquido,mixta,Gasóleo,22217.4,0,2024-03-12 14:33:21,2024-03-12 16:52:01,2024-03-13 18:05:55,Santos,Algeciras,S,0
ESC-2024-006326,9043055,Ocean Venture,NAV012,M10,pesca,descarga,Pescado fresco,76.3,0,2024-03-12 19:46:18,2024-03-12 19:58:22,2024-03-12 23:08:06,Casablanca,Amberes,N,0
ESC-2024-001815,9154567,Estrella Trader III,NAV025,M11,carga_general,mixta,Palés,7122.1,0,2024-03-12 21:37:51,2024-03-13 01:14:14,2024-03-13 19:42:17,Santos,Valencia,S,0
ESC-2024-003058,9809253,Río Bay,NAV005,M03,granel_solido,mixta,Clínker,17265.0,0,2024-03-12 23:11:02,2024-03-13 00:13:21,2024-03-15 09:58:52,Rotterdam,Santa Cruz de Tenerife,S,0
ESC-2024-000242,9426178,Delta Marina II,NAV023,M09,pasajeros,carga,Pasajeros,0.0,0,2024-03-13 01:45:15,2024-03-13 01:53:21,2024-03-13 13:07:34,Nueva York,Abiyán,S,3953
ESC-2024-003597,9764958,  SILVER BREEZE ,NAV040,M07,ro_ro,descarga,Vehículos,16739.1,0,2024-03-13 01:45:56,2024-03-13 04:52:50,2024-03-13 10:49:02,Houston,Santos,S,0
ESC-2024-005134,9095888,Estrella Pioneer,NAV010,M02,granel_solido,carga,Concentrado de cobre,40218.3,0,2024-03-13 05:18:08,2024-03-14 10:16:46,2024-03-16 16:12:28,Amberes,Casablanca,S,0
ESC-2024-000621,9536624,Silver Star III,NAV012,M01,contenedores,mixta,Contenedores,7209.7,737,2024-03-13 07:43:15,2024-03-13 09:17:53,2024-03-14 11:55:21,Nueva York,Amberes,S,0
ESC-2024-001290,9180516,Marisma Glory,NAV034,M05,granel_liquido,carga,Biocombustible,50719.2,0,2024-03-13 12:59:38,2024-03-13 13:06:29,2024-03-14 20:17:52,Houston,Abiyán,S,0
ESC-2024-000117,9435818,Estrella Breeze,NAV033,M01,contenedores,carga,Contenedores,9728.1,762,2024-03-13 13:23:08,2024-03-13 13:32:27,2024-03-14 11:30:44,Génova,Rotterdam,S,0
ESC-2024-002457,9068720,Silver Venture II,NAV030,M10,pesca,carga,Pescado fresco,23.5,0,2024-03-13 14:14:15,2024-03-13 14:14:55,2024-03-13 17:33:45,Sines,Génova,S,0
ESC-2024-005658,9434072,Iberian Voyager,NAV015,M01,contenedores,mixta,Contenedores,16007.8,1560,2024-03-13 17:37:44,2024-03-13 17:38:55,2024-03-14 07:13:39,Ceuta,Houston,S,0
ESC-2024-003256,9022130,Golden Spirit,NAV017,M08,fruta_refrigerada,mixta,Fruta tropical,13562.7,0,2024-03-13 20:19:45,2024-03-14 02:34:09,2024-03-15 06:17:53,Hamburgo,Santa Cruz de Tenerife,S,0
ESC-2024-001930,9426178,Delta Marina II,NAV023,M09,pasajeros,mixta,Pasajeros,0.0,0,2024-03-13 20:25:43,2024-03-13 21:00:18,2024-03-14 06:18:00,Casablanca,Abiyán,S,1647
ESC-2024-004583,9197583,Delta Venture,NAV007,M02,granel_solido,mixta,Fertilizantes,25848.9,0,2024-03-13 20:54:47,2024-03-14 02:44:00,2024-03-17 00:56:04,Sines,Casablanca,S,0
ESC-2024-006077,9684976,Marisma Sol III,NAV008,M04,granel_liquido,descarga,Productos químicos,27571.1,0,2024-03-13 21:21:17,2024-03-13 21:27:15,2024-03-14 17:33:03,Lisboa,Génova,S,0
ESC-2024-004915,9218076,Doña Horizon,NAV012,M02,granel_solido,descarga,Clínker,15307.1,0,2024-03-14 00:45:33,2024-03-14 07:28:56,2024-03-16 17:04:48,Hamburgo,Rotterdam,S,0
ESC-2024-001532,9095888,Estrella Pioneer,NAV010,M03,granel_solido,carga,Cereal,36361.5,0,2024-03-14 00:59:38,2024-03-14 10:38:51,2024-03-16 17:46:54,Santa Cruz de Tenerife,Amberes,S,0
ESC-2024-000082,9093220,Atlantic Trader,NAV010,M08,fruta_refrigerada,carga,Fresa y frutos rojos,7534.4,0,2024-03-14 01:00:00,2024-03-14 05:52:52,2024-03-15 20:54:35,Abiyán,Valencia,S,0
ESC-2024-002240,9775373,Tinto Bay III,NAV012,M08,fruta_refrigerada,mixta,Cítricos,6512.9,0,2024-03-14 03:00:00,2024-03-14 07:39:42,2024-03-15 13:23:59,Nueva York,Amberes,S,0
ESC-2024-004066,9114634,Aurora Bay,NAV040,M01,contenedores,descarga,Contenedores,14711.3,1498,2024-03-14 05:51:52,2024-03-14 09:14:13,2024-03-15 11:57:33,Santa Cruz de Tenerife,Sines,S,0
ESC-2024-005211,9430090,Odiel Mar,NAV035,M02,granel_solido,descarga,Pirita,20358.8,0,2024-03-14 06:27:19,2024-03-15 04:15:45,2024-03-16 10:27:40,Las Palmas,Génova,S,0
ESC-2024-005246,9119517,Costa Venture II,NAV036,M03,granel_solido,carga,Cereal,27086.4,0,2024-03-14 07:04:12,2024-03-14 18:01:08,2024-03-16 14:06:33,Santa Cruz de Tenerife,Le Havre,S,0
ESC-2024-000420,9371919,Southern Pride,NAV034,M11,carga_general,descarga,Maquinaria,7116.2,0,2024-03-14 13:49:41,2024-03-14 16:32:38,2024-03-15 06:42:46,Le Havre,Houston,S,0
ESC-2024-000157,9119555,Iberian Breeze,NAV010,M04,granel_liquido,carga,Gasóleo,53151.9,0,2024-03-14 19:39:20,2024-03-14 20:27:53,2024-03-15 09:02:01,Sines,Génova,S,0
ESC-2024-000159,9442732,Punta Venture,NAV025,M12,granel_liquido,mixta,GNL,48711.7,0,2024-03-14 23:19:52,2024-03-15 20:32:34,2024-03-16 21:34:11,Hamburgo,Génova,S,0
ESC-2024-000587,9954917,Luz Carrier II,NAV030,M07,ro_ro,descarga,Vehículos,21756.9,0,2024-03-15 01:43:36,2024-03-15 04:55:51,2024-03-15 10:43:38,Houston,Dakar,S,0
ESC-2024-006109,9438004,Tinto Bay IV,NAV031,M12,granel_liquido,descarga,Ácido sulfúrico,79402.1,0,2024-03-15 02:32:58,2024-03-15 14:26:07,2024-03-16 21:14:46,Abiyán,Santa Cruz de Tenerife,S,0
ESC-2024-004864,9603219,Aurora Spirit,NAV026,M10,pesca,mixta,Pescado fresco,9.8,0,2024-03-15 03:40:21,2024-03-15 03:40:55,2024-03-15 08:41:41,Nueva York,Hamburgo,N,0
ESC-2024-004560,9465851,Luz Glory IV,NAV008,M03,granel_solido,carga,Pirita,35451.2,0,2024-03-15 03:52:40,2024-03-15 16:25:00,2024-03-17 22:09:11,Ceuta,Santos,S,0
ESC-2024-002543,9429601,Marisma Spirit IV,NAV040,M03,granel_solido,carga,Concentrado de cobre,16332.9,0,2024-03-15 05:26:06,2024-03-15 13:44:37,2024-03-17 21:28:19,Casablanca,Dakar,S,0
ESC-2024-004183,9195274,Aurora Sol,NAV006,M03,granel_solido,mixta,Clínker,19754.4,0,2024-03-15 06:49:44,2024-03-15 06:55:14,2024-03-18 12:39:44,Houston,Houston,S,0
ESC-2024-000854,9878230,Delta Sol I,NAV011,M08,fruta_refrigerada,descarga,Cítricos,12444.4,0,2024-03-15 08:00:00,2024-03-15 08:25:37,2024-03-16 09:11:29,Lisboa,Rotterdam,S,0
ESC-2024-000327,9954656,Punta Sol II,NAV003,M08,fruta_refrigerada,mixta,Fruta tropical,9324.7,0,2024-03-15 14:00:00,2024-03-15 14:41:06,2024-03-16 15:59:17,Valencia,Las Palmas,S,0
ESC-2024-005620,9684976,Marisma Sol III,NAV008,M05,granel_liquido,mixta,Biocombustible,27561.1,0,2024-03-15 16:03:11,15/03/2024 23:42,2024-03-16 16:43:33,Hamburgo,Funchal,S,0
ESC-2024-000955,9944625,Blue Fortune,NAV019,M09,pasajeros,mixta,Pasajeros,0.0,0,2024-03-15 18:02:37,2024-03-15 18:10:46,2024-03-16 03:25:46,Dakar,Funchal,S,1793
ESC-2024-005653,9415882,Southern Star II,NAV016,M02,granel_solido,carga,Clínker,33467.6,0,2024-03-15 21:13:50,2024-03-16 03:53:46,2024-03-19 10:41:44,Santos,Sines,S,0
ESC-2024-002841,9119517,Costa Venture II,NAV036,M02,granel_solido,descarga,Pirita,21916.7,0,2024-03-15 21:24:26,2024-03-16 09:05:47,2024-03-18 23:10:33,Hamburgo,Abiyán,S,0
ESC-2024-002005,9350628,Aurora Express,NAV028,M01,contenedores,descarga,Contenedores,4939.3,418,2024-03-15 22:37:55,2024-03-16 03:24:35,2024-03-16 12:23:30,Houston,Sines,S,0
ESC-2024-000954,9738167,Silver Venture,NAV013,M09,pasajeros,carga,Pasajeros,0.0,0,2024-03-16 01:58:38,2024-03-16 02:05:27,2024-03-16 10:38:44,Houston,Funchal,S,4017
ESC-2024-001657,9217412,Costa Pride III,NAV014,M06,granel_liquido,carga,Ácido sulfúrico,65601.1,0,2024-03-16 05:42:00,2024-03-16 09:57:54,2024-03-17 16:54:12,Valencia,Funchal,S,0
ESC-2024-005249,9217412,Costa Pride III,NAV014,M05,granel_liquido,descarga,Biocombustible,74937.1,0,2024-03-16 05:53:28,2024-03-16 08:20:35,2024-03-17 18:41:38,Tánger Med,Rotterdam,S,0
ESC-2024-001200,9230438,Nordic Star IV,NAV030,M01,contenedores,mixta,Contenedores,16264.1,1263,2024-03-16 06:25:06,2024-03-16 07:43:31,2024-03-17 05:17:17,Le Havre,Houston,S,0
ESC-2024-003719,9742132,Odiel Fortune,NAV010,M05,granel_liquido,descarga,Ácido sulfúrico,16597.9,0,2024-03-16 07:38:10,2024-03-16 11:17:44,2024-03-17 10:21:14,Hamburgo,Valencia,S,0
ESC-2024-002715,9503445,Ocean Mar,NAV034,M12,granel_liquido,carga,GNL,75868.7,0,2024-03-16 13:18:01,2024-03-16 20:17:50,2024-03-17 17:50:21,Santos,Le Havre,S,0
ESC-2024-002361,9148104,  MARISMA PRIDE ,NAV010,M10,pesca,descarga,Pescado fresco,78.8,0,2024-03-16 14:36:58,2024-03-16 14:40:58,2024-03-16 21:58:14,Nueva York,Las Palmas,N,0
ESC-2024-000490,9092329,Tinto Star,NAV017,M03,granel_solido,descarga,Cereal,45672.6,0,2024-03-16 17:01:13,2024-03-17 05:58:13,2024-03-19 05:04:33,Sines,Abiyán,S,0
ESC-2024-004140,9994606,Nordic Venture III,NAV037,M03,granel_solido,mixta,Pirita,40588.7,0,2024-03-16 17:11:25,2024-03-16 20:00:02,2024-03-19 03:21:18,Las Palmas,Casablanca,S,0
ESC-2024-001648,9118238,Doña Glory,NAV006,M03,granel_solido,mixta,Cereal,20319.7,0,2024-03-16 19:56:33,2024-03-17 05:09:29,2024-03-20 06:15:35,Génova,Tánger Med,S,0
ESC-2024-005105,9051777,Tinto Mar V,NAV029,M04,granel_liquido,carga,Biocombustible,5951.7,0,2024-03-16 22:04:41,2024-03-17 12:01:15,2024-03-18 06:31:22,Amberes,Génova,S,0
ESC-2024-003326,9151632,Golden Trader V,NAV030,M04,granel_liquido,descarga,Productos químicos,8968.4,0,2024-03-17 02:39:01,2024-03-17 03:59:49,2024-03-16 23:59:49,Houston,Santos,S,0
ESC-2024-005892,9287900,Delta Spirit,NAV040,M07,ro_ro,descarga,Semirremolques,12217.9,0,2024-03-17 03:07:31,2024-03-17 03:28:33,2024-03-17 11:27:15,Casablanca,Casablanca,S,0
ESC-2024-001130,9083366,Cabo Spirit,NAV007,M08,fruta_refrigerada,descarga,Fresa y frutos rojos,7860.2,0,2024-03-17 05:00:00,2024-03-17 05:51:36,2024-03-18 01:45:19,Hamburgo,Sines,S,0
ESC-2024-003159,9544918,Luz Sol,NAV034,M06,granel_liquido,carga,Ácido sulfúrico,27489.6,0,2024-03-17 06:09:11,2024-03-17 11:37:09,2024-03-18 08:17:32,Houston,Santos,S,0
ESC-2024-005718,9782431,Iberian Wave,NAV016,M04,granel_liquido,mixta,Biocombustible,38746.2,0,2024-03-17 07:37:38,2024-03-17 14:44:52,2024-03-19 08:20:40,Hamburgo,Rotterdam,S,0
ESC-2024-001850,9331919,Costa Wave,NAV027,M01,contenedores,descarga,Contenedores,6437.0,644,2024-03-17 13:32:55,2024-03-17 14:45:50,2024-03-18 08:47:07,Sines,Houston,S,0
ESC-2024-002861,9030022,Costa Fortune V,NAV007,M10,pesca,mixta,Pescado fresco,29.9,0,2024-03-17 14:03:41,2024-03-17 14:54:30,2024-03-17 22:30:51,Las Palmas,Rotterdam,S,0
ESC-2024-004943,9625803,Costa Marina,NAV026,M12,granel_liquido,descarga,Crudo,65917.4,0,2024-03-17 20:05:55,2024-03-17 22:25:11,2024-03-18 23:08:28,Lisboa,Algeciras,S,0
ESC-2024-001650,9594248,Costa Fortune,NAV015,M03,granel_solido,carga,Fertilizantes,30446.9,0,2024-03-17 20:17:35,2024-03-18 07:20:28,2024-03-20 06:35:55,Valencia,Lisboa,S,0
ESC-2024-005680,9609550,Blue Navigator,NAV014,M07,ro_ro,mixta,Vehículos,31987.9,0,2024-03-17 20:39:44,2024-03-17 20:57:57,2024-03-18 07:09:02,Hamburgo,Hamburgo,S,0
ESC-2024-006270,9416159,Silver Marina,NAV015,M08,fruta_refrigerada,carga,Cítricos,6313.3,0,2024-03-18 03:00:00,2024-03-18 06:21:47,2024-03-19 13:48:18,Rotterdam,Casablanca,S,0
ESC-2024-003977,9419474,Ocean Glory I,NAV022,M11,carga_general,mixta,Madera,11399.8,0,2024-03-18 03:35:03,2024-03-18 08:52:27,2024-03-19 14:17:45,Amberes,Santa Cruz de Tenerife,S,0
ESC-2024-003287,9068720,Silver Venture II,NAV030,M10,pesca,mixta,Pescado fresco,69.7,0,2024-03-18 04:08:27,2024-03-18 04:12:13,2024-03-18 08:28:47,Algeciras,Génova,N,0
ESC-2024-002023,9425693,Tinto Bay I,NAV002,M08,fruta_refrigerada,descarga,Fruta tropical,5894.1,0,2024-03-18 09:00:00,2024-03-18 09:41:54,2024-03-19 00:38:12,Hamburgo,Santos,S,0
ESC-2024-004952,9626546,Southern Fortune,NAV008,M02,granel_solido,descarga,Pirita,28863.6,0,2024-03-18 12:16:48,2024-03-18 13:58:58,2024-03-20 02:07:40,Hamburgo,Algeciras,S,0
ESC-2024-002974,9647021,Punta Pride,NAV035,M12,granel_liquido,mixta,Gasóleo,50604.1,0,2024-03-18 14:08:57,2024-03-18 16:14:09,2024-03-19 11:25:10,Santa Cruz de Tenerife,Algeciras,S,0
ESC-2024-002178,9770684,Delta Pioneer,NAV005,M12,granel_liquido,descarga,Crudo,24058.3,0,2024-03-18 15:54:21,2024-03-18 21:48:24,2024-03-20 00:28:53,Rotterdam,Le Havre,S,0
ESC-2024-002672,9415882,Southern Star II,NAV016,M02,granel_solido,descarga,Cereal,31318.6,0,2024-03-18 20:03:07,2024-03-18 21:40:58,2024-03-20 00:20:44,Lisboa,Houston,S,0
ESC-2024-000289,9484132,Costa Pride IV,NAV016,M01,contenedores,mixta,Contenedores,7697.5,776,2024-03-18 20:42:33,2024-03-18 21:26:16,2024-03-19 19:13:45,Funchal,Santos,S,0
ESC-2024-000358,9625803,Costa Marina,NAV026,M04,granel_liquido,carga,Productos químicos,71744.3,0,2024-03-18 20:54:23,2024-03-18 22:58:01,2024-03-20 08:37:48,Houston,Abiyán,S,0
ESC-2024-001521,9429601,Marisma Spirit IV,NAV040,M02,granel_solido,descarga,Pirita,31114.8,0,2024-03-18 22:41:11,2024-03-18 23:14:24,2024-03-20 14:39:25,Le Havre,Las Palmas,S,0
ESC-2024-004885,9434709,Silver Express,NAV014,M05,granel_liquido,descarga,Gasóleo,38079.5,0,2024-03-18 22:47:27,2024-03-19 17:53:16,2024-03-20 21:18:25,Le Havre,Houston,S,0
ESC-2024-001535,9256200,Luz Breeze,NAV009,M04,granel_liquido,carga,Ácido sulfúrico,53726.4,0,2024-03-19 00:13:54,2024-03-19 03:11:11,2024-03-20 17:46:44,Nueva York,Amberes,S,0
ESC-2024-001187,9217412,Costa Pride III,NAV014,M04,granel_liquido,descarga,GNL,72807.8,0,2024-03-19 02:53:12,2024-03-19 06:07:52,2024-03-20 16:41:19,Le Havre,Hamburgo,S,0
ESC-2024-002128,9683910,Tinto Marina IV,NAV036,M08,fruta_refrigerada,mixta,Cítricos,8972.4,0,2024-03-19 03:36:01,2024-03-19 03:51:44,2024-03-19 21:18:39,Amberes,Rotterdam,S,0
ESC-2024-003961,9131761,Southern Trader,NAV032,M07,ro_ro,descarga,Vehículos,19972.7,0,2024-03-19 04:33:31,2024-03-19 06:42:59,2024-03-19 17:50:47,Algeciras,Algeciras,S,0
ESC-2024-000357,9051777,Tinto Mar V,NAV029,M04,granel_liquido,descarga,GNL,10750.4,0,2024-03-19 08:33:51,2024-03-19 10:40:45,2024-03-20 05:30:02,Las Palmas,Hamburgo,S,0
ESC-2024-000830,9954656,Punta Sol II,NAV003,M08,fruta_refrigerada,carga,Fresa y frutos rojos,5682.2,0,2024-03-19 11:00:00,19/03/2024 15:17,2024-03-20 07:52:09,Valencia,Santa Cruz de Tenerife,S,0
ESC-2024-005693,9465928,Southern Voyager,NAV003,M08,fruta_refrigerada,descarga,Cítricos,5185.5,0,2024-03-19 12:05:37,2024-03-19 13:28:52,2024-03-20 06:56:31,Las Palmas,Santos,S,0
ESC-2024-000254,9272931,Southern Pioneer,NAV020,M03,granel_solido,mixta,Cereal,24689.3,0,2024-03-19 12:28:15,2024-03-20 08:22:09,2024-03-22 00:57:02,Las Palmas,Ceuta,S,0
ESC-2024-005203,9842700,Cabo Carrier,NAV037,M09,pasajeros,descarga,Pasajeros,0.0,0,2024-03-19 17:56:00,2024-03-19 18:30:55,2024-03-20 02:23:53,Tánger Med,Houston,S,1509
ESC-2024-002978,9320221,Tinto Pride,NAV024,M08,fruta_refrigerada,carga,Cítricos,9313.8,0,2024-03-19 18:00:00,2024-03-19 20:11:49,2024-03-21 04:46:09,Santa Cruz de Tenerife,Génova,S,0
ESC-2024-001976,9089059,Costa Voyager I,NAV035,M03,granel_solido,descarga,Fertilizantes,25821.1,0,2024-03-19 20:28:04,2024-03-20 00:46:03,2024-03-20 22:15:44,Génova,Dakar,S,0
ESC-2024-002998,9894832,Luz Spirit,NAV008,M12,granel_liquido,carga,Crudo,51713.3,0,2024-03-19 23:54:44,2024-03-20 01:09:23,2024-03-21 00:44:23,Nueva York,Rotterdam,S,0
ESC-2024-005453,9376153,Río Wave,NAV031,M09,pasajeros,carga,Pasajeros,0.0,0,2024-03-20 01:14:40,2024-03-20 01:31:21,2024-03-20 10:37:23,Sines,Génova,S,2579
ESC-2024-000436,9540780,Odiel Trader V,NAV009,M05,granel_liquido,descarga,Crudo,28664.5,0,2024-03-20 10:57:00,2024-03-20 13:04:17,2024-03-22 05:55:36,Tánger Med,Le Havre,S,0
ESC-2024-000075,9180516,Marisma Glory,NAV034,M05,granel_liquido,descarga,Gasóleo,55726.8,0,2024-03-20 11:38:02,2024-03-20 12:16:28,2024-03-21 21:01:28,Santa Cruz de Tenerife,Ceuta,S,0
ESC-2024-004628,9522908,Tinto Breeze III,NAV019,M08,fruta_refrigerada,descarga,Cítricos,11955.5,0,2024-03-20 14:00:00,2024-03-20 15:46:06,2024-03-21 20:13:29,Dakar,Ceuta,S,0
ESC-2024-002604,9614294,Punta Express,NAV032,M02,granel_solido,descarga,Clínker,26776.9,0,2024-03-20 15:46:34,2024-03-20 17:32:06,2024-03-22 10:59:58,Hamburgo,Dakar,S,0
ESC-2024-001131,9609550,Blue Navigator,NAV014,M07,ro_ro,carga,Vehículos,22005.0,0,2024-03-20 20:29:40,2024-03-20 22:27:28,2024-03-21 05:34:29,Lisboa,Santos,S,0
ESC-2024-003194,9626546,Southern Fortune,NAV008,M03,granel_solido,carga,Cereal,17370.2,0,2024-03-20 22:48:30,2024-03-20 23:46:56,2024-03-23 06:09:19,Amberes,Sines,S,0
ESC-2024-003613,9263394,Odiel Horizon,NAV034,M10,pesca,mixta,Pescado fresco,53.5,0,2024-03-21 00:19:46,2024-03-21 00:23:06,2024-03-21 05:05:29,Funchal,Funchal,N,0
ESC-2024-003033,9216286,Odiel Voyager,NAV031,M03,granel_solido,descarga,Clínker,19920.8,0,2024-03-21 03:10:34,2024-03-21 21:07:38,2024-03-23 19:39:01,Algeciras,Funchal,S,0
ESC-2024-002500,9368390,Doña Spirit IV,NAV003,M01,contenedores,mixta,Contenedores,5365.4,476,2024-03-21 09:23:53,2024-03-21 14:28:44,2024-03-22 12:18:54,Ceuta,Sines,S,0
ESC-2024-006002,9514585,Iberian Voyager IV,NAV005,M01,contenedores,mixta,Contenedores,9295200.0,967,2024-03-21 09:51:23,2024-03-21 11:18:13,2024-03-21 21:53:16,Valencia,Lisboa,S,0
ESC-2024-002671,9341287,Luz Carrier,NAV009,M08,fruta_refrigerada,carga,Fruta tropical,10111.8,0,2024-03-21 15:00:00,2024-03-21 17:15:43,2024-03-23 11:54:20,Tánger Med,Houston,S,0
ESC-2024-000333,9122916,Silver Breeze III,NAV040,M12,granel_liquido,carga,Ácido sulfúrico,53118.6,0,2024-03-21 21:40:18,2024-03-22 02:28:09,2024-03-23 09:16:09,Hamburgo,Santa Cruz de Tenerife,S,0
ESC-2024-000851,9043055,Ocean Venture,NAV012,M10,pesca,carga,Pescado fresco,7500.0,0,2024-03-21 22:53:03,2024-03-21 23:31:11,2024-03-22 06:28:35,Hamburgo,Santos,S,0
ESC-2024-004032,9320221,  TINTO PRIDE ,NAV024,M08,fruta_refrigerada,carga,Cítricos,6929.2,0,2024-03-22 00:00:00,2024-03-22 02:57:28,2024-03-23 12:09:11,Hamburgo,Casablanca,S,0
ESC-2024-002944,9444792,Blue Pride V,NAV012,M01,contenedores,mixta,Contenedores,7909.4,781,2024-03-22 00:07:19,2024-03-22 01:47:31,2024-03-22 11:55:01,Nueva York,Funchal,S,0
ESC-2024-002923,9229142,Marisma Spirit II,NAV013,,fruta_refrigerada,mixta,Cítricos,9327.5,0,2024-03-22 01:00:00,2024-03-22 06:14:05,2024-03-23 00:20:04,Valencia,Casablanca,S,0
ESC-2024-002938,9929338,Tinto Venture I,NAV017,M05,granel_liquido,carga,Ácido sulfúrico,88255.3,0,2024-03-22 02:20:26,2024-03-23 01:53:24,2024-03-24 13:01:29,Dakar,Sines,S,0
ESC-2024-004360,9189512,Silver Spirit,NAV028,M03,granel_solido,carga,Clínker,17374.7,0,2024-03-22 03:27:37,2024-03-22 22:17:56,2024-03-24 11:42:50,Las Palmas,Ceuta,S,0
ESC-2024-006322,9148130,Odiel Star II,NAV019,M04,granel_liquido,mixta,Gasóleo,45376.3,0,2024-03-22 04:28:18,2024-03-22 17:15:58,2024-03-24 02:58:07,Amberes,Amberes,S,0
ESC-2024-003497,9183415,Blue Horizon II,NAV014,M02,granel_solido,descarga,Cereal,25764.8,0,2024-03-22 05:50:25,2024-03-22 10:58:06,2024-03-24 17:04:37,Nueva York,Algeciras,S,0
ESC-2024-001607,9412543,Estrella Sol,NAV033,M12,granel_liquido,descarga,Productos químicos,21351.4,0,2024-03-22 09:12:34,2024-03-23 08:18:48,2024-03-24 23:58:52,Lisboa,Sines,S,0
ESC-2024-003220,9595216,Southern Breeze I,NAV002,M07,ro_ro,carga,Semirremolques,31893.7,0,2024-03-22 10:48:16,2024-03-22 12:26:17,2024-03-22 19:58:14,Le Havre,Santa Cruz de Tenerife,S,0
ESC-2024-000916,9408011,Cabo Voyager,NAV021,M04,granel_liquido,descarga,Biocombustible,38358.4,0,2024-03-22 11:36:09,2024-03-23 00:38:28,2024-03-24 11:23:30,Rotterdam,Houston,S,0
ESC-2024-002374,9095888,Estrella Pioneer,NAV010,M02,granel_solido,carga,Clínker,30520.6,0,2024-03-22 18:38:22,2024-03-23 01:39:24,2024-03-25 09:06:09,Las Palmas,Santa Cruz de Tenerife,S,0
ESC-2024-001029,9228526,Silver Navigator V,NAV039,M03,granel_solido,descarga,Clínker,38754.7,0,2024-03-22 20:45:18,2024-03-22 23:23:55,2024-03-25 09:08:21,Santos,Valencia,S,0
ESC-2024-005537,9203722,Southern Voyager II,NAV034,M01,contenedores,carga,Contenedores,11191.4,902,2024-03-22 21:38:03,2024-03-23 14:01:17,2024-03-24 19:12:50,Tánger Med,Funchal,S,0
ESC-2024-003262,9005211,Cabo Sol II,NAV039,M01,contenedores,mixta,Contenedores,4581.8,444,2024-03-23 01:26:40,2024-03-23 03:19:35,2024-03-23 23:48:25,Hamburgo,Funchal,S,0
ESC-2024-002015,9459424,Luz Fortune IV,NAV028,M07,ro_ro,mixta,Semirremolques,9417.0,0,2024-03-23 01:52:34,2024-03-23 02:59:39,2024-03-23 04:59:39,Le Havre,Hamburgo,S,0
ESC-2024-004485,9153252,Estrella Carrier,NAV007,M02,granel_solido,carga,Fertilizantes,20741.2,0,2024-03-23 02:14:01,2024-03-23 11:40:23,2024-03-25 11:24:53,Rotterdam,Abiyán,S,0
ESC-2024-002085,9350628,Aurora Express,NAV028,M01,contenedores,descarga,Contenedores,13979.0,999,2024-03-23 03:20:27,2024-03-23 23:14:43,2024-03-24 19:01:01,Le Havre,Casablanca,S,0
ESC-2024-005070,9806017,Río Star,NAV027,M01,contenedores,mixta,Contenedores,1978.9,162,2024-03-23 03:27:32,2024-03-23 07:01:32,2024-03-24 01:11:12,Casablanca,Nueva York,S,0
ESC-2024-005011,9521198,Blue Bay III,NAV036,M10,pesca,descarga,Pescado fresco,68.2,0,2024-03-23 10:17:01,2024-03-23 10:32:56,2024-03-23 15:57:59,Santa Cruz de Tenerife,Santos,N,0
ESC-2024-001364,9936135,Luz Dawn,NAV008,M02,granel_solido,carga,Concentrado de cobre,17680.3,0,2024-03-23 12:00:53,2024-03-24 02:51:50,2024-03-25 13:16:08,Le Havre,Lisboa,S,0
ESC-2024-001979,9151711,Delta Trader,NAV018,M08,fruta_refrigerada,carga,Fresa y frutos rojos,16583.9,0,2024-03-23 13:00:00,2024-03-23 14:05:58,2024-03-24 15:43:00,Hamburgo,Santos,S,0
ESC-2024-004493,9878230,Delta Sol I,NAV011,M08,fruta_refrigerada,carga,Cítricos,14126.2,0,2024-03-23 16:00:00,2024-03-24 12:50:04,2024-03-25 13:56:09,Dakar,Génova,S,0
ESC-2024-003605,9043055,Ocean Venture,NAV012,M10,pesca,descarga,Pescado fresco,35.6,0,2024-03-23 19:46:30,2024-03-23 19:54:54,2024-03-24 02:54:26,Ceuta,Las Palmas,S,0
ESC-2024-003806,9522908,Tinto Breeze III,NAV019,M08,fruta_refrigerada,descarga,Fresa y frutos rojos,12949.0,0,2024-03-24 00:00:00,2024-03-24 01:24:02,2024-03-25 04:28:20,Casablanca,Tánger Med,S,0
ESC-2024-005116,9149469,Río Spirit IV,NAV036,M02,granel_solido,descarga,Fertilizantes,45588.8,0,2024-03-24 00:06:22,2024-03-24 08:16:37,2024-03-26 04:31:10,Rotterdam,Casablanca,S,0
ESC-2024-001966,9218076,Doña Horizon,NAV012,M02,granel_solido,descarga,Fertilizantes,14410.3,0,2024-03-24 01:22:22,2024-03-24 03:39:12,2024-03-26 10:55:42,Algeciras,Lisboa,S,0
ESC-2024-003348,9131761,Southern Trader,NAV032,M07,ro_ro,mixta,Vehículos,37191.0,0,2024-03-24 01:23:26,2024-03-24 02:23:31,2024-03-24 18:25:15,Las Palmas,Santos,S,0
ESC-2024-004737,9864447,  IBERIAN DAWN II ,NAV008,M03,granel_solido,carga,Fertilizantes,16897.7,0,2024-03-24 05:10:25,2024-03-24 22:01:51,2024-03-26 20:46:58,Santa Cruz de Tenerife,Tánger Med,S,0
ESC-2024-000970,9203722,Southern Voyager II,NAV034,M01,contenedores,mixta,Contenedores,10084.0,996,2024-03-24 12:23:53,2024-03-24 19:18:17,2024-03-25 05:35:49,Santos,Hamburgo,S,0
ESC-2024-000036,9944625,Blue Fortune,NAV019,M09,pasajeros,descarga,Pasajeros,0.0,0,2024-03-24 12:48:09,2024-03-24 13:18:10,2024-03-25 01:25:54,Casablanca,Santos,S,3142
ESC-2024-004332,9683910,Tinto Marina IV,NAV036,M08,fruta_refrigerada,mixta,Fruta tropical,6843.3,0,2024-03-24 15:00:00,2024-03-24 15:19:36,2024-03-25 08:39:49,Abiyán,Valencia,S,0
ESC-2024-000648,9030022,Costa Fortune V,NAV007,M10,pesca,mixta,Pescado fresco,43.0,0,2024-03-24 15:48:04,2024-03-24 16:01:56,2024-03-24 20:47:34,Algeciras,Génova,S,0
ESC-2024-006334,9227118,Silver Sol,NAV013,M03,granel_solido,mixta,Fertilizantes,37381.7,0,2024-03-24 16:40:33,2024-03-25 14:17:41,2024-03-27 02:04:56,Rotterdam,Nueva York,S,0
ESC-2024-002510,9568330,Ocean Fortune,NAV026,M08,fruta_refrigerada,mixta,Fruta tropical,10700.3,0,2024-03-24 17:00:00,2024-03-24 18:19:38,2024-03-26 03:21:12,Sines,Ceuta,S,0
ESC-2024-001165,9227118,Silver Sol,NAV013,M02,granel_solido,carga,Concentrado de cobre,40854.0,0,2024-03-24 17:36:49,2024-03-25 09:15:06,2024-03-28 08:02:49,Lisboa,Valencia,S,0
ESC-2024-003441,9151632,Golden Trader V,NAV030,M05,granel_liquido,carga,GNL,8028.8,0,2024-03-24 20:21:26,2024-03-24 22:35:05,2024-03-26 00:41:24,Santos,Santa Cruz de Tenerife,S,0
ESC-2024-001342,9962445,Punta Marina IV,NAV029,M02,granel_solido,carga,Fertilizantes,47354.5,0,2024-03-25 03:58:10,2024-03-25 05:43:22,2024-03-26 22:17:59,Tánger Med,Lisboa,S,0
ESC-2024-003491,9118032,Atlantic Horizon,NAV032,M02,granel_solido,descarga,Pirita,31670.3,0,2024-03-25 04:45:25,2024-03-25 20:07:50,2024-03-28 01:23:49,Santos,Le Havre,S,0
ESC-2024-000655,9626546,Southern Fortune,NAV008,M02,granel_solido,descarga,Pirita,28300.7,0,2024-03-25 10:01:16,2024-03-26 00:55:54,2024-03-27 10:29:33,Valencia,Casablanca,S,0
ESC-2024-000346,9116034,Atlantic Fortune III,NAV019,M01,contenedores,carga,Contenedores,9275.2,933,2024-03-25 10:47:51,2024-03-25 12:07:52,2024-03-26 12:36:44,Houston,Le Havre,S,0
ESC-2024-006275,9471769,Ocean Pride,NAV030,M11,carga_general,mixta,Madera,8850.8,0,2024-03-25 12:14:42,2024-03-25 12:21:00,2024-03-27 01:26:20,Sines,Génova,S,0
ESC-2024-001882,9844588,Delta Wave,NAV001,M01,contenedores,carga,Contenedores,7540.2,540,2024-03-25 12:22:29,2024-03-25 15:26:22,2024-03-26 19:54:44,Funchal,Valencia,S,0
ESC-2024-003933,9543823,Aurora Mar IV,NAV036,M02,granel_solido,carga,Pirita,35821.8,0,2024-03-25 12:44:40,2024-03-25 22:51:34,2024-03-28 12:20:38,Tánger Med,Funchal,S,0
ESC-2024-002097,9223904,Aurora Bay IV,NAV003,M12,granel_liquido,mixta,Gasóleo,32809.8,0,2024-03-25 15:31:25,2024-03-26 01:03:54,2024-03-27 14:30:37,Amberes,Amberes,S,0
ESC-2024-004491,9568330,Ocean Fortune,NAV026,M08,fruta_refrigerada,mixta,Cítricos,7551.0,0,2024-03-25 18:00:00,2024-03-25 20:01:47,2024-03-26 18:29:55,Hamburgo,Santa Cruz de Tenerife,S,0
ESC-2024-000029,9574614,Aurora Mar V,NAV029,M01,contenedores,descarga,Contenedores,10806.5,1109,2024-03-25 18:27:22,2024-03-26 00:43:56,2024-03-26 13:31:59,Algeciras,Houston,S,0
ESC-2024-004331,9771195,Golden Venture I,NAV025,M04,granel_liquido,carga,Gasóleo,62256.5,0,2024-03-25 18:29:56,2024-03-25 23:33:23,2024-03-27 02:41:40,Santos,Algeciras,S,0
ESC-2024-004804,9022130,Golden Spirit,NAV017,,fruta_refrigerada,carga,Fruta tropical,12101.2,0,2024-03-25 20:00:00,2024-03-26 05:41:55,2024-03-26 20:20:37,Houston,Hamburgo,S,0
ESC-2024-002019,9560857,Tinto Breeze,NAV019,M06,granel_liquido,carga,GNL,33571.2,0,2024-03-25 23:25:02,2024-03-26 00:17:12,2024-03-27 05:29:54,Amberes,Hamburgo,S,0
ESC-2024-004655,9154567,Estrella Trader III,NAV025,M11,carga_general,descarga,Palés,10486.8,0,2024-03-25 23:36:40,2024-03-26 02:57:54,2024-03-27 04:37:05,Tánger Med,Rotterdam,S,0
ESC-2024-005553,9994606,Nordic Venture III,NAV037,M02,granel_solido,mixta,Clínker,43240.2,0,2024-03-26 01:26:08,2024-03-27 03:06:42,2024-03-29 03:18:58,Valencia,Houston,S,0
ESC-2024-005705,9704348,Punta Glory,NAV002,M08,fruta_refrigerada,carga,Fresa y frutos rojos,15883.7,0,2024-03-26 08:00:00,2024-03-26 11:14:33,2024-03-27 16:50:41,Funchal,Dakar,S,0
ESC-2024-003609,9742132,Odiel Fortune,NAV010,M12,granel_liquido,carga,GNL,25813.0,0,2024-03-26 10:17:29,2024-03-26 14:54:30,2024-03-28 08:05:55,Algeciras,Funchal,S,0
ESC-2024-003817,9202039,Luz Navigator,NAV033,M03,granel_solido,mixta,Pirita,25509.2,0,2024-03-26 11:51:58,2024-03-26 17:06:33,2024-03-29 09:27:16,Dakar,Sines,S,0
ESC-2024-003978,9434072,Iberian Voyager,NAV015,M01,contenedores,descarga,Contenedores,11317.6,940,2024-03-26 14:10:07,2024-03-26 21:47:50,2024-03-27 22:26:12,Funchal,Santa Cruz de Tenerife,S,0
ESC-2024-002649,9492907,Ocean Star II,NAV037,M11,carga_general,carga,Maquinaria,9301.7,0,2024-03-26 14:11:05,2024-03-26 15:50:44,2024-03-27 23:57:47,Lisboa,Ceuta,S,0
ESC-2024-006162,9540780,Odiel Trader V,NAV009,M05,granel_liquido,carga,Gasóleo,19494.7,0,2024-03-26 15:58:58,2024-03-26 20:15:43,2024-03-27 23:55:02,Génova,Dakar,S,0
ESC-2024-006056,9229142,Marisma Spirit II,NAV013,M08,fruta_refrigerada,mixta,Cítricos,7592.4,0,2024-03-26 17:00:00,2024-03-26 19:43:54,2024-03-27 16:13:36,Valencia,Nueva York,S,0
ESC-2024-006318,9083366,Cabo Spirit,NAV007,M08,fruta_refrigerada,descarga,Fresa y frutos rojos,6631.3,0,2024-03-26 17:00:00,2024-03-26 19:00:45,2024-03-27 10:10:59,Algeciras,Sines,S,0
ESC-2024-005604,9912490,Río Pride,NAV037,M08,fruta_refrigerada,carga,Fresa y frutos rojos,16614.8,0,2024-03-26 19:00:00,2024-03-26 21:48:19,2024-03-28 14:40:08,Le Havre,Hamburgo,S,0
ESC-2024-004254,9311945,Blue Fortune III,NAV037,M10,pesca,carga,Pescado fresco,35.6,0,2024-03-26 20:23:51,2024-03-26 20:24:01,2024-03-27 01:19:35,Las Palmas,Lisboa,N,0
ESC-2024-003425,9621766,Delta Trader IV,NAV006,M01,contenedores,mixta,Contenedores,5119.2,505,2024-03-26 22:47:51,2024-03-27 01:17:33,2024-03-27 21:23:55,Hamburgo,Casablanca,S,0
ESC-2024-002255,9211444,Ocean Carrier,NAV014,M08,fruta_refrigerada,carga,Cítricos,10572.3,0,2024-03-27 00:33:08,2024-03-27 03:59:37,2024-03-27 23:26:45,Las Palmas,Houston,S,0
ESC-2024-003767,9944625,Blue Fortune,NAV019,M09,pasajeros,descarga,Pasajeros,0.0,0,2024-03-27 01:23:17,2024-03-27 01:37:00,2024-03-27 11:36:37,Rotterdam,Houston,S,2229
ESC-2024-005392,9093220,Atlantic Trader,NAV010,M08,fruta_refrigerada,mixta,Fresa y frutos rojos,6616.2,0,2024-03-27 02:00:00,2024-03-27 07:17:48,2024-03-27 17:33:59,Hamburgo,Génova,S,0
ESC-2024-001917,9721994,Cabo Pioneer,NAV031,M08,fruta_refrigerada,descarga,Cítricos,5124.3,0,2024-03-27 03:00:00,2024-03-27 09:54:43,2024-03-28 16:31:16,Tánger Med,Génova,S,0
ESC-2024-005897,9141546,Blue Express I,NAV037,M06,granel_liquido,mixta,Productos químicos,47960.5,0,2024-03-27 08:08:51,2024-03-27 11:24:02,2024-03-28 04:43:43,Le Havre,Rotterdam,S,0
ESC-2024-005794,9621766,Delta Trader IV,NAV006,M01,contenedores,mixta,Contenedores,14098.4,1032,2024-03-27 14:57:49,2024-03-27 15:29:12,2024-03-28 14:31:44,Abiyán,Hamburgo,S,0
ESC-2024-002345,9207479,Punta Fortune,NAV034,M01,contenedores,descarga,Contenedores,6367.0,651,2024-03-27 16:04:28,2024-03-27 23:24:50,2024-03-28 23:35:07,Abiyán,Las Palmas,S,0
ESC-2024-005546,9443229,Blue Dawn,NAV010,M06,granel_liquido,descarga,Crudo,48565.5,0,2024-03-27 16:49:03,2024-03-28 02:04:24,2024-03-28 14:42:33,Dakar,Le Havre,S,0
ESC-2024-005799,9408011,Cabo Voyager,NAV021,M04,granel_liquido,descarga,Biocombustible,40432.0,0,2024-03-28 04:47:04,2024-03-28 13:39:24,2024-03-29 20:16:35,Le Havre,Casablanca,S,0
ESC-2024-003320,9405186,Tinto Star II,NAV037,M01,contenedores,descarga,Contenedores,9592.0,863,2024-03-28 05:00:54,2024-03-28 08:38:39,2024-03-28 18:45:50,Las Palmas,Lisboa,S,0
ESC-2024-003320,9405186,Tinto Star II,NAV037,M01,contenedores,descarga,Contenedores,9592.0,863,2024-03-28 05:00:54,2024-03-28 08:38:39,2024-03-28 18:45:50,Las Palmas,Lisboa,S,0
ESC-2024-004047,9864447,Iberian Dawn II,NAV008,M02,granel_solido,mixta,Clínker,19870.1,0,2024-03-28 11:08:30,2024-03-28 17:42:58,2024-03-31 11:16:22,Houston,Valencia,S,0
ESC-2024-005210,9282584,Atlantic Pioneer,NAV008,M07,ro_ro,descarga,Semirremolques,14828.5,0,2024-03-28 11:36:17,2024-03-28 17:08:16,2024-03-29 04:26:31,Funchal,Nueva York,S,0
ESC-2024-006235,9721994,Cabo Pioneer,NAV031,M08,fruta_refrigerada,mixta,Fresa y frutos rojos,3608.9,0,2024-03-28 14:00:00,2024-03-28 18:08:59,2024-03-30 02:07:06,Algeciras,Amberes,S,0
ESC-2024-001645,9429601,Marisma Spirit IV,NAV040,M02,granel_solido,mixta,Pirita,28503.2,0,2024-03-28 14:10:43,2024-03-28 14:40:33,2024-03-30 16:30:21,Nueva York,Santa Cruz de Tenerife,S,0
ESC-2024-002907,9228526,Silver Navigator V,NAV039,M02,granel_solido,carga,Concentrado de cobre,55869.3,0,2024-03-28 15:44:55,2024-03-28 16:48:23,2024-03-29 12:22:33,Algeciras,Abiyán,S,0
ESC-2024-001013,9472995,Blue Trader,NAV028,M03,granel_solido,carga,Cereal,46550.3,0,2024-03-28 17:40:35,2024-03-28 18:50:25,2024-03-30 12:18:39,Las Palmas,Casablanca,S,0
ESC-2024-005144,9202039,Luz Navigator,NAV033,M02,granel_solido,carga,Fertilizantes,23066.3,0,2024-03-28 18:28:03,2024-03-28 20:52:57,2024-03-30 11:46:41,Houston,Lisboa,S,0
ESC-2024-005372,9260483,Punta Navigator IV,NAV004,M06,granel_liquido,descarga,Gasóleo,63238.8,0,2024-03-28 18:56:42,2024-03-28 23:35:08,2024-03-30 01:13:09,Tánger Med,Tánger Med,S,0
ESC-2024-000438,9704348,Punta Glory,NAV002,M08,fruta_refrigerada,descarga,Fruta tropical,15673.5,0,2024-03-28 19:00:00,2024-03-28 22:35:08,2024-03-30 07:54:40,Sines,Rotterdam,S,0
ESC-2024-006086,9391385,Blue Marina,NAV032,M08,fruta_refrigerada,mixta,Fresa y frutos rojos,4726.3,0,2024-03-28 20:00:00,2024-03-29 03:48:26,2024-03-29 16:10:16,Funchal,Houston,S,0
ESC-2024-003281,9114634,Aurora Bay,NAV040,M01,contenedores,descarga,Contenedores,10325.9,858,2024-03-28 20:30:03,2024-03-28 21:17:58,2024-03-29 23:26:18,Las Palmas,Rotterdam,S,0
ESC-2024-000950,9625803,Costa Marina,NAV026,M12,granel_liquido,mixta,Crudo,89999.0,0,2024-03-28 22:37:13,2024-03-29 01:57:29,2024-03-30 06:05:27,Dakar,Génova,S,0
ESC-2024-006290,9126766,Silver Voyager,NAV007,M03,granel_solido,descarga,Fertilizantes,16227.4,0,2024-03-29 02:51:24,2024-03-29 13:57:45,2024-03-29 03:57:45,Abiyán,Valencia,S,0
ESC-2024-003654,9536624,Silver Star III,NAV012,M01,contenedores,carga,Contenedores,6682.4,730,2024-03-29 04:18:48,2024-03-29 06:21:03,2024-03-29 13:11:02,Las Palmas,Algeciras,S,0
ESC-2024-003644,9097903,Odiel Carrier,NAV006,M04,granel_liquido,carga,GNL,23425.5,0,2024-03-29 13:06:25,2024-03-29 15:23:13,2024-03-30 06:06:00,Nueva York,Casablanca,S,0
ESC-2024-005465,9114634,Aurora Bay,NAV040,M01,contenedores,mixta,Contenedores,20036.2,1607,2024-03-29 15:41:37,2024-03-29 16:26:33,2024-03-30 06:43:40,Funchal,Hamburgo,S,0
ESC-2024-001379,9005211,Cabo Sol II,NAV039,M01,contenedores,carga,Contenedores,19387.4,1628,2024-03-29 16:11:21,2024-03-30 04:53:53,2024-03-31 02:33:27,Tánger Med,Valencia,S,0
ESC-2024-001550,9621766,Delta Trader IV,NAV006,M01,contenedores,carga,Contenedores,12824.1,1175,2024-03-29 16:34:44,2024-03-29 17:06:00,2024-03-30 06:58:08,Rotterdam,Funchal,S,0
ESC-2024-003185,9444091,Nordic Dawn,NAV005,M06,granel_liquido,mixta,Ácido sulfúrico,17416.7,0,2024-03-29 22:22:51,2024-03-31 00:37:30,2024-03-31 09:43:33,Houston,Ceuta,S,0
ESC-2024-006005,9783588,Iberian Star,NAV025,M11,carga_general,carga,Palés,4475.4,0,2024-03-29 22:47:29,2024-03-29 22:50:03,2024-03-30 22:24:36,Amberes,Algeciras,S,0
ESC-2024-006005,9783588,Iberian Star,NAV025,M11,carga_general,carga,Palés,4475.4,0,2024-03-29 22:47:29,2024-03-29 22:50:03,2024-03-30 22:24:36,Amberes,Algeciras,S,0
ESC-2024-000852,9443229,Blue Dawn,NAV010,M06,granel_liquido,descarga,GNL,27254.2,0,2024-03-30 02:05:58,2024-03-30 14:02:11,2024-03-31 18:21:50,Valencia,Casablanca,S,0
ESC-2024-000696,9560857,Tinto Breeze,NAV019,M06,granel_liquido,descarga,Ácido sulfúrico,28605.5,0,2024-03-30 02:33:34,2024-03-31 02:50:25,2024-04-01 07:07:28,Hamburgo,Houston,S,0
ESC-2024-003725,9845685,Costa Fortune IV,NAV037,M11,carga_general,carga,Palés,14617.4,0,2024-03-30 04:07:20,2024-03-30 05:38:13,2024-03-31 11:58:18,Valencia,Nueva York,S,0
ESC-2024-000128,9842700,Cabo Carrier,NAV037,M09,pasajeros,carga,Pasajeros,0.0,0,2024-03-30 06:50:40,2024-03-30 06:50:41,2024-03-30 16:23:53,Abiyán,Casablanca,S,2773
ESC-2024-003290,9796822,Odiel Navigator,NAV022,M05,granel_liquido,mixta,Gasóleo,81740.3,0,2024-03-30 09:44:49,2024-03-30 11:59:44,2024-03-31 01:17:46,Algeciras,Le Havre,S,0
ESC-2024-005012,9521198,Blue Bay III,NAV036,M10,pesca,carga,Pescado fresco,5.8,0,2024-03-30 12:23:17,2024-03-30 12:28:55,2024-03-30 18:52:08,Las Palmas,Nueva York,S,0
ESC-2024-000520,9217412,Costa Pride III,NAV014,M12,granel_liquido,descarga,Ácido sulfúrico,62608.8,0,2024-03-30 12:27:10,2024-03-30 19:52:37,2024-04-01 20:29:47,Le Havre,Las Palmas,S,0
ESC-2024-002423,9952402,Punta Pioneer,NAV032,M10,pesca,descarga,Pescado fresco,5.1,0,2024-03-30 13:41:05,2024-03-30 14:07:30,2024-03-30 18:13:25,Abiyán,Rotterdam,N,0
ESC-2024-003940,9806017,Río Star,NAV027,M01,contenedores,mixta,Contenedores,12312.7,1122,2024-03-30 14:40:55,2024-03-30 16:42:20,2024-03-31 18:40:16,Houston,Houston,S,0
ESC-2024-005661,9736327,Iberian Dawn,NAV033,M02,granel_solido,carga,Concentrado de cobre,32387.0,0,2024-03-30 17:00:03,2024-03-31 08:49:57,2024-04-02 08:49:49,Génova,Ceuta,S,0
ESC-2024-001893,9068720,Silver Venture II,NAV030,M10,pesca,mixta,Pescado fresco,75.1,0,2024-03-30 19:58:00,2024-03-30 20:02:26,2024-03-31 00:35:48,Amberes,Ceuta,N,0
ESC-2024-006125,9787974,Marisma Star,NAV026,M12,granel_liquido,descarga,Productos químicos,46915.2,0,2024-03-30 21:15:52,2024-03-31 02:29:41,2024-04-01 06:43:16,Le Havre,Lisboa,S,0
ESC-2024-002493,9173824,Doña Star,NAV004,M01,contenedores,descarga,Contenedores,14635.3,1406,2024-03-30 22:06:49,2024-03-31 02:21:57,2024-04-01 07:06:28,Le Havre,Ceuta,S,0
ESC-2024-004769,9419474,Ocean Glory I,NAV022,M11,carga_general,descarga,Bobinas de acero,6990.1,0,2024-03-31 01:08:47,2024-03-31 09:58:44,2024-04-01 16:10:08,Santos,Dakar,S,0
ESC-2024-003236,9369382,Southern Sol,NAV001,M05,granel_liquido,descarga,GNL,47220.6,0,2024-03-31 03:16:25,2024-03-31 06:07:14,2024-04-01 05:05:05,Génova,Funchal,S,0
ESC-2024-005397,9126766,Silver Voyager,NAV007,M03,granel_solido,mixta,Fertilizantes,23630.6,0,2024-03-31 09:59:22,2024-03-31 13:38:43,2024-04-02 17:49:53,Dakar,Amberes,S,0
ESC-2024-001677,9005211,Cabo Sol II,NAV039,M01,contenedores,mixta,Contenedores,7980.1,614,2024-03-31 18:18:05,2024-04-01 02:01:45,2024-04-01 21:33:48,Hamburgo,Ceuta,S,0
ESC-2024-002338,9249049,Cabo Trader,NAV001,M08,fruta_refrigerada,mixta,Fruta tropical,7459.4,0,2024-04-01 00:12:01,2024-04-01 02:48:41,2024-04-02 03:03:27,Amberes,Algeciras,S,0
ESC-2024-004542,9148104,Marisma Pride,NAV010,M10,pesca,descarga,Pescado fresco,69.6,0,2024-04-01 03:49:33,2024-04-01 04:05:22,2024-04-01 11:49:02,Le Havre,Abiyán,N,0
ESC-2024-001769,9190901,Tinto Wave,NAV017,M11,carga_general,descarga,Maquinaria,12788.0,0,2024-04-01 03:56:05,2024-04-01 05:44:08,2024-04-02 20:47:59,Dakar,Las Palmas,S,0
ESC-2024-003612,9467031,Cabo Star,NAV008,M11,carga_general,descarga,Palés,11043.4,0,2024-04-01 06:03:20,2024-04-01 18:10:52,2024-04-02 23:08:41,Sines,Funchal,S,0
ESC-2024-001602,9105396,Río Dawn,NAV006,M11,carga_general,carga,Palés,11062.5,0,2024-04-01 07:52:36,2024-04-01 08:20:13,2024-04-03 02:23:21,Nueva York,Le Havre,S,0
ESC-2024-000037,9355367,Delta Navigator I,NAV012,M01,contenedores,descarga,Contenedores,13772.5,1109,2024-04-01 08:22:32,2024-04-01 10:11:08,2024-04-02 14:32:52,Sines,Lisboa,S,0
ESC-2024-004838,9576337,Silver Glory,NAV006,M02,granel_solido,mixta,Fertilizantes,23834.3,0,2024-04-01 10:54:44,2024-04-01 14:11:22,2024-04-03 08:41:47,Las Palmas,Santos,S,0
ESC-2024-004561,9026564,Tinto Mar,NAV040,M06,granel_liquido,descarga,Biocombustible,34073.5,0,2024-04-01 15:20:00,2024-04-02 01:10:16,2024-04-03 01:50:50,Casablanca,Casablanca,S,0
ESC-2024-003533,9683910,Tinto Marina IV,NAV036,M08,fruta_refrigerada,carga,Fruta tropical,7344.0,0,2024-04-01 16:00:00,2024-04-01 16:49:17,2024-04-02 17:11:23,Houston,Santa Cruz de Tenerife,S,0
ESC-2024-004763,9952402,Punta Pioneer,NAV032,M10,pesca,carga,Pescado fresco,79.6,0,2024-04-01 16:29:47,2024-04-01 16:32:09,2024-04-01 19:51:31,Dakar,Génova,S,0
ESC-2024-004378,9249049,Cabo Trader,NAV001,M08,fruta_refrigerada,mixta,Fresa y frutos rojos,12145.4,0,2024-04-01 20:00:00,2024-04-01 21:11:29,2024-04-03 05:02:57,Amberes,Sines,S,0
ESC-2024-005107,9454072,Silver Dawn I,NAV036,M08,fruta_refrigerada,carga,Cítricos,12270.7,0,2024-04-01 20:00:00,2024-04-01 22:43:43,2024-04-02 12:42:12,Dakar,Houston,S,0
ESC-2024-005809,9589475,Cabo Fortune,NAV007,M01,contenedores,descarga,Contenedores,8055.0,756,2024-04-01 21:23:35,2024-04-01 22:33:56,2024-04-02 13:37:38,Algeciras,Las Palmas,S,0
ESC-2024-002340,9475662,Ocean Sol,NAV003,M04,granel_liquido,carga,Gasóleo,29416.2,0,2024-04-02 01:52:37,2024-04-02 08:59:54,2024-04-03 21:03:17,Le Havre,Rotterdam,S,0
ESC-2024-006291,9369382,Southern Sol,NAV001,M05,granel_liquido,carga,Ácido sulfúrico,52226.6,0,2024-04-02 02:15:50,2024-04-02 04:29:41,2024-04-03 22:45:30,Algeciras,Lisboa,S,0
ESC-2024-001951,9148130,Odiel Star II,NAV019,M05,granel_liquido,carga,GNL,82715.8,0,2024-04-02 06:20:52,2024-04-02 10:59:36,2024-04-03 14:05:06,Dakar,Ceuta,S,0
ESC-2024-001040,9846483,Southern Horizon III,NAV019,M03,granel_solido,carga,Cereal,40547.2,0,2024-04-02 06:29:04,2024-04-02 10:49:16,2024-04-05 17:58:30,Casablanca,Funchal,S,0
ESC-2024-003721,9948346,Tinto Sol V,NAV020,M09,pasajeros,mixta,Pasajeros,0.0,0,2024-04-02 09:01:00,2024-04-02 09:26:02,2024-04-02 16:58:34,Funchal,Génova,S,939
ESC-2024-004570,9058751,Río Voyager,NAV009,M05,granel_liquido,descarga,GNL,34359.1,0,2024-04-02 11:00:55,2024-04-02 19:51:48,2024-04-04 08:52:56,Valencia,Algeciras,S,0
ESC-2024-003238,9154567,Estrella Trader III,NAV025,M11,carga_general,carga,Bobinas de acero,7648.1,0,2024-04-02 12:00:07,2024-04-02 12:51:22,2024-04-04 10:15:20,Algeciras,Amberes,S,0
ESC-2024-002676,9787974,Marisma Star,NAV026,M06,granel_liquido,carga,Gasóleo,52760.9,0,2024-04-02 12:10:34,2024-04-02 13:20:33,2024-04-03 04:31:56,Algeciras,Lisboa,S,0
ESC-2024-006449,9093220,Atlantic Trader,NAV010,M08,fruta_refrigerada,carga,Fruta tropical,5250.3,0,2024-04-02 13:00:00,2024-04-02 16:09:35,2024-04-03 23:43:14,Santa Cruz de Tenerife,Las Palmas,S,0
ESC-2024-000338,9425693,Tinto Bay I,NAV002,M08,fruta_refrigerada,mixta,Cítricos,4550.9,0,2024-04-02 16:00:00,2024-04-03 06:38:39,2024-04-05 09:00:31,Le Havre,Santos,S,0
ESC-2024-005106,9936604,Silver Star,NAV010,M08,fruta_refrigerada,descarga,Cítricos,16734.6,0,2024-04-02 17:00:00,2024-04-02 22:24:27,2024-04-04 04:53:01,Lisboa,Sines,S,0
ESC-2024-000509,9962445,Punta Marina IV,NAV029,M03,granel_solido,carga,Clínker,33742.9,0,2024-04-02 18:06:06,2024-04-02 19:48:28,2024-04-04 20:08:46,Casablanca,Valencia,S,0
ESC-2024-001705,9131761,Southern Trader,NAV032,M07,ro_ro,mixta,Semirremolques,31027.2,0,2024-04-02 18:16:42,2024-04-02 21:39:16,2024-04-03 11:42:17,Abiyán,Abiyán,S,0
ESC-2024-001693,9625803,Costa Marina,NAV026,M06,granel_liquido,carga,Ácido sulfúrico,85254.1,0,2024-04-02 18:55:44,03/04/2024 07:51,2024-04-04 04:07:25,Santa Cruz de Tenerife,Hamburgo,S,0
ESC-2024-003920,9796822,Odiel Navigator,NAV022,M12,granel_liquido,mixta,Biocombustible,78987.8,0,2024-04-02 21:45:26,2024-04-03 23:04:07,2024-04-05 12:14:21,Hamburgo,Amberes,S,0
ESC-2024-004670,9548768,Aurora Trader II,NAV029,M02,granel_solido,descarga,Pirita,36767.9,0,2024-04-03 00:29:12,2024-04-03 02:51:13,2024-04-05 21:46:08,Valencia,Hamburgo,S,0
ESC-2024-005388,9118238,Doña Glory,NAV006,M03,granel_solido,carga,Clínker,28719.2,0,2024-04-03 01:54:48,2024-04-03 13:54:47,2024-04-05 08:51:11,Génova,Valencia,S,0
ESC-2024-003394,9180516,Marisma Glory,NAV034,M06,granel_liquido,descarga,Crudo,57417.2,0,2024-04-03 03:05:57,2024-04-03 17:19:48,2024-04-04 18:20:11,Génova,Amberes,S,0
ESC-2024-003827,9417816,Golden Wave,NAV024,M07,ro_ro,mixta,Semirremolques,32905.8,0,2024-04-03 03:31:13,2024-04-03 08:20:50,2024-04-03 15:52:59,Abiyán,Sines,S,0
ESC-2024-005209,9442380,Odiel Horizon II,NAV013,M04,granel_liquido,mixta,GNL,83296.7,0,2024-04-03 04:15:36,2024-04-03 05:45:05,2024-04-04 13:08:15,Ceuta,Rotterdam,S,0
ESC-2024-000373,9060417,Estrella Venture,NAV025,M06,granel_liquido,carga,Gasóleo,5915.7,0,2024-04-03 05:33:39,2024-04-03 11:22:52,2024-04-04 17:58:40,Ceuta,Santa Cruz de Tenerife,S,0
ESC-2024-001327,9376153,Río Wave,NAV031,M09,pasajeros,descarga,Pasajeros,0.0,0,2024-04-03 07:58:35,2024-04-03 08:03:17,2024-04-03 21:21:13,Santos,Ceuta,S,3855
ESC-2024-005779,9119517,Costa Venture II,NAV036,M03,granel_solido,carga,Fertilizantes,26883.3,0,2024-04-03 10:22:23,2024-04-03 18:02:11,2024-04-05 16:13:48,Génova,Génova,S,0
ESC-2024-002118,9476367,Nordic Venture,NAV030,M08,fruta_refrigerada,descarga,Fresa y frutos rojos,15806.4,0,2024-04-03 12:00:00,2024-04-03 14:50:36,2024-04-04 16:39:04,Las Palmas,Le Havre,S,0
ESC-2024-002957,9417816,Golden Wave,NAV024,M07,ro_ro,carga,Vehículos,31814.2,0,2024-04-03 13:53:04,2024-04-03 16:41:43,2024-04-04 04:18:21,Ceuta,Funchal,S,0
ESC-2024-004536,9260483,Punta Navigator IV,NAV004,M05,granel_liquido,descarga,Biocombustible,46774.5,0,2024-04-03 14:32:25,2024-04-03 16:31:18,2024-04-04 13:33:34,Abiyán,Abiyán,S,0
ESC-2024-006037,9055943,Río Venture,NAV002,M02,granel_solido,descarga,Fertilizantes,25801.6,0,2024-04-03 14:42:16,2024-04-03 15:41:20,2024-04-05 07:50:38,Santa Cruz de Tenerife,Génova,S,0
ESC-2024-000515,9415882,Southern Star II,NAV016,M03,granel_solido,descarga,Cereal,26072.1,0,2024-04-03 16:02:50,2024-04-03 21:16:34,2024-04-05 13:40:17,Funchal,Dakar,S,0
ESC-2024-000255,9276406,Atlantic Dawn,NAV020,M11,carga_general,carga,Maquinaria,11585.6,0,2024-04-03 16:33:52,2024-04-04 11:04:21,2024-04-05 12:56:57,Dakar,Santos,S,0
ESC-2024-002194,9994606,Nordic Venture III,NAV037,M03,granel_solido,mixta,Pirita,52884.6,0,2024-04-03 18:09:06,2024-04-04 14:52:46,2024-04-06 16:02:25,Amberes,Nueva York,S,0
ESC-2024-005222,9249049,Cabo Trader,NAV001,M08,fruta_refrigerada,mixta,Fresa y frutos rojos,-8531.9,0,2024-04-03 19:00:00,2024-04-03 20:26:15,2024-04-04 22:06:06,Lisboa,Rotterdam,S,0
ESC-2024-001739,9093220,Atlantic Trader,NAV010,M08,fruta_refrigerada,mixta,Fresa y frutos rojos,4697.5,0,2024-04-03 20:00:00,2024-04-03 20:55:13,2024-04-04 13:25:14,Dakar,Sines,S,0
ESC-2024-000055,9654488,Delta Sol,NAV035,M02,granel_solido,descarga,Pirita,35607.3,0,2024-04-04 00:51:35,2024-04-04 04:40:05,2024-04-05 23:52:49,Tánger Med,Amberes,S,0
ESC-2024-000140,9211444,Ocean Carrier,NAV014,M08,fruta_refrigerada,carga,Fresa y frutos rojos,8989.4,0,2024-04-04 01:00:00,2024-04-04 14:30:29,2024-04-05 23:46:18,Las Palmas,Le Havre,S,0
ESC-2024-000786,9655248,Southern Pioneer I,NAV017,M06,granel_liquido,mixta,Productos químicos,18353.6,0,2024-04-04 03:55:44,2024-04-04 11:25:19,2024-04-05 17:10:02,Nueva York,Ceuta,S,0
ESC-2024-001934,9223904,Aurora Bay IV,NAV003,M12,granel_liquido,mixta,Biocombustible,24352.7,0,2024-04-04 05:37:36,2024-04-04 15:31:37,2024-04-06 06:15:41,Las Palmas,Lisboa,S,0
ESC-2024-003730,9180516,Marisma Glory,NAV034,M05,granel_liquido,mixta,GNL,51419.9,0,2024-04-04 07:13:07,2024-04-04 08:33:15,2024-04-05 13:35:08,Ceuta,Funchal,S,0
ESC-2024-004984,9411939,Golden Breeze III,NAV010,M07,ro_ro,mixta,Semirremolques,10884.1,0,2024-04-04 11:53:48,2024-04-04 12:19:31,2024-04-04 21:29:03,Rotterdam,Lisboa,S,0
ESC-2024-005056,9600396,Estrella Pioneer V,NAV007,M10,pesca,descarga,Pescado fresco,57.9,0,2024-04-04 12:15:25,2024-04-04 12:18:02,2024-04-04 18:42:21,Ceuta,Funchal,N,0
ESC-2024-002143,9093816,Costa Glory II,NAV006,M10,pesca,carga,Pescado fresco,69.2,0,2024-04-04 13:57:31,2024-04-04 14:27:37,2024-04-04 18:58:10,Las Palmas,Dakar,N,0
ESC-2024-003069,9311490,Río Trader IV,NAV033,M10,pesca,carga,Pescado fresco,27.1,0,2024-04-04 16:01:22,2024-04-04 16:04:58,2024-04-04 19:18:30,Lisboa,Santa Cruz de Tenerife,S,0
ESC-2024-003729,9948346,  TINTO SOL V ,NAV020,M09,pasajeros,descarga,Pasajeros,0.0,0,2024-04-04 22:32:24,2024-04-04 22:41:33,2024-04-05 07:55:07,Houston,Hamburgo,S,2861
ESC-2024-002226,9355458,Southern Spirit II,NAV010,M12,granel_liquido,carga,Biocombustible,17269.7,0,2024-04-05 01:59:47,2024-04-05 10:16:26,2024-04-06 19:38:45,Santos,Santos,S,0
ESC-2024-004411,9141546,Blue Express I,NAV037,M05,granel_liquido,mixta,GNL,53209.8,0,2024-04-05 06:13:25,2024-04-05 08:28:31,2024-04-06 03:19:03,Sines,Funchal,S,0
ESC-2024-003997,9311490,Río Trader IV,NAV033,M10,pesca,carga,Pescado fresco,36.3,0,2024-04-05 13:56:28,2024-04-05 14:23:31,2024-04-05 19:09:04,Génova,Ceuta,N,0
ESC-2024-001889,9211444,Ocean Carrier,NAV014,M08,fruta_refrigerada,descarga,Cítricos,8021.4,0,2024-04-05 14:00:00,2024-04-05 17:14:16,2024-04-07 00:16:15,Las Palmas,Nueva York,S,0
ESC-2024-000471,9704348,Punta Glory,NAV002,M08,fruta_refrigerada,mixta,Cítricos,11361.2,0,2024-04-05 15:00:00,2024-04-05 15:41:09,2024-04-07 04:50:52,Tánger Med,Las Palmas,S,0
ESC-2024-002642,9471769,Ocean Pride,NAV030,M11,carga_general,carga,Madera,9701.7,0,2024-04-05 17:01:31,2024-04-05 19:47:48,2024-04-07 09:02:14,Funchal,Sines,S,0
ESC-2024-001485,9249049,Cabo Trader,NAV001,M08,fruta_refrigerada,mixta,Fresa y frutos rojos,11432.8,0,2024-04-05 18:00:00,2024-04-05 18:26:16,2024-04-06 23:49:06,Santa Cruz de Tenerife,Nueva York,S,0
ESC-2024-003421,9594248,Costa Fortune,NAV015,M03,granel_solido,carga,Clínker,31473.3,0,2024-04-05 20:08:13,2024-04-06 05:00:40,2024-04-07 18:39:45,Santa Cruz de Tenerife,Santos,S,0
ESC-2024-004530,9500467,Odiel Marina,NAV034,M08,fruta_refrigerada,carga,Cítricos,8936.4,0,2024-04-06 00:00:00,2024-04-06 04:10:02,2024-04-07 04:39:40,Tánger Med,Lisboa,S,0
ESC-2024-000886,9626546,Southern Fortune,NAV008,M03,granel_solido,descarga,Concentrado de cobre,28719.6,0,2024-04-06 04:13:29,2024-04-06 10:55:57,2024-04-09 02:16:08,Lisboa,Rotterdam,S,0
ESC-2024-003498,9098672,Punta Dawn,NAV035,M12,granel_liquido,carga,Productos químicos,34782.0,0,2024-04-06 05:10:56,2024-04-06 11:16:52,2024-04-07 10:14:06,Le Havre,Casablanca,S,0
ESC-2024-005316,9230438,Nordic Star IV,NAV030,M01,contenedores,descarga,Contenedores,11727.0,920,2024-04-06 05:30:45,2024-04-07 04:26:29,2024-04-08 01:12:46,Santos,Le Havre,S,0
ESC-2024-002070,9472995,Blue Trader,NAV028,M02,granel_solido,mixta,Cereal,51979.7,0,2024-04-06 13:18:00,2024-04-06 13:42:21,2024-04-07 18:03:43,Santa Cruz de Tenerife,Abiyán,S,0
ESC-2024-005382,9151711,Delta Trader,NAV018,M08,fruta_refrigerada,descarga,Cítricos,15458.6,0,2024-04-06 15:00:00,2024-04-06 15:04:43,2024-04-07 05:11:05,Casablanca,Tánger Med,S,0
ESC-2024-001085,9093220,Atlantic Trader,NAV010,M08,fruta_refrigerada,mixta,Cítricos,7219.3,0,2024-04-06 17:00:00,2024-04-06 18:30:53,2024-04-08 09:43:30,Las Palmas,Dakar,S,0
ESC-2024-000302,9597721,Cabo Navigator,NAV038,M12,granel_liquido,descarga,Crudo,33324.6,0,2024-04-06 17:59:50,2024-04-06 19:50:02,2024-04-07 16:15:54,Santa Cruz de Tenerife,Ceuta,S,0
ESC-2024-006305,9361914,Cabo Marina,NAV037,M02,granel_solido,descarga,Pirita,11408.3,0,2024-04-06 18:08:34,2024-04-06 22:34:05,2024-04-08 14:29:15,Tánger Med,Amberes,S,0
ESC-2024-001501,9857640,Silver Navigator I,NAV009,M05,granel_liquido,mixta,Gasóleo,13479.8,0,2024-04-06 22:33:31,2024-04-07 02:01:50,2024-04-08 15:13:12,Lisboa,Dakar,S,0
ESC-2024-003277,9738167,Silver Venture,NAV013,M09,pasajeros,mixta,Pasajeros,0.0,0,2024-04-06 22:52:39,2024-04-06 23:34:10,2024-04-07 11:47:42,Abiyán,Santa Cruz de Tenerife,S,1453
ESC-2024-004198,9415882,Southern Star II,NAV016,M02,granel_solido,descarga,Clínker,36143.9,0,2024-04-06 23:55:58,2024-04-07 07:37:57,2024-04-07 17:45:38,Casablanca,Houston,S,0
ESC-2024-006345,9114634,Aurora Bay,NAV040,M01,contenedores,carga,Contenedores,13264.1,1262,2024-04-07 04:46:11,2024-04-07 10:13:52,2024-04-08 04:55:31,Amberes,Nueva York,S,0
ESC-2024-000608,9051777,Tinto Mar V,NAV029,M05,granel_liquido,mixta,Biocombustible,11958.3,0,2024-04-07 06:33:51,2024-04-07 14:07:42,2024-04-09 01:26:59,Valencia,Lisboa,S,0
ESC-2024-004090,9465928,Southern Voyager,NAV003,M08,fruta_refrigerada,mixta,Fresa y frutos rojos,3729.7,0,2024-04-07 15:00:00,2024-04-07 21:57:26,2024-04-08 12:55:42,Abiyán,Santos,S,0
ESC-2024-006280,9249049,Cabo Trader,NAV001,M08,fruta_refrigerada,descarga,Cítricos,12417.6,0,2024-04-07 16:00:00,2024-04-07 19:04:25,2024-04-08 16:40:24,Sines,Santos,S,0
ESC-2024-001744,9621766,Delta Trader IV,NAV006,M01,contenedores,descarga,Contenedores,13975.5,1005,2024-04-07 16:35:58,2024-04-07 22:00:47,2024-04-07 21:00:47,Tánger Med,Valencia,S,0
ESC-2024-001428,9355367,Delta Navigator I,NAV012,M01,contenedores,mixta,Contenedores,12189.8,1282,2024-04-07 19:46:19,2024-04-08 05:03:52,2024-04-09 02:07:01,Amberes,Houston,S,0
ESC-2024-005740,9536624,Silver Star III,NAV012,M01,contenedores,mixta,Contenedores,8789.5,686,2024-04-07 22:21:16,2024-04-08 00:50:23,2024-04-09 01:22:13,Las Palmas,Valencia,S,0
ESC-2024-004001,9368223,Iberian Navigator,NAV010,M10,pesca,descarga,Pescado fresco,14.7,0,2024-04-07 22:51:39,2024-04-07 23:18:00,2024-04-08 06:48:07,Rotterdam,Valencia,N,0
ESC-2024-003250,9936604,Silver Star,NAV010,M08,fruta_refrigerada,mixta,Cítricos,11399.7,0,2024-04-08 02:00:00,2024-04-08 04:00:18,2024-04-09 05:24:59,Abiyán,Casablanca,S,0
ESC-2024-003839,9568330,Ocean Fortune,NAV026,M08,fruta_refrigerada,descarga,Fresa y frutos rojos,10670.7,0,2024-04-08 03:38:35,2024-04-08 04:45:52,2024-04-09 19:32:21,Le Havre,Génova,S,0
ESC-2024-004916,9683910,Tinto Marina IV,NAV036,M08,fruta_refrigerada,descarga,Fresa y frutos rojos,12632.0,0,2024-04-08 04:00:00,2024-04-08 09:57:59,2024-04-09 01:40:49,Abiyán,Hamburgo,S,0
ESC-2024-003211,9276406,Atlantic Dawn,NAV020,M11,carga_general,descarga,Madera,13156.7,0,2024-04-08 06:01:10,2024-04-08 12:15:37,2024-04-10 08:56:29,Tánger Med,Le Havre,S,0
ESC-2024-002918,9039896,Blue Breeze,NAV036,M06,granel_liquido,mixta,Ácido sulfúrico,27416.1,0,2024-04-08 07:01:25,2024-04-08 07:53:19,2024-04-10 10:47:26,Las Palmas,Le Havre,S,0
ESC-2024-005923,9004516,Costa Spirit,NAV028,M12,granel_liquido,descarga,Biocombustible,33553.6,0,2024-04-08 07:17:16,2024-04-08 08:35:09,2024-04-09 16:59:16,Valencia,Le Havre,S,0
ESC-2024-006083,9704348,Punta Glory,NAV002,M08,fruta_refrigerada,carga,Fruta tropical,14704.7,0,2024-04-08 10:00:00,2024-04-08 10:12:02,2024-04-09 13:56:59,Santos,Santa Cruz de Tenerife,S,0
ESC-2024-001811,9119555,Iberian Breeze,NAV010,M04,granel_liquido,carga,Ácido sulfúrico,64793.5,0,2024-04-08 11:52:41,2024-04-08 14:33:56,2024-04-09 08:59:32,Santa Cruz de Tenerife,Casablanca,S,0
ESC-2024-001971,9093816,Costa Glory II,NAV006,M10,pesca,carga,Pescado fresco,27.5,0,2024-04-08 12:29:23,2024-04-08 12:33:17,2024-04-08 16:21:57,Houston,Génova,N,0
ESC-2024-004265,9391385,Blue Marina,NAV032,M08,fruta_refrigerada,carga,Fruta tropical,4859.6,0,2024-04-08 14:00:36,2024-04-08 16:10:39,2024-04-09 03:22:51,Sines,Amberes,S,0
ESC-2024-001522,9116591,Nordic Marina IV,NAV014,M01,contenedores,carga,Contenedores,6787.5,692,2024-04-08 15:01:33,2024-04-08 15:04:49,2024-04-09 18:52:36,Dakar,Amberes,S,0
ESC-2024-002253,9844588,Delta Wave,NAV001,M01,contenedores,descarga,Contenedores,9901.0,876,2024-04-08 17:17:21,2024-04-08 17:58:36,2024-04-09 12:32:26,Génova,Tánger Med,S,0
ESC-2024-001531,9494670,Luz Fortune,NAV031,M07,ro_ro,carga,Semirremolques,17924.8,0,2024-04-08 18:56:21,2024-04-08 21:14:52,2024-04-09 11:45:52,Génova,Abiyán,S,0
ESC-2024-001531,9494670,Luz Fortune,NAV031,M07,ro_ro,carga,Semirremolques,17924.8,0,2024-04-08 18:56:21,2024-04-08 21:14:52,2024-04-09 11:45:52,Génova,Abiyán,S,0
ESC-2024-003850,9223904,Aurora Bay IV,NAV003,M06,granel_liquido,carga,Gasóleo,21892.9,0,2024-04-08 21:09:22,2024-04-09 12:48:54,2024-04-11 00:16:46,Valencia,Le Havre,S,0
ESC-2024-002744,9954656,Punta Sol II,NAV003,M08,fruta_refrigerada,carga,Fruta tropical,10677.0,0,2024-04-09 02:00:00,2024-04-09 03:43:05,2024-04-10 11:30:27,Sines,Santos,S,0
ESC-2024-003649,9944625,Blue Fortune,NAV019,M09,pasajeros,mixta,Pasajeros,0.0,0,2024-04-09 03:12:53,2024-04-09 03:40:10,2024-04-09 15:12:57,Amberes,Lisboa,S,1173
ESC-2024-003987,9222869,Aurora Trader,NAV038,M01,contenedores,carga,Contenedores,11466.2,1027,2024-04-09 05:06:27,2024-04-09 11:36:55,2024-04-10 09:58:13,Abiyán,Abiyán,S,0
ESC-2024-002481,9714111,Luz Pioneer,NAV003,M05,granel_liquido,mixta,GNL,42473.1,0,2024-04-09 05:34:34,2024-04-09 13:48:42,2024-04-10 20:18:30,Algeciras,Santos,S,0
ESC-2024-003056,9442732,Punta Venture,NAV025,M06,granel_liquido,mixta,GNL,66744.6,0,2024-04-09 09:56:41,2024-04-09 20:46:56,2024-04-10 14:48:26,Hamburgo,Génova,S,0
ESC-2024-004351,9568330,Ocean Fortune,NAV026,M08,fruta_refrigerada,carga,Fruta tropical,15754.8,0,2024-04-09 13:00:00,2024-04-10 08:32:19,2024-04-11 07:40:08,Ceuta,Nueva York,S,0
ESC-2024-003138,9665891,Atlantic Venture IV,NAV032,M10,pesca,descarga,Pescado fresco,54.0,0,2024-04-09 17:25:05,2024-04-09 17:27:52,2024-04-09 22:00:23,Sines,Sines,N,0
ESC-2024-004260,9924003,Odiel Mar II,NAV015,M12,granel_liquido,descarga,Biocombustible,21150.6,0,2024-04-09 20:10:11,10/04/2024 00:23,2024-04-10 19:48:16,Sines,Abiyán,S,0
ESC-2024-006230,9102112,  DELTA SPIRIT I ,NAV035,M02,granel_solido,descarga,Clínker,11786.2,0,2024-04-09 20:28:26,2024-04-09 22:14:25,2024-04-12 06:03:25,Hamburgo,Funchal,S,0
ESC-2024-005747,9176761,Cabo Pride,NAV014,M01,contenedores,mixta,Contenedores,12249300.0,1055,2024-04-09 21:08:59,2024-04-09 23:24:11,2024-04-10 13:10:45,Lisboa,Lisboa,S,0
ESC-2024-005387,9202039,Luz Navigator,NAV033,M03,granel_solido,mixta,Pirita,23418.1,0,2024-04-10 00:41:53,2024-04-10 14:08:56,2024-04-11 06:57:47,Génova,Lisboa,S,0
ESC-2024-005512,9256200,Luz Breeze,NAV009,M06,granel_liquido,carga,GNL,38436.0,0,2024-04-10 00:50:15,2024-04-10 20:28:27,2024-04-11 14:19:48,Valencia,Amberes,S,0
ESC-2024-006034,9745940,Punta Breeze I,NAV027,M06,granel_liquido,mixta,Biocombustible,39153.8,0,2024-04-10 02:29:52,2024-04-10 04:26:10,2024-04-10 21:06:11,Hamburgo,Lisboa,S,0
ESC-2024-000671,9429601,Marisma Spirit IV,NAV040,M03,granel_solido,mixta,Pirita,26804.6,0,2024-04-10 04:28:31,2024-04-10 11:11:44,2024-04-11 23:52:26,Le Havre,Las Palmas,S,0
ESC-2024-003917,9025699,Iberian Trader I,NAV001,M06,granel_liquido,mixta,Gasóleo,76063.3,0,2024-04-10 06:17:24,2024-04-10 12:11:30,2024-04-11 21:26:38,Rotterdam,Las Palmas,S,0
ESC-2024-004539,9520895,Río Spirit,NAV009,M06,granel_liquido,descarga,Biocombustible,61952.2,0,2024-04-10 09:44:18,2024-04-10 11:23:05,2024-04-11 14:19:27,Valencia,Tánger Med,S,0
ESC-2024-000265,9176761,Cabo Pride,NAV014,M01,contenedores,descarga,Contenedores,8270.6,796,2024-04-10 09:56:16,2024-04-10 14:37:26,2024-04-11 07:57:41,Tánger Med,Le Havre,S,0
ESC-2024-006416,9321201,Estrella Voyager,NAV020,M01,contenedores,mixta,Contenedores,8276.1,906,2024-04-10 13:57:23,2024-04-10 14:26:51,2024-04-11 16:25:35,Génova,Funchal,S,0
ESC-2024-000891,9154933,Iberian Star V,NAV009,M04,granel_liquido,descarga,Gasóleo,27129.6,0,2024-04-10 14:22:56,2024-04-10 16:50:50,2024-04-11 17:12:55,Casablanca,Ceuta,S,0
ESC-2024-005000,9806017,Río Star,NAV027,M01,contenedores,carga,Contenedores,7781.2,596,2024-04-10 18:13:25,2024-04-10 19:05:10,2024-04-11 20:53:03,Hamburgo,Ceuta,S,0
ESC-2024-000783,9095888,Estrella Pioneer,NAV010,M02,granel_solido,carga,Concentrado de cobre,39657.8,0,2024-04-10 19:31:47,2024-04-10 21:50:06,2024-04-13 07:59:42,Rotterdam,Algeciras,S,0
ESC-2024-004313,9408011,Cabo Voyager,NAV021,M04,granel_liquido,mixta,Crudo,33723.2,0,2024-04-10 20:51:27,2024-04-10 21:04:27,2024-04-12 07:40:17,Houston,Sines,S,0
ESC-2024-001860,9228526,Silver Navigator V,NAV039,M02,granel_solido,carga,Concentrado de cobre,28695.5,0,2024-04-10 22:38:02,2024-04-11 05:45:16,2024-04-14 12:49:04,Dakar,Sines,S,0
ESC-2024-005421,9425693,Tinto Bay I,NAV002,M08,fruta_refrigerada,mixta,Cítricos,6780.9,0,2024-04-11 10:00:00,2024-04-11 14:29:07,2024-04-13 12:50:02,Funchal,Le Havre,S,0
ESC-2024-004007,9051777,Tinto Mar V,NAV029,M04,granel_liquido,carga,Gasóleo,10752.3,0,2024-04-11 10:15:20,2024-04-11 12:39:38,2024-04-12 20:09:54,Abiyán,Abiyán,S,0
ESC-2024-001366,9745940,Punta Breeze I,NAV027,M04,granel_liquido,descarga,Productos químicos,67643.2,0,2024-04-11 12:35:25,2024-04-12 12:06:10,2024-04-13 23:50:23,Sines,Tánger Med,S,0
ESC-2024-003429,9197583,Delta Venture,NAV007,M02,granel_solido,carga,Clínker,20677.8,0,2024-04-11 14:17:08,2024-04-11 18:12:42,2024-04-12 22:11:56,Casablanca,Funchal,S,0
ESC-2024-004363,9195274,Aurora Sol,NAV006,M03,granel_solido,descarga,Fertilizantes,25248.6,0,2024-04-11 14:42:37,2024-04-12 08:41:25,2024-04-15 02:34:33,Valencia,Santos,S,0
ESC-2024-003332,9614294,Punta Express,NAV032,M03,granel_solido,mixta,Concentrado de cobre,29028.6,0,2024-04-11 15:36:04,2024-04-11 16:27:21,2024-04-13 18:15:40,Hamburgo,Santos,S,0
ESC-2024-000409,9126766,Silver Voyager,NAV007,M02,granel_solido,carga,Pirita,19002.7,0,2024-04-11 16:42:25,2024-04-11 20:18:04,2024-04-13 10:43:48,Algeciras,Houston,S,0
ESC-2024-004555,9092329,Tinto Star,NAV017,M03,granel_solido,descarga,Fertilizantes,35572.4,0,2024-04-11 22:32:03,2024-04-12 07:19:03,2024-04-13 20:25:15,Valencia,Lisboa,S,0
ESC-2024-000407,9183415,Blue Horizon II,NAV014,M02,granel_solido,carga,Pirita,19857.7,0,2024-04-11 22:43:27,2024-04-12 03:17:11,2024-04-14 12:11:58,Lisboa,Le Havre,S,0
ESC-2024-002346,9249049,Cabo Trader,NAV001,M08,fruta_refrigerada,carga,Fruta tropical,7712.4,0,2024-04-12 00:00:00,2024-04-12 02:59:45,2024-04-13 04:02:36,Génova,Lisboa,S,0
ESC-2024-001419,9721994,Cabo Pioneer,NAV031,M08,fruta_refrigerada,mixta,Fruta tropical,4998.9,0,2024-04-12 02:00:00,12/04/2024 02:01,2024-04-13 05:03:42,Génova,Abiyán,S,0
ESC-2024-004154,9954917,Luz Carrier II,NAV030,M07,ro_ro,carga,Vehículos,22090.0,0,2024-04-12 04:36:41,2024-04-12 06:25:14,2024-04-12 23:42:25,Valencia,Las Palmas,S,0
ESC-2024-000263,9153252,Estrella Carrier,NAV007,M03,granel_solido,descarga,Cereal,23427.3,0,2024-04-12 05:10:31,2024-04-12 05:59:04,2024-04-13 19:23:11,Sines,Amberes,S,0
ESC-2024-004474,9230268,Luz Express,NAV022,M01,contenedores,mixta,Contenedores,3943.7,429,2024-04-12 05:33:26,2024-04-12 09:12:47,2024-04-13 05:44:11,Rotterdam,Santa Cruz de Tenerife,S,0
ESC-2024-006341,9190901,Tinto Wave,NAV017,M11,carga_general,descarga,Maquinaria,11675.0,0,2024-04-12 10:27:07,2024-04-12 19:45:43,2024-04-14 14:44:07,Rotterdam,Abiyán,S,0
ESC-2024-005216,9742132,Odiel Fortune,NAV010,M04,granel_liquido,descarga,GNL,17504.1,0,2024-04-12 10:43:09,2024-04-12 19:43:57,2024-04-13 14:29:30,Casablanca,Santa Cruz de Tenerife,S,0
ESC-2024-001343,9395252,Ocean Breeze,NAV013,M12,granel_liquido,carga,Ácido sulfúrico,80593.8,0,2024-04-12 14:49:41,2024-04-12 16:36:25,2024-04-13 04:56:43,Hamburgo,Las Palmas,S,0
ESC-2024-002476,9221920,Silver Bay,NAV020,M04,granel_liquido,mixta,Gasóleo,20063.2,0,2024-04-12 14:53:42,2024-04-13 01:21:48,2024-04-14 02:47:45,Rotterdam,Ceuta,S,0
ESC-2024-005623,9484132,Costa Pride IV,NAV016,M01,contenedores,mixta,Contenedores,10884.6,981,2024-04-12 16:37:26,2024-04-12 23:51:47,2024-04-14 02:51:52,Nueva York,Génova,S,0
ESC-2024-006354,9157973,Southern Bay,NAV004,M05,granel_liquido,mixta,Productos químicos,31105.1,0,2024-04-12 17:17:26,2024-04-12 19:48:44,2024-04-13 04:18:43,Nueva York,Casablanca,S,0
ESC-2024-002013,9371919,Southern Pride,NAV034,M11,carga_general,carga,Bobinas de acero,4589.7,0,2024-04-12 21:07:06,2024-04-12 23:07:01,2024-04-13 17:42:35,Hamburgo,Las Palmas,S,0
ESC-2024-005509,9465057,Costa Pride I,NAV004,M11,carga_general,carga,Madera,8967.9,0,2024-04-12 22:00:58,2024-04-13 00:16:24,2024-04-14 06:04:20,Valencia,Amberes,S,0
ESC-2024-003154,9133135,Punta Star III,NAV004,M05,granel_liquido,mixta,Productos químicos,39540.4,0,2024-04-13 02:12:57,2024-04-13 04:03:58,2024-04-14 12:12:36,Rotterdam,Tánger Med,S,0
ESC-2024-003586,9445459,Costa Breeze,NAV018,M03,granel_solido,descarga,Pirita,26808.5,0,2024-04-13 05:14:24,2024-04-13 14:20:00,2024-04-15 11:18:44,Lisboa,Valencia,S,0
ESC-2024-005380,9603219,Aurora Spirit,NAV026,M10,pesca,descarga,Pescado fresco,51.4,0,2024-04-13 06:26:15,2024-04-13 06:29:08,2024-04-13 14:42:50,Dakar,Amberes,S,0
ESC-2024-005202,9770531,Aurora Spirit III,NAV023,M01,contenedores,carga,Contenedores,8220.9,751,2024-04-13 09:34:35,2024-04-13 21:28:27,2024-04-14 22:30:21,Ceuta,Dakar,S,0
ESC-2024-001833,9663582,Delta Express IV,NAV026,,ro_ro,descarga,Vehículos,13600.0,0,2024-04-13 15:20:57,2024-04-13 20:07:21,2024-04-14 00:19:19,Valencia,Génova,S,0
ESC-2024-001998,9160126,Río Marina V,NAV008,M04,granel_liquido,carga,Crudo,42440.5,0,2024-04-13 17:15:54,2024-04-14 10:46:06,2024-04-16 04:42:16,Houston,Houston,S,0
ESC-2024-002094,9203722,Southern Voyager II,NAV034,M01,contenedores,carga,Contenedores,8165.1,685,2024-04-13 17:57:41,2024-04-14 04:42:06,2024-04-15 03:11:11,Le Havre,Houston,S,0
ESC-2024-005558,9364722,Aurora Glory II,NAV023,M12,granel_liquido,carga,Biocombustible,6164.4,0,2024-04-13 18:44:40,2024-04-14 04:39:36,2024-04-14 07:11:04,Rotterdam,Santos,S,0
ESC-2024-004775,9448982,Estrella Spirit,NAV011,M04,granel_liquido,carga,Crudo,63283.9,0,2024-04-14 00:14:39,2024-04-14 00:19:41,2024-04-15 17:37:30,Ceuta,Valencia,S,0
ESC-2024-001461,9442732,Punta Venture,NAV025,M05,granel_liquido,mixta,Crudo,43848.1,0,2024-04-14 02:43:13,2024-04-14 13:20:22,2024-04-15 19:53:07,Génova,Valencia,S,0
ESC-2024-000980,9654488,Delta Sol,NAV035,M02,granel_solido,carga,Clínker,51183.3,0,2024-04-14 05:40:19,2024-04-15 03:31:58,2024-04-18 05:03:16,Lisboa,Houston,S,0
ESC-2024-001584,9362786,Golden Pioneer,NAV005,M07,ro_ro,carga,Vehículos,15429.2,0,2024-04-14 09:21:05,2024-04-14 17:48:15,2024-04-15 04:21:35,Dakar,Sines,S,0
ESC-2024-002710,9738167,Silver Venture,NAV013,M09,pasajeros,carga,Pasajeros,0.0,0,2024-04-14 12:36:46,2024-04-14 12:54:20,2024-04-14 23:50:50,Ceuta,Rotterdam,S,2331
ESC-2024-005676,9621766,Delta Trader IV,NAV006,M01,contenedores,carga,Contenedores,10603.1,850,2024-04-14 14:07:46,2024-04-14 22:00:17,2024-04-15 20:32:01,Dakar,Funchal,S,0
ESC-2024-002857,9256200,Luz Breeze,NAV009,M12,granel_liquido,carga,Crudo,50506.1,0,2024-04-14 14:56:16,2024-04-15 01:56:07,2024-04-16 06:23:44,Funchal,Ceuta,S,0
ESC-2024-006121,9312547,Punta Pride III,NAV030,M05,granel_liquido,mixta,GNL,20209.3,0,2024-04-14 15:23:19,2024-04-14 18:52:52,2024-04-15 19:03:37,Dakar,Dakar,S,0
ESC-2024-001761,9419474,  OCEAN GLORY I ,NAV022,M11,carga_general,descarga,Bobinas de acero,7493.2,0,2024-04-14 18:24:38,2024-04-15 00:50:43,2024-04-15 20:09:14,Rotterdam,Las Palmas,S,0
ESC-2024-005681,9434709,Silver Express,NAV014,M12,granel_liquido,carga,Gasóleo,41025.0,0,2024-04-14 19:45:52,2024-04-14 22:11:37,2024-04-15 22:34:40,Amberes,Funchal,S,0
ESC-2024-004463,9368390,Doña Spirit IV,NAV003,M01,contenedores,mixta,Contenedores,8302.0,916,2024-04-15 00:54:04,2024-04-15 03:58:22,2024-04-16 00:58:45,Le Havre,Sines,S,0
ESC-2024-005513,9039896,  BLUE BREEZE ,NAV036,M06,granel_liquido,carga,Ácido sulfúrico,25941.9,0,2024-04-15 04:43:22,2024-04-15 05:48:41,2024-04-16 17:48:08,Sines,Nueva York,S,0
ESC-2024-003845,9148104,Marisma Pride,NAV010,M10,pesca,descarga,Pescado fresco,35.0,0,2024-04-15 10:53:21,2024-04-15 11:00:22,2024-04-15 20:01:12,Amberes,Las Palmas,N,0
ESC-2024-000773,9465057,Costa Pride I,NAV004,M11,carga_general,mixta,Madera,8722.0,0,2024-04-15 12:00:50,2024-04-15 12:47:25,2024-04-17 02:31:17,Las Palmas,Abiyán,S,0
ESC-2024-004896,9434199,Estrella Pride II,NAV021,M12,granel_liquido,descarga,Productos químicos,65011.4,0,2024-04-15 12:38:21,2024-04-15 13:10:52,2024-04-17 05:05:37,Sines,Sines,S,0
ESC-2024-002885,9411939,Golden Breeze III,NAV010,M07,ro_ro,carga,Semirremolques,9807.1,0,2024-04-15 18:48:30,2024-04-15 20:46:47,2024-04-16 06:48:56,Santos,Dakar,S,0
ESC-2024-003937,9878230,Delta Sol I,NAV011,M08,fruta_refrigerada,descarga,Fresa y frutos rojos,11038.2,0,2024-04-15 23:24:14,2024-04-16 04:47:08,2024-04-16 22:08:39,Valencia,Valencia,S,0
ESC-2024-002784,9626546,Southern Fortune,NAV008,M02,granel_solido,mixta,Pirita,28007.2,0,2024-04-16 04:27:23,2024-04-16 15:28:09,2024-04-18 23:21:02,Le Havre,Valencia,S,0
ESC-2024-003308,9571296,Marisma Pioneer I,NAV031,M08,fruta_refrigerada,mixta,Cítricos,12593.1,0,2024-04-16 08:00:00,2024-04-16 08:54:58,2024-04-17 14:32:52,Algeciras,Abiyán,S,0
ESC-2024-005099,9030022,Costa Fortune V,NAV007,M10,pesca,carga,Pescado fresco,8.0,0,2024-04-16 09:06:28,2024-04-16 09:11:09,2024-04-16 13:31:23,Funchal,Rotterdam,N,0
ESC-2024-006238,9039896,Blue Breeze,NAV036,M12,granel_liquido,mixta,Biocombustible,30219.8,0,2024-04-16 13:33:10,2024-04-17 05:02:11,2024-04-18 10:14:38,Santa Cruz de Tenerife,Rotterdam,S,0
ESC-2024-003511,9569700,Costa Star,NAV006,M01,contenedores,descarga,Contenedores,2982.5,263,2024-04-16 17:07:35,2024-04-16 18:31:05,2024-04-17 10:23:33,Santos,Santa Cruz de Tenerife,S,0
ESC-2024-003334,9180633,Doña Carrier,NAV034,M04,granel_liquido,carga,Productos químicos,26811.8,0,2024-04-16 21:05:08,2024-04-17 03:38:07,2024-04-18 18:44:28,Valencia,Tánger Med,S,0
ESC-2024-002955,9912490,Río Pride,NAV037,M08,fruta_refrigerada,carga,Cítricos,16267.5,0,2024-04-16 21:39:46,2024-04-17 08:37:55,2024-04-18 04:28:54,Abiyán,Nueva York,S,0
ESC-2024-003433,9884227,Silver Bay II,NAV035,M10,pesca,mixta,Pescado fresco,67.8,0,2024-04-16 21:40:01,2024-04-16 21:43:26,2024-04-17 03:06:43,Rotterdam,Lisboa,S,0
ESC-2024-003914,9023079,Cabo Breeze V,NAV015,M08,fruta_refrigerada,carga,Cítricos,7983.5,0,2024-04-16 23:00:00,2024-04-16 23:36:59,2024-04-18 03:43:42,Lisboa,Hamburgo,S,0
ESC-2024-000935,9429601,Marisma Spirit IV,NAV040,M03,granel_solido,carga,Clínker,17427.8,0,2024-04-17 00:27:27,2024-04-17 08:08:26,2024-04-18 02:05:47,Le Havre,Rotterdam,S,0
ESC-2024-000095,9677117,Iberian Pride,NAV017,M03,granel_solido,carga,Fertilizantes,16761.4,0,2024-04-17 01:58:58,2024-04-17 11:53:32,2024-04-18 21:21:52,Algeciras,Nueva York,S,0
ESC-2024-000079,9417816,Golden Wave,NAV024,M07,ro_ro,carga,Semirremolques,35201.7,0,2024-04-17 04:40:26,2024-04-17 04:46:19,2024-04-17 16:30:41,Nueva York,Le Havre,S,0
ESC-2024-002597,9055943,Río Venture,NAV002,M02,granel_solido,carga,Concentrado de cobre,32807.9,0,2024-04-17 06:48:45,2024-04-17 14:26:11,2024-04-19 18:39:23,Las Palmas,Génova,S,0
ESC-2024-005042,9151711,Delta Trader,NAV018,M08,fruta_refrigerada,mixta,Fruta tropical,10900.8,0,2024-04-17 07:00:00,2024-04-18 01:55:31,2024-04-19 08:11:38,Houston,Algeciras,S,0
ESC-2024-003919,9912490,Río Pride,NAV037,M08,fruta_refrigerada,descarga,Fresa y frutos rojos,14150.6,0,2024-04-17 12:00:00,2024-04-17 14:03:49,2024-04-17 22:42:56,Rotterdam,Sines,S,0
ESC-2024-004510,9954656,Punta Sol II,NAV003,M08,fruta_refrigerada,mixta,Fruta tropical,5584.2,0,2024-04-17 14:00:00,2024-04-17 14:27:59,2024-04-18 13:39:29,Lisboa,Casablanca,S,0
ESC-2024-006387,9408011,Cabo Voyager,NAV021,M04,granel_liquido,descarga,Productos químicos,37521.5,0,2024-04-17 15:08:05,2024-04-17 17:47:48,2024-04-18 19:24:52,Dakar,Casablanca,S,0
ESC-2024-005795,9287900,Delta Spirit,NAV040,M07,ro_ro,mixta,Vehículos,17036.4,0,2024-04-17 16:25:11,2024-04-17 21:47:09,2024-04-18 11:39:03,Rotterdam,Santos,S,0
ESC-2024-006421,9151632,Golden Trader V,NAV030,M12,granel_liquido,mixta,Crudo,7994.4,0,2024-04-17 18:16:46,2024-04-17 22:40:52,2024-04-18 20:22:58,Valencia,Casablanca,S,0
ESC-2024-004048,9451410,Delta Bay,NAV002,M01,contenedores,descarga,Contenedores,11328.5,927,2024-04-17 19:09:28,2024-04-18 06:36:09,2024-04-18 23:57:21,Amberes,Dakar,S,0
ESC-2024-006049,9936604,Silver Star,NAV010,M08,fruta_refrigerada,carga,Cítricos,15437.3,0,2024-04-17 21:00:00,2024-04-17 23:45:10,2024-04-19 06:58:32,Dakar,Rotterdam,S,0
ESC-2024-002287,9911094,Golden Carrier I,NAV021,M03,granel_solido,descarga,Fertilizantes,45982.5,0,2024-04-17 21:08:06,2024-04-18 07:51:56,2024-04-19 23:31:52,Nueva York,Valencia,S,0
ESC-2024-005345,9227118,Silver Sol,NAV013,M03,granel_solido,descarga,Cereal,31598.2,0,2024-04-17 21:34:44,2024-04-17 21:44:21,2024-04-19 08:18:17,Dakar,Nueva York,S,0
ESC-2024-001687,9216286,Odiel Voyager,NAV031,M03,granel_solido,carga,Concentrado de cobre,31294.6,0,2024-04-17 23:54:15,2024-04-18 02:48:29,2024-04-19 16:16:02,Nueva York,Ceuta,S,0
ESC-2024-004243,9655248,Southern Pioneer I,NAV017,M06,granel_liquido,mixta,Crudo,10669.3,0,2024-04-18 01:27:31,2024-04-18 01:41:55,2024-04-19 12:20:45,Abiyán,Valencia,S,0
ESC-2024-004088,9576337,Silver Glory,NAV006,,granel_solido,carga,Clínker,31895.4,0,2024-04-18 02:09:08,2024-04-18 04:47:28,2024-04-19 21:51:01,Le Havre,Algeciras,S,0
ESC-2024-000895,9554494,Tinto Wave IV,NAV004,M07,ro_ro,descarga,Vehículos,21742.5,0,2024-04-18 03:07:06,2024-04-18 04:56:00,2024-04-18 18:41:15,Santos,Dakar,S,0
ESC-2024-003559,9704348,Punta Glory,NAV002,M08,fruta_refrigerada,carga,Fruta tropical,9548.8,0,2024-04-18 05:00:00,2024-04-18 10:54:50,2024-04-19 23:25:50,Génova,Algeciras,S,0
ESC-2024-004558,9023079,Cabo Breeze V,NAV015,M08,fruta_refrigerada,mixta,Fruta tropical,6706.5,0,2024-04-18 07:00:00,2024-04-18 18:43:56,2024-04-20 05:14:07,Tánger Med,Tánger Med,S,0
ESC-2024-001939,9141546,Blue Express I,NAV037,M06,granel_liquido,mixta,GNL,43235.5,0,2024-04-18 09:17:33,2024-04-18 19:01:15,2024-04-20 14:02:42,Santos,Nueva York,S,0
ESC-2024-003197,9371919,Southern Pride,NAV034,M11,carga_general,mixta,Maquinaria,8135.6,0,2024-04-18 10:18:08,2024-04-18 19:59:27,2024-04-20 14:19:25,Nueva York,Santos,S,0
ESC-2024-005732,9260500,Southern Venture,NAV003,M01,contenedores,carga,Contenedores,10460.8,1049,2024-04-18 11:42:03,2024-04-18 13:56:55,2024-04-19 07:18:40,Tánger Med,Algeciras,S,0
ESC-2024-003217,9465057,Costa Pride I,NAV004,M11,carga_general,mixta,Bobinas de acero,8590.6,0,2024-04-18 11:45:32,2024-04-18 20:18:32,2024-04-19 21:47:24,Santos,Las Palmas,S,0
ESC-2024-004113,9405186,Tinto Star II,NAV037,M01,contenedores,carga,Contenedores,15666.2,1128,2024-04-18 14:39:19,2024-04-18 19:02:03,2024-04-19 17:30:16,Santos,Lisboa,S,0
ESC-2024-004355,9380283,Estrella Dawn IV,NAV029,M05,granel_liquido,descarga,Ácido sulfúrico,53890.1,0,2024-04-18 15:01:43,2024-04-18 22:46:17,2024-04-19 16:49:55,Las Palmas,Santos,S,0
ESC-2024-005059,9391385,Blue Marina,NAV032,M08,fruta_refrigerada,descarga,Cítricos,4474.9,0,2024-04-18 19:00:00,2024-04-19 00:14:01,2024-04-20 02:05:48,Amberes,Houston,S,0
ESC-2024-004669,9026564,Tinto Mar,NAV040,M12,granel_liquido,carga,Biocombustible,23101.8,0,2024-04-18 19:28:19,2024-04-19 18:12:43,2024-04-20 20:58:42,Santos,Hamburgo,S,0
ESC-2024-004521,9320221,Tinto Pride,NAV024,M08,fruta_refrigerada,mixta,Fresa y frutos rojos,9413.9,0,2024-04-18 23:00:00,2024-04-19 03:04:08,2024-04-19 22:47:30,Hamburgo,Funchal,S,0
ESC-2024-000838,9754288,Marisma Horizon V,NAV026,M12,granel_liquido,mixta,Gasóleo,34666.1,0,2024-04-19 10:36:14,2024-04-21 03:57:49,2024-04-22 07:25:48,Las Palmas,Valencia,S,0
ESC-2024-000769,9158094,Odiel Dawn,NAV006,M05,granel_liquido,mixta,GNL,39000.3,0,2024-04-19 11:46:41,2024-04-19 15:39:24,2024-04-20 13:27:58,Santa Cruz de Tenerife,Lisboa,S,0
ESC-2024-004734,9156204,Silver Glory III,NAV021,M02,granel_solido,descarga,Concentrado de cobre,33942.1,0,2024-04-19 12:34:34,2024-04-20 09:51:40,2024-04-22 11:40:22,Nueva York,Sines,S,0
ESC-2024-004181,9030022,Costa Fortune V,NAV007,M10,pesca,mixta,Pescado fresco,5.3,0,2024-04-19 20:19:38,2024-04-19 20:32:13,2024-04-20 02:51:13,Génova,Nueva York,N,0
ESC-2024-004714,9775373,Tinto Bay III,NAV012,M08,fruta_refrigerada,mixta,Fruta tropical,5923.8,0,2024-04-19 21:00:00,2024-04-19 21:05:24,2024-04-21 03:30:15,Lisboa,Houston,S,0
ESC-2024-003837,9005211,Cabo Sol II,NAV039,M01,contenedores,descarga,Contenedores,11621.0,1030,2024-04-19 22:25:29,2024-04-20 04:30:14,2024-04-21 04:09:23,Algeciras,Le Havre,S,0
ESC-2024-004736,9176761,Cabo Pride,NAV014,M01,contenedores,descarga,Contenedores,12893.9,1040,2024-04-19 23:01:42,2024-04-20 00:10:29,2024-04-21 02:24:19,Abiyán,Las Palmas,S,0
ESC-2024-000894,9075113,Delta Glory,NAV023,M04,granel_liquido,mixta,Crudo,14262.3,0,2024-04-20 01:24:55,2024-04-20 01:49:58,2024-04-21 02:19:39,Dakar,Santa Cruz de Tenerife,S,0
ESC-2024-006442,9845685,Costa Fortune IV,NAV037,M11,carga_general,descarga,Maquinaria,13201.0,0,2024-04-20 04:17:11,2024-04-20 07:44:47,2024-04-21 10:58:13,Algeciras,Amberes,S,0
ESC-2024-002359,9323998,Odiel Mar I,NAV003,M08,fruta_refrigerada,mixta,Fresa y frutos rojos,8455.5,0,2024-04-20 11:00:00,2024-04-20 21:50:14,2024-04-21 12:05:41,Abiyán,Abiyán,S,0
ESC-2024-001239,9355458,Southern Spirit II,NAV010,M05,granel_liquido,mixta,Gasóleo,9500.5,0,2024-04-20 11:35:01,2024-04-21 02:49:40,2024-04-22 18:17:10,Funchal,Amberes,S,0
ESC-2024-004828,9230438,Nordic Star IV,NAV030,M01,contenedores,mixta,Contenedores,5221.6,538,2024-04-20 15:15:43,2024-04-20 16:25:58,2024-04-21 11:55:56,Las Palmas,Ceuta,S,0
ESC-2024-006351,9503445,Ocean Mar,NAV034,M06,granel_liquido,mixta,Ácido sulfúrico,71853.0,0,2024-04-20 16:27:15,2024-04-20 16:51:43,2024-04-22 13:00:15,Lisboa,Amberes,S,0
ESC-2024-001891,9500467,Odiel Marina,NAV034,M08,fruta_refrigerada,mixta,Fresa y frutos rojos,10884.2,0,2024-04-20 20:20:48,2024-04-20 23:39:22,2024-04-22 07:10:26,Lisboa,Santa Cruz de Tenerife,S,0
ESC-2024-004748,9426178,Delta Marina II,NAV023,M09,pasajeros,descarga,Pasajeros,0.0,0,2024-04-20 23:05:41,2024-04-20 23:57:17,2024-04-21 06:33:08,Nueva York,Valencia,S,2420
ESC-2024-002076,9145425,Costa Express,NAV032,M05,granel_liquido,descarga,Biocombustible,89949.5,0,2024-04-20 23:18:49,2024-04-20 23:24:23,2024-04-22 10:27:20,Abiyán,Santos,S,0
ESC-2024-004300,9948346,Tinto Sol V,NAV020,M09,pasajeros,mixta,Pasajeros,0.0,0,2024-04-20 23:46:18,2024-04-20 23:49:37,2024-04-21 11:53:01,Génova,Ceuta,S,2683
ESC-2024-000887,9396517,Atlantic Voyager III,NAV035,M08,fruta_refrigerada,carga,Fruta tropical,7670.8,0,2024-04-21 00:00:00,2024-04-21 15:22:56,2024-04-22 19:56:51,Santos,Hamburgo,S,0
ESC-2024-002122,9655248,Southern Pioneer I,NAV017,M04,granel_liquido,carga,Crudo,17458.6,0,2024-04-21 05:27:52,2024-04-21 06:46:00,2024-04-22 06:12:38,Nueva York,Amberes,S,0
ESC-2024-002654,9894832,Luz Spirit,NAV008,M05,granel_liquido,descarga,Ácido sulfúrico,59028.8,0,2024-04-21 07:37:12,21/04/2024 14:18,2024-04-23 02:58:49,Funchal,Génova,S,0
ESC-2024-001456,9500467,Odiel Marina,NAV034,M08,fruta_refrigerada,descarga,Fresa y frutos rojos,13839.7,0,2024-04-21 09:00:00,2024-04-21 13:04:48,2024-04-22 06:26:24,Valencia,Algeciras,S,0
ESC-2024-000038,9243320,Golden Pride,NAV028,M06,granel_liquido,carga,Productos químicos,55695.1,0,2024-04-21 09:11:55,2024-04-21 13:44:04,2024-04-22 02:53:29,Funchal,Algeciras,S,0
ESC-2024-005326,9042219,Marisma Trader,NAV015,M03,granel_solido,carga,Pirita,19382.3,0,2024-04-21 12:08:45,2024-04-22 00:56:04,2024-04-24 06:12:27,Casablanca,Dakar,S,0
ESC-2024-001745,9126766,Silver Voyager,NAV007,M03,granel_solido,descarga,Clínker,17310.7,0,2024-04-21 16:12:29,2024-04-21 23:08:59,2024-04-23 14:31:26,Valencia,Las Palmas,S,0
ESC-2024-000261,9754288,Marisma Horizon V,NAV026,M05,granel_liquido,descarga,Crudo,35911.1,0,2024-04-21 18:46:56,2024-04-21 20:58:04,2024-04-22 20:08:25,Ceuta,Ceuta,S,0
ESC-2024-002038,9924003,Odiel Mar II,NAV015,M04,granel_liquido,carga,Biocombustible,20699.1,0,2024-04-21 21:27:47,2024-04-21 22:52:48,2024-04-23 05:50:23,Funchal,Rotterdam,S,0
ESC-2024-001101,9342255,Blue Fortune II,NAV034,M03,granel_solido,mixta,Pirita,32762.8,0,2024-04-21 22:18:55,2024-04-22 18:43:23,2024-04-24 08:02:46,Houston,Casablanca,S,0
ESC-2024-004352,9142590,Doña Wave,NAV019,M04,granel_liquido,carga,Productos químicos,37086.3,0,2024-04-22 00:31:03,2024-04-22 01:16:55,2024-04-23 10:46:09,Amberes,Tánger Med,S,0
ESC-2024-001569,9230268,Luz Express,NAV022,M01,contenedores,mixta,Contenedores,14135.5,1111,2024-04-22 04:20:55,2024-04-22 14:33:26,2024-04-23 13:33:17,Valencia,Rotterdam,S,0
ESC-2024-000562,9465057,Costa Pride I,NAV004,M11,carga_general,mixta,Palés,7511.9,0,2024-04-22 04:22:20,2024-04-22 05:07:07,2024-04-23 15:33:41,Hamburgo,Sines,S,0
ESC-2024-005619,9164330,Tinto Trader III,NAV025,M01,contenedores,descarga,Contenedores,12570.1,1182,2024-04-22 07:15:04,2024-04-22 08:50:41,2024-04-23 05:57:43,Santos,Le Havre,S,0
ESC-2024-005655,9086382,Estrella Star V,NAV036,M06,granel_liquido,mixta,Biocombustible,73856.5,0,2024-04-22 08:14:26,2024-04-22 12:36:08,2024-04-23 21:32:19,Rotterdam,Lisboa,S,0
ESC-2024-000933,9089059,Costa Voyager I,NAV035,M02,granel_solido,descarga,Concentrado de cobre,20113.6,0,2024-04-22 08:18:48,2024-04-22 09:32:14,2024-04-23 22:13:51,Valencia,Santos,S,0
ESC-2024-005241,9434709,Silver Express,NAV014,M12,granel_liquido,carga,Gasóleo,45551.9,0,2024-04-22 09:01:42,2024-04-22 10:25:41,2024-04-23 20:42:04,Santa Cruz de Tenerife,Funchal,S,0
ESC-2024-003036,9228526,Silver Navigator V,NAV039,M02,granel_solido,mixta,Fertilizantes,45088.1,0,2024-04-22 16:38:28,2024-04-23 14:23:30,2024-04-25 02:22:06,Amberes,Houston,S,0
ESC-2024-001564,9416159,Silver Marina,NAV015,M08,fruta_refrigerada,mixta,Fresa y frutos rojos,3688.6,0,2024-04-22 19:00:00,2024-04-22 20:51:12,2024-04-23 15:24:09,Rotterdam,Santos,S,0
ESC-2024-004074,9287900,Delta Spirit,NAV040,M07,ro_ro,carga,Vehículos,13351.8,0,2024-04-22 19:57:28,2024-04-22 21:09:53,2024-04-23 05:33:45,Abiyán,Las Palmas,S,0
ESC-2024-004276,9412543,Estrella Sol,NAV033,M06,granel_liquido,mixta,GNL,21120.2,0,2024-04-22 23:01:03,2024-04-23 07:35:27,2024-04-24 13:36:28,Santa Cruz de Tenerife,Abiyán,S,0
ESC-2024-001234,9260483,Punta Navigator IV,NAV004,M12,granel_liquido,mixta,GNL,46378.4,0,2024-04-23 00:42:42,2024-04-23 03:33:25,2024-04-24 13:26:13,Algeciras,Nueva York,S,0
ESC-2024-006181,9341287,Luz Carrier,NAV009,M08,fruta_refrigerada,mixta,Fresa y frutos rojos,6020.1,0,2024-04-23 04:00:00,2024-04-23 04:57:33,2024-04-24 14:03:18,Casablanca,Sines,S,0
ESC-2024-001542,9126766,Silver Voyager,NAV007,M02,granel_solido,carga,Clínker,28041.9,0,2024-04-23 07:37:32,2024-04-23 12:07:48,2024-04-25 06:27:25,Valencia,Funchal,S,0
ESC-2024-003876,9954656,  PUNTA SOL II ,NAV003,M08,fruta_refrigerada,carga,Fruta tropical,5892.7,0,2024-04-23 12:00:00,2024-04-23 12:59:33,2024-04-24 05:28:44,Nueva York,Lisboa,S,0
ESC-2024-002432,9465928,Southern Voyager,NAV003,M08,fruta_refrigerada,mixta,Fresa y frutos rojos,3909.1,0,2024-04-23 16:00:00,2024-04-23 21:50:38,2024-04-24 23:02:07,Santa Cruz de Tenerife,Rotterdam,S,0
ESC-2024-002498,9417816,Golden Wave,NAV024,M07,ro_ro,mixta,Vehículos,26829.0,0,2024-04-23 16:20:46,2024-04-23 16:26:59,2024-04-23 23:24:41,Santos,Hamburgo,S,0
ESC-2024-002968,9471769,Ocean Pride,NAV030,M11,carga_general,carga,Palés,6434.5,0,2024-04-23 18:22:48,2024-04-25 00:01:08,2024-04-25 16:43:58,Abiyán,Houston,S,0
ESC-2024-003147,9211444,Ocean Carrier,NAV014,M08,fruta_refrigerada,mixta,Fresa y frutos rojos,6622.9,0,2024-04-23 20:00:00,2024-04-24 01:35:18,2024-04-25 11:38:21,Algeciras,Valencia,S,0
ESC-2024-001335,9844588,Delta Wave,NAV001,,contenedores,mixta,Contenedores,12150.0,1006,2024-04-24 02:02:58,2024-04-24 02:26:40,2024-04-24 20:06:38,Las Palmas,Santos,S,0
ESC-2024-005694,9189512,Silver Spirit,NAV028,M02,granel_solido,mixta,Cereal,14775.9,0,2024-04-24 04:09:53,2024-04-24 11:59:29,2024-04-25 16:03:47,Las Palmas,Dakar,S,0
ESC-2024-002376,9323998,Odiel Mar I,NAV003,M08,fruta_refrigerada,descarga,Fruta tropical,10899.4,0,2024-04-24 06:00:00,2024-04-25 02:30:28,2024-04-25 19:38:32,Nueva York,Nueva York,S,0
ESC-2024-004345,9633628,Blue Pride,NAV033,M01,contenedores,mixta,Contenedores,12479.8,1168,2024-04-24 07:43:41,2024-04-24 12:05:11,2024-04-25 13:06:16,Sines,Rotterdam,S,0
ESC-2024-006457,9351828,Iberian Spirit,NAV008,M12,granel_liquido,descarga,GNL,22959.4,0,2024-04-24 10:00:09,2024-04-24 10:35:12,2024-04-25 17:31:30,Valencia,Rotterdam,S,0
ESC-2024-004397,9068720,Silver Venture II,NAV030,M10,pesca,mixta,Pescado fresco,6.5,0,2024-04-24 15:30:15,2024-04-24 15:30:30,2024-04-24 22:15:42,Lisboa,Santos,S,0
ESC-2024-005584,9260500,Southern Venture,NAV003,M01,contenedores,descarga,Contenedores,4789.1,479,2024-04-24 18:21:35,2024-04-25 01:41:46,2024-04-25 14:16:08,Génova,Nueva York,S,0
ESC-2024-003746,9569700,Costa Star,NAV006,M01,contenedores,descarga,Contenedores,3825.4,332,2024-04-24 19:05:05,2024-04-24 19:50:25,2024-04-25 11:42:24,Génova,Amberes,S,0
ESC-2024-000760,9088330,Southern Fortune I,NAV003,M12,granel_liquido,descarga,Gasóleo,101464.1,0,2024-04-24 19:53:29,2024-04-25 02:25:53,2024-04-25 17:40:10,Rotterdam,Nueva York,S,0
ESC-2024-000946,9131761,Southern Trader,NAV032,M07,ro_ro,descarga,Semirremolques,31287.8,0,2024-04-24 23:10:25,2024-04-25 00:34:05,2024-04-25 09:08:55,Ceuta,Tánger Med,S,0
ESC-2024-003578,9874595,Nordic Breeze,NAV020,M11,carga_general,mixta,Palés,8374.5,0,2024-04-24 23:41:46,2024-04-24 23:55:49,2024-04-26 02:16:39,Amberes,Tánger Med,S,0
ESC-2024-000921,9531090,Iberian Marina,NAV031,M03,granel_solido,mixta,Concentrado de cobre,16410.1,0,2024-04-25 01:26:45,2024-04-25 07:01:39,2024-04-26 15:02:22,Amberes,Tánger Med,S,0
ESC-2024-002103,9476367,Nordic Venture,NAV030,M08,fruta_refrigerada,descarga,Fruta tropical,11239.5,0,2024-04-25 05:00:00,2024-04-25 11:35:23,2024-04-26 02:50:52,Santa Cruz de Tenerife,Rotterdam,S,0
ESC-2024-003900,9083366,Cabo Spirit,NAV007,M08,fruta_refrigerada,mixta,Fresa y frutos rojos,9197.5,0,2024-04-25 06:00:00,2024-04-25 06:39:27,2024-04-26 09:31:08,Lisboa,Santos,S,0
ESC-2024-003779,9522908,Tinto Breeze III,NAV019,M08,fruta_refrigerada,mixta,Fresa y frutos rojos,10055.2,0,2024-04-25 08:00:00,2024-04-25 14:29:53,2024-04-27 02:58:23,Las Palmas,Le Havre,S,0
ESC-2024-005845,9211444,Ocean Carrier,NAV014,M08,fruta_refrigerada,carga,Fruta tropical,9836.1,0,2024-04-25 12:00:00,2024-04-25 17:50:11,2024-04-26 14:48:26,Abiyán,Lisboa,S,0
ESC-2024-001793,9460124,Estrella Bay,NAV021,M08,fruta_refrigerada,descarga,Cítricos,8291.5,0,2024-04-25 21:00:00,2024-04-26 05:30:17,2024-04-27 04:14:33,Sines,Santa Cruz de Tenerife,S,0
ESC-2024-000914,9415882,Southern Star II,NAV016,M02,granel_solido,mixta,Fertilizantes,38666.8,0,2024-04-25 23:10:48,2024-04-26 02:28:25,2024-04-28 11:38:41,Ceuta,Le Havre,S,0
ESC-2024-003638,9678460,Southern Spirit V,NAV033,M02,granel_solido,mixta,Concentrado de cobre,21689.0,0,2024-04-26 10:30:33,2024-04-26 19:09:01,2024-04-29 04:06:47,Casablanca,Le Havre,S,0
ESC-2024-004242,9352119,Aurora Pioneer,NAV024,M12,granel_liquido,mixta,Crudo,33555.6,0,2024-04-26 17:07:00,2024-04-26 21:34:40,2024-04-28 05:14:14,Ceuta,Rotterdam,S,0
ESC-2024-004142,9342255,Blue Fortune II,NAV034,M02,granel_solido,carga,Fertilizantes,40286.3,0,2024-04-26 17:10:59,2024-04-27 11:40:40,2024-04-28 13:20:39,Le Havre,Santa Cruz de Tenerife,S,0
ESC-2024-004858,9922976,Río Horizon II,NAV034,M05,granel_liquido,carga,GNL,34111.1,0,2024-04-26 22:08:35,2024-04-27 00:49:58,2024-04-28 11:44:11,Santa Cruz de Tenerife,Abiyán,S,0
ESC-2024-005532,9197583,Delta Venture,NAV007,M03,granel_solido,carga,Concentrado de cobre,17551.3,0,2024-04-27 00:48:17,2024-04-27 15:01:19,2024-04-30 16:21:30,Génova,Le Havre,S,0
ESC-2024-005638,9216286,Odiel Voyager,NAV031,M02,granel_solido,mixta,Clínker,28005.9,0,2024-04-27 10:20:36,2024-04-28 00:26:41,2024-04-30 16:04:23,Santos,Las Palmas,S,0
ESC-2024-005543,9364722,Aurora Glory II,NAV023,,granel_liquido,mixta,Productos químicos,8050.0,0,2024-04-27 10:45:25,2024-04-27 13:41:37,2024-04-28 13:19:03,Valencia,Hamburgo,S,0
ESC-2024-000285,9194256,Costa Glory,NAV015,M07,ro_ro,mixta,Vehículos,13047.8,0,2024-04-27 12:20:04,2024-04-27 14:45:43,2024-04-28 06:44:30,Algeciras,Funchal,S,0
ESC-2024-004434,9368390,Doña Spirit IV,NAV003,M01,contenedores,carga,Contenedores,6816.3,696,2024-04-27 14:51:43,2024-04-27 20:58:36,2024-04-29 05:08:01,Algeciras,Funchal,S,0
ESC-2024-006135,9716602,Iberian Horizon III,NAV038,M11,carga_general,mixta,Madera,5324.0,0,2024-04-27 17:18:06,2024-04-27 18:43:36,2024-04-28 21:30:08,Rotterdam,Las Palmas,S,0
ESC-2024-005566,9816622,Río Fortune,NAV010,,carga_general,mixta,Maquinaria,10981.1,0,2024-04-27 20:15:42,2024-04-28 02:05:42,2024-04-30 00:01:10,Houston,Casablanca,S,0
ESC-2024-003045,9576337,Silver Glory,NAV006,M02,granel_solido,carga,Clínker,24587.8,0,2024-04-28 00:40:10,2024-04-28 07:27:47,2024-04-29 18:08:09,Lisboa,Casablanca,S,0
ESC-2024-001172,9680669,Estrella Fortune,NAV029,M07,ro_ro,mixta,Semirremolques,16197.4,0,2024-04-28 01:07:30,2024-04-28 01:52:09,2024-04-28 09:00:21,Algeciras,Houston,S,0
ESC-2024-005639,9416159,Silver Marina,NAV015,M08,fruta_refrigerada,descarga,Fruta tropical,3767.9,0,2024-04-28 04:00:00,2024-04-28 12:18:15,2024-04-29 03:37:03,Las Palmas,Abiyán,S,0
ESC-2024-000945,9216286,Odiel Voyager,NAV031,M03,granel_solido,descarga,Clínker,28689.8,0,2024-04-28 04:02:38,2024-04-28 05:12:34,2024-04-29 11:27:42,Abiyán,Santa Cruz de Tenerife,S,0
ESC-2024-005089,9058751,Río Voyager,NAV009,M12,granel_liquido,carga,GNL,25541.6,0,2024-04-28 05:38:05,2024-04-28 23:26:31,2024-04-30 07:30:32,Nueva York,Santos,S,0
ESC-2024-005704,9884227,Silver Bay II,NAV035,M10,pesca,descarga,Pescado fresco,47200.0,0,2024-04-28 08:30:46,2024-04-28 08:46:38,2024-04-28 12:01:29,Santa Cruz de Tenerife,Houston,N,0
ESC-2024-006216,9284635,Nordic Sol IV,NAV017,M03,granel_solido,carga,Clínker,25693.5,0,2024-04-28 11:14:38,2024-04-28 11:57:47,2024-04-30 16:07:59,Dakar,Ceuta,S,0
ESC-2024-003994,9131761,Southern Trader,NAV032,M07,ro_ro,descarga,Semirremolques,36577.6,0,2024-04-28 12:04:57,2024-04-28 13:10:00,2024-04-29 09:00:17,Génova,Tánger Med,S,0
ESC-2024-004458,9148104,Marisma Pride,NAV010,M10,pesca,carga,Pescado fresco,49.1,0,2024-04-28 13:23:16,2024-04-28 13:30:19,2024-04-28 17:36:10,Algeciras,Nueva York,S,0
ESC-2024-004281,9176761,Cabo Pride,NAV014,M01,contenedores,descarga,Contenedores,20328.5,1705,2024-04-28 13:54:28,2024-04-29 00:09:23,2024-04-29 23:03:38,Rotterdam,Lisboa,S,0
ESC-2024-006221,9176761,Cabo Pride,NAV014,M01,contenedores,mixta,Contenedores,7798.8,802,2024-04-28 16:53:54,2024-04-28 23:29:24,2024-04-30 01:32:00,Santa Cruz de Tenerife,Nueva York,S,0
ESC-2024-002309,9083366,Cabo Spirit,NAV007,M08,fruta_refrigerada,carga,Fruta tropical,7652.9,0,2024-04-28 17:00:00,2024-04-28 22:03:30,2024-04-29 08:12:06,Le Havre,Lisboa,S,0
ESC-2024-005854,9511143,Cabo Wave II,NAV023,M06,granel_liquido,carga,Gasóleo,69835.7,0,2024-04-28 18:19:29,2024-04-29 05:56:52,2024-04-30 20:30:45,Valencia,Houston,S,0
ESC-2024-001228,9554494,Tinto Wave IV,NAV004,M07,ro_ro,descarga,Vehículos,23056.6,0,2024-04-28 21:11:19,2024-04-28 23:30:41,2024-04-29 06:43:26,Hamburgo,Nueva York,S,0
ESC-2024-005804,9260500,Southern Venture,NAV003,M01,contenedores,descarga,Contenedores,13586.8,1080,2024-04-29 03:42:07,2024-04-29 04:54:47,2024-04-29 17:11:30,Sines,Algeciras,S,0
ESC-2024-005018,9488736,Aurora Carrier,NAV013,M05,granel_liquido,carga,Crudo,51324.9,0,2024-04-29 05:21:07,2024-04-29 11:12:27,2024-04-30 09:26:14,Algeciras,Le Havre,S,0
ESC-2024-000597,9126766,Silver Voyager,NAV007,M02,granel_solido,descarga,Cereal,17771.3,0,2024-04-29 07:33:30,2024-04-29 08:12:58,2024-05-01 11:32:43,Nueva York,Santa Cruz de Tenerife,S,0
ESC-2024-001126,9844588,Delta Wave,NAV001,M01,contenedores,carga,Contenedores,6442.3,547,2024-04-29 09:36:19,2024-04-29 20:38:32,2024-04-30 07:58:01,Valencia,Amberes,S,0
ESC-2024-000389,9411939,Golden Breeze III,NAV010,M07,ro_ro,carga,Semirremolques,6172.7,0,2024-04-29 19:09:49,2024-04-29 20:05:51,2024-04-30 09:58:57,Santos,Abiyán,S,0
ESC-2024-003957,9770531,Aurora Spirit III,NAV023,M01,contenedores,mixta,Contenedores,3152.2,288,2024-04-29 21:06:18,2024-04-30 07:15:43,2024-05-01 01:59:14,Lisboa,Ceuta,S,0
ESC-2024-000857,9553086,Golden Bay,NAV029,M04,granel_liquido,mixta,GNL,52700.1,0,2024-04-29 21:08:35,2024-04-30 14:03:44,2024-05-01 21:06:20,Rotterdam,Las Palmas,S,0
ESC-2024-000936,9263394,Odiel Horizon,NAV034,M10,pesca,carga,Pescado fresco,68.6,0,2024-04-29 22:28:16,29/04/2024 22:28,2024-04-30 03:57:09,Amberes,Le Havre,S,0
ESC-2024-000589,9809253,Río Bay,NAV005,M02,granel_solido,carga,Fertilizantes,16673.8,0,2024-04-30 02:35:33,2024-04-30 06:55:02,2024-05-02 08:03:44,Abiyán,Ceuta,S,0
ESC-2024-000355,9531090,Iberian Marina,NAV031,M02,granel_solido,descarga,Pirita,18444.4,0,2024-04-30 03:30:03,2024-04-30 04:46:29,2024-05-02 15:25:59,Santa Cruz de Tenerife,Las Palmas,S,0
ESC-2024-002334,9098672,Punta Dawn,NAV035,M04,granel_liquido,descarga,Gasóleo,55826.4,0,2024-04-30 08:07:00,2024-04-30 15:11:16,2024-05-01 17:49:26,Rotterdam,Amberes,S,0
ESC-2024-000848,9207479,Punta Fortune,NAV034,M01,contenedores,carga,Contenedores,18814.0,1502,2024-04-30 08:18:38,2024-04-30 11:29:31,2024-05-01 07:23:33,Ceuta,Ceuta,S,0
ESC-2024-004421,9578270,Marisma Bay,NAV035,M02,granel_solido,descarga,Pirita,13203.8,0,2024-04-30 10:03:03,2024-04-30 13:50:55,2024-05-02 04:06:28,Santos,Dakar,S,0
ESC-2024-001119,9842700,Cabo Carrier,NAV037,M09,pasajeros,carga,Pasajeros,0.0,0,2024-04-30 11:54:51,2024-04-30 12:00:46,2024-04-30 20:38:07,Rotterdam,Houston,S,2622
ESC-2024-001065,9467031,Cabo Star,NAV008,M11,carga_general,mixta,Bobinas de acero,8415.7,0,2024-04-30 14:33:12,2024-04-30 15:39:51,2024-04-30 11:39:51,Rotterdam,Algeciras,S,0
ESC-2024-003312,9826108,Marisma Carrier,NAV005,M06,granel_liquido,descarga,Productos químicos,14676.9,0,2024-04-30 15:03:23,2024-04-30 16:36:07,2024-05-01 04:18:42,Lisboa,Valencia,S,0
ESC-2024-000282,9207479,Punta Fortune,NAV034,M01,contenedores,mixta,Contenedores,633.6,50,2024-04-30 16:44:08,2024-05-01 11:49:14,2024-05-02 11:36:54,Tánger Med,Tánger Med,S,0
ESC-2024-000971,9216286,Odiel Voyager,NAV031,M02,granel_solido,carga,Fertilizantes,22553.0,0,2024-04-30 17:09:51,30/04/2024 17:11,2024-05-03 00:03:27,Valencia,Lisboa,S,0
ESC-2024-000126,9392119,Odiel Voyager II,NAV025,M07,ro_ro,mixta,Semirremolques,28697.4,0,2024-04-30 18:27:21,2024-04-30 20:30:45,2024-05-01 04:33:21,Houston,Valencia,S,0
ESC-2024-004990,9472995,Blue Trader,NAV028,M02,granel_solido,descarga,Fertilizantes,53931.5,0,2024-04-30 22:03:59,2024-05-01 07:39:48,2024-05-03 14:55:04,Las Palmas,Hamburgo,S,0
ESC-2024-003584,9434709,Silver Express,NAV014,M06,granel_liquido,mixta,GNL,36444.6,0,2024-05-01 00:06:54,2024-05-01 01:16:34,2024-05-01 16:39:28,Casablanca,Houston,S,0
ESC-2024-005455,9355367,Delta Navigator I,NAV012,M01,contenedores,carga,Contenedores,11767.4,856,2024-05-01 03:03:00,2024-05-01 07:25:55,2024-05-02 03:58:46,Abiyán,Amberes,S,0
ESC-2024-003773,9197583,Delta Venture,NAV007,M03,granel_solido,mixta,Fertilizantes,20013.4,0,2024-05-01 06:51:31,2024-05-01 07:27:44,2024-05-02 21:20:20,Valencia,Tánger Med,S,0
ESC-2024-004145,9716602,Iberian Horizon III,NAV038,M11,carga_general,descarga,Palés,3286.0,0,2024-05-01 06:52:19,2024-05-01 08:55:09,2024-05-02 21:52:04,Amberes,Algeciras,S,0
ESC-2024-001661,9775373,Tinto Bay III,NAV012,M08,fruta_refrigerada,carga,Fruta tropical,5148.2,0,2024-05-01 08:12:22,2024-05-01 10:22:56,2024-05-03 01:44:13,Abiyán,Lisboa,S,0
ESC-2024-002743,9550230,Nordic Carrier,NAV011,M11,carga_general,carga,Madera,3758.9,0,2024-05-01 14:48:13,2024-05-01 15:12:28,2024-05-02 10:39:48,Santa Cruz de Tenerife,Algeciras,S,0
ESC-2024-000239,9434199,Estrella Pride II,NAV021,M04,granel_liquido,mixta,Crudo,50229.8,0,2024-05-01 15:36:39,01/05/2024 17:52,2024-05-02 11:51:23,Sines,Nueva York,S,0
ESC-2024-004681,9430090,Odiel Mar,NAV035,M03,granel_solido,mixta,Concentrado de cobre,15991.0,0,2024-05-01 17:24:21,2024-05-01 19:33:17,2024-05-04 04:31:01,Sines,Abiyán,S,0
ESC-2024-000862,9311490,Río Trader IV,NAV033,M10,pesca,descarga,Pescado fresco,45.6,0,2024-05-01 17:26:05,2024-05-01 17:40:49,2024-05-01 19:40:49,Funchal,Ceuta,N,0
ESC-2024-005030,9017721,Delta Dawn,NAV030,M10,pesca,carga,Pescado fresco,26.4,0,2024-05-01 21:14:22,2024-05-01 21:19:00,2024-05-02 01:15:58,Ceuta,Sines,S,0
ESC-2024-005139,9419474,Ocean Glory I,NAV022,M11,carga_general,carga,Maquinaria,7994.2,0,2024-05-01 21:29:12,2024-05-01 21:43:59,2024-05-03 09:20:11,Funchal,Tánger Med,S,0
ESC-2024-004781,9387047,Doña Breeze III,NAV001,M03,granel_solido,mixta,Concentrado de cobre,25095.1,0,2024-05-01 21:57:58,2024-05-01 22:05:27,2024-05-03 06:38:10,Ceuta,Rotterdam,S,0
ESC-2024-003336,9042219,Marisma Trader,NAV015,M02,granel_solido,mixta,Fertilizantes,19341.0,0,2024-05-01 22:54:23,2024-05-02 06:06:35,2024-05-05 10:52:14,Santa Cruz de Tenerife,Las Palmas,S,0
ESC-2024-005618,9118238,Doña Glory,NAV006,M02,granel_solido,carga,Clínker,27792.7,0,2024-05-02 01:55:20,2024-05-02 15:09:46,2024-05-03 19:49:40,Dakar,Amberes,S,0
ESC-2024-001618,9131761,Southern Trader,NAV032,M07,ro_ro,mixta,Semirremolques,22675.0,0,2024-05-02 01:59:05,2024-05-02 06:27:26,2024-05-02 17:41:30,Funchal,Nueva York,S,0
ESC-2024-002694,9083366,Cabo Spirit,NAV007,M08,fruta_refrigerada,mixta,Fresa y frutos rojos,6367.1,0,2024-05-02 02:00:00,2024-05-02 11:07:42,2024-05-03 15:52:42,Tánger Med,Casablanca,S,0
ESC-2024-006226,9223904,Aurora Bay IV,NAV003,M05,granel_liquido,descarga,GNL,19281.5,0,2024-05-02 03:04:35,2024-05-02 06:04:43,2024-05-03 20:32:48,Valencia,Las Palmas,S,0
ESC-2024-001964,9597721,Cabo Navigator,NAV038,M06,granel_liquido,descarga,Crudo,31286.1,0,2024-05-02 06:04:54,2024-05-02 06:25:21,2024-05-03 12:34:42,Ceuta,Rotterdam,S,0
ESC-2024-005965,9853620,Blue Express,NAV007,M11,carga_general,descarga,Bobinas de acero,12010.0,0,2024-05-02 07:36:14,2024-05-02 14:26:20,2024-05-04 05:49:36,Santa Cruz de Tenerife,Houston,S,0
ESC-2024-005235,9826809,Delta Voyager,NAV034,M05,granel_liquido,carga,Ácido sulfúrico,43816.7,0,2024-05-02 08:30:35,2024-05-02 17:30:57,2024-05-04 13:02:15,Lisboa,Las Palmas,S,0
ESC-2024-004825,9571296,Marisma Pioneer I,NAV031,M08,fruta_refrigerada,mixta,Cítricos,10536.4,0,2024-05-02 10:00:00,2024-05-02 13:10:30,2024-05-03 15:01:25,Génova,Santa Cruz de Tenerife,S,0
ESC-2024-000758,9990105,Blue Carrier V,NAV035,M03,granel_solido,descarga,Fertilizantes,9880.7,0,2024-05-02 11:54:04,2024-05-03 05:20:53,2024-05-05 08:50:08,Le Havre,Houston,S,0
ESC-2024-005510,9216286,Odiel Voyager,NAV031,M02,granel_solido,carga,Concentrado de cobre,25200.4,0,2024-05-02 13:26:07,02/05/2024 23:07,2024-05-04 14:24:04,Nueva York,Rotterdam,S,0
ESC-2024-004756,9513804,Silver Navigator,NAV010,M06,granel_liquido,mixta,GNL,64177.6,0,2024-05-02 15:33:00,2024-05-03 03:52:57,2024-05-04 12:38:28,Hamburgo,Amberes,S,0
ESC-2024-002278,9154567,Estrella Trader III,NAV025,M11,carga_general,carga,Palés,5917.9,0,2024-05-02 15:49:35,2024-05-02 17:47:20,2024-05-03 10:48:11,Santa Cruz de Tenerife,Funchal,S,0
ESC-2024-005452,9771195,Golden Venture I,NAV025,M04,granel_liquido,descarga,Crudo,50613.3,0,2024-05-02 20:50:20,2024-05-03 02:34:36,2024-05-04 21:26:47,Algeciras,Abiyán,S,0
ESC-2024-000445,9714111,Luz Pioneer,NAV003,M06,granel_liquido,descarga,GNL,59837.6,0,2024-05-02 20:59:41,2024-05-02 22:09:33,2024-05-04 00:34:51,Las Palmas,Algeciras,S,0
ESC-2024-002745,9842700,Cabo Carrier,NAV037,M09,pasajeros,mixta,Pasajeros,0.0,0,2024-05-02 21:44:10,2024-05-02 21:59:35,2024-05-03 07:43:59,Génova,Sines,S,1586
ESC-2024-005925,9736327,Iberian Dawn,NAV033,M03,granel_solido,mixta,Concentrado de cobre,19806.0,0,2024-05-03 00:11:17,2024-05-03 00:30:16,2024-05-04 17:52:00,Génova,Algeciras,S,0
ESC-2024-006004,9864447,Iberian Dawn II,NAV008,M02,granel_solido,mixta,Cereal,13988.7,0,2024-05-03 03:06:50,2024-05-03 13:49:00,2024-05-05 14:20:58,Hamburgo,Génova,S,0
ESC-2024-001223,9105396,Río Dawn,NAV006,M11,carga_general,carga,Maquinaria,11297.5,0,2024-05-03 03:12:16,2024-05-03 08:21:34,2024-05-04 20:20:34,Génova,Santa Cruz de Tenerife,S,0
ESC-2024-005525,9787974,Marisma Star,NAV026,M06,granel_liquido,carga,Crudo,78998.4,0,2024-05-03 03:50:59,2024-05-03 15:12:21,2024-05-04 11:01:46,Hamburgo,Casablanca,S,0
ESC-2024-004278,9589475,Cabo Fortune,NAV007,M01,contenedores,carga,Contenedores,7129.0,712,2024-05-03 04:44:21,2024-05-03 11:22:44,2024-05-04 12:13:21,Hamburgo,Tánger Med,S,0
ESC-2024-001125,9442380,Odiel Horizon II,NAV013,M06,granel_liquido,mixta,Gasóleo,61250.8,0,2024-05-03 04:53:09,2024-05-03 07:20:10,2024-05-04 14:42:24,Dakar,Funchal,S,0
ESC-2024-000482,9093464,Iberian Sol,NAV004,M12,granel_liquido,descarga,Biocombustible,103025.0,0,2024-05-03 07:59:29,2024-05-03 12:53:14,2024-05-05 04:29:53,Ceuta,Valencia,S,0
ESC-2024-006494,9093464,Iberian Sol,NAV004,M12,granel_liquido,descarga,Crudo,76202.7,0,2024-05-03 09:06:09,2024-05-03 13:55:01,2024-05-04 15:38:35,Dakar,Nueva York,S,0
ESC-2024-002738,9320221,Tinto Pride,NAV024,M08,fruta_refrigerada,mixta,Fresa y frutos rojos,10723.8,0,2024-05-03 11:00:00,2024-05-03 14:21:20,2024-05-04 21:39:06,Valencia,Ceuta,S,0
ESC-2024-000005,9647021,Punta Pride,NAV035,M05,granel_liquido,carga,Biocombustible,42260.9,0,2024-05-03 12:32:33,2024-05-03 12:51:21,2024-05-03 22:32:43,Houston,Tánger Med,S,0
ESC-2024-002902,9194256,Costa Glory,NAV015,M07,ro_ro,carga,Vehículos,18839.8,0,2024-05-03 13:23:44,2024-05-03 15:17:58,2024-05-03 23:24:42,Santos,Le Havre,S,0
ESC-2024-005964,9460124,Estrella Bay,NAV021,M08,fruta_refrigerada,carga,Cítricos,16608.2,0,2024-05-03 14:00:00,2024-05-03 15:48:45,2024-05-04 15:57:42,Génova,Santos,S,0
ESC-2024-000227,9663582,Delta Express IV,NAV026,M07,ro_ro,carga,Vehículos,24139.8,0,2024-05-03 16:24:36,2024-05-03 17:09:11,2024-05-04 04:42:06,Nueva York,Valencia,S,0
ESC-2024-004935,9260483,Punta Navigator IV,NAV004,M05,granel_liquido,descarga,Gasóleo,77785.0,0,2024-05-04 00:10:57,2024-05-04 00:23:05,2024-05-05 04:57:08,Amberes,Las Palmas,S,0
ESC-2024-002740,9434709,Silver Express,NAV014,M05,granel_liquido,carga,Gasóleo,66838.6,0,2024-05-04 01:31:45,2024-05-04 02:22:07,2024-05-05 14:09:08,Santos,Rotterdam,S,0
ESC-2024-003313,9416159,Silver Marina,NAV015,M08,fruta_refrigerada,carga,Cítricos,4178.2,0,2024-05-04 09:00:00,2024-05-04 09:40:51,2024-05-05 08:49:50,Valencia,Lisboa,S,0
ESC-2024-000074,9595216,Southern Breeze I,NAV002,M07,ro_ro,carga,Vehículos,34544.2,0,2024-05-04 10:14:17,2024-05-04 11:42:10,2024-05-05 00:39:47,Nueva York,Rotterdam,S,0
ESC-2024-004803,9086382,Estrella Star V,NAV036,M05,granel_liquido,descarga,GNL,65238.6,0,2024-05-04 12:49:45,2024-05-05 01:58:38,2024-05-06 06:23:31,Las Palmas,Valencia,S,0
ESC-2024-001011,9924003,Odiel Mar II,NAV015,M05,granel_liquido,mixta,Productos químicos,32375.3,0,2024-05-04 13:15:27,2024-05-04 14:34:19,2024-05-06 00:13:36,Santos,Génova,S,0
ESC-2024-000968,9864447,Iberian Dawn II,NAV008,M03,granel_solido,mixta,Pirita,24523.0,0,2024-05-04 13:41:00,2024-05-04 22:14:47,2024-05-05 20:34:04,Sines,Santos,S,0
ESC-2024-001772,9207479,Punta Fortune,NAV034,M01,contenedores,descarga,Contenedores,7407.8,800,2024-05-04 15:49:34,2024-05-04 19:21:51,2024-05-06 01:27:34,Santos,Hamburgo,S,0
ESC-2024-001090,9603192,Odiel Spirit,NAV036,M07,ro_ro,descarga,Semirremolques,24940.5,0,2024-05-04 16:19:38,2024-05-04 18:51:19,2024-05-05 07:04:35,Génova,Rotterdam,S,0
ESC-2024-000394,9423853,Odiel Pioneer,NAV028,M04,granel_liquido,carga,Productos químicos,28968.8,0,2024-05-04 19:31:38,2024-05-04 22:31:17,2024-05-05 23:45:47,Hamburgo,Valencia,S,0
ESC-2024-006364,9494670,Luz Fortune,NAV031,M07,ro_ro,carga,Semirremolques,17440.6,0,2024-05-04 22:25:23,2024-05-04 23:33:32,2024-05-05 10:05:53,Casablanca,Casablanca,S,0
ESC-2024-001168,9125293,Nordic Bay,NAV020,M05,granel_liquido,carga,Crudo,27246.3,0,2024-05-05 01:23:47,2024-05-05 05:52:06,2024-05-05 22:29:15,Casablanca,Le Havre,S,0
ESC-2024-000568,9429601,Marisma Spirit IV,NAV040,M02,granel_solido,carga,Concentrado de cobre,31909.4,0,2024-05-05 01:23:50,05/05/2024 07:08,2024-05-07 08:37:18,Ceuta,Abiyán,S,0
ESC-2024-002134,9429601,Marisma Spirit IV,NAV040,M02,granel_solido,descarga,Cereal,26931.1,0,2024-05-05 06:49:25,2024-05-05 22:18:13,2024-05-08 00:40:59,Valencia,Funchal,S,0
ESC-2024-004261,9105396,Río Dawn,NAV006,M11,carga_general,mixta,Palés,9170.0,0,2024-05-05 07:49:30,2024-05-05 11:22:23,2024-05-06 15:01:46,Valencia,Génova,S,0
ESC-2024-004438,9068720,Silver Venture II,NAV030,M10,pesca,carga,Pescado fresco,20.6,0,2024-05-05 11:05:36,2024-05-05 11:06:12,2024-05-05 20:13:46,Hamburgo,Abiyán,N,0
ESC-2024-005408,9207558,Marisma Spirit III,NAV017,M05,granel_liquido,descarga,Ácido sulfúrico,28757.3,0,2024-05-05 13:52:10,2024-05-05 20:07:24,2024-05-06 15:54:42,Rotterdam,Abiyán,S,0
ESC-2024-002016,9199622,Costa Pride,NAV033,M11,carga_general,descarga,Maquinaria,3561.3,0,2024-05-05 15:32:49,2024-05-05 22:53:59,2024-05-07 01:52:38,Houston,Abiyán,S,0
ESC-2024-001862,9822619,Ocean Bay,NAV002,M11,carga_general,descarga,Palés,9216.3,0,2024-05-06 02:51:33,2024-05-06 03:29:28,2024-05-07 10:00:48,Le Havre,Las Palmas,S,0
ESC-2024-005248,9898084,Marisma Fortune,NAV013,M04,granel_liquido,descarga,Gasóleo,58155.4,0,2024-05-06 03:36:10,2024-05-07 00:32:16,2024-05-07 23:47:46,Abiyán,Santos,S,0
ESC-2024-004296,9023079,Cabo Breeze V,NAV015,M08,fruta_refrigerada,descarga,Cítricos,6786.5,0,2024-05-06 04:00:00,2024-05-06 08:25:17,2024-05-07 07:10:41,Santos,Algeciras,S,0
ESC-2024-004982,9284635,Nordic Sol IV,NAV017,M02,granel_solido,carga,Fertilizantes,-23799.4,0,2024-05-06 11:00:28,2024-05-06 12:27:22,2024-05-07 13:44:20,Dakar,Nueva York,S,0
ESC-2024-000240,9207479,Punta Fortune,NAV034,M01,contenedores,mixta,Contenedores,15493.3,1615,2024-05-06 13:24:33,06/05/2024 13:47,2024-05-07 04:28:42,Santos,Santa Cruz de Tenerife,S,0
ESC-2024-005250,9775373,Tinto Bay III,NAV012,M08,fruta_refrigerada,carga,Fruta tropical,3428.8,0,2024-05-06 14:00:00,2024-05-06 14:45:08,2024-05-07 18:12:18,Le Havre,Funchal,S,0
ESC-2024-003090,9426178,Delta Marina II,NAV023,M09,pasajeros,descarga,Pasajeros,0.0,0,2024-05-06 14:41:49,2024-05-06 14:48:50,2024-05-07 02:53:43,Lisboa,Tánger Med,S,1216
ESC-2024-001694,9203722,Southern Voyager II,NAV034,M01,contenedores,mixta,Contenedores,19873.1,1658,2024-05-06 16:10:20,2024-05-06 20:49:25,2024-05-07 15:03:03,Tánger Med,Génova,S,0
ESC-2024-003319,9425693,Tinto Bay I,NAV002,M08,fruta_refrigerada,carga,Cítricos,6708.7,0,2024-05-06 18:00:00,2024-05-06 19:29:00,2024-05-08 04:20:14,Houston,Funchal,S,0
ESC-2024-002499,9678460,Southern Spirit V,NAV033,M02,granel_solido,carga,Pirita,18885.5,0,2024-05-06 21:38:15,2024-05-07 04:24:54,2024-05-09 07:07:44,Valencia,Houston,S,0
ESC-2024-003891,9132703,Cabo Breeze,NAV019,M06,granel_liquido,mixta,Biocombustible,62943.5,0,2024-05-06 23:00:35,2024-05-07 07:59:59,2024-05-08 15:17:20,Valencia,Houston,S,0
ESC-2024-002705,9732890,Tinto Marina,NAV033,M04,granel_liquido,descarga,GNL,8944.4,0,2024-05-07 02:26:02,2024-05-07 07:02:49,2024-05-09 01:58:58,Nueva York,Santa Cruz de Tenerife,S,0
ESC-2024-001581,9392119,Odiel Voyager II,NAV025,M07,ro_ro,carga,Semirremolques,16183.1,0,2024-05-07 05:01:06,2024-05-07 07:31:09,2024-05-07 14:32:01,Ceuta,Lisboa,S,0
ESC-2024-001163,9878369,Costa Horizon,NAV040,M08,fruta_refrigerada,mixta,Fruta tropical,8958.8,0,2024-05-07 07:00:00,2024-05-07 11:36:28,2024-05-09 01:09:39,Ceuta,Le Havre,S,0
ESC-2024-006011,9397987,Tinto Express,NAV012,M01,contenedores,carga,Contenedores,12987.2,1161,2024-05-07 07:48:34,2024-05-07 08:50:45,2024-05-08 09:46:17,Funchal,Sines,S,0
ESC-2024-000089,9151711,Delta Trader,NAV018,M08,fruta_refrigerada,mixta,Fresa y frutos rojos,8521.8,0,2024-05-07 08:00:00,2024-05-07 09:51:55,2024-05-08 22:26:14,Ceuta,Algeciras,S,0
ESC-2024-005690,9936135,Luz Dawn,NAV008,M02,granel_solido,carga,Cereal,25746.3,0,2024-05-07 11:21:14,2024-05-08 02:01:35,2024-05-09 15:00:36,Funchal,Nueva York,S,0
ESC-2024-003618,9149469,Río Spirit IV,NAV036,M03,granel_solido,descarga,Concentrado de cobre,29714.7,0,2024-05-07 12:03:18,2024-05-08 05:55:22,2024-05-10 00:50:55,Lisboa,Lisboa,S,0
ESC-2024-001021,9476367,Nordic Venture,NAV030,M08,fruta_refrigerada,mixta,Cítricos,15260.7,0,2024-05-07 14:00:00,2024-05-07 15:49:05,2024-05-08 17:29:48,Hamburgo,Le Havre,S,0
ESC-2024-001100,9569700,Costa Star,NAV006,M01,contenedores,carga,Contenedores,6698.2,643,2024-05-07 15:04:27,2024-05-07 19:43:59,2024-05-08 08:34:02,Nueva York,Amberes,S,0
ESC-2024-005126,9222869,Aurora Trader,NAV038,M01,contenedores,descarga,Contenedores,13638.1,985,2024-05-07 16:57:22,2024-05-07 21:54:14,2024-05-09 07:49:04,Funchal,Lisboa,S,0
ESC-2024-000529,9425693,Tinto Bay I,NAV002,M08,fruta_refrigerada,mixta,Fruta tropical,4726.7,0,2024-05-07 20:00:00,2024-05-07 21:35:38,2024-05-09 00:45:38,Amberes,Santa Cruz de Tenerife,S,0
ESC-2024-005540,9341287,Luz Carrier,NAV009,M08,fruta_refrigerada,carga,Cítricos,8514.0,0,2024-05-07 20:01:34,2024-05-07 21:12:23,2024-05-08 22:17:43,Lisboa,Algeciras,S,0
ESC-2024-002936,9149469,Río Spirit IV,NAV036,M03,granel_solido,mixta,Concentrado de cobre,43341.3,0,2024-05-07 23:59:33,2024-05-08 18:23:05,2024-05-11 07:12:10,Casablanca,Sines,S,0
ESC-2024-004161,9030022,Costa Fortune V,NAV007,M10,pesca,mixta,Pescado fresco,43.4,0,2024-05-08 01:05:32,2024-05-08 01:06:32,2024-05-08 05:58:47,Las Palmas,Génova,S,0
ESC-2024-001448,9721994,Cabo Pioneer,NAV031,M08,fruta_refrigerada,carga,Fresa y frutos rojos,5413.8,0,2024-05-08 06:00:00,2024-05-08 11:21:39,2024-05-09 21:57:25,Lisboa,Santos,S,0
ESC-2024-000362,9416575,Punta Mar,NAV032,M10,pesca,descarga,Pescado fresco,46.2,0,2024-05-08 10:25:44,2024-05-08 10:27:17,2024-05-08 15:50:14,Funchal,Abiyán,S,0
ESC-2024-006117,9396517,Atlantic Voyager III,NAV035,M08,fruta_refrigerada,descarga,Cítricos,11025.3,0,2024-05-08 14:00:00,2024-05-08 18:15:41,2024-05-09 20:01:45,Santa Cruz de Tenerife,Algeciras,S,0
ESC-2024-004841,9460124,Estrella Bay,NAV021,M08,fruta_refrigerada,mixta,Fruta tropical,16092.2,0,2024-05-08 15:02:53,2024-05-08 15:37:53,2024-05-10 02:27:08,Funchal,Las Palmas,S,0
ESC-2024-004377,9911094,Golden Carrier I,NAV021,M02,granel_solido,carga,Cereal,31224.7,0,2024-05-08 21:12:26,2024-05-09 12:57:24,2024-05-11 08:19:38,Algeciras,Sines,S,0
ESC-2024-001681,9364722,Aurora Glory II,NAV023,M12,granel_liquido,carga,GNL,10357.4,0,2024-05-08 22:43:27,2024-05-09 00:45:27,2024-05-10 16:12:21,Génova,Las Palmas,S,0
ESC-2024-000570,9548768,Aurora Trader II,NAV029,M03,granel_solido,descarga,Fertilizantes,23097.6,0,2024-05-08 22:46:09,2024-05-09 08:41:21,2024-05-12 00:20:18,Rotterdam,Le Havre,S,0
ESC-2024-003427,9522908,Tinto Breeze III,NAV019,M08,fruta_refrigerada,mixta,Fresa y frutos rojos,13800.5,0,2024-05-08 23:00:00,2024-05-09 01:43:22,2024-05-10 06:07:54,Santos,Rotterdam,S,0
ESC-2024-005935,9341287,  LUZ CARRIER ,NAV009,M08,fruta_refrigerada,mixta,Fruta tropical,9320.4,0,2024-05-09 00:00:00,2024-05-09 01:12:45,2024-05-09 20:36:23,Abiyán,Casablanca,S,0
ESC-2024-001138,9732890,Tinto Marina,NAV033,M06,granel_liquido,descarga,Biocombustible,13503.3,0,2024-05-09 03:13:23,2024-05-09 18:48:26,2024-05-11 00:02:22,Nueva York,Funchal,S,0
ESC-2024-005432,9221920,Silver Bay,NAV020,M12,granel_liquido,carga,Biocombustible,26798.9,0,2024-05-09 03:41:47,2024-05-10 14:19:33,2024-05-11 22:25:54,Funchal,Valencia,S,0
ESC-2024-001704,9396517,Atlantic Voyager III,NAV035,M08,fruta_refrigerada,carga,Cítricos,9449.3,0,2024-05-09 06:00:00,2024-05-09 12:51:40,2024-05-10 10:22:49,Ceuta,Valencia,S,0
ESC-2024-000939,9878369,Costa Horizon,NAV040,M08,fruta_refrigerada,mixta,Cítricos,14137.5,0,2024-05-09 15:22:04,2024-05-09 21:18:13,2024-05-11 08:18:38,Las Palmas,Amberes,S,0
ESC-2024-004985,9957799,Río Sol,NAV006,M06,granel_liquido,mixta,Productos químicos,36412.9,0,2024-05-09 15:27:13,2024-05-10 14:36:01,2024-05-11 21:16:56,Casablanca,Hamburgo,S,0
ESC-2024-004585,9102112,Delta Spirit I,NAV035,M03,granel_solido,mixta,Clínker,10287.7,0,2024-05-09 16:55:12,2024-05-10 17:36:29,2024-05-13 06:53:37,Hamburgo,Las Palmas,S,0
ESC-2024-004879,9954656,Punta Sol II,NAV003,M08,fruta_refrigerada,descarga,Fruta tropical,7146.8,0,2024-05-09 17:00:00,2024-05-09 18:35:47,2024-05-11 02:41:51,Génova,Dakar,S,0
ESC-2024-002012,9430090,Odiel Mar,NAV035,M02,granel_solido,mixta,Fertilizantes,23620.9,0,2024-05-09 17:46:00,2024-05-10 20:21:41,2024-05-11 12:38:09,Lisboa,Algeciras,S,0
ESC-2024-000264,9060417,Estrella Venture,NAV025,M06,granel_liquido,mixta,Biocombustible,11212.9,0,2024-05-09 19:17:12,10/05/2024 00:33,2024-05-11 11:15:33,Santa Cruz de Tenerife,Tánger Med,S,0
ESC-2024-005133,9276638,Estrella Dawn,NAV008,M10,pesca,mixta,Pescado fresco,53000.0,0,2024-05-09 21:31:46,2024-05-09 21:32:18,2024-05-10 03:42:05,Le Havre,Nueva York,S,0
ESC-2024-003383,9230438,Nordic Star IV,NAV030,M01,contenedores,descarga,Contenedores,14661.9,1351,2024-05-09 22:35:34,2024-05-10 02:07:30,2024-05-11 03:07:04,Santos,Rotterdam,S,0
ESC-2024-005796,9312547,Punta Pride III,NAV030,M12,granel_liquido,descarga,GNL,27598.4,0,2024-05-10 01:38:21,2024-05-10 06:36:35,2024-05-11 12:02:31,Rotterdam,Nueva York,S,0
ESC-2024-001117,9158094,Odiel Dawn,NAV006,M05,granel_liquido,mixta,Ácido sulfúrico,29841.6,0,2024-05-10 14:17:52,2024-05-10 14:55:27,2024-05-11 23:17:02,Génova,Lisboa,S,0
ESC-2024-002458,9211444,Ocean Carrier,NAV014,M08,fruta_refrigerada,carga,Fresa y frutos rojos,7361.8,0,2024-05-10 15:00:00,2024-05-10 20:55:40,2024-05-12 03:32:57,Hamburgo,Las Palmas,S,0
ESC-2024-001058,9716602,Iberian Horizon III,NAV038,M11,carga_general,carga,Palés,5679.9,0,2024-05-10 19:40:53,2024-05-11 03:01:03,2024-05-12 18:42:01,Sines,Valencia,S,0
ESC-2024-003465,9554494,Tinto Wave IV,NAV004,M07,ro_ro,descarga,Vehículos,27840.0,0,2024-05-10 22:24:42,2024-05-10 23:35:37,2024-05-11 07:59:15,Las Palmas,Ceuta,S,0
ESC-2024-005504,9236834,Aurora Fortune,NAV040,M04,granel_liquido,descarga,Biocombustible,55897.4,0,2024-05-10 22:55:25,2024-05-11 09:44:02,2024-05-12 15:55:07,Las Palmas,Lisboa,S,0
ESC-2024-005707,9434072,Iberian Voyager,NAV015,M01,contenedores,descarga,Contenedores,9763.2,1023,2024-05-11 06:21:20,2024-05-11 06:24:06,2024-05-12 05:07:01,Casablanca,Sines,S,0
ESC-2024-002037,9654488,Delta Sol,NAV035,M02,granel_solido,descarga,Cereal,42734.5,0,2024-05-11 10:45:18,2024-05-11 12:29:15,2024-05-13 04:58:05,Rotterdam,Algeciras,S,0
ESC-2024-005208,9521198,Blue Bay III,NAV036,M10,pesca,descarga,Pescado fresco,34.6,0,2024-05-11 16:45:44,2024-05-11 17:17:27,2024-05-12 00:10:51,Santos,Lisboa,N,0
ESC-2024-000877,9531090,Iberian Marina,NAV031,M02,granel_solido,mixta,Concentrado de cobre,17761.0,0,2024-05-11 21:43:31,2024-05-12 04:41:19,2024-05-14 07:56:18,Tánger Med,Tánger Med,S,0
ESC-2024-004545,9539145,Marisma Mar,NAV013,M08,fruta_refrigerada,carga,Cítricos,9530.0,0,2024-05-12 00:00:00,2024-05-12 00:25:08,2024-05-13 03:49:18,Dakar,Amberes,S,0
ESC-2024-004801,9367487,Ocean Fortune I,NAV009,M11,carga_general,mixta,Madera,7169.1,0,2024-05-12 01:39:51,2024-05-12 05:18:09,2024-05-13 01:32:20,Casablanca,Rotterdam,S,0
ESC-2024-003916,9770531,Aurora Spirit III,NAV023,M01,contenedores,descarga,Contenedores,7765.1,775,2024-05-12 02:32:30,2024-05-12 04:18:50,2024-05-13 04:58:08,Sines,Las Palmas,S,0
ESC-2024-004362,9626546,Southern Fortune,NAV008,M02,granel_solido,carga,Cereal,25288.6,0,2024-05-12 02:55:54,2024-05-12 14:16:16,2024-05-12 08:16:16,Casablanca,Casablanca,S,0
ESC-2024-001846,9216286,Odiel Voyager,NAV031,M03,granel_solido,mixta,Cereal,17360.5,0,2024-05-12 03:18:34,2024-05-12 07:17:00,2024-05-14 08:12:24,Valencia,Rotterdam,S,0
ESC-2024-001006,9531090,Iberian Marina,NAV031,M03,granel_solido,mixta,Pirita,21511.1,0,2024-05-12 04:32:16,2024-05-13 02:45:42,2024-05-15 12:07:19,Santa Cruz de Tenerife,Hamburgo,S,0
ESC-2024-000155,9954656,Punta Sol II,NAV003,M08,fruta_refrigerada,mixta,Cítricos,6172.6,0,2024-05-12 06:00:00,2024-05-12 12:24:50,2024-05-13 18:09:32,Ceuta,Tánger Med,S,0
ESC-2024-003485,9476367,Nordic Venture,NAV030,M08,fruta_refrigerada,mixta,Cítricos,8634000.0,0,2024-05-12 08:00:00,2024-05-12 11:33:45,2024-05-13 18:40:51,Lisboa,Valencia,S,0
ESC-2024-002581,9898084,Marisma Fortune,NAV013,M05,granel_liquido,mixta,Gasóleo,75554.6,0,2024-05-12 11:47:54,2024-05-13 13:26:02,2024-05-15 10:55:43,Las Palmas,Abiyán,S,0
ESC-2024-005631,9221920,Silver Bay,NAV020,M12,granel_liquido,mixta,Productos químicos,15971.8,0,2024-05-12 13:12:47,2024-05-12 16:12:12,2024-05-14 06:54:09,Lisboa,Casablanca,S,0
ESC-2024-001702,9732890,Tinto Marina,NAV033,M05,granel_liquido,mixta,Biocombustible,11729.6,0,2024-05-12 16:15:34,2024-05-12 23:54:06,2024-05-15 00:06:36,Algeciras,Casablanca,S,0
ESC-2024-004533,9924003,Odiel Mar II,NAV015,M04,granel_liquido,mixta,Crudo,17235.0,0,2024-05-12 16:38:08,2024-05-13 14:08:52,2024-05-13 19:49:08,Nueva York,Amberes,S,0
ESC-2024-005900,9418834,Costa Navigator V,NAV035,,granel_solido,mixta,Clínker,45672.6,0,2024-05-12 20:51:01,2024-05-13 04:51:35,2024-05-14 19:13:58,Santa Cruz de Tenerife,Santa Cruz de Tenerife,S,0
ESC-2024-003347,9093220,Atlantic Trader,NAV010,M08,fruta_refrigerada,descarga,Cítricos,4762.2,0,2024-05-12 23:53:53,2024-05-13 00:48:20,2024-05-14 03:21:20,Ceuta,Amberes,S,0
ESC-2024-005801,9311490,Río Trader IV,NAV033,M10,pesca,descarga,Pescado fresco,61.3,0,2024-05-13 03:30:21,2024-05-13 03:49:48,2024-05-13 08:56:28,Ceuta,Sines,N,0
ESC-2024-003244,9957799,Río Sol,NAV006,M12,granel_liquido,mixta,GNL,66342.1,0,2024-05-13 08:22:59,2024-05-13 12:14:12,2024-05-14 17:23:01,Nueva York,Dakar,S,0
ESC-2024-000194,9312547,Punta Pride III,NAV030,M06,granel_liquido,carga,GNL,21012.5,0,2024-05-13 08:47:09,2024-05-13 15:23:06,2024-05-14 17:20:45,Santos,Casablanca,S,0
ESC-2024-005219,9116591,Nordic Marina IV,NAV014,M01,contenedores,carga,Contenedores,13780.3,1074,2024-05-13 08:59:15,2024-05-13 20:52:34,2024-05-15 03:03:08,Funchal,Le Havre,S,0
ESC-2024-000687,9197583,Delta Venture,NAV007,M03,granel_solido,descarga,Clínker,24953.5,0,2024-05-13 13:08:36,2024-05-14 02:33:58,2024-05-16 05:17:08,Nueva York,Amberes,S,0
ESC-2024-002046,9222869,Aurora Trader,NAV038,M01,contenedores,descarga,Contenedores,8547.9,849,2024-05-13 14:14:17,2024-05-13 15:58:59,2024-05-14 11:58:16,Casablanca,Hamburgo,S,0
ESC-2024-002859,9714111,Luz Pioneer,NAV003,M12,granel_liquido,descarga,Crudo,51882.6,0,2024-05-13 16:14:02,2024-05-14 01:06:38,2024-05-15 08:36:36,Casablanca,Ceuta,S,0
ESC-2024-006047,9118238,Doña Glory,NAV006,M03,granel_solido,carga,Pirita,23289.4,0,2024-05-13 18:23:44,2024-05-13 19:06:22,2024-05-15 01:31:20,Las Palmas,Abiyán,S,0
ESC-2024-003959,9661716,Aurora Horizon,NAV002,M12,granel_liquido,mixta,Gasóleo,39988.0,0,2024-05-13 18:46:14,2024-05-13 19:59:50,2024-05-14 17:26:29,Nueva York,Sines,S,0
ESC-2024-002252,9426178,Delta Marina II,NAV023,M09,pasajeros,carga,Pasajeros,0.0,0,2024-05-13 20:09:10,2024-05-13 20:21:57,2024-05-14 01:08:14,Génova,Casablanca,S,3333
ESC-2024-000659,9068720,Silver Venture II,NAV030,M10,pesca,descarga,Pescado fresco,74.1,0,2024-05-13 23:35:42,2024-05-14 00:08:45,2024-05-14 04:43:49,Las Palmas,Le Havre,S,0
ESC-2024-000431,9654488,Delta Sol,NAV035,M03,granel_solido,carga,Fertilizantes,34042.4,0,2024-05-14 03:36:44,2024-05-14 06:51:34,2024-05-15 13:54:23,Amberes,Lisboa,S,0
ESC-2024-001573,9353993,Southern Horizon,NAV039,M04,granel_liquido,mixta,Crudo,55932800.0,0,2024-05-14 04:24:29,2024-05-14 07:08:43,2024-05-16 11:16:27,Hamburgo,Amberes,S,0
ESC-2024-002551,9522908,Tinto Breeze III,NAV019,M08,fruta_refrigerada,mixta,Fruta tropical,10827.4,0,2024-05-14 05:00:00,2024-05-14 05:39:39,2024-05-15 12:08:07,Abiyán,Hamburgo,S,0
ESC-2024-000960,9236834,Aurora Fortune,NAV040,M06,granel_liquido,descarga,Gasóleo,98907.2,0,2024-05-14 10:04:32,2024-05-14 21:46:48,2024-05-16 04:05:29,Hamburgo,Ceuta,S,0
ESC-2024-000502,9661716,  AURORA HORIZON ,NAV002,M05,granel_liquido,mixta,Crudo,33282.6,0,2024-05-14 12:48:24,2024-05-14 15:30:42,2024-05-15 21:57:23,Abiyán,Lisboa,S,0
ESC-2024-001031,9229142,Marisma Spirit II,NAV013,M08,fruta_refrigerada,mixta,Fruta tropical,14764.7,0,2024-05-14 15:00:00,2024-05-14 15:07:16,2024-05-16 03:43:12,Le Havre,Le Havre,S,0
ESC-2024-003109,9476367,Nordic Venture,NAV030,M08,fruta_refrigerada,descarga,Fresa y frutos rojos,9382.9,0,2024-05-14 18:00:00,2024-05-14 22:55:54,2024-05-15 18:39:46,Ceuta,Hamburgo,S,0
ESC-2024-002596,9434199,Estrella Pride II,NAV021,M04,granel_liquido,carga,Gasóleo,68631.1,0,2024-05-14 18:19:18,2024-05-15 23:58:35,2024-05-17 06:45:58,Santa Cruz de Tenerife,Santa Cruz de Tenerife,S,0
ESC-2024-004813,9473468,Nordic Fortune,NAV029,M10,pesca,carga,Pescado fresco,24.6,0,2024-05-14 18:21:52,2024-05-14 18:28:17,2024-05-14 22:50:07,Rotterdam,Casablanca,S,0
ESC-2024-000535,9826809,Delta Voyager,NAV034,M04,granel_liquido,descarga,Crudo,80976.4,0,2024-05-14 20:11:56,2024-05-15 00:40:36,2024-05-16 09:43:23,Le Havre,Funchal,S,0
ESC-2024-002234,9039896,Blue Breeze,NAV036,M04,granel_liquido,descarga,Crudo,33206.1,0,2024-05-15 02:53:55,2024-05-15 08:12:07,2024-05-15 20:34:14,Houston,Santa Cruz de Tenerife,S,0
ESC-2024-003582,9405186,Tinto Star II,NAV037,M01,contenedores,carga,Contenedores,1498.5,121,2024-05-15 03:44:03,2024-05-15 06:27:59,2024-05-16 06:50:28,Tánger Med,Algeciras,S,0
ESC-2024-000274,9158094,Odiel Dawn,NAV006,M12,granel_liquido,descarga,GNL,38924.1,0,2024-05-15 05:56:54,2024-05-15 07:18:09,2024-05-16 04:05:10,Ceuta,Tánger Med,S,0
ESC-2024-006271,9207479,Punta Fortune,NAV034,M01,contenedores,carga,Contenedores,14229.9,1069,2024-05-15 08:56:08,2024-05-15 09:49:08,2024-05-16 06:15:18,Casablanca,Algeciras,S,0
ESC-2024-006096,9023079,Cabo Breeze V,NAV015,M08,fruta_refrigerada,carga,Fresa y frutos rojos,6279.5,0,2024-05-15 11:00:00,2024-05-15 14:15:55,2024-05-16 10:47:51,Casablanca,Rotterdam,S,0
ESC-2024-002949,9783588,Iberian Star,NAV025,M11,carga_general,mixta,Madera,4663.0,0,2024-05-15 13:12:30,2024-05-16 04:23:03,2024-05-17 06:18:29,Funchal,Abiyán,S,0
ESC-2024-006371,9362786,Golden Pioneer,NAV005,M07,ro_ro,carga,Semirremolques,7708.8,0,2024-05-15 20:00:53,2024-05-15 21:24:28,2024-05-16 15:06:39,Tánger Med,Casablanca,S,0
ESC-2024-002858,9537977,Luz Voyager V,NAV002,M03,granel_solido,descarga,Clínker,26785.6,0,2024-05-15 20:09:43,2024-05-16 13:02:58,2024-05-17 20:23:07,Valencia,Lisboa,S,0
ESC-2024-005723,9312547,Punta Pride III,NAV030,M04,granel_liquido,carga,Gasóleo,25850.3,0,2024-05-15 23:53:38,2024-05-15 23:59:07,2024-05-16 12:20:24,Ceuta,Hamburgo,S,0
ESC-2024-004851,9249049,Cabo Trader,NAV001,M08,fruta_refrigerada,mixta,Cítricos,9963.8,0,2024-05-16 03:00:00,2024-05-16 03:28:01,2024-05-17 10:50:16,Casablanca,Amberes,S,0
ESC-2024-001802,9929338,Tinto Venture I,NAV017,M05,granel_liquido,carga,Gasóleo,96643.2,0,2024-05-16 03:03:55,2024-05-16 10:02:43,2024-05-17 18:53:32,Santa Cruz de Tenerife,Valencia,S,0
ESC-2024-005004,9042219,Marisma Trader,NAV015,M03,granel_solido,carga,Cereal,13063.6,0,2024-05-16 09:48:53,2024-05-16 11:14:53,2024-05-17 10:58:26,Las Palmas,Las Palmas,S,0
ESC-2024-000354,9227118,Silver Sol,NAV013,M03,granel_solido,carga,Pirita,43920.6,0,2024-05-16 10:47:46,2024-05-17 08:09:38,2024-05-19 06:31:33,Hamburgo,Santa Cruz de Tenerife,S,0
ESC-2024-003471,9683910,Tinto Marina IV,NAV036,M08,fruta_refrigerada,mixta,Fruta tropical,10608.2,0,2024-05-16 15:00:00,2024-05-16 15:14:56,2024-05-17 11:20:40,Algeciras,Abiyán,S,0
ESC-2024-006055,9451410,Delta Bay,NAV002,M01,contenedores,mixta,Contenedores,8599.4,804,2024-05-16 15:17:04,2024-05-16 15:28:08,2024-05-17 13:20:04,Houston,Amberes,S,0
ESC-2024-006126,9938640,Estrella Spirit I,NAV002,M11,carga_general,mixta,Palés,10312.2,0,2024-05-16 16:09:36,2024-05-16 19:38:03,2024-05-18 08:13:37,Casablanca,Houston,S,0
ESC-2024-000434,9312547,Punta Pride III,NAV030,M04,granel_liquido,mixta,Biocombustible,34751.1,0,2024-05-16 20:59:05,2024-05-17 04:19:47,2024-05-18 06:19:41,Abiyán,Rotterdam,S,0
ESC-2024-003544,9122916,Silver Breeze III,NAV040,M05,granel_liquido,descarga,Gasóleo,83725.2,0,2024-05-17 00:33:59,2024-05-17 23:25:48,2024-05-18 23:24:28,Casablanca,Santos,S,0
ESC-2024-002014,9947017,Aurora Breeze,NAV035,M06,granel_liquido,descarga,GNL,85970.5,0,2024-05-17 06:30:49,2024-05-17 10:03:22,2024-05-19 02:47:05,Lisboa,Lisboa,S,0
ESC-2024-000170,9467031,Cabo Star,NAV008,M11,carga_general,carga,Madera,9996.8,0,2024-05-17 09:15:53,2024-05-17 10:42:44,2024-05-18 11:01:52,Rotterdam,Santos,S,0
ESC-2024-002542,9026564,Tinto Mar,NAV040,M12,granel_liquido,descarga,Crudo,30176.7,0,2024-05-17 10:04:56,2024-05-17 15:45:32,2024-05-18 17:17:07,Santos,Rotterdam,S,0
ESC-2024-004705,9230268,Luz Express,NAV022,M01,contenedores,descarga,Contenedores,7684.9,573,2024-05-17 10:19:50,2024-05-17 13:19:52,2024-05-18 12:25:45,Funchal,Hamburgo,S,0
ESC-2024-002849,9614294,Punta Express,NAV032,M02,granel_solido,mixta,Pirita,29329.4,0,2024-05-17 11:23:46,2024-05-17 19:30:12,2024-05-19 17:57:35,Abiyán,Houston,S,0
ESC-2024-004641,9884227,Silver Bay II,NAV035,M10,pesca,carga,Pescado fresco,42.1,0,2024-05-17 17:10:55,2024-05-17 17:12:43,2024-05-17 21:25:15,Abiyán,Algeciras,N,0
ESC-2024-000619,9571296,Marisma Pioneer I,NAV031,M08,fruta_refrigerada,carga,Cítricos,12708.5,0,2024-05-17 19:00:00,2024-05-17 19:49:01,2024-05-18 12:39:42,Tánger Med,Santa Cruz de Tenerife,S,0
ESC-2024-003469,9507843,Iberian Express,NAV018,M11,carga_general,carga,Bobinas de acero,12397.6,0,2024-05-17 20:04:35,2024-05-17 23:13:53,2024-05-18 15:14:23,Tánger Med,Génova,S,0
ESC-2024-006039,9936604,Silver Star,NAV010,M08,fruta_refrigerada,descarga,Fresa y frutos rojos,17224.0,0,2024-05-17 22:00:00,2024-05-18 00:36:07,2024-05-18 23:59:35,Casablanca,Tánger Med,S,0
ESC-2024-003970,9912490,Río Pride,NAV037,M08,fruta_refrigerada,mixta,Fresa y frutos rojos,15518.1,0,2024-05-17 23:00:00,2024-05-17 23:39:13,2024-05-19 06:32:07,Santa Cruz de Tenerife,Ceuta,S,0
ESC-2024-002136,9871880,Costa Sol,NAV028,M04,granel_liquido,descarga,Crudo,48853.9,0,2024-05-18 03:55:29,2024-05-18 14:09:54,2024-05-19 21:40:32,Algeciras,Ceuta,S,0
ESC-2024-005502,9095888,Estrella Pioneer,NAV010,M03,granel_solido,carga,Clínker,36187.2,0,2024-05-18 09:12:20,2024-05-18 17:38:15,2024-05-21 09:00:35,Abiyán,Génova,S,0
ESC-2024-005283,9884227,Silver Bay II,NAV035,M10,pesca,descarga,Pescado fresco,19.1,0,2024-05-18 10:48:03,2024-05-18 10:49:46,2024-05-18 17:42:24,Le Havre,Amberes,S,0
ESC-2024-000763,9282584,Atlantic Pioneer,NAV008,M07,ro_ro,descarga,Vehículos,16437.6,0,2024-05-18 11:33:34,2024-05-18 14:02:04,2024-05-19 11:03:06,Nueva York,Valencia,S,0
ESC-2024-005245,9055943,Río Venture,NAV002,M02,granel_solido,mixta,Fertilizantes,23458.7,0,2024-05-18 14:39:01,2024-05-19 22:06:48,2024-05-21 17:37:49,Nueva York,Sines,S,0
ESC-2024-004534,9017721,Delta Dawn,NAV030,M10,pesca,descarga,Pescado fresco,29.9,0,2024-05-18 15:24:24,2024-05-18 15:34:34,2024-05-18 22:13:55,Rotterdam,Amberes,S,0
ESC-2024-001596,9098672,Punta Dawn,NAV035,M12,granel_liquido,descarga,Biocombustible,34474.5,0,2024-05-18 16:13:30,2024-05-19 05:24:29,2024-05-20 07:21:43,Nueva York,Dakar,S,0
ESC-2024-005047,9164330,Tinto Trader III,NAV025,M01,contenedores,mixta,Contenedores,23664.2,1711,2024-05-18 16:15:31,2024-05-19 02:41:54,2024-05-19 23:07:55,Génova,Tánger Med,S,0
ESC-2024-000978,9603192,Odiel Spirit,NAV036,M07,ro_ro,descarga,Semirremolques,25217.5,0,2024-05-18 17:53:55,18/05/2024 23:07,2024-05-19 14:47:44,Santos,Amberes,S,0
ESC-2024-006009,9164330,Tinto Trader III,NAV025,M01,contenedores,mixta,Contenedores,5850.3,434,2024-05-18 18:11:43,2024-05-18 19:53:28,2024-05-19 01:07:08,Amberes,Santos,S,0
ESC-2024-002749,9647021,Punta Pride,NAV035,M04,granel_liquido,carga,GNL,47016.8,0,2024-05-18 21:52:00,2024-05-19 04:59:47,2024-05-20 11:30:03,Lisboa,Sines,S,0
ESC-2024-005822,9500467,Odiel Marina,NAV034,M08,fruta_refrigerada,descarga,Fruta tropical,10936.9,0,2024-05-18 22:00:00,2024-05-19 00:56:08,2024-05-20 12:53:54,Funchal,Dakar,S,0
ESC-2024-002643,9473468,Nordic Fortune,NAV029,M10,pesca,descarga,Pescado fresco,53.2,0,2024-05-19 03:27:44,2024-05-19 03:54:55,2024-05-19 14:33:17,Santos,Génova,N,0
ESC-2024-001970,9643192,Silver Breeze II,NAV013,M03,granel_solido,mixta,Concentrado de cobre,25811.5,0,2024-05-19 05:19:04,2024-05-19 19:38:21,2024-05-21 17:19:08,Houston,Dakar,S,0
ESC-2024-004459,9912490,Río Pride,NAV037,M08,fruta_refrigerada,descarga,Fresa y frutos rojos,12349300.0,0,2024-05-19 06:00:00,2024-05-19 11:45:29,2024-05-20 04:52:04,Ceuta,Casablanca,S,0
ESC-2024-004620,9683910,Tinto Marina IV,NAV036,M08,fruta_refrigerada,mixta,Fresa y frutos rojos,10719.8,0,2024-05-19 20:00:00,2024-05-19 21:13:24,2024-05-21 05:50:01,Abiyán,Casablanca,S,0
ESC-2024-006090,9164330,Tinto Trader III,NAV025,M01,contenedores,descarga,Contenedores,9251.6,877,2024-05-20 01:23:12,2024-05-20 08:05:31,2024-05-21 02:39:43,Ceuta,Génova,S,0
ESC-2024-002093,9844588,Delta Wave,NAV001,M01,contenedores,carga,Contenedores,14437.9,1313,2024-05-20 01:45:50,2024-05-20 04:41:25,2024-05-21 08:33:17,Le Havre,Sines,S,0
ESC-2024-003183,9750165,Golden Navigator,NAV014,M03,granel_solido,mixta,Cereal,12765.3,0,2024-05-20 05:37:57,2024-05-20 16:57:12,2024-05-23 01:13:20,Santa Cruz de Tenerife,Valencia,S,0
ESC-2024-001895,9775373,Tinto Bay III,NAV012,M08,fruta_refrigerada,carga,Fresa y frutos rojos,4363.5,0,2024-05-20 06:00:00,2024-05-20 09:14:06,2024-05-21 07:38:18,Lisboa,Algeciras,S,0
ESC-2024-003589,9822619,Ocean Bay,NAV002,M11,carga_general,carga,Palés,8279.7,0,2024-05-20 06:21:18,2024-05-20 12:04:30,2024-05-21 17:48:29,Nueva York,Dakar,S,0
ESC-2024-005972,9488231,  ATLANTIC VOYAGER ,NAV033,M02,granel_solido,descarga,Concentrado de cobre,13291.2,0,2024-05-20 09:51:55,2024-05-20 15:59:22,2024-05-23 19:31:50,Le Havre,Nueva York,S,0
ESC-2024-000639,9482093,Southern Marina,NAV039,M04,granel_liquido,mixta,Biocombustible,26255.9,0,2024-05-20 11:17:33,2024-05-20 14:57:25,2024-05-22 03:29:22,Funchal,Amberes,S,0
ESC-2024-002709,9263394,Odiel Horizon,NAV034,M10,pesca,carga,Pescado fresco,71.9,0,2024-05-20 12:07:51,2024-05-20 12:11:01,2024-05-20 19:21:59,Valencia,Santa Cruz de Tenerife,N,0
ESC-2024-000390,9721994,Cabo Pioneer,NAV031,M08,fruta_refrigerada,descarga,Cítricos,3769.5,0,2024-05-20 17:00:00,2024-05-20 17:28:02,2024-05-21 12:55:50,Amberes,Casablanca,S,0
ESC-2024-006068,9655248,Southern Pioneer I,NAV017,M12,granel_liquido,descarga,Biocombustible,16546.7,0,2024-05-20 18:49:05,2024-05-20 21:48:09,2024-05-22 00:26:37,Ceuta,Casablanca,S,0
ESC-2024-001470,9936135,Luz Dawn,NAV008,M03,granel_solido,mixta,Cereal,21303.7,0,2024-05-20 20:27:56,2024-05-21 03:07:57,2024-05-23 13:27:27,Nueva York,Ceuta,S,0
ESC-2024-005833,9503445,Ocean Mar,NAV034,M06,granel_liquido,mixta,Crudo,63922.7,0,2024-05-20 22:16:31,2024-05-20 22:24:39,2024-05-21 14:03:30,Tánger Med,Houston,S,0
ESC-2024-000563,9721994,Cabo Pioneer,NAV031,M08,fruta_refrigerada,carga,Cítricos,5666.3,0,2024-05-20 23:10:24,2024-05-21 02:00:46,2024-05-22 03:14:26,Algeciras,Houston,S,0
ESC-2024-000602,9796822,Odiel Navigator,NAV022,M05,granel_liquido,carga,Productos químicos,92412.1,0,2024-05-21 01:39:10,2024-05-21 02:04:09,2024-05-22 01:33:18,Génova,Ceuta,S,0
ESC-2024-001474,9116591,Nordic Marina IV,NAV014,M01,contenedores,carga,Contenedores,9754.5,819,2024-05-21 01:41:32,2024-05-21 02:46:24,2024-05-21 22:33:44,Rotterdam,Tánger Med,S,0
ESC-2024-002061,9878230,Delta Sol I,NAV011,M08,fruta_refrigerada,descarga,Cítricos,13173.3,0,2024-05-21 03:00:00,21/05/2024 05:04,2024-05-22 16:09:25,Lisboa,Hamburgo,S,0
ESC-2024-004297,9514585,Iberian Voyager IV,NAV005,M01,contenedores,descarga,Contenedores,21643.7,1671,2024-05-21 04:02:40,2024-05-21 05:02:59,2024-05-22 06:33:06,Sines,Amberes,S,0
ESC-2024-001206,9911094,Golden Carrier I,NAV021,M02,granel_solido,carga,Pirita,29833.1,0,2024-05-21 04:06:22,2024-05-22 13:37:33,2024-05-25 12:57:16,Ceuta,Casablanca,S,0
ESC-2024-002591,9116591,Nordic Marina IV,NAV014,M01,contenedores,carga,Contenedores,5667.0,424,2024-05-21 08:49:28,2024-05-21 13:28:48,2024-05-22 20:37:24,Ceuta,Tánger Med,S,0
ESC-2024-006242,9083366,Cabo Spirit,NAV007,M08,fruta_refrigerada,carga,Fresa y frutos rojos,5605.8,0,2024-05-21 15:00:00,2024-05-21 16:28:16,2024-05-23 10:50:16,Santos,Houston,S,0
ESC-2024-001483,9396517,Atlantic Voyager III,NAV035,M08,fruta_refrigerada,descarga,Fresa y frutos rojos,15932.1,0,2024-05-21 17:00:00,2024-05-21 17:38:08,2024-05-22 16:29:45,Hamburgo,Hamburgo,S,0
ESC-2024-006423,9088330,Southern Fortune I,NAV003,M04,granel_liquido,mixta,GNL,69066.5,0,2024-05-21 18:02:57,2024-05-22 12:44:39,2024-05-23 17:02:37,Abiyán,Las Palmas,S,0
ESC-2024-006462,9408011,Cabo Voyager,NAV021,M04,granel_liquido,descarga,GNL,37918.9,0,2024-05-21 20:12:23,2024-05-21 21:55:00,2024-05-22 23:46:49,Santa Cruz de Tenerife,Dakar,S,0
ESC-2024-003741,9796822,Odiel Navigator,NAV022,M05,granel_liquido,carga,Productos químicos,56176.1,0,2024-05-21 23:03:10,2024-05-22 00:02:27,2024-05-23 15:49:02,Algeciras,Abiyán,S,0
ESC-2024-004492,9548768,Aurora Trader II,NAV029,M02,granel_solido,carga,Cereal,22359.2,0,2024-05-22 09:12:43,2024-05-22 09:27:10,2024-05-24 11:53:01,Santos,Ceuta,S,0
ESC-2024-006102,9025699,Iberian Trader I,NAV001,M06,granel_liquido,descarga,Ácido sulfúrico,74817.2,0,2024-05-22 09:58:08,2024-05-23 11:41:54,2024-05-24 12:17:07,Génova,Le Havre,S,0
ESC-2024-005687,9641912,Ocean Glory,NAV030,M03,granel_solido,descarga,Fertilizantes,16558.6,0,2024-05-22 10:56:32,22/05/2024 13:08,2024-05-24 17:40:52,Casablanca,Sines,S,0
ESC-2024-000291,9228526,Silver Navigator V,NAV039,M02,granel_solido,descarga,Cereal,34177.5,0,2024-05-22 14:22:50,2024-05-23 22:56:17,2024-05-25 13:04:01,Houston,Sines,S,0
ESC-2024-005400,9116034,Atlantic Fortune III,NAV019,M01,contenedores,mixta,Contenedores,10966.5,908,2024-05-22 16:02:25,2024-05-22 16:40:55,2024-05-23 02:56:27,Ceuta,Le Havre,S,0
ESC-2024-005671,9063160,Golden Trader,NAV034,M05,granel_liquido,descarga,Ácido sulfúrico,26206.9,0,2024-05-22 16:56:53,2024-05-22 18:56:15,2024-05-23 17:09:15,Tánger Med,Dakar,S,0
ESC-2024-002263,9131761,Southern Trader,NAV032,M07,ro_ro,descarga,Vehículos,36689.0,0,2024-05-22 19:22:33,2024-05-22 22:43:20,2024-05-23 18:59:25,Algeciras,Santa Cruz de Tenerife,S,0
ESC-2024-000403,9948346,Tinto Sol V,NAV020,M09,pasajeros,carga,Pasajeros,0.0,0,2024-05-22 22:53:26,2024-05-22 23:22:36,2024-05-23 15:28:22,Houston,Le Havre,S,3594
ESC-2024-001592,9454072,Silver Dawn I,NAV036,M08,fruta_refrigerada,mixta,Fruta tropical,12602.1,0,2024-05-22 23:00:00,2024-05-23 03:16:56,2024-05-23 20:18:32,Algeciras,Abiyán,S,0
ESC-2024-006252,9864447,Iberian Dawn II,NAV008,M02,granel_solido,descarga,Clínker,16718.5,0,2024-05-23 01:30:53,2024-05-23 18:21:55,2024-05-25 22:48:54,Génova,Sines,S,0
ESC-2024-000296,9194256,Costa Glory,NAV015,M07,ro_ro,descarga,Semirremolques,21511.4,0,2024-05-23 01:44:07,2024-05-23 02:58:31,2024-05-23 13:17:51,Génova,Ceuta,S,0
ESC-2024-001563,9678460,Southern Spirit V,NAV033,M02,granel_solido,mixta,Concentrado de cobre,33460.4,0,2024-05-23 02:48:51,2024-05-23 06:49:53,2024-05-25 11:05:34,Dakar,Amberes,S,0
ESC-2024-004232,9156204,Silver Glory III,NAV021,M02,granel_solido,mixta,Concentrado de cobre,43932.9,0,2024-05-23 05:04:46,2024-05-23 07:41:07,2024-05-25 07:33:44,Santa Cruz de Tenerife,Las Palmas,S,0
ESC-2024-003831,9249049,Cabo Trader,NAV001,M08,fruta_refrigerada,mixta,Fruta tropical,11959.0,0,2024-05-23 13:00:00,2024-05-23 15:46:10,2024-05-24 18:30:38,Algeciras,Amberes,S,0
ESC-2024-003898,9507843,Iberian Express,NAV018,M11,carga_general,mixta,Palés,13196.0,0,2024-05-23 14:35:00,2024-05-24 02:10:04,2024-05-25 12:29:44,Hamburgo,Nueva York,S,0
ESC-2024-006432,9488736,Aurora Carrier,NAV013,M12,granel_liquido,carga,Gasóleo,50863.1,0,2024-05-23 17:06:20,2024-05-24 00:55:25,2024-05-25 06:48:22,Santa Cruz de Tenerife,Sines,S,0
ESC-2024-004611,9180516,Marisma Glory,NAV034,M06,granel_liquido,carga,GNL,96161.7,0,2024-05-23 17:13:31,2024-05-24 04:11:16,2024-05-25 17:47:27,Hamburgo,Santa Cruz de Tenerife,S,0
ESC-2024-002444,9405186,Tinto Star II,NAV037,M01,contenedores,mixta,Contenedores,8637.7,681,2024-05-23 18:07:34,2024-05-23 23:44:32,2024-05-24 21:47:03,Houston,Rotterdam,S,0
ESC-2024-003509,9119555,Iberian Breeze,NAV010,M04,granel_liquido,mixta,GNL,53052.6,0,2024-05-23 18:52:05,2024-05-24 13:58:10,2024-05-25 11:47:02,Abiyán,Rotterdam,S,0
ESC-2024-001938,9418834,Costa Navigator V,NAV035,M03,granel_solido,descarga,Clínker,42772.0,0,2024-05-23 20:14:50,2024-05-23 22:40:23,2024-05-25 18:17:04,Santa Cruz de Tenerife,Abiyán,S,0
ESC-2024-002413,9878230,Delta Sol I,NAV011,M08,fruta_refrigerada,descarga,Fruta tropical,10906.2,0,2024-05-24 04:00:00,2024-05-24 07:34:48,2024-05-25 04:30:07,Santa Cruz de Tenerife,Nueva York,S,0
ESC-2024-003958,9465928,Southern Voyager,NAV003,M08,fruta_refrigerada,carga,Fruta tropical,5872.3,0,2024-05-24 05:18:33,2024-05-24 08:50:54,2024-05-25 09:40:54,Santa Cruz de Tenerife,Dakar,S,0
ESC-2024-000752,9954656,Punta Sol II,NAV003,M08,fruta_refrigerada,carga,Fruta tropical,8400.7,0,2024-05-24 07:55:52,2024-05-24 12:33:23,2024-05-25 19:42:27,Amberes,Génova,S,0
ESC-2024-004729,9721994,Cabo Pioneer,NAV031,M08,fruta_refrigerada,descarga,Fresa y frutos rojos,3302.8,0,2024-05-24 09:59:59,2024-05-24 16:24:25,2024-05-26 00:47:12,Amberes,Lisboa,S,0
ESC-2024-000184,9686780,Tinto Carrier V,NAV039,M02,granel_solido,carga,Fertilizantes,15857.4,0,2024-05-24 11:03:12,2024-05-24 15:30:14,2024-05-27 15:44:15,Santos,Houston,S,0
ESC-2024-006063,9430090,Odiel Mar,NAV035,M02,granel_solido,descarga,Pirita,16012.7,0,2024-05-24 11:04:00,2024-05-24 13:17:12,2024-05-27 00:27:26,Dakar,Hamburgo,S,0
ESC-2024-000127,9023079,Cabo Breeze V,NAV015,M08,fruta_refrigerada,descarga,Fruta tropical,8546.8,0,2024-05-24 11:51:28,2024-05-24 13:14:34,2024-05-26 00:36:52,Funchal,Santos,S,0
ESC-2024-006455,9842700,Cabo Carrier,NAV037,M09,pasajeros,descarga,Pasajeros,0.0,0,2024-05-24 11:54:01,2024-05-24 12:05:02,2024-05-25 02:38:49,Funchal,Sines,S,4064
ESC-2024-004062,9625803,Costa Marina,NAV026,M04,granel_liquido,descarga,Productos químicos,53368.1,0,2024-05-24 12:45:41,2024-05-24 12:58:29,2024-05-25 14:04:31,Génova,Hamburgo,S,0
ESC-2024-005914,9954917,Luz Carrier II,NAV030,M07,ro_ro,carga,Vehículos,17784.1,0,2024-05-24 15:14:06,2024-05-24 15:32:50,2024-05-25 14:56:39,Nueva York,Casablanca,S,0
ESC-2024-004548,9745940,Punta Breeze I,NAV027,M04,granel_liquido,mixta,Productos químicos,50452.9,0,2024-05-24 16:55:15,2024-05-25 03:13:39,2024-05-26 17:20:53,Nueva York,Génova,S,0
ESC-2024-004118,9270531,Tinto Dawn,NAV012,M05,granel_liquido,carga,GNL,34952.5,0,2024-05-24 20:36:53,2024-05-25 07:34:42,2024-05-26 06:51:40,Rotterdam,Sines,S,0
ESC-2024-004568,9678460,Southern Spirit V,NAV033,M03,granel_solido,mixta,Fertilizantes,36784.6,0,2024-05-24 21:19:02,2024-05-25 12:59:51,2024-05-27 15:22:02,Algeciras,Santos,S,0
ESC-2024-001185,9954656,Punta Sol II,NAV003,M08,fruta_refrigerada,mixta,Fresa y frutos rojos,9674.5,0,2024-05-24 23:00:00,2024-05-25 01:32:42,2024-05-25 21:32:21,Casablanca,Génova,S,0
ESC-2024-001718,9387047,Doña Breeze III,NAV001,M03,granel_solido,carga,Clínker,33365.1,0,2024-05-25 03:04:24,2024-05-26 10:12:05,2024-05-28 02:38:36,Nueva York,Abiyán,S,0
ESC-2024-002205,9097903,Odiel Carrier,NAV006,M06,granel_liquido,mixta,Biocombustible,23887.9,0,2024-05-25 03:11:57,2024-05-25 05:29:31,2024-05-26 03:45:44,Sines,Abiyán,S,0
ESC-2024-001210,9857640,Silver Navigator I,NAV009,M12,granel_liquido,carga,Gasóleo,17116.2,0,2024-05-25 04:27:21,2024-05-25 19:00:57,2024-05-26 19:21:44,Funchal,Ceuta,S,0
ESC-2024-001665,9595216,Southern Breeze I,NAV002,M07,ro_ro,mixta,Vehículos,22138.2,0,2024-05-25 06:59:00,2024-05-25 08:54:25,2024-05-25 22:01:28,Sines,Dakar,S,0
ESC-2024-002522,9119517,Costa Venture II,NAV036,M03,granel_solido,mixta,Cereal,25420.0,0,2024-05-25 08:04:40,2024-05-25 13:49:50,2024-05-27 17:55:42,Las Palmas,Amberes,S,0
ESC-2024-004844,9153252,Estrella Carrier,NAV007,,granel_solido,descarga,Pirita,19139.9,0,2024-05-25 10:14:17,2024-05-25 21:07:04,2024-05-26 19:49:55,Sines,Lisboa,S,0
ESC-2024-000694,9171371,Ocean Pioneer,NAV025,M03,granel_solido,descarga,Concentrado de cobre,25314.8,0,2024-05-25 12:01:38,25/05/2024 14:40,2024-05-28 11:36:28,Santos,Amberes,S,0
ESC-2024-000385,9173824,Doña Star,NAV004,M01,contenedores,carga,Contenedores,9941.3,752,2024-05-25 15:05:43,2024-05-26 04:38:16,2024-05-26 21:59:18,Lisboa,Casablanca,S,0
ESC-2024-000450,9164330,Tinto Trader III,NAV025,M01,contenedores,mixta,Contenedores,10161.7,922,2024-05-25 15:48:31,2024-05-25 19:50:57,2024-05-26 18:09:08,Dakar,Génova,S,0
ESC-2024-000567,9342255,Blue Fortune II,NAV034,M02,granel_solido,descarga,Cereal,28579.7,0,2024-05-25 15:57:59,2024-05-26 06:19:50,2024-05-28 14:37:39,Santos,Santa Cruz de Tenerife,S,0
ESC-2024-005240,9156204,Silver Glory III,NAV021,M02,granel_solido,descarga,Clínker,49782.0,0,2024-05-25 19:11:54,2024-05-26 11:47:30,2024-05-28 04:01:08,Valencia,Nueva York,S,0
ESC-2024-002182,9842700,Cabo Carrier,NAV037,M09,pasajeros,carga,Pasajeros,0.0,0,2024-05-25 20:37:46,2024-05-25 21:21:45,2024-05-26 04:41:33,Algeciras,Ceuta,S,1578
ESC-2024-002630,9603219,Aurora Spirit,NAV026,M10,pesca,carga,Pescado fresco,22.5,0,2024-05-25 20:57:31,2024-05-25 21:03:53,2024-05-26 00:37:17,Génova,Rotterdam,S,0
ESC-2024-005595,9704348,Punta Glory,NAV002,M08,fruta_refrigerada,descarga,Cítricos,11448.3,0,2024-05-26 02:53:35,2024-05-26 04:18:18,2024-05-27 01:10:55,Nueva York,Algeciras,S,0
ESC-2024-006088,9520895,Río Spirit,NAV009,M12,granel_liquido,descarga,Gasóleo,79606.4,0,2024-05-26 06:25:04,2024-05-26 16:51:24,2024-05-27 22:32:17,Le Havre,Amberes,S,0
ESC-2024-004723,9229142,Marisma Spirit II,NAV013,M08,fruta_refrigerada,descarga,Cítricos,12441.1,0,2024-05-26 07:00:00,2024-05-26 15:57:20,2024-05-27 07:08:14,Funchal,Hamburgo,S,0
ESC-2024-003893,9026564,Tinto Mar,NAV040,M05,granel_liquido,mixta,Biocombustible,32435.9,0,2024-05-26 07:37:49,2024-05-26 21:53:35,2024-05-28 03:23:25,Sines,Rotterdam,S,0
ESC-2024-000629,9770531,Aurora Spirit III,NAV023,M01,contenedores,descarga,Contenedores,11052.5,810,2024-05-26 08:02:24,2024-05-26 17:32:05,2024-05-27 14:38:20,Tánger Med,Génova,S,0
ESC-2024-002429,9514585,Iberian Voyager IV,NAV005,M01,contenedores,carga,Contenedores,16182.6,1412,2024-05-26 10:14:54,2024-05-26 14:29:35,2024-05-27 21:20:11,Houston,Santa Cruz de Tenerife,S,0
ESC-2024-003181,9874595,Nordic Breeze,NAV020,M11,carga_general,mixta,Maquinaria,11164.6,0,2024-05-26 11:28:28,2024-05-26 12:13:11,2024-05-27 11:52:17,Génova,Lisboa,S,0
ESC-2024-000549,9864447,Iberian Dawn II,NAV008,M02,granel_solido,mixta,Pirita,17123.5,0,2024-05-26 14:18:17,2024-05-26 18:35:18,2024-05-28 03:04:53,Sines,Ceuta,S,0
ESC-2024-001682,9589475,Cabo Fortune,NAV007,M01,contenedores,descarga,Contenedores,8206.5,776,2024-05-26 15:55:02,2024-05-26 16:17:25,2024-05-27 14:17:10,Nueva York,Rotterdam,S,0
ESC-2024-000844,9260483,Punta Navigator IV,NAV004,M04,granel_liquido,mixta,Ácido sulfúrico,58410.8,0,2024-05-26 16:51:22,2024-05-27 12:39:08,2024-05-28 14:15:30,Nueva York,Valencia,S,0
ESC-2024-003364,9898084,Marisma Fortune,NAV013,M05,granel_liquido,carga,Gasóleo,41436.0,0,2024-05-26 18:31:22,2024-05-27 00:39:54,2024-05-28 09:19:35,Amberes,Le Havre,S,0
ESC-2024-005074,9151711,Delta Trader,NAV018,M08,fruta_refrigerada,carga,Cítricos,13592.1,0,2024-05-26 20:00:00,2024-05-26 21:20:23,2024-05-28 02:20:18,Santos,Tánger Med,S,0
ESC-2024-004251,9587568,Río Pioneer I,NAV026,M02,granel_solido,mixta,Concentrado de cobre,13852.7,0,2024-05-26 20:18:59,2024-05-26 22:34:50,2024-05-29 18:13:12,Le Havre,Sines,S,0
ESC-2024-006342,9997361,Río Voyager III,NAV013,M02,granel_solido,mixta,Concentrado de cobre,40854.7,0,2024-05-27 00:19:29,2024-05-27 22:23:09,2024-05-29 01:38:52,Houston,Ceuta,S,0
ESC-2024-002466,9088330,Southern Fortune I,NAV003,M04,granel_liquido,descarga,Crudo,66368.5,0,2024-05-27 01:51:48,2024-05-27 02:21:47,2024-05-28 14:05:37,Hamburgo,Le Havre,S,0
ESC-2024-005930,9361914,Cabo Marina,NAV037,M02,granel_solido,mixta,Fertilizantes,13413.5,0,2024-05-27 04:50:41,2024-05-27 05:34:40,2024-05-29 06:34:12,Lisboa,Las Palmas,S,0
ESC-2024-001854,9160126,Río Marina V,NAV008,M04,granel_liquido,mixta,GNL,25559.0,0,2024-05-27 09:17:12,2024-05-28 02:23:44,2024-05-29 09:36:07,Abiyán,Nueva York,S,0
ESC-2024-005014,9460124,Estrella Bay,NAV021,M08,fruta_refrigerada,mixta,Fruta tropical,13278.8,0,2024-05-27 10:00:00,2024-05-27 22:05:06,2024-05-28 20:40:54,Dakar,Rotterdam,S,0
ESC-2024-002303,9351828,Iberian Spirit,NAV008,M06,granel_liquido,descarga,Crudo,17091.6,0,2024-05-27 16:30:53,2024-05-28 05:55:23,2024-05-28 16:58:49,Santos,Génova,S,0
ESC-2024-004956,9229142,Marisma Spirit II,NAV013,M08,fruta_refrigerada,descarga,Fruta tropical,11784.4,0,2024-05-27 17:00:00,2024-05-27 21:21:42,2024-05-28 11:28:40,Rotterdam,Houston,S,0
ESC-2024-006283,9391385,Blue Marina,NAV032,M08,fruta_refrigerada,carga,Fruta tropical,7346.6,0,2024-05-27 17:00:00,2024-05-27 18:39:10,2024-05-28 16:31:59,Casablanca,Le Havre,S,0
ESC-2024-006469,9197583,Delta Venture,NAV007,M02,granel_solido,carga,Pirita,22519.4,0,2024-05-27 19:03:22,2024-05-27 21:05:30,2024-05-29 01:51:44,Génova,Lisboa,S,0
ESC-2024-002123,9680669,Estrella Fortune,NAV029,M07,ro_ro,mixta,Vehículos,15510.1,0,2024-05-28 00:22:06,2024-05-28 00:51:40,2024-05-28 18:44:20,Amberes,Tánger Med,S,0
ESC-2024-004171,9603219,Aurora Spirit,NAV026,M10,pesca,mixta,Pescado fresco,73.3,0,2024-05-28 01:30:54,2024-05-28 01:37:21,2024-05-28 07:45:13,Casablanca,Ceuta,S,0
ESC-2024-005840,9276406,Atlantic Dawn,NAV020,M11,carga_general,mixta,Palés,8598.4,0,2024-05-28 04:20:04,2024-05-28 11:52:35,2024-05-30 04:02:38,Algeciras,Algeciras,S,0
ESC-2024-003792,9180633,Doña Carrier,NAV034,M04,granel_liquido,mixta,Productos químicos,42782.1,0,2024-05-28 04:51:52,2024-05-28 08:00:05,2024-05-29 22:38:08,Lisboa,Tánger Med,S,0
ESC-2024-004853,9371919,Southern Pride,NAV034,M11,carga_general,descarga,Madera,8224.7,0,2024-05-28 05:26:24,28/05/2024 22:57,2024-05-30 18:17:47,Nueva York,Ceuta,S,0
ESC-2024-004762,9164330,Tinto Trader III,NAV025,M01,contenedores,descarga,Contenedores,8451.6,832,2024-05-28 05:59:23,2024-05-28 20:16:49,2024-05-29 16:22:54,Nueva York,Le Havre,S,0
ESC-2024-002634,9568330,Ocean Fortune,NAV026,M08,fruta_refrigerada,descarga,Fruta tropical,8306.8,0,2024-05-28 07:00:00,2024-05-28 10:37:50,2024-05-29 20:15:03,Valencia,Abiyán,S,0
ESC-2024-000703,9118238,Doña Glory,NAV006,M02,granel_solido,carga,Fertilizantes,33375.4,0,2024-05-28 09:05:51,2024-05-29 15:56:15,2024-05-31 15:30:08,Casablanca,Abiyán,S,0
ESC-2024-001104,9494670,Luz Fortune,NAV031,M07,ro_ro,carga,Semirremolques,24042.7,0,2024-05-28 15:15:03,2024-05-28 21:06:31,2024-05-29 10:05:04,Lisboa,Sines,S,0
ESC-2024-004905,9173824,Doña Star,NAV004,M01,contenedores,descarga,Contenedores,17361.1,1242,2024-05-28 15:54:12,2024-05-28 17:10:17,2024-05-30 00:38:28,Funchal,Rotterdam,S,0
ESC-2024-002414,9272931,Southern Pioneer,NAV020,M03,granel_solido,mixta,Fertilizantes,31150.2,0,2024-05-28 20:01:30,2024-05-29 10:15:36,2024-05-31 13:57:59,Casablanca,Houston,S,0
ESC-2024-001676,9276406,Atlantic Dawn,NAV020,M11,carga_general,descarga,Palés,7681.5,0,2024-05-28 22:34:23,2024-05-29 14:03:54,2024-05-30 17:37:09,Valencia,Le Havre,S,0
ESC-2024-000131,9495507,Costa Bay,NAV040,M01,contenedores,descarga,Contenedores,11835.8,1028,2024-05-28 23:17:01,2024-05-29 08:44:27,2024-05-30 04:15:00,Hamburgo,Lisboa,S,0
ESC-2024-003117,9680669,Estrella Fortune,NAV029,M07,ro_ro,carga,Semirremolques,15596.6,0,2024-05-28 23:27:47,2024-05-29 04:40:26,2024-05-29 20:19:02,Santos,Sines,S,0
ESC-2024-005414,9448982,Estrella Spirit,NAV011,M12,granel_liquido,carga,Productos químicos,62301.1,0,2024-05-29 01:51:18,2024-05-29 11:37:47,2024-05-31 07:38:17,Lisboa,Génova,S,0
ESC-2024-000002,9026564,Tinto Mar,NAV040,M12,granel_liquido,descarga,GNL,33476.4,0,2024-05-29 04:54:03,2024-05-29 09:29:55,2024-05-30 18:47:39,Ceuta,Lisboa,S,0
ESC-2024-000376,9095888,Estrella Pioneer,NAV010,M03,granel_solido,descarga,Clínker,31085.4,0,2024-05-29 07:17:52,2024-05-29 16:06:32,2024-05-31 14:36:34,Algeciras,Lisboa,S,0
ESC-2024-004845,9654488,  DELTA SOL ,NAV035,M02,granel_solido,descarga,Clínker,54724.9,0,2024-05-29 19:21:36,2024-05-29 19:25:02,2024-05-31 10:11:17,Dakar,Casablanca,S,0
ESC-2024-004874,9256200,Luz Breeze,NAV009,M06,granel_liquido,descarga,Crudo,33320.4,0,2024-05-29 20:19:58,29/05/2024 20:23,2024-05-31 06:58:12,Casablanca,Dakar,S,0
ESC-2024-001306,9663582,Delta Express IV,NAV026,M07,ro_ro,mixta,Semirremolques,22498.6,0,2024-05-29 21:02:47,2024-05-29 22:50:36,2024-05-30 08:11:42,Algeciras,Abiyán,S,0
ESC-2024-001068,9151632,Golden Trader V,NAV030,M05,granel_liquido,mixta,Biocombustible,10268.3,0,2024-05-29 23:50:55,2024-05-30 00:02:55,2024-05-31 14:44:56,Sines,Nueva York,S,0
ESC-2024-002227,9055943,Río Venture,NAV002,M03,granel_solido,descarga,Fertilizantes,19160.9,0,2024-05-30 05:51:19,2024-05-30 23:12:49,2024-06-02 09:30:27,Funchal,Lisboa,S,0
ESC-2024-004892,9484522,Río Wave IV,NAV019,M06,granel_liquido,descarga,Productos químicos,37145.0,0,2024-05-30 10:49:33,2024-05-30 15:06:18,2024-05-31 05:32:17,Algeciras,Ceuta,S,0
ESC-2024-004187,9230438,Nordic Star IV,NAV030,M01,contenedores,mixta,Contenedores,15413.2,1384,2024-05-30 10:51:41,2024-05-30 16:57:30,2024-05-31 13:29:48,Houston,Tánger Med,S,0
ESC-2024-005416,9282584,Atlantic Pioneer,NAV008,M07,ro_ro,mixta,Semirremolques,14900.8,0,2024-05-30 12:23:46,2024-05-30 15:46:29,2024-05-31 01:05:26,Santa Cruz de Tenerife,Santa Cruz de Tenerife,S,0
ESC-2024-002985,9149469,Río Spirit IV,NAV036,M03,granel_solido,mixta,Concentrado de cobre,28136.0,0,2024-05-30 16:35:28,2024-05-31 12:28:59,2024-06-02 22:56:26,Rotterdam,Valencia,S,0
ESC-2024-000904,9594248,Costa Fortune,NAV015,M03,granel_solido,descarga,Clínker,17309.7,0,2024-05-30 22:30:02,2024-05-31 16:31:19,2024-06-03 15:17:15,Hamburgo,Santa Cruz de Tenerife,S,0
ESC-2024-001753,9160126,Río Marina V,NAV008,M04,granel_liquido,mixta,Ácido sulfúrico,42711.5,0,2024-05-30 22:58:34,2024-05-31 19:44:45,2024-06-01 22:42:09,Las Palmas,Abiyán,S,0
ESC-2024-006171,9097903,Odiel Carrier,NAV006,M06,granel_liquido,carga,GNL,23743.8,0,2024-05-30 23:02:49,2024-05-31 02:58:24,2024-06-01 01:22:12,Tánger Med,Houston,S,0
ESC-2024-003775,9750165,Golden Navigator,NAV014,M03,granel_solido,mixta,Fertilizantes,12228.3,0,2024-05-30 23:23:17,2024-05-31 05:24:23,2024-06-02 15:47:15,Ceuta,Nueva York,S,0
ESC-2024-004882,9550230,Nordic Carrier,NAV011,M11,carga_general,descarga,Maquinaria,3931.8,0,2024-05-31 04:13:46,2024-05-31 05:16:48,2024-06-01 07:51:47,Valencia,Funchal,S,0
ESC-2024-006045,9405186,Tinto Star II,NAV037,M01,contenedores,descarga,Contenedores,14996.9,1364,2024-05-31 09:31:14,2024-05-31 17:49:51,2024-06-01 14:23:17,Santa Cruz de Tenerife,Rotterdam,S,0
ESC-2024-005663,9717199,Doña Express,NAV017,M10,pesca,carga,Pescado fresco,22.0,0,2024-05-31 18:04:56,2024-05-31 18:39:35,2024-05-31 23:58:25,Amberes,Algeciras,S,0
ESC-2024-004546,9171371,Ocean Pioneer,NAV025,M03,granel_solido,carga,Pirita,26887.2,0,2024-05-31 18:20:53,2024-06-01 03:29:04,2024-06-04 07:28:32,Amberes,Las Palmas,S,0
ESC-2024-003161,9227118,Silver Sol,NAV013,M03,granel_solido,carga,Fertilizantes,26753.5,0,2024-05-31 21:11:06,2024-06-01 03:45:31,2024-06-04 12:34:28,Algeciras,Casablanca,S,0
ESC-2024-000689,9199622,Costa Pride,NAV033,M11,carga_general,mixta,Palés,3541.8,0,2024-06-01 03:11:49,2024-06-01 05:46:51,2024-06-01 14:38:19,Las Palmas,Rotterdam,S,0
ESC-2024-005898,9634581,Luz Dawn V,NAV017,M04,granel_liquido,carga,Biocombustible,6613.7,0,2024-06-01 12:02:47,2024-06-01 19:54:45,2024-06-03 03:29:25,Santa Cruz de Tenerife,Santa Cruz de Tenerife,S,0
ESC-2024-003697,9203722,Southern Voyager II,NAV034,M01,contenedores,carga,Contenedores,9647.5,735,2024-06-01 14:43:19,2024-06-01 22:15:50,2024-06-03 07:23:21,Casablanca,Le Havre,S,0
ESC-2024-005755,9845685,Costa Fortune IV,NAV037,M11,carga_general,mixta,Madera,8798.1,0,2024-06-01 17:27:58,2024-06-01 17:57:00,2024-06-02 12:55:20,Santa Cruz de Tenerife,Nueva York,S,0
ESC-2024-000910,9397987,Tinto Express,NAV012,M01,contenedores,descarga,Contenedores,3360.9,273,2024-06-01 18:16:13,2024-06-02 09:49:15,2024-06-03 13:42:22,Nueva York,Valencia,S,0
ESC-2024-002941,9230438,Nordic Star IV,NAV030,M01,contenedores,carga,Contenedores,6126.5,674,2024-06-01 23:46:55,2024-06-02 04:20:49,2024-06-03 01:11:23,Lisboa,Tánger Med,S,0
ESC-2024-002941,9230438,Nordic Star IV,NAV030,M01,contenedores,carga,Contenedores,6126.5,674,2024-06-01 23:46:55,2024-06-02 04:20:49,2024-06-03 01:11:23,Lisboa,Tánger Med,S,0
ESC-2024-000598,9004516,Costa Spirit,NAV028,M12,granel_liquido,carga,Productos químicos,38357.5,0,2024-06-02 00:47:30,2024-06-02 08:03:01,2024-06-03 07:59:47,Ceuta,Rotterdam,S,0
ESC-2024-001721,9197583,Delta Venture,NAV007,M02,granel_solido,mixta,Clínker,25235.6,0,2024-06-02 01:33:53,2024-06-02 03:38:30,2024-06-04 09:52:42,Valencia,Tánger Med,S,0
ESC-2024-004567,9442732,Punta Venture,NAV025,M12,granel_liquido,carga,Productos químicos,72220.9,0,2024-06-02 03:29:38,2024-06-02 03:38:56,2024-06-03 07:48:11,Abiyán,Amberes,S,0
ESC-2024-003102,9846483,Southern Horizon III,NAV019,M03,granel_solido,carga,Concentrado de cobre,24537.4,0,2024-06-02 03:49:53,2024-06-02 09:25:18,2024-06-05 00:37:00,Funchal,Casablanca,S,0
ESC-2024-001509,9042219,Marisma Trader,NAV015,M02,granel_solido,descarga,Cereal,14025.3,0,2024-06-02 05:19:53,2024-06-02 09:13:44,2024-06-05 20:26:54,Dakar,Dakar,S,0
ESC-2024-005842,9716602,Iberian Horizon III,NAV038,M11,carga_general,carga,Madera,5838.0,0,2024-06-02 06:25:58,2024-06-02 07:21:21,2024-06-03 15:58:22,Las Palmas,Nueva York,S,0
ESC-2024-004703,9355367,Delta Navigator I,NAV012,M01,contenedores,mixta,Contenedores,17120.4,1347,2024-06-02 10:46:42,2024-06-02 11:43:25,2024-06-03 02:35:48,Casablanca,Lisboa,S,0
ESC-2024-003547,9287900,Delta Spirit,NAV040,M07,ro_ro,mixta,Semirremolques,14419.8,0,2024-06-02 14:47:30,2024-06-02 15:05:36,2024-06-03 03:17:33,Tánger Med,Ceuta,S,0
ESC-2024-005642,9600396,Estrella Pioneer V,NAV007,M10,pesca,carga,Pescado fresco,74.3,0,2024-06-03 01:05:27,2024-06-03 01:28:03,2024-06-03 07:05:26,Génova,Rotterdam,N,0
ESC-2024-001427,9822619,Ocean Bay,NAV002,M11,carga_general,carga,Palés,9184.3,0,2024-06-03 02:26:47,2024-06-03 07:22:33,2024-06-04 00:43:24,Le Havre,Santos,S,0
ESC-2024-001427,9822619,Ocean Bay,NAV002,M11,carga_general,carga,Palés,9184.3,0,2024-06-03 02:26:47,2024-06-03 07:22:33,2024-06-04 00:43:24,Le Havre,Santos,S,0
ESC-2024-006370,9465057,Costa Pride I,NAV004,M11,carga_general,descarga,Palés,4516.4,0,2024-06-03 04:16:21,2024-06-03 08:05:19,2024-06-04 07:15:10,Génova,Algeciras,S,0
ESC-2024-006370,9465057,Costa Pride I,NAV004,M11,carga_general,descarga,Palés,4516.4,0,2024-06-03 04:16:21,2024-06-03 08:05:19,2024-06-04 07:15:10,Génova,Algeciras,S,0
ESC-2024-002982,9369382,Southern Sol,NAV001,M12,granel_liquido,descarga,Biocombustible,52835.2,0,2024-06-03 07:23:31,2024-06-03 16:47:07,2024-06-05 14:13:12,Génova,Funchal,S,0
ESC-2024-004522,9459424,Luz Fortune IV,NAV028,M07,ro_ro,mixta,Vehículos,17568.2,0,2024-06-03 07:34:30,2024-06-03 08:14:06,2024-06-03 22:37:35,Le Havre,Lisboa,S,0
ESC-2024-005527,9765768,Cabo Pride I,NAV007,M06,granel_liquido,carga,Productos químicos,64579.8,0,2024-06-03 09:19:46,2024-06-03 15:42:22,2024-06-05 10:06:55,Tánger Med,Algeciras,S,0
ESC-2024-004099,9230438,Nordic Star IV,NAV030,M01,contenedores,descarga,Contenedores,9612.6,838,2024-06-03 11:26:50,2024-06-03 12:53:00,2024-06-04 09:47:50,Hamburgo,Houston,S,0
ESC-2024-003375,9223904,Aurora Bay IV,NAV003,M12,granel_liquido,descarga,GNL,25239.0,0,2024-06-03 12:24:37,2024-06-03 22:51:03,2024-06-05 03:31:35,Amberes,Rotterdam,S,0
ESC-2024-001755,9380283,Estrella Dawn IV,NAV029,M05,granel_liquido,mixta,Ácido sulfúrico,33672.0,0,2024-06-03 17:15:11,2024-06-03 21:20:39,2024-06-04 12:35:06,Santos,Génova,S,0
ESC-2024-002032,9157973,Southern Bay,NAV004,M04,granel_liquido,descarga,Ácido sulfúrico,25922.1,0,2024-06-03 20:50:29,2024-06-03 23:36:13,2024-06-04 19:31:51,Rotterdam,Santa Cruz de Tenerife,S,0
ESC-2024-003781,9826809,  DELTA VOYAGER ,NAV034,M12,granel_liquido,mixta,Biocombustible,77107.5,0,2024-06-03 23:59:07,2024-06-04 13:58:07,2024-06-05 11:52:41,Sines,Tánger Med,S,0
ESC-2024-005585,9097903,Odiel Carrier,NAV006,M12,granel_liquido,descarga,GNL,14320.0,0,2024-06-04 01:37:48,2024-06-04 11:30:11,2024-06-05 18:26:37,Algeciras,Nueva York,S,0
ESC-2024-005815,9416575,Punta Mar,NAV032,M10,pesca,descarga,Pescado fresco,56.7,0,2024-06-04 04:37:51,2024-06-04 04:40:28,2024-06-04 09:11:08,Las Palmas,Santa Cruz de Tenerife,S,0
ESC-2024-005807,9809253,Río Bay,NAV005,M02,granel_solido,mixta,Fertilizantes,16073.0,0,2024-06-04 04:40:26,2024-06-04 14:42:14,2024-06-06 15:48:14,Lisboa,Abiyán,S,0
ESC-2024-004871,9321201,  ESTRELLA VOYAGER ,NAV020,M01,contenedores,mixta,Contenedores,14241.1,1581,2024-06-04 08:51:54,2024-06-04 09:01:12,2024-06-05 00:39:21,Lisboa,Houston,S,0
ESC-2024-001928,9948346,Tinto Sol V,NAV020,M09,pasajeros,carga,Pasajeros,0.0,0,2024-06-04 09:41:22,2024-06-04 09:56:42,2024-06-04 18:36:21,Génova,Santa Cruz de Tenerife,S,2291
ESC-2024-002691,9550230,Nordic Carrier,NAV011,M11,carga_general,carga,Maquinaria,5789.5,0,2024-06-04 15:16:23,04/06/2024 16:14,2024-06-06 02:20:27,Rotterdam,Houston,S,0
ESC-2024-000661,9218076,Doña Horizon,NAV012,M02,granel_solido,carga,Concentrado de cobre,12230.9,0,2024-06-04 16:59:00,2024-06-05 10:36:47,2024-06-07 03:16:55,Génova,Casablanca,S,0
ESC-2024-005784,9149469,Río Spirit IV,NAV036,M03,granel_solido,descarga,Pirita,28437.7,0,2024-06-04 20:30:40,2024-06-05 04:24:50,2024-06-07 17:25:16,Santa Cruz de Tenerife,Algeciras,S,0
ESC-2024-001313,9376153,Río Wave,NAV031,M09,pasajeros,descarga,Pasajeros,0.0,0,2024-06-04 20:34:00,2024-06-04 20:47:36,2024-06-05 04:28:35,Santos,Santa Cruz de Tenerife,S,1500
ESC-2024-003944,9125293,Nordic Bay,NAV020,M06,granel_liquido,carga,Biocombustible,45914.2,0,2024-06-04 20:44:30,2024-06-05 02:32:14,2024-06-06 04:18:00,Tánger Med,Funchal,S,0
ESC-2024-005773,9093464,Iberian Sol,NAV004,M05,granel_liquido,descarga,Crudo,61444.4,0,2024-06-04 23:46:49,2024-06-05 13:45:38,2024-06-06 22:43:22,Le Havre,Ceuta,S,0
ESC-2024-002773,9578270,Marisma Bay,NAV035,M03,granel_solido,descarga,Clínker,17199.2,0,2024-06-05 00:06:18,2024-06-05 09:43:40,2024-06-07 16:59:28,Abiyán,Funchal,S,0
ESC-2024-002761,9116591,Nordic Marina IV,NAV014,M01,contenedores,descarga,Contenedores,8565.9,791,2024-06-05 00:31:31,2024-06-05 01:48:49,2024-06-06 06:17:38,Santa Cruz de Tenerife,Valencia,S,0
ESC-2024-005745,9030022,Costa Fortune V,NAV007,M10,pesca,mixta,Pescado fresco,77.1,0,2024-06-05 03:19:07,2024-06-05 03:55:27,2024-06-05 10:24:31,Abiyán,Hamburgo,N,0
ESC-2024-001580,9475662,Ocean Sol,NAV003,M12,granel_liquido,carga,Productos químicos,37091.3,0,2024-06-05 05:36:17,2024-06-05 07:45:25,2024-06-06 22:06:15,Hamburgo,Nueva York,S,0
ESC-2024-001411,9770531,Aurora Spirit III,NAV023,M01,contenedores,mixta,Contenedores,7034.0,555,2024-06-05 08:17:01,2024-06-05 13:37:55,2024-06-06 02:17:19,Rotterdam,Houston,S,0
ESC-2024-003915,9312547,Punta Pride III,NAV030,M06,granel_liquido,descarga,Gasóleo,40771900.0,0,2024-06-05 16:56:37,2024-06-05 18:48:45,2024-06-07 09:25:19,Casablanca,Abiyán,S,0
ESC-2024-001613,9030022,Costa Fortune V,NAV007,M10,pesca,descarga,Pescado fresco,68.6,0,2024-06-05 17:38:44,2024-06-05 17:48:50,2024-06-06 01:57:12,Casablanca,Lisboa,N,0
ESC-2024-003013,9236834,Aurora Fortune,NAV040,M05,granel_liquido,mixta,Crudo,86222.7,0,2024-06-05 18:39:53,2024-06-05 23:35:41,2024-06-06 20:54:34,Amberes,Nueva York,S,0
ESC-2024-003030,9770684,Delta Pioneer,NAV005,M04,granel_liquido,carga,Crudo,27454.2,0,2024-06-05 20:25:38,2024-06-05 22:46:08,2024-06-07 02:34:05,Lisboa,Dakar,S,0
ESC-2024-006373,9495507,Costa Bay,NAV040,M01,contenedores,descarga,Contenedores,5976.9,592,2024-06-05 21:04:55,2024-06-06 03:34:25,2024-06-07 03:09:41,Le Havre,Ceuta,S,0
ESC-2024-000927,9376153,Río Wave,NAV031,M09,pasajeros,mixta,Pasajeros,0.0,0,2024-06-05 22:48:25,2024-06-05 22:52:13,2024-06-06 09:06:57,Casablanca,Abiyán,S,2596
ESC-2024-005369,9569700,Costa Star,NAV006,M01,contenedores,descarga,Contenedores,13380.9,1283,2024-06-05 23:16:00,2024-06-06 01:50:35,2024-06-07 04:56:37,Lisboa,Ceuta,S,0
ESC-2024-003490,9472995,Blue Trader,NAV028,M02,granel_solido,descarga,Cereal,39453.7,0,2024-06-05 23:35:28,2024-06-06 00:48:46,2024-06-07 03:41:04,Abiyán,Algeciras,S,0
ESC-2024-002179,9488736,Aurora Carrier,NAV013,M05,granel_liquido,carga,Gasóleo,34261400.0,0,2024-06-06 08:45:10,2024-06-06 20:46:57,2024-06-07 19:54:53,Abiyán,Rotterdam,S,0
ESC-2024-004731,9587568,Río Pioneer I,NAV026,M03,granel_solido,mixta,Cereal,14737.3,0,2024-06-06 14:42:38,2024-06-06 16:25:46,2024-06-08 13:43:02,Rotterdam,Las Palmas,S,0
ESC-2024-001402,9495507,Costa Bay,NAV040,M01,contenedores,mixta,Contenedores,13335.8,1270,2024-06-06 15:36:05,2024-06-06 16:00:30,2024-06-08 04:27:57,Houston,Casablanca,S,0
ESC-2024-006138,9395252,Ocean Breeze,NAV013,M12,granel_liquido,carga,Crudo,56094.3,0,2024-06-06 20:16:58,2024-06-07 00:50:18,2024-06-08 14:07:37,Santa Cruz de Tenerife,Hamburgo,S,0
ESC-2024-006130,9467031,Cabo Star,NAV008,M11,carga_general,descarga,Madera,6155.6,0,2024-06-06 23:33:03,2024-06-07 19:03:04,2024-06-09 10:06:18,Algeciras,Hamburgo,S,0
ESC-2024-004469,9948346,Tinto Sol V,NAV020,M09,pasajeros,carga,Pasajeros,0.0,0,2024-06-07 03:10:13,2024-06-07 03:13:10,2024-06-07 12:08:57,Lisboa,Las Palmas,S,1892
ESC-2024-004948,9465057,  COSTA PRIDE I ,NAV004,M11,carga_general,descarga,Palés,4888.4,0,2024-06-07 04:19:10,2024-06-07 09:06:59,2024-06-08 18:26:01,Lisboa,Algeciras,S,0
ESC-2024-004646,9430090,Odiel Mar,NAV035,M03,granel_solido,descarga,Pirita,14764.1,0,2024-06-07 05:27:05,2024-06-07 05:47:33,2024-06-10 03:50:52,Hamburgo,Génova,S,0
ESC-2024-003363,9826108,Marisma Carrier,NAV005,M04,granel_liquido,descarga,Crudo,16006.2,0,2024-06-07 07:39:48,2024-06-07 11:33:30,2024-06-08 02:42:03,Ceuta,Rotterdam,S,0
ESC-2024-003868,9217412,Costa Pride III,NAV014,M05,granel_liquido,descarga,Ácido sulfúrico,56149.3,0,2024-06-07 10:26:26,2024-06-07 16:50:09,2024-06-09 16:50:45,Santa Cruz de Tenerife,Le Havre,S,0
ESC-2024-000897,9738167,Silver Venture,NAV013,M09,pasajeros,mixta,Pasajeros,0.0,0,2024-06-07 16:45:52,2024-06-07 16:49:55,2024-06-08 05:37:31,Hamburgo,Hamburgo,S,1142
ESC-2024-002576,9369382,Southern Sol,NAV001,M12,granel_liquido,carga,Productos químicos,40022.0,0,2024-06-07 17:52:50,2024-06-08 02:36:33,2024-06-09 13:25:39,Le Havre,Casablanca,S,0
ESC-2024-006450,9643192,  SILVER BREEZE II ,NAV013,M02,granel_solido,carga,Concentrado de cobre,33828.7,0,2024-06-08 00:38:16,2024-06-09 05:35:46,2024-06-12 06:15:34,Rotterdam,Valencia,S,0
ESC-2024-006222,9647021,Punta Pride,NAV035,M06,granel_liquido,carga,Ácido sulfúrico,52457.3,0,2024-06-08 05:08:59,2024-06-08 08:09:53,2024-06-09 20:33:58,Amberes,Sines,S,0
ESC-2024-006319,9782431,Iberian Wave,NAV016,M04,granel_liquido,descarga,Crudo,46568.3,0,2024-06-08 08:07:04,2024-06-08 22:03:52,2024-06-10 01:04:54,Génova,Ceuta,S,0
ESC-2024-000475,9977737,Marisma Voyager,NAV033,M11,carga_general,carga,Palés,4769.3,0,2024-06-08 10:15:59,2024-06-08 14:29:42,2024-06-09 17:45:52,Santos,Nueva York,S,0
ESC-2024-000524,9088330,Southern Fortune I,NAV003,M06,granel_liquido,descarga,Gasóleo,87152.2,0,2024-06-08 12:29:08,2024-06-08 20:25:09,2024-06-10 11:24:40,Ceuta,Hamburgo,S,0
ESC-2024-002262,9539145,Marisma Mar,NAV013,M08,fruta_refrigerada,carga,Cítricos,10508.0,0,2024-06-08 17:43:41,2024-06-08 21:17:58,2024-06-09 23:14:10,Casablanca,Le Havre,S,0
ESC-2024-005443,9263394,Odiel Horizon,NAV034,M10,pesca,carga,Pescado fresco,75.3,0,2024-06-08 18:34:26,2024-06-08 18:50:10,2024-06-09 04:02:04,Houston,Santa Cruz de Tenerife,S,0
ESC-2024-003209,9282584,Atlantic Pioneer,NAV008,M07,ro_ro,descarga,Vehículos,8216.6,0,2024-06-08 21:19:44,2024-06-08 23:03:09,2024-06-09 13:20:41,Le Havre,Le Havre,S,0
ESC-2024-004688,9005211,Cabo Sol II,NAV039,M01,contenedores,carga,Contenedores,12292.4,898,2024-06-09 06:09:46,2024-06-09 15:30:10,2024-06-10 13:00:12,Abiyán,Abiyán,S,0
ESC-2024-001572,9416575,Punta Mar,NAV032,M10,pesca,carga,Pescado fresco,23.6,0,2024-06-09 06:39:34,2024-06-09 07:05:19,2024-06-09 13:57:38,Santa Cruz de Tenerife,Algeciras,N,0
ESC-2024-004524,9116034,Atlantic Fortune III,NAV019,M01,contenedores,carga,Contenedores,8394.3,797,2024-06-09 08:50:29,2024-06-09 11:54:20,2024-06-10 10:43:33,Le Havre,Las Palmas,S,0
ESC-2024-003568,9603192,Odiel Spirit,NAV036,M07,ro_ro,carga,Semirremolques,18951.7,0,2024-06-09 11:58:42,2024-06-09 17:35:30,2024-06-09 23:09:51,Dakar,Santa Cruz de Tenerife,S,0
ESC-2024-004747,9708813,Doña Venture,NAV035,M06,granel_liquido,carga,Productos químicos,49890.6,0,2024-06-09 15:58:32,2024-06-09 20:48:23,2024-06-10 17:19:40,Ceuta,Valencia,S,0
ESC-2024-001924,9396517,Atlantic Voyager III,NAV035,M08,fruta_refrigerada,descarga,Fresa y frutos rojos,13688.3,0,2024-06-09 17:43:05,2024-06-09 17:47:30,2024-06-10 22:04:53,Le Havre,Ceuta,S,0
ESC-2024-004050,9754288,Marisma Horizon V,NAV026,M12,granel_liquido,carga,Gasóleo,44593.1,0,2024-06-10 01:20:45,2024-06-10 10:32:18,2024-06-12 04:27:30,Amberes,Algeciras,S,0
ESC-2024-006018,9412543,Estrella Sol,NAV033,M06,granel_liquido,descarga,Biocombustible,23634.8,0,2024-06-10 01:38:24,2024-06-10 08:04:06,2024-06-11 20:47:50,Tánger Med,Dakar,S,0
ESC-2024-004512,9216286,Odiel Voyager,NAV031,M02,granel_solido,carga,Pirita,32669.2,0,2024-06-10 03:48:01,2024-06-10 05:49:05,2024-06-13 03:28:01,Funchal,Las Palmas,S,0
ESC-2024-002829,9634581,Luz Dawn V,NAV017,M12,granel_liquido,carga,Crudo,9555.4,0,2024-06-10 04:25:03,2024-06-10 06:23:48,2024-06-11 15:52:25,Tánger Med,Ceuta,S,0
ESC-2024-001334,9287900,Delta Spirit,NAV040,M07,ro_ro,mixta,Vehículos,21782.0,0,2024-06-10 06:18:14,2024-06-10 10:05:13,2024-06-10 20:55:09,Amberes,Algeciras,S,0
ESC-2024-002242,9176761,Cabo Pride,NAV014,M01,contenedores,mixta,Contenedores,7292.5,645,2024-06-10 07:44:21,2024-06-10 15:24:35,2024-06-11 19:10:49,Hamburgo,Amberes,S,0
ESC-2024-000330,9550230,Nordic Carrier,NAV011,M11,carga_general,descarga,Bobinas de acero,4181.4,0,2024-06-10 11:16:36,2024-06-10 11:35:07,2024-06-11 05:03:48,Santa Cruz de Tenerife,Dakar,S,0
ESC-2024-005889,9114634,Aurora Bay,NAV040,M01,contenedores,mixta,Contenedores,16375.4,1533,2024-06-10 15:17:34,2024-06-11 00:28:09,2024-06-12 05:21:58,Tánger Med,Abiyán,S,0
ESC-2024-001439,9600396,Estrella Pioneer V,NAV007,M10,pesca,mixta,Pescado fresco,7.7,0,2024-06-10 15:47:00,2024-06-10 15:47:46,2024-06-10 21:17:52,Sines,Santa Cruz de Tenerife,S,0
ESC-2024-001439,9600396,Estrella Pioneer V,NAV007,M10,pesca,mixta,Pescado fresco,7.7,0,2024-06-10 15:47:00,2024-06-10 15:47:46,2024-06-10 21:17:52,Sines,Santa Cruz de Tenerife,S,0
ESC-2024-004215,9492907,Ocean Star II,NAV037,M11,carga_general,mixta,Madera,9768.8,0,2024-06-10 21:56:28,2024-06-10 23:05:02,2024-06-12 19:42:58,Funchal,Valencia,S,0
ESC-2024-000861,9408011,Cabo Voyager,NAV021,M05,granel_liquido,mixta,Productos químicos,41832.1,0,2024-06-11 02:35:47,2024-06-11 12:42:00,2024-06-12 15:28:13,Houston,Nueva York,S,0
ESC-2024-000663,9355367,Delta Navigator I,NAV012,M01,contenedores,carga,Contenedores,14704.4,1343,2024-06-11 05:34:34,2024-06-11 13:38:19,2024-06-12 13:44:13,Abiyán,Lisboa,S,0
ESC-2024-002297,9380283,Estrella Dawn IV,NAV029,M05,granel_liquido,mixta,Crudo,38182.7,0,2024-06-11 11:07:19,2024-06-13 01:49:56,2024-06-14 01:21:12,Algeciras,Génova,S,0
ESC-2024-001851,9609550,Blue Navigator,NAV014,M07,ro_ro,mixta,Vehículos,28933.7,0,2024-06-11 11:52:45,2024-06-11 13:10:07,2024-06-12 02:43:31,Santos,Funchal,S,0
ESC-2024-000795,9417816,Golden Wave,NAV024,M07,ro_ro,mixta,Semirremolques,21048.4,0,2024-06-11 17:40:49,2024-06-11 20:41:52,2024-06-12 11:26:41,Lisboa,Nueva York,S,0
ESC-2024-003302,9119555,Iberian Breeze,NAV010,M12,granel_liquido,mixta,Ácido sulfúrico,85864.4,0,2024-06-12 01:51:31,2024-06-12 02:45:41,2024-06-13 17:59:01,Génova,Génova,S,0
ESC-2024-001633,9898084,Marisma Fortune,NAV013,M12,granel_liquido,mixta,Biocombustible,56848.2,0,2024-06-12 09:59:14,2024-06-12 22:16:44,2024-06-14 12:38:53,Santos,Hamburgo,S,0
ESC-2024-000511,9614294,Punta Express,NAV032,M03,granel_solido,carga,Concentrado de cobre,16796200.0,0,2024-06-12 13:09:45,2024-06-12 21:07:24,2024-06-14 16:47:10,Amberes,Lisboa,S,0
ESC-2024-006164,9133135,Punta Star III,NAV004,M05,granel_liquido,carga,Ácido sulfúrico,38727.3,0,2024-06-12 15:47:28,2024-06-12 16:14:49,2024-06-13 15:03:36,Abiyán,Funchal,S,0
ESC-2024-000575,9770684,Delta Pioneer,NAV005,M06,granel_liquido,mixta,Gasóleo,33818.9,0,2024-06-12 20:50:33,2024-06-13 00:54:36,2024-06-14 13:42:18,Tánger Med,Hamburgo,S,0
ESC-2024-000924,9782431,Iberian Wave,NAV016,M12,granel_liquido,descarga,Productos químicos,75868.8,0,2024-06-12 21:21:50,2024-06-13 00:23:08,2024-06-14 02:39:27,Hamburgo,Valencia,S,0
ESC-2024-002822,9826108,Marisma Carrier,NAV005,M04,granel_liquido,carga,Crudo,18620.2,0,2024-06-13 01:12:25,2024-06-13 08:22:31,2024-06-14 14:06:27,Algeciras,Ceuta,S,0
ESC-2024-000013,9459424,Luz Fortune IV,NAV028,M07,ro_ro,mixta,Vehículos,9862.1,0,2024-06-13 04:37:42,2024-06-13 11:45:25,2024-06-14 07:22:15,Ceuta,Dakar,S,0
ESC-2024-000623,9368223,Iberian Navigator,NAV010,M10,pesca,carga,Pescado fresco,19.9,0,2024-06-13 05:20:22,2024-06-13 05:23:47,2024-06-13 11:58:26,Tánger Med,Santa Cruz de Tenerife,N,0
ESC-2024-003927,9272931,Southern Pioneer,NAV020,M02,granel_solido,descarga,Clínker,28676.2,0,2024-06-13 14:13:54,2024-06-13 16:10:35,2024-06-15 12:55:08,Las Palmas,Abiyán,S,0
ESC-2024-001989,9678460,Southern Spirit V,NAV033,M03,granel_solido,descarga,Fertilizantes,34398.3,0,2024-06-13 14:24:52,2024-06-14 03:07:02,2024-06-16 09:05:45,Las Palmas,Amberes,S,0
ESC-2024-005090,9039896,Blue Breeze,NAV036,M12,granel_liquido,descarga,Crudo,32282.1,0,2024-06-13 18:13:20,2024-06-13 20:53:54,2024-06-14 19:06:08,Casablanca,Algeciras,S,0
ESC-2024-004484,9068720,Silver Venture II,NAV030,M10,pesca,descarga,Pescado fresco,12.9,0,2024-06-13 23:13:28,2024-06-13 23:19:00,2024-06-14 07:15:34,Hamburgo,Le Havre,N,0
ESC-2024-002818,9148104,Marisma Pride,NAV010,M10,pesca,descarga,Pescado fresco,28.0,0,2024-06-14 00:34:40,2024-06-14 01:33:11,2024-06-14 06:28:03,Génova,Lisboa,S,0
ESC-2024-004712,9783588,Iberian Star,NAV025,M11,carga_general,carga,Maquinaria,3116.2,0,2024-06-14 05:10:43,2024-06-14 06:18:28,2024-06-16 06:47:07,Algeciras,Casablanca,S,0
ESC-2024-001397,9600396,Estrella Pioneer V,NAV007,M10,pesca,carga,Pescado fresco,58.8,0,2024-06-14 07:19:13,2024-06-14 07:19:14,2024-06-14 14:33:44,Hamburgo,Casablanca,N,0
ESC-2024-005651,9148104,Marisma Pride,NAV010,M10,pesca,descarga,Pescado fresco,31.7,0,2024-06-14 08:15:22,2024-06-14 08:32:51,2024-06-14 12:22:55,Casablanca,Sines,S,0
ESC-2024-003153,9203722,Southern Voyager II,NAV034,M01,contenedores,carga,Contenedores,13026.8,994,2024-06-14 08:56:08,2024-06-14 18:20:14,2024-06-16 05:49:05,Algeciras,Nueva York,S,0
ESC-2024-001557,9492907,Ocean Star II,NAV037,M11,carga_general,mixta,Bobinas de acero,6690.7,0,2024-06-14 11:23:29,2024-06-14 12:38:06,2024-06-15 10:35:59,Santa Cruz de Tenerife,Houston,S,0
ESC-2024-003889,9765768,Cabo Pride I,NAV007,M05,granel_liquido,mixta,Ácido sulfúrico,66036.7,0,2024-06-14 12:36:37,2024-06-15 01:29:32,2024-06-16 14:41:10,Sines,Valencia,S,0
ESC-2024-003889,9765768,Cabo Pride I,NAV007,M05,granel_liquido,mixta,Ácido sulfúrico,66036.7,0,2024-06-14 12:36:37,2024-06-15 01:29:32,2024-06-16 14:41:10,Sines,Valencia,S,0
ESC-2024-002106,9494670,Luz Fortune,NAV031,M07,ro_ro,carga,Semirremolques,20961.6,0,2024-06-14 18:25:25,2024-06-14 21:26:55,2024-06-15 07:30:55,Amberes,Hamburgo,S,0
ESC-2024-004700,9263394,Odiel Horizon,NAV034,M10,pesca,carga,Pescado fresco,16.5,0,2024-06-14 18:33:32,2024-06-14 18:45:19,2024-06-15 03:52:26,Rotterdam,Santa Cruz de Tenerife,N,0
ESC-2024-000107,9445459,Costa Breeze,NAV018,M03,granel_solido,mixta,Concentrado de cobre,27844.7,0,2024-06-14 20:51:51,2024-06-15 10:13:41,2024-06-17 00:17:00,Ceuta,Algeciras,S,0
ESC-2024-006417,9465057,Costa Pride I,NAV004,M11,carga_general,carga,Bobinas de acero,5938.3,0,2024-06-15 04:06:56,2024-06-15 08:29:02,2024-06-15 23:57:15,Dakar,Rotterdam,S,0
ESC-2024-006116,9380283,Estrella Dawn IV,NAV029,M05,granel_liquido,carga,Productos químicos,25731800.0,0,2024-06-15 10:39:49,2024-06-16 02:22:00,2024-06-17 18:49:30,Casablanca,Le Havre,S,0
ESC-2024-002213,9796822,Odiel Navigator,NAV022,M05,granel_liquido,mixta,Ácido sulfúrico,90157.0,0,2024-06-15 11:05:45,2024-06-15 18:39:50,2024-06-17 09:25:25,Dakar,Lisboa,S,0
ESC-2024-001601,9415882,Southern Star II,NAV016,M02,granel_solido,carga,Fertilizantes,27128.1,0,2024-06-15 11:38:35,2024-06-15 16:59:58,2024-06-15 21:02:30,Houston,Algeciras,S,0
ESC-2024-002223,9954917,Luz Carrier II,NAV030,M07,ro_ro,mixta,Semirremolques,12498.5,0,2024-06-15 12:05:17,2024-06-15 15:14:37,2024-06-15 23:19:44,Sines,Algeciras,S,0
ESC-2024-003289,9842700,Cabo Carrier,NAV037,M09,pasajeros,carga,Pasajeros,0.0,0,2024-06-15 16:18:06,2024-06-15 16:35:28,2024-06-15 23:37:14,Nueva York,Tánger Med,S,2234
ESC-2024-003766,9408011,Cabo Voyager,NAV021,M12,granel_liquido,mixta,Ácido sulfúrico,49037.8,0,2024-06-15 20:54:44,2024-06-15 23:10:10,2024-06-17 02:13:06,Tánger Med,Sines,S,0
ESC-2024-001160,9311490,Río Trader IV,NAV033,M10,pesca,mixta,Pescado fresco,57.4,0,2024-06-15 21:02:14,2024-06-15 21:26:15,2024-06-16 02:17:53,Valencia,Houston,S,0
ESC-2024-003024,9203722,Southern Voyager II,NAV034,M01,contenedores,carga,Contenedores,10137.8,1054,2024-06-15 22:15:49,2024-06-15 22:38:21,2024-06-16 16:47:15,Funchal,Santos,S,0
ESC-2024-001466,9189512,Silver Spirit,NAV028,M02,granel_solido,carga,Fertilizantes,14963.2,0,2024-06-16 00:52:54,2024-06-16 06:12:31,2024-06-19 11:02:01,Las Palmas,Rotterdam,S,0
ESC-2024-005652,9203722,Southern Voyager II,NAV034,M01,contenedores,mixta,Contenedores,14095.5,1196,2024-06-16 05:29:18,2024-06-16 06:49:42,2024-06-17 04:33:22,Abiyán,Valencia,S,0
ESC-2024-000805,9796822,Odiel Navigator,NAV022,M05,granel_liquido,descarga,GNL,76533.6,0,2024-06-16 06:42:22,2024-06-16 10:51:32,2024-06-16 21:26:11,Funchal,Dakar,S,0
ESC-2024-005967,9355367,Delta Navigator I,NAV012,M01,contenedores,mixta,Contenedores,14042.0,1215,2024-06-16 08:54:44,2024-06-16 09:58:15,2024-06-17 00:05:00,Nueva York,Abiyán,S,0
ESC-2024-000871,9089059,Costa Voyager I,NAV035,M02,granel_solido,mixta,Cereal,28819.6,0,2024-06-16 14:18:30,2024-06-17 06:53:16,2024-06-19 04:50:16,Génova,Funchal,S,0
ESC-2024-003445,9938640,Estrella Spirit I,NAV002,M11,carga_general,carga,Maquinaria,6808.4,0,2024-06-16 16:19:27,2024-06-16 19:32:34,2024-06-18 04:22:55,Rotterdam,Lisboa,S,0
ESC-2024-003028,9473468,Nordic Fortune,NAV029,M10,pesca,mixta,Pescado fresco,13.0,0,2024-06-16 19:00:29,2024-06-16 19:42:33,2024-06-17 01:02:23,Le Havre,Santa Cruz de Tenerife,N,0
ESC-2024-003625,9783588,  IBERIAN STAR ,NAV025,M11,carga_general,carga,Maquinaria,3366.3,0,2024-06-16 23:00:53,2024-06-17 05:18:25,2024-06-18 05:18:09,Santa Cruz de Tenerife,Le Havre,S,0
ESC-2024-005191,9092329,Tinto Star,NAV017,M03,granel_solido,mixta,Concentrado de cobre,40225.3,0,2024-06-17 00:18:34,2024-06-17 17:05:23,2024-06-18 17:17:17,Abiyán,Las Palmas,S,0
ESC-2024-002096,9770684,Delta Pioneer,NAV005,M12,granel_liquido,mixta,Crudo,32186.5,0,2024-06-17 01:34:17,2024-06-17 04:10:51,2024-06-18 10:56:17,Houston,Le Havre,S,0
ESC-2024-003643,9270531,Tinto Dawn,NAV012,M04,granel_liquido,carga,Ácido sulfúrico,51639.0,0,2024-06-17 02:32:31,2024-06-17 02:34:18,2024-06-18 05:45:59,Santa Cruz de Tenerife,Casablanca,S,0
ESC-2024-003588,9484522,Río Wave IV,NAV019,M04,granel_liquido,carga,Productos químicos,55032.6,0,2024-06-17 02:56:02,2024-06-17 03:20:27,2024-06-18 06:03:34,Houston,Las Palmas,S,0
ESC-2024-000152,9898084,Marisma Fortune,NAV013,M12,granel_liquido,carga,Gasóleo,50544.9,0,2024-06-17 07:33:39,2024-06-17 13:07:01,2024-06-18 22:06:11,Hamburgo,Dakar,S,0
ESC-2024-000571,9745940,Punta Breeze I,NAV027,M04,granel_liquido,carga,Productos químicos,60865.0,0,2024-06-17 11:39:13,2024-06-17 16:01:32,2024-06-18 17:07:45,Hamburgo,Hamburgo,S,0
ESC-2024-004329,9742132,Odiel Fortune,NAV010,M04,granel_liquido,descarga,Ácido sulfúrico,17701.2,0,2024-06-17 16:07:49,2024-06-17 16:22:13,2024-06-18 18:24:29,Dakar,Tánger Med,S,0
ESC-2024-003665,9948346,Tinto Sol V,NAV020,M09,pasajeros,descarga,Pasajeros,0.0,0,2024-06-17 16:56:43,2024-06-17 17:24:18,2024-06-17 23:41:54,Funchal,Tánger Med,S,949
ESC-2024-004898,9173824,Doña Star,NAV004,M01,contenedores,descarga,Contenedores,11164.5,859,2024-06-17 17:03:39,2024-06-18 05:43:55,2024-06-19 06:10:36,Amberes,Santa Cruz de Tenerife,S,0
ESC-2024-001019,9183415,Blue Horizon II,NAV014,M03,granel_solido,carga,Clínker,19955.1,0,2024-06-17 18:22:46,2024-06-18 05:51:08,2024-06-20 15:00:07,Funchal,Génova,S,0
ESC-2024-001324,9263394,Odiel Horizon,NAV034,M10,pesca,mixta,Pescado fresco,59.0,0,2024-06-17 19:00:05,2024-06-17 19:42:34,2024-06-18 00:10:15,Lisboa,Dakar,N,0
ESC-2024-006134,9922976,Río Horizon II,NAV034,M12,granel_liquido,carga,Biocombustible,24302.2,0,2024-06-18 00:11:53,2024-06-18 00:31:51,2024-06-19 21:40:47,Amberes,Valencia,S,0
ESC-2024-003869,9272931,Southern Pioneer,NAV020,M02,granel_solido,mixta,Fertilizantes,22944.0,0,2024-06-18 00:52:45,2024-06-18 02:34:58,2024-06-20 05:49:34,Algeciras,Dakar,S,0
ESC-2024-004295,9126132,Atlantic Venture,NAV018,M12,granel_liquido,descarga,GNL,47817.0,0,2024-06-18 01:58:11,2024-06-18 04:20:41,2024-06-19 06:50:20,Tánger Med,Sines,S,0
ESC-2024-002075,9521198,Blue Bay III,NAV036,M10,pesca,descarga,Pescado fresco,54.7,0,2024-06-18 07:05:23,2024-06-18 07:08:25,2024-06-18 14:33:02,Sines,Le Havre,N,0
ESC-2024-000219,9569700,Costa Star,NAV006,M01,contenedores,descarga,Contenedores,8444.6,811,2024-06-18 09:02:55,2024-06-18 12:22:00,2024-06-19 06:21:31,Funchal,Santa Cruz de Tenerife,S,0
ESC-2024-005928,9097903,Odiel Carrier,NAV006,M12,granel_liquido,descarga,Gasóleo,19744.6,0,2024-06-18 22:29:47,2024-06-19 15:29:13,2024-06-21 05:32:50,Funchal,Hamburgo,S,0
ESC-2024-001115,9058751,Río Voyager,NAV009,M05,granel_liquido,descarga,GNL,39833.6,0,2024-06-19 05:26:19,2024-06-19 08:05:49,2024-06-20 09:20:49,Funchal,Nueva York,S,0
ESC-2024-000677,9230268,Luz Express,NAV022,M01,contenedores,descarga,Contenedores,15449.7,1298,2024-06-19 07:00:34,2024-06-19 23:49:50,2024-06-20 14:24:17,Nueva York,Abiyán,S,0
ESC-2024-002219,9495507,Costa Bay,NAV040,M01,contenedores,mixta,Contenedores,16440.1,1461,2024-06-19 13:56:45,2024-06-19 16:09:00,2024-06-20 06:16:21,Génova,Le Havre,S,0
ESC-2024-002463,9183415,Blue Horizon II,NAV014,M03,granel_solido,carga,Clínker,39238.3,0,2024-06-19 15:33:02,2024-06-19 19:20:00,2024-06-21 10:24:23,Houston,Abiyán,S,0
ESC-2024-004119,9419474,Ocean Glory I,NAV022,M11,carga_general,mixta,Maquinaria,6602.8,0,2024-06-19 16:29:59,2024-06-19 19:01:38,2024-06-21 04:00:47,Casablanca,Tánger Med,S,0
ESC-2024-002209,9809253,Río Bay,NAV005,M03,granel_solido,carga,Clínker,17990.8,0,2024-06-19 20:20:53,2024-06-19 22:13:43,2024-06-21 04:07:56,Casablanca,Tánger Med,S,0
ESC-2024-006193,9230268,Luz Express,NAV022,M01,contenedores,mixta,Contenedores,11548.8,1075,2024-06-19 20:36:03,2024-06-20 11:23:56,2024-06-21 07:03:47,Las Palmas,Génova,S,0
ESC-2024-002169,9484522,Río Wave IV,NAV019,M05,granel_liquido,carga,Productos químicos,32744.6,0,2024-06-20 01:13:03,2024-06-20 07:12:15,2024-06-21 04:01:49,Amberes,Casablanca,S,0
ESC-2024-000281,9426178,Delta Marina II,NAV023,M09,pasajeros,descarga,Pasajeros,0.0,0,2024-06-20 02:08:00,2024-06-20 02:12:08,2024-06-20 08:31:37,Amberes,Amberes,S,1943
ESC-2024-004127,9948346,Tinto Sol V,NAV020,M09,pasajeros,descarga,Pasajeros,0.0,0,2024-06-20 02:41:27,2024-06-20 03:06:25,2024-06-20 11:33:03,Casablanca,Nueva York,S,3770
ESC-2024-000625,9116591,Nordic Marina IV,NAV014,M01,contenedores,carga,Contenedores,13734.8,990,2024-06-20 08:30:16,2024-06-20 11:36:43,2024-06-21 01:15:15,Le Havre,Algeciras,S,0
ESC-2024-003116,9386237,Cabo Venture,NAV038,M07,ro_ro,carga,Semirremolques,34062.4,0,2024-06-20 10:41:15,2024-06-20 11:20:43,2024-06-20 22:43:44,Algeciras,Le Havre,S,0
ESC-2024-006223,9520261,Nordic Express V,NAV017,M07,ro_ro,carga,Vehículos,13701.0,0,2024-06-20 13:15:17,2024-06-20 13:30:26,2024-06-21 00:35:11,Valencia,Lisboa,S,0
ESC-2024-001698,9362786,Golden Pioneer,NAV005,M07,ro_ro,carga,Vehículos,13845.4,0,2024-06-20 18:25:12,2024-06-20 19:09:01,2024-06-21 02:53:30,Houston,Santa Cruz de Tenerife,S,0
ESC-2024-002283,9520261,Nordic Express V,NAV017,M07,ro_ro,descarga,Vehículos,18203.3,0,2024-06-20 19:31:49,2024-06-20 20:28:20,2024-06-21 10:42:16,Hamburgo,Houston,S,0
ESC-2024-006259,9874595,Nordic Breeze,NAV020,M11,carga_general,descarga,Maquinaria,8548.7,0,2024-06-20 21:39:58,2024-06-20 23:17:55,2024-06-21 03:47:10,Funchal,Hamburgo,S,0
ESC-2024-003144,9189512,Silver Spirit,NAV028,M03,granel_solido,descarga,Clínker,15662.2,0,2024-06-20 22:06:17,2024-06-20 23:15:30,2024-06-22 14:02:35,Nueva York,Le Havre,S,0
ESC-2024-001032,9500467,Odiel Marina,NAV034,M08,fruta_refrigerada,descarga,Fresa y frutos rojos,11160.5,0,2024-06-21 02:45:32,2024-06-21 06:26:49,2024-06-22 08:41:09,Ceuta,Casablanca,S,0
ESC-2024-002644,9684976,Marisma Sol III,NAV008,M04,granel_liquido,carga,Ácido sulfúrico,20297.0,0,2024-06-21 03:37:22,2024-06-21 09:23:44,2024-06-22 13:10:08,Ceuta,Lisboa,S,0
ESC-2024-004014,9894832,Luz Spirit,NAV008,M05,granel_liquido,carga,GNL,50633.9,0,2024-06-21 04:54:10,2024-06-21 09:47:15,2024-06-22 12:09:57,Ceuta,Le Havre,S,0
ESC-2024-002571,9183415,Blue Horizon II,NAV014,M02,granel_solido,descarga,Pirita,24669.8,0,2024-06-21 08:23:03,2024-06-21 10:22:41,2024-06-23 20:35:45,Houston,Tánger Med,S,0
ESC-2024-000292,9550230,Nordic Carrier,NAV011,M11,carga_general,mixta,Maquinaria,3541.4,0,2024-06-21 08:57:06,2024-06-21 22:46:46,2024-06-23 08:33:27,Casablanca,Abiyán,S,0
ESC-2024-001867,9296860,Delta Mar III,NAV007,M04,granel_liquido,carga,Crudo,7084.6,0,2024-06-21 10:00:15,2024-06-21 10:38:46,2024-06-22 03:12:47,Génova,Algeciras,S,0
ESC-2024-000404,9488736,Aurora Carrier,NAV013,M06,granel_liquido,carga,Biocombustible,46021.8,0,2024-06-21 15:59:24,2024-06-21 21:18:40,2024-06-23 00:44:32,Dakar,Amberes,S,0
ESC-2024-003694,9173824,Doña Star,NAV004,M01,contenedores,carga,Contenedores,14391.2,1109,2024-06-21 17:08:00,2024-06-21 19:53:57,2024-06-22 19:17:30,Amberes,Abiyán,S,0
ESC-2024-004862,9894832,Luz Spirit,NAV008,M05,granel_liquido,carga,Ácido sulfúrico,40182.4,0,2024-06-21 21:48:38,2024-06-22 01:08:09,2024-06-22 21:52:53,Rotterdam,Santa Cruz de Tenerife,S,0
ESC-2024-001244,9284635,  NORDIC SOL IV ,NAV017,M03,granel_solido,descarga,Fertilizantes,16430.3,0,2024-06-21 23:36:58,2024-06-22 00:36:47,2024-06-24 17:40:50,Rotterdam,Houston,S,0
ESC-2024-005659,9368223,Iberian Navigator,NAV010,M10,pesca,descarga,Pescado fresco,48.1,0,2024-06-22 00:53:24,2024-06-22 00:53:34,2024-06-22 03:37:24,Tánger Med,Sines,N,0
ESC-2024-001986,9603219,  AURORA SPIRIT ,NAV026,M10,pesca,mixta,Pescado fresco,75.1,0,2024-06-22 03:42:00,2024-06-22 03:48:12,2024-06-22 10:32:30,Houston,Ceuta,N,0
ESC-2024-002470,9180516,Marisma Glory,NAV034,M05,granel_liquido,descarga,Biocombustible,49023.1,0,2024-06-22 03:46:31,2024-06-22 04:06:50,2024-06-23 22:55:04,Las Palmas,Sines,S,0
ESC-2024-001110,9057915,Blue Spirit,NAV028,M06,granel_liquido,carga,Productos químicos,32942.1,0,2024-06-22 06:16:45,2024-06-22 14:23:58,2024-06-24 01:44:14,Funchal,Funchal,S,0
ESC-2024-006021,9500467,Odiel Marina,NAV034,M08,fruta_refrigerada,mixta,Fruta tropical,13695.5,0,2024-06-22 07:57:10,2024-06-22 20:22:14,2024-06-24 15:24:59,Rotterdam,Rotterdam,S,0
ESC-2024-004661,9151711,Delta Trader,NAV018,,fruta_refrigerada,carga,Cítricos,8620.1,0,2024-06-22 13:39:41,2024-06-22 16:04:06,2024-06-23 12:09:49,Sines,Santos,S,0
ESC-2024-000654,9364722,Aurora Glory II,NAV023,M04,granel_liquido,descarga,Crudo,7102.2,0,2024-06-22 17:08:40,2024-06-22 18:51:22,2024-06-23 23:18:30,Las Palmas,Abiyán,S,0
ESC-2024-005067,9368223,Iberian Navigator,NAV010,M10,pesca,carga,Pescado fresco,13.5,0,2024-06-22 22:06:00,2024-06-22 22:06:21,2024-06-23 02:03:31,Funchal,Le Havre,N,0
ESC-2024-004358,9093816,Costa Glory II,NAV006,M10,pesca,mixta,Pescado fresco,45.0,0,2024-06-23 01:27:52,2024-06-23 01:47:34,2024-06-23 07:10:43,Nueva York,Santos,S,0
ESC-2024-005864,9256200,Luz Breeze,NAV009,M04,granel_liquido,carga,Ácido sulfúrico,52783.3,0,2024-06-23 02:36:12,2024-06-23 11:56:43,2024-06-24 08:49:34,Santos,Ceuta,S,0
ESC-2024-002057,9042219,Marisma Trader,NAV015,M02,granel_solido,descarga,Pirita,13860.4,0,2024-06-23 03:12:36,2024-06-24 00:10:14,2024-06-25 23:07:00,Tánger Med,Valencia,S,0
ESC-2024-000684,9260483,Punta Navigator IV,NAV004,M12,granel_liquido,descarga,Crudo,75031.0,0,2024-06-23 06:50:19,2024-06-23 08:41:07,2024-06-24 09:18:40,Sines,Abiyán,S,0
ESC-2024-000676,9842700,Cabo Carrier,NAV037,M09,pasajeros,descarga,Pasajeros,0.0,0,2024-06-23 10:12:56,2024-06-23 10:22:48,2024-06-23 15:11:34,Casablanca,Lisboa,S,3233
ESC-2024-003370,9589475,Cabo Fortune,NAV007,M01,contenedores,carga,Contenedores,7073.9,607,2024-06-23 12:12:42,2024-06-23 16:50:08,2024-06-24 12:59:53,Ceuta,Nueva York,S,0
ESC-2024-003370,9589475,Cabo Fortune,NAV007,M01,contenedores,carga,Contenedores,7073.9,607,2024-06-23 12:12:42,2024-06-23 16:50:08,2024-06-24 12:59:53,Ceuta,Nueva York,S,0
ESC-2024-005752,9220328,Odiel Carrier II,NAV022,M02,granel_solido,mixta,Pirita,20640.5,0,2024-06-23 16:34:29,2024-06-24 00:17:47,2024-06-27 08:21:08,Génova,Nueva York,S,0
ESC-2024-001060,9227118,Silver Sol,NAV013,M03,granel_solido,descarga,Clínker,25596.6,0,2024-06-23 17:36:48,2024-06-24 00:42:52,2024-06-26 04:45:29,Las Palmas,Houston,S,0
ESC-2024-003397,9796822,Odiel Navigator,NAV022,M06,granel_liquido,mixta,Crudo,47193.4,0,2024-06-23 17:48:39,2024-06-24 01:10:14,2024-06-25 14:06:04,Abiyán,Valencia,S,0
ESC-2024-002577,9663582,Delta Express IV,NAV026,M07,ro_ro,carga,Semirremolques,13230.8,0,2024-06-23 23:52:34,2024-06-24 03:44:01,2024-06-24 11:42:13,Las Palmas,Nueva York,S,0
ESC-2024-004757,9465851,Luz Glory IV,NAV008,M02,granel_solido,descarga,Cereal,33684.9,0,2024-06-24 00:32:58,24/06/2024 00:47,2024-06-26 14:29:25,Dakar,Houston,S,0
ESC-2024-003379,9063160,Golden Trader,NAV034,M06,granel_liquido,descarga,Crudo,39372.5,0,2024-06-24 01:30:02,2024-06-24 02:34:58,2024-06-25 03:26:08,Algeciras,Hamburgo,S,0
ESC-2024-005741,9221920,Silver Bay,NAV020,M04,granel_liquido,descarga,Gasóleo,18272.5,0,2024-06-24 02:53:42,2024-06-24 06:31:39,2024-06-25 09:04:04,Rotterdam,Hamburgo,S,0
ESC-2024-000507,9857640,Silver Navigator I,NAV009,M12,granel_liquido,descarga,Gasóleo,19575.1,0,2024-06-24 07:45:57,2024-06-24 10:57:36,2024-06-25 23:42:23,Funchal,Casablanca,S,0
ESC-2024-002306,9451410,Delta Bay,NAV002,M01,contenedores,descarga,Contenedores,5974.1,631,2024-06-24 10:05:37,2024-06-24 12:12:46,2024-06-24 21:44:23,Funchal,Tánger Med,S,0
ESC-2024-005236,9043055,Ocean Venture,NAV012,M10,pesca,descarga,Pescado fresco,54.9,0,2024-06-24 13:57:32,2024-06-24 14:02:39,2024-06-24 19:48:15,Santa Cruz de Tenerife,Le Havre,S,0
ESC-2024-004220,9661716,Aurora Horizon,NAV002,M05,granel_liquido,descarga,Productos químicos,41384.3,0,2024-06-24 15:02:59,2024-06-24 17:29:29,2024-06-25 19:07:44,Dakar,Santos,S,0
ESC-2024-003705,9057915,Blue Spirit,NAV028,M04,granel_liquido,descarga,GNL,23357.9,0,2024-06-24 19:09:28,2024-06-24 23:43:25,2024-06-26 00:51:53,Hamburgo,Amberes,S,0
ESC-2024-005336,9845685,Costa Fortune IV,NAV037,M11,carga_general,carga,Bobinas de acero,8167.6,0,2024-06-24 23:26:43,2024-06-25 00:44:10,2024-06-26 18:09:28,Santos,Houston,S,0
ESC-2024-000989,9488231,Atlantic Voyager,NAV033,M02,granel_solido,mixta,Fertilizantes,15003.2,0,2024-06-25 06:01:54,2024-06-25 14:34:47,2024-06-26 10:55:56,Valencia,Dakar,S,0
ESC-2024-002821,9284635,Nordic Sol IV,NAV017,M02,granel_solido,mixta,Concentrado de cobre,19259.6,0,2024-06-25 10:56:39,2024-06-25 19:16:33,2024-06-27 09:29:14,Lisboa,Valencia,S,0
ESC-2024-001194,9764958,Silver Breeze,NAV040,M07,ro_ro,carga,Vehículos,14068.1,0,2024-06-25 11:01:55,2024-06-25 13:31:16,2024-06-26 04:29:55,Funchal,Valencia,S,0
ESC-2024-002666,9578270,Marisma Bay,NAV035,M03,granel_solido,carga,Pirita,14594.4,0,2024-06-25 13:41:24,2024-06-25 22:06:20,2024-06-27 09:48:12,Valencia,Génova,S,0
ESC-2024-000626,9521198,Blue Bay III,NAV036,M10,pesca,carga,Pescado fresco,78.6,0,2024-06-25 17:10:09,2024-06-25 17:21:28,2024-06-26 00:07:21,Casablanca,Valencia,S,0
ESC-2024-000574,9092329,Tinto Star,NAV017,M02,granel_solido,mixta,Clínker,30586.8,0,2024-06-25 18:49:15,2024-06-25 23:13:09,2024-06-28 16:34:16,Nueva York,Amberes,S,0
ESC-2024-002139,9595216,Southern Breeze I,NAV002,M07,ro_ro,carga,Semirremolques,24357.9,0,2024-06-25 21:58:21,2024-06-25 22:04:48,2024-06-26 06:51:08,Ceuta,Hamburgo,S,0
ESC-2024-003744,9500467,Odiel Marina,NAV034,M08,fruta_refrigerada,carga,Cítricos,13186.4,0,2024-06-25 22:34:52,2024-06-26 02:21:31,2024-06-26 21:57:25,Santos,Algeciras,S,0
ESC-2024-000797,9256200,Luz Breeze,NAV009,M06,granel_liquido,carga,Gasóleo,39201.3,0,2024-06-26 05:43:35,2024-06-26 07:30:44,2024-06-27 10:30:32,Casablanca,Tánger Med,S,0
ESC-2024-005431,9391385,Blue Marina,NAV032,M08,fruta_refrigerada,carga,Fruta tropical,4507.1,0,2024-06-26 08:22:46,2024-06-26 14:09:36,2024-06-27 13:23:49,Santa Cruz de Tenerife,Amberes,S,0
ESC-2024-003666,9098672,Punta Dawn,NAV035,M05,granel_liquido,mixta,Ácido sulfúrico,47816.4,0,2024-06-26 08:34:35,2024-06-27 02:48:27,2024-06-28 13:25:24,Funchal,Sines,S,0
ESC-2024-000465,9116034,Atlantic Fortune III,NAV019,M01,contenedores,mixta,Contenedores,11608.9,904,2024-06-26 09:54:49,2024-06-26 19:43:38,2024-06-27 20:10:58,Rotterdam,Tánger Med,S,0
ESC-2024-002893,9272931,Southern Pioneer,NAV020,M03,granel_solido,mixta,Clínker,28273.6,0,2024-06-26 10:10:12,2024-06-26 10:41:20,2024-06-27 22:26:17,Dakar,Valencia,S,0
ESC-2024-000582,9195274,Aurora Sol,NAV006,M02,granel_solido,mixta,Fertilizantes,21756.1,0,2024-06-26 19:34:07,2024-06-26 22:38:02,2024-06-28 11:33:06,Rotterdam,Abiyán,S,0
ESC-2024-005498,9221920,Silver Bay,NAV020,,granel_liquido,mixta,Gasóleo,16353.3,0,2024-06-26 21:52:31,2024-06-26 22:24:08,2024-06-28 05:14:36,Valencia,Abiyán,S,0
ESC-2024-001356,9680669,Estrella Fortune,NAV029,M07,ro_ro,mixta,Semirremolques,14077.4,0,2024-06-26 22:48:12,2024-06-27 00:50:38,2024-06-27 13:23:09,Lisboa,Le Havre,S,0
ESC-2024-004098,9158094,Odiel Dawn,NAV006,M06,granel_liquido,descarga,GNL,21350.8,0,2024-06-27 04:48:34,2024-06-27 05:58:01,2024-06-27 19:46:21,Tánger Med,Valencia,S,0
ESC-2024-005475,9183415,Blue Horizon II,NAV014,M03,granel_solido,carga,Fertilizantes,18988.7,0,2024-06-27 05:05:55,2024-06-27 10:56:09,2024-06-29 03:29:38,Lisboa,Algeciras,S,0
ESC-2024-003452,9376153,  RÍO WAVE ,NAV031,M09,pasajeros,carga,Pasajeros,0.0,0,2024-06-27 09:12:07,2024-06-27 09:37:26,2024-06-27 18:08:37,Sines,Rotterdam,S,4072
ESC-2024-000310,9995674,Marisma Breeze,NAV029,M12,granel_liquido,mixta,Ácido sulfúrico,68523.5,0,2024-06-27 09:22:18,2024-06-27 10:02:54,2024-06-28 17:27:10,Santa Cruz de Tenerife,Houston,S,0
ESC-2024-004155,9159373,Delta Star,NAV005,M01,contenedores,mixta,Contenedores,8993.8,932,2024-06-27 12:42:22,2024-06-27 14:14:23,2024-06-28 14:50:39,Algeciras,Santa Cruz de Tenerife,S,0
ESC-2024-002882,9092329,Tinto Star,NAV017,M02,granel_solido,mixta,Fertilizantes,35324.5,0,2024-06-27 16:34:47,2024-06-27 22:20:05,2024-06-30 10:43:13,Houston,Dakar,S,0
ESC-2024-006010,9125293,Nordic Bay,NAV020,M05,granel_liquido,mixta,Productos químicos,39730.6,0,2024-06-27 16:47:31,2024-06-27 21:15:37,2024-06-29 02:48:15,Funchal,Funchal,S,0
ESC-2024-000477,9589475,Cabo Fortune,NAV007,M01,contenedores,mixta,Contenedores,7671.5,682,2024-06-27 20:42:57,2024-06-27 21:49:29,2024-06-28 18:39:32,Santa Cruz de Tenerife,Algeciras,S,0
ESC-2024-004465,9055943,Río Venture,NAV002,M02,granel_solido,carga,Concentrado de cobre,23302.7,0,2024-06-27 22:40:24,2024-06-28 22:27:10,2024-07-01 00:23:23,Dakar,Lisboa,S,0
ESC-2024-003037,9118032,Atlantic Horizon,NAV032,M03,granel_solido,carga,Pirita,21480.1,0,2024-06-28 01:30:32,2024-06-28 21:57:37,2024-07-01 01:16:35,Amberes,Algeciras,S,0
ESC-2024-004920,9331919,Costa Wave,NAV027,M01,contenedores,carga,Contenedores,5179.1,554,2024-06-28 21:40:24,2024-06-28 21:58:20,2024-06-30 06:44:47,Valencia,Le Havre,S,0
ESC-2024-004106,9411939,Golden Breeze III,NAV010,M07,ro_ro,descarga,Semirremolques,10083.9,0,2024-06-29 01:22:02,2024-06-29 02:05:46,2024-06-29 13:56:07,Valencia,Ceuta,S,0
ESC-2024-004275,9894832,Luz Spirit,NAV008,M05,granel_liquido,mixta,Biocombustible,50123.8,0,2024-06-29 01:54:01,2024-06-29 22:34:25,2024-06-30 20:47:04,Le Havre,Las Palmas,S,0
ESC-2024-004409,9663582,Delta Express IV,NAV026,M07,ro_ro,descarga,Semirremolques,22124.5,0,2024-06-29 04:18:18,2024-06-29 07:58:08,2024-06-30 00:43:17,Rotterdam,Las Palmas,S,0
ESC-2024-004379,9482093,Southern Marina,NAV039,M05,granel_liquido,carga,Crudo,15618.6,0,2024-06-29 07:15:55,2024-06-29 22:06:06,2024-07-01 14:58:02,Génova,Santos,S,0
ESC-2024-003198,9495507,Costa Bay,NAV040,M01,contenedores,mixta,Contenedores,8989.2,951,2024-06-29 11:34:55,2024-06-29 13:28:16,2024-06-30 05:28:01,Sines,Sines,S,0
ESC-2024-001967,9537977,Luz Voyager V,NAV002,M03,granel_solido,carga,Pirita,52268.5,0,2024-06-29 12:00:23,2024-06-29 15:36:24,2024-07-01 11:16:46,Le Havre,Dakar,S,0
ESC-2024-003639,9745940,Punta Breeze I,NAV027,M05,granel_liquido,carga,Biocombustible,41487.8,0,2024-06-29 12:41:17,2024-06-29 19:00:00,2024-07-01 02:32:59,Santa Cruz de Tenerife,Casablanca,S,0
ESC-2024-005435,9367487,Ocean Fortune I,NAV009,M11,carga_general,mixta,Palés,4978.9,0,2024-06-30 00:14:06,2024-06-30 05:13:23,2024-07-01 07:46:37,Dakar,Santos,S,0
ESC-2024-000353,9857640,Silver Navigator I,NAV009,M04,granel_liquido,descarga,GNL,18471.7,0,2024-06-30 03:30:11,2024-06-30 11:57:24,2024-07-01 09:05:22,Algeciras,Tánger Med,S,0
ESC-2024-000517,9148104,Marisma Pride,NAV010,M10,pesca,carga,Pescado fresco,32.0,0,2024-06-30 10:23:27,2024-06-30 10:30:40,2024-06-30 17:25:17,Funchal,Génova,N,0
ESC-2024-004420,9686780,Tinto Carrier V,NAV039,M03,granel_solido,carga,Pirita,13070.7,0,2024-06-30 10:55:38,2024-06-30 11:21:42,2024-07-02 18:08:32,Houston,Dakar,S,0
ESC-2024-001491,9957799,  RÍO SOL ,NAV006,M04,granel_liquido,carga,Biocombustible,55530.0,0,2024-06-30 13:15:11,2024-07-01 01:14:45,2024-07-02 07:40:26,Abiyán,Le Havre,S,0
ESC-2024-000555,9536624,Silver Star III,NAV012,M01,contenedores,mixta,Contenedores,6007.8,553,2024-06-30 14:58:05,2024-06-30 23:16:55,2024-07-01 17:27:06,Rotterdam,Amberes,S,0
ESC-2024-004035,9164330,Tinto Trader III,NAV025,M01,contenedores,mixta,Contenedores,18622.0,1628,2024-06-30 17:25:22,2024-06-30 23:55:32,2024-07-02 04:32:17,Santos,Houston,S,0
ESC-2024-001476,9459424,Luz Fortune IV,NAV028,M07,ro_ro,carga,Vehículos,14022.1,0,2024-06-30 20:03:11,2024-06-30 21:40:37,2024-07-01 10:51:06,Nueva York,Algeciras,S,0
ESC-2024-001741,9603192,Odiel Spirit,NAV036,M07,ro_ro,mixta,Vehículos,20927.6,0,2024-06-30 21:23:51,2024-06-30 22:10:14,2024-07-01 09:30:48,Tánger Med,Nueva York,S,0
ESC-2024-005199,9272931,Southern Pioneer,NAV020,M03,granel_solido,mixta,Clínker,36184.4,0,2024-06-30 23:08:04,01/07/2024 05:59,2024-07-03 03:00:04,Dakar,Génova,S,0
ESC-2024-000284,9686780,Tinto Carrier V,NAV039,M02,granel_solido,descarga,Concentrado de cobre,14679.2,0,2024-07-01 04:12:26,2024-07-01 10:22:50,2024-07-03 18:40:11,Ceuta,Santos,S,0
ESC-2024-000881,9320221,Tinto Pride,NAV024,M08,fruta_refrigerada,mixta,Cítricos,9423.7,0,2024-07-01 07:53:52,2024-07-01 08:04:27,2024-07-02 06:30:30,Sines,Abiyán,S,0
ESC-2024-002616,9415882,Southern Star II,NAV016,M03,granel_solido,descarga,Cereal,31582.6,0,2024-07-01 10:18:19,2024-07-01 15:45:02,2024-07-03 11:48:20,Lisboa,Algeciras,S,0
ESC-2024-006324,9116591,Nordic Marina IV,NAV014,M01,contenedores,carga,Contenedores,15756.9,1428,2024-07-01 11:19:18,2024-07-01 15:18:37,2024-07-02 14:01:33,Nueva York,Santa Cruz de Tenerife,S,0
ESC-2024-003857,9353993,Southern Horizon,NAV039,M06,granel_liquido,carga,GNL,67333.6,0,2024-07-01 11:29:53,2024-07-01 12:14:17,2024-07-02 13:38:54,Funchal,Casablanca,S,0
ESC-2024-003593,9236834,Aurora Fortune,NAV040,M04,granel_liquido,descarga,Gasóleo,92725.2,0,2024-07-01 13:25:13,2024-07-01 14:58:22,2024-07-03 04:29:47,Sines,Abiyán,S,0
ESC-2024-001077,9952402,Punta Pioneer,NAV032,M10,pesca,mixta,Pescado fresco,73.5,0,2024-07-01 14:27:33,2024-07-01 14:28:06,2024-07-01 19:10:04,Las Palmas,Lisboa,N,0
ESC-2024-005086,9714111,Luz Pioneer,NAV003,M05,granel_liquido,mixta,Biocombustible,48886.7,0,2024-07-01 17:59:05,2024-07-01 18:39:43,2024-07-01 21:18:17,Santos,Santos,S,0
ESC-2024-004960,9392119,  ODIEL VOYAGER II ,NAV025,M07,ro_ro,descarga,Vehículos,29645.1,0,2024-07-02 03:40:16,2024-07-02 06:00:07,2024-07-02 20:10:48,Valencia,Dakar,S,0
ESC-2024-003636,9194256,Costa Glory,NAV015,M07,ro_ro,descarga,Semirremolques,18061.8,0,2024-07-02 12:05:41,2024-07-02 13:04:40,2024-07-03 07:06:08,Sines,Hamburgo,S,0
ESC-2024-001311,9472995,Blue Trader,NAV028,M03,granel_solido,carga,Clínker,25603.0,0,2024-07-02 18:30:23,2024-07-02 22:57:03,2024-07-05 06:37:12,Sines,Casablanca,S,0
ESC-2024-000025,9263394,Odiel Horizon,NAV034,M10,pesca,descarga,Pescado fresco,48.1,0,2024-07-02 18:50:16,2024-07-02 19:17:26,2024-07-03 01:30:38,Génova,Hamburgo,S,0
ESC-2024-001703,9039896,Blue Breeze,NAV036,M04,granel_liquido,descarga,Gasóleo,24267.4,0,2024-07-02 19:08:49,2024-07-03 00:36:43,2024-07-04 05:04:01,Valencia,Casablanca,S,0
ESC-2024-005554,9284635,Nordic Sol IV,NAV017,M02,granel_solido,mixta,Pirita,19367.2,0,2024-07-02 19:11:01,2024-07-02 22:21:51,2024-07-05 09:42:05,Algeciras,Houston,S,0
ESC-2024-002546,9157973,Southern Bay,NAV004,M12,granel_liquido,descarga,Gasóleo,39437.6,0,2024-07-02 21:11:04,2024-07-04 06:03:55,2024-07-05 19:24:37,Génova,Abiyán,S,0
ESC-2024-000034,9569700,Costa Star,NAV006,M01,contenedores,mixta,Contenedores,10975.9,1170,2024-07-02 22:25:49,2024-07-03 03:34:14,2024-07-03 17:49:37,Ceuta,Génova,S,0
ESC-2024-000956,9587568,Río Pioneer I,NAV026,M02,granel_solido,mixta,Pirita,13537.6,0,2024-07-03 03:05:30,2024-07-03 08:05:54,2024-07-04 13:41:55,Santos,Hamburgo,S,0
ESC-2024-005616,9434072,Iberian Voyager,NAV015,M01,contenedores,descarga,Contenedores,10924.4,1154,2024-07-03 03:43:54,2024-07-03 03:50:28,2024-07-04 11:45:40,Amberes,Santa Cruz de Tenerife,S,0
ESC-2024-000213,9867126,Aurora Wave I,NAV002,M07,ro_ro,carga,Semirremolques,28986.4,0,2024-07-03 04:09:33,2024-07-03 06:27:52,2024-07-03 16:11:37,Sines,Rotterdam,S,0
ESC-2024-003163,9355367,Delta Navigator I,NAV012,M01,contenedores,descarga,Contenedores,8732.4,901,2024-07-03 05:36:28,2024-07-03 08:19:08,2024-07-04 03:50:53,Lisboa,Ceuta,S,0
ESC-2024-006224,9771195,Golden Venture I,NAV025,M04,granel_liquido,descarga,GNL,69476.2,0,2024-07-03 07:02:48,2024-07-03 13:21:51,2024-07-05 12:04:55,Hamburgo,Las Palmas,S,0
ESC-2024-002271,9392119,Odiel Voyager II,NAV025,M07,ro_ro,descarga,Semirremolques,25771.9,0,2024-07-03 08:35:01,2024-07-03 12:54:51,2024-07-04 03:45:09,Funchal,Funchal,S,0
ESC-2024-002020,9230268,Luz Express,NAV022,M01,contenedores,carga,Contenedores,12433.6,994,2024-07-03 17:33:09,2024-07-03 20:35:27,2024-07-04 15:04:13,Le Havre,Sines,S,0
ESC-2024-003440,9654488,Delta Sol,NAV035,M02,granel_solido,descarga,Cereal,29650.0,0,2024-07-03 18:03:04,2024-07-04 01:39:01,2024-07-05 04:10:45,Amberes,Tánger Med,S,0
ESC-2024-004184,9221920,Silver Bay,NAV020,M12,granel_liquido,carga,Gasóleo,17653.2,0,2024-07-04 01:43:40,2024-07-04 04:16:40,2024-07-05 22:44:50,Funchal,Nueva York,S,0
ESC-2024-004152,9075113,Delta Glory,NAV023,M04,granel_liquido,carga,Crudo,10410.0,0,2024-07-04 04:26:36,2024-07-04 15:49:45,2024-07-06 00:43:40,Amberes,Dakar,S,0
ESC-2024-004489,9418834,Costa Navigator V,NAV035,M03,granel_solido,carga,Cereal,36567.2,0,2024-07-04 04:30:30,2024-07-04 22:14:51,2024-07-07 15:19:43,Houston,Funchal,S,0
ESC-2024-001904,9180516,Marisma Glory,NAV034,M05,granel_liquido,mixta,Productos químicos,76038.2,0,2024-07-04 05:54:15,2024-07-04 15:12:51,2024-07-06 14:10:13,Funchal,Casablanca,S,0
ESC-2024-003675,9822619,Ocean Bay,NAV002,M11,carga_general,carga,Bobinas de acero,8251.7,0,2024-07-04 06:56:19,2024-07-04 09:02:15,2024-07-05 11:26:09,Hamburgo,Casablanca,S,0
ESC-2024-000801,9207558,Marisma Spirit III,NAV017,M04,granel_liquido,carga,Biocombustible,26583.8,0,2024-07-04 08:45:38,2024-07-04 10:45:17,2024-07-05 10:56:17,Nueva York,Algeciras,S,0
ESC-2024-001338,9221920,Silver Bay,NAV020,M12,granel_liquido,mixta,Crudo,24127.2,0,2024-07-04 13:47:15,2024-07-05 19:12:17,2024-07-07 02:08:16,Abiyán,Lisboa,S,0
ESC-2024-001629,9408011,Cabo Voyager,NAV021,M05,granel_liquido,carga,Biocombustible,34162.1,0,2024-07-04 17:14:20,2024-07-04 20:42:45,2024-07-05 07:22:42,Algeciras,Casablanca,S,0
ESC-2024-003251,9626546,Southern Fortune,NAV008,M02,granel_solido,carga,Clínker,26731.5,0,2024-07-04 17:18:42,2024-07-06 11:12:14,2024-07-07 11:47:02,Funchal,Santos,S,0
ESC-2024-003626,9957799,Río Sol,NAV006,M12,granel_liquido,descarga,Biocombustible,69912.8,0,2024-07-04 18:24:30,2024-07-07 06:36:21,2024-07-08 07:29:44,Ceuta,Sines,S,0
ESC-2024-002010,9276638,Estrella Dawn,NAV008,M10,pesca,mixta,Pescado fresco,79.3,0,2024-07-04 20:50:41,2024-07-04 20:55:46,2024-07-05 02:45:04,Nueva York,Sines,S,0
ESC-2024-002708,9116591,Nordic Marina IV,NAV014,M01,contenedores,mixta,Contenedores,10867.1,1172,2024-07-04 23:31:47,2024-07-05 12:57:48,2024-07-06 09:44:12,Lisboa,Génova,S,0
ESC-2024-000039,9230438,Nordic Star IV,NAV030,M01,contenedores,mixta,Contenedores,8484.8,841,2024-07-05 00:44:31,2024-07-05 01:36:36,2024-07-05 13:53:31,Las Palmas,Valencia,S,0
ESC-2024-005294,9057915,Blue Spirit,NAV028,M04,granel_liquido,mixta,Biocombustible,21143.6,0,2024-07-05 03:05:22,2024-07-06 09:29:02,2024-07-07 10:37:33,Santa Cruz de Tenerife,Le Havre,S,0
ESC-2024-005716,9621766,Delta Trader IV,NAV006,M01,contenedores,descarga,Contenedores,6712.8,626,2024-07-05 06:14:14,2024-07-05 12:49:26,2024-07-05 03:49:26,Santa Cruz de Tenerife,Ceuta,S,0
ESC-2024-001198,9392119,Odiel Voyager II,NAV025,M07,ro_ro,descarga,Vehículos,28073.0,0,2024-07-05 07:25:27,2024-07-05 07:44:08,2024-07-06 01:34:24,Houston,Génova,S,0
ESC-2024-000636,9977737,Marisma Voyager,NAV033,M11,carga_general,mixta,Palés,5511.0,0,2024-07-05 08:58:12,2024-07-05 13:44:51,2024-07-06 22:39:23,Nueva York,Algeciras,S,0
ESC-2024-001191,9063160,Golden Trader,NAV034,M04,granel_liquido,mixta,Biocombustible,32844.2,0,2024-07-05 08:59:01,2024-07-06 03:08:55,2024-07-07 17:08:57,Nueva York,Rotterdam,S,0
ESC-2024-004288,9472995,Blue Trader,NAV028,M02,granel_solido,descarga,Clínker,40190.4,0,2024-07-05 09:02:45,2024-07-05 10:31:34,2024-07-07 06:31:52,Tánger Med,Ceuta,S,0
ESC-2024-002798,9133135,Punta Star III,NAV004,M06,granel_liquido,descarga,Ácido sulfúrico,27596.5,0,2024-07-05 11:35:34,2024-07-05 16:10:38,2024-07-06 23:55:28,Santa Cruz de Tenerife,Santos,S,0
ESC-2024-001269,9560857,Tinto Breeze,NAV019,M05,granel_liquido,descarga,Biocombustible,18980800.0,0,2024-07-05 11:52:51,2024-07-05 21:39:20,2024-07-07 00:39:46,Abiyán,Tánger Med,S,0
ESC-2024-006038,9105396,Río Dawn,NAV006,M11,carga_general,descarga,Bobinas de acero,10521.7,0,2024-07-05 14:35:19,2024-07-05 17:01:34,2024-07-07 16:44:57,Algeciras,Tánger Med,S,0
ESC-2024-005656,9156204,Silver Glory III,NAV021,M03,granel_solido,carga,Clínker,29407.4,0,2024-07-05 18:21:29,2024-07-06 04:16:48,2024-07-08 01:48:56,Lisboa,Funchal,S,0
ESC-2024-003715,9417816,Golden Wave,NAV024,M07,ro_ro,descarga,Vehículos,33318.6,0,2024-07-05 20:57:14,2024-07-05 21:33:16,2024-07-06 04:20:10,Funchal,Abiyán,S,0
ESC-2024-003655,9853620,Blue Express,NAV007,M11,carga_general,carga,Bobinas de acero,7534.5,0,2024-07-05 23:39:19,06/07/2024 06:33,2024-07-08 02:56:42,Abiyán,Hamburgo,S,0
ESC-2024-006228,9787974,Marisma Star,NAV026,M04,granel_liquido,mixta,Crudo,78441.7,0,2024-07-06 11:13:59,2024-07-06 18:56:22,2024-07-07 20:56:03,Casablanca,Amberes,S,0
ESC-2024-005526,9195274,Aurora Sol,NAV006,M02,granel_solido,mixta,Fertilizantes,36127.6,0,2024-07-06 13:16:33,2024-07-06 18:44:57,2024-07-09 19:26:31,Tánger Med,Funchal,S,0
ESC-2024-001371,9641912,Ocean Glory,NAV030,M02,granel_solido,carga,Clínker,30738.6,0,2024-07-06 14:44:52,2024-07-06 16:20:22,2024-07-08 07:53:06,Rotterdam,Las Palmas,S,0
ESC-2024-004859,9311945,Blue Fortune III,NAV037,M10,pesca,carga,Pescado fresco,24.8,0,2024-07-06 16:09:04,2024-07-06 16:21:27,2024-07-07 02:45:04,Ceuta,Funchal,S,0
ESC-2024-004544,9119555,Iberian Breeze,NAV010,M12,granel_liquido,descarga,Crudo,83816.6,0,2024-07-06 20:08:36,2024-07-06 20:30:09,2024-07-07 18:09:20,Casablanca,Casablanca,S,0
ESC-2024-002816,9386237,Cabo Venture,NAV038,M07,ro_ro,carga,Vehículos,18342.5,0,2024-07-07 02:09:21,2024-07-07 06:33:39,2024-07-07 20:30:45,Abiyán,Lisboa,S,0
ESC-2024-003010,9867126,Aurora Wave I,NAV002,M07,ro_ro,descarga,Vehículos,17499.9,0,2024-07-07 02:20:17,2024-07-07 02:48:45,2024-07-07 19:43:07,Santos,Santa Cruz de Tenerife,S,0
ESC-2024-005633,9218076,Doña Horizon,NAV012,,granel_solido,carga,Pirita,14667.0,0,2024-07-07 04:38:51,2024-07-08 03:40:53,2024-07-09 03:43:08,Houston,Las Palmas,S,0
ESC-2024-002759,9395252,Ocean Breeze,NAV013,M04,granel_liquido,carga,Gasóleo,48455.0,0,2024-07-07 06:50:48,2024-07-08 02:26:01,2024-07-09 05:58:08,Rotterdam,Sines,S,0
ESC-2024-002443,9864447,Iberian Dawn II,NAV008,M02,granel_solido,carga,Concentrado de cobre,19136.4,0,2024-07-07 07:57:54,2024-07-08 07:54:38,2024-07-09 15:19:13,Algeciras,Nueva York,S,0
ESC-2024-001359,9423853,Odiel Pioneer,NAV028,M06,granel_liquido,descarga,Crudo,26561.3,0,2024-07-07 10:03:11,2024-07-07 22:11:31,2024-07-09 08:51:51,Dakar,Génova,S,0
ESC-2024-001901,9159373,Delta Star,NAV005,M01,contenedores,mixta,Contenedores,19730.9,1553,2024-07-07 12:13:24,2024-07-07 13:10:58,2024-07-08 03:01:09,Tánger Med,Nueva York,S,0
ESC-2024-002090,9197583,Delta Venture,NAV007,M02,granel_solido,descarga,Clínker,23995.1,0,2024-07-08 02:52:38,2024-07-08 04:21:09,2024-07-10 06:34:48,Rotterdam,Sines,S,0
ESC-2024-000214,9589475,Cabo Fortune,NAV007,M01,contenedores,carga,Contenedores,6602.3,522,2024-07-08 14:49:01,2024-07-08 14:53:54,2024-07-09 16:44:19,Sines,Casablanca,S,0
ESC-2024-004912,9742132,Odiel Fortune,NAV010,M06,granel_liquido,mixta,Gasóleo,17158.7,0,2024-07-08 17:49:58,2024-07-08 20:38:13,2024-07-09 06:30:26,Casablanca,Sines,S,0
ESC-2024-001179,9548768,Aurora Trader II,NAV029,M03,granel_solido,descarga,Cereal,33772.3,0,2024-07-08 20:13:26,2024-07-09 01:06:14,2024-07-11 17:40:39,Abiyán,Valencia,S,0
ESC-2024-005181,9647021,Punta Pride,NAV035,M06,granel_liquido,mixta,Gasóleo,59519.9,0,2024-07-09 07:26:55,2024-07-09 15:03:40,2024-07-11 03:46:33,Le Havre,Le Havre,S,0
ESC-2024-001652,9164330,Tinto Trader III,NAV025,M01,contenedores,descarga,Contenedores,11485.4,924,2024-07-09 10:39:21,2024-07-09 11:29:45,2024-07-10 07:45:45,Las Palmas,Algeciras,S,0
ESC-2024-003384,9159373,Delta Star,NAV005,M01,contenedores,carga,Contenedores,11607.8,875,2024-07-09 17:04:29,2024-07-09 20:34:11,2024-07-10 23:41:46,Nueva York,Lisboa,S,0
ESC-2024-002435,9742132,Odiel Fortune,NAV010,M06,granel_liquido,carga,Productos químicos,19483.3,0,2024-07-10 03:17:53,2024-07-10 09:48:48,2024-07-11 22:29:18,Le Havre,Las Palmas,S,0
ESC-2024-001526,9154567,Estrella Trader III,NAV025,M11,carga_general,mixta,Madera,7732.9,0,2024-07-10 05:41:24,2024-07-10 07:27:59,2024-07-11 16:41:49,Sines,Dakar,S,0
ESC-2024-000723,9754288,Marisma Horizon V,NAV026,M12,granel_liquido,descarga,Ácido sulfúrico,35960.9,0,2024-07-10 06:04:57,2024-07-10 07:49:59,2024-07-11 21:31:34,Génova,Abiyán,S,0
ESC-2024-002467,9494670,Luz Fortune,NAV031,M07,ro_ro,descarga,Vehículos,13379.6,0,2024-07-10 06:49:08,2024-07-10 07:05:27,2024-07-10 22:32:42,Houston,Houston,S,0
ESC-2024-005823,9459709,Río Marina,NAV024,M05,granel_liquido,descarga,Crudo,28150.9,0,2024-07-10 07:07:39,2024-07-10 12:22:15,2024-07-11 22:35:43,Tánger Med,Génova,S,0
ESC-2024-004690,9311945,Blue Fortune III,NAV037,M10,pesca,descarga,Pescado fresco,50.2,0,2024-07-10 14:14:59,2024-07-10 14:28:48,2024-07-10 16:56:37,Santos,Las Palmas,N,0
ESC-2024-005974,9716602,Iberian Horizon III,NAV038,M11,carga_general,mixta,Palés,5315.9,0,2024-07-10 14:25:19,2024-07-10 17:37:03,2024-07-11 22:12:02,Las Palmas,Ceuta,S,0
ESC-2024-005095,9537977,Luz Voyager V,NAV002,M02,granel_solido,carga,Fertilizantes,42093.4,0,2024-07-10 15:14:33,2024-07-10 19:13:29,2024-07-13 02:15:32,Las Palmas,Houston,S,0
ESC-2024-002409,9429601,Marisma Spirit IV,NAV040,M02,granel_solido,descarga,Clínker,26812.3,0,2024-07-10 15:59:01,2024-07-10 16:41:00,2024-07-12 05:05:41,Santos,Valencia,S,0
ESC-2024-005626,9311945,Blue Fortune III,NAV037,M10,pesca,carga,Pescado fresco,15.6,0,2024-07-10 16:41:07,2024-07-10 16:51:23,2024-07-11 00:41:30,Rotterdam,Dakar,S,0
ESC-2024-000399,9521198,Blue Bay III,NAV036,M10,pesca,mixta,Pescado fresco,72.3,0,2024-07-11 02:52:31,2024-07-11 03:01:49,2024-07-11 09:39:27,Ceuta,Génova,N,0
ESC-2024-004425,9164330,Tinto Trader III,NAV025,M01,contenedores,descarga,Contenedores,14663.9,1156,2024-07-11 08:22:24,2024-07-11 11:09:41,2024-07-12 16:01:25,Génova,Amberes,S,0
ESC-2024-000918,9141546,Blue Express I,NAV037,M04,granel_liquido,descarga,Productos químicos,31895.9,0,2024-07-11 12:05:57,2024-07-11 17:21:51,2024-07-12 21:46:32,Hamburgo,Lisboa,S,0
ESC-2024-002356,9371919,Southern Pride,NAV034,M11,carga_general,carga,Palés,5598.1,0,2024-07-11 12:22:02,2024-07-12 07:28:40,2024-07-13 16:15:08,Santa Cruz de Tenerife,Houston,S,0
ESC-2024-001804,9853620,  BLUE EXPRESS ,NAV007,M11,carga_general,carga,Madera,11904.6,0,2024-07-11 13:06:47,2024-07-11 18:30:40,2024-07-12 22:43:43,Abiyán,Valencia,S,0
ESC-2024-002951,9574614,Aurora Mar V,NAV029,M01,contenedores,descarga,Contenedores,1170.9,115,2024-07-11 17:26:10,2024-07-11 20:15:55,2024-07-12 20:47:30,Amberes,Dakar,S,0
ESC-2024-004112,9484522,Río Wave IV,NAV019,M04,granel_liquido,carga,Crudo,55438.4,0,2024-07-11 17:35:13,2024-07-11 17:55:04,2024-07-12 12:29:25,Las Palmas,Funchal,S,0
ESC-2024-002765,9386237,Cabo Venture,NAV038,M07,ro_ro,carga,Vehículos,20642.6,0,2024-07-11 23:20:16,2024-07-12 04:17:38,2024-07-12 12:10:12,Casablanca,Funchal,S,0
ESC-2024-002375,9089059,Costa Voyager I,NAV035,M03,granel_solido,carga,Concentrado de cobre,33435.6,0,2024-07-12 00:20:09,2024-07-12 04:49:14,2024-07-14 06:23:42,Le Havre,Nueva York,S,0
ESC-2024-006156,9647021,Punta Pride,NAV035,M04,granel_liquido,carga,Crudo,41771.5,0,2024-07-12 06:10:26,2024-07-12 15:07:42,2024-07-14 14:22:34,Nueva York,Génova,S,0
ESC-2024-003011,9754288,Marisma Horizon V,NAV026,M05,granel_liquido,mixta,Productos químicos,31825.7,0,2024-07-12 07:39:59,2024-07-12 12:12:02,2024-07-13 23:38:37,Valencia,Rotterdam,S,0
ESC-2024-001872,9647021,Punta Pride,NAV035,M06,granel_liquido,carga,Biocombustible,70698.8,0,2024-07-12 09:02:27,2024-07-12 10:54:41,2024-07-13 12:42:10,Dakar,Sines,S,0
ESC-2024-006066,9471769,Ocean Pride,NAV030,M11,carga_general,mixta,Maquinaria,8460.0,0,2024-07-12 13:20:17,12/07/2024 13:31,2024-07-14 02:50:31,Santos,Amberes,S,0
ESC-2024-000443,9148104,Marisma Pride,NAV010,M10,pesca,carga,Pescado fresco,9.0,0,2024-07-12 16:18:10,2024-07-12 16:25:20,2024-07-12 21:57:19,Houston,Ceuta,N,0
ESC-2024-001591,9118032,Atlantic Horizon,NAV032,M02,granel_solido,descarga,Pirita,20729.6,0,2024-07-12 23:42:38,2024-07-14 05:43:40,2024-07-17 00:52:03,Le Havre,Dakar,S,0
ESC-2024-005178,9236834,Aurora Fortune,NAV040,M04,granel_liquido,descarga,GNL,49224.6,0,2024-07-13 00:16:21,2024-07-13 09:11:44,2024-07-14 18:41:27,Houston,Génova,S,0
ESC-2024-004987,9236834,Aurora Fortune,NAV040,M12,granel_liquido,descarga,Biocombustible,88773.5,0,2024-07-13 00:42:23,2024-07-13 11:10:16,2024-07-14 17:15:40,Houston,Algeciras,S,0
ESC-2024-004987,9236834,Aurora Fortune,NAV040,M12,granel_liquido,descarga,Biocombustible,88773.5,0,2024-07-13 00:42:23,2024-07-13 11:10:16,2024-07-14 17:15:40,Houston,Algeciras,S,0
ESC-2024-000162,9164330,Tinto Trader III,NAV025,M01,contenedores,descarga,Contenedores,8735.7,862,2024-07-13 04:00:04,2024-07-13 04:27:10,2024-07-14 04:42:11,Valencia,Abiyán,S,0
ESC-2024-004303,9922976,Río Horizon II,NAV034,M12,granel_liquido,carga,Gasóleo,25288.0,0,2024-07-13 04:56:42,2024-07-13 08:59:56,2024-07-14 14:33:54,Casablanca,Le Havre,S,0
ESC-2024-003447,9042219,Marisma Trader,NAV015,M02,granel_solido,mixta,Pirita,20016.9,0,2024-07-13 09:17:15,2024-07-13 11:08:15,2024-07-15 03:36:17,Hamburgo,Casablanca,S,0
ESC-2024-003092,9550230,Nordic Carrier,NAV011,M11,carga_general,descarga,Madera,4768.0,0,2024-07-13 10:35:22,2024-07-13 19:33:44,2024-07-14 18:35:48,Abiyán,Nueva York,S,0
ESC-2024-001209,9229142,Marisma Spirit II,NAV013,M08,fruta_refrigerada,descarga,Cítricos,9377.2,0,2024-07-13 14:06:07,2024-07-13 15:15:04,2024-07-15 07:11:08,Santa Cruz de Tenerife,Santa Cruz de Tenerife,S,0
ESC-2024-002662,9686780,Tinto Carrier V,NAV039,M03,granel_solido,carga,Clínker,19942.9,0,2024-07-13 14:06:09,13/07/2024 14:26,2024-07-15 05:24:31,Le Havre,Funchal,S,0
ESC-2024-005079,9944625,Blue Fortune,NAV019,M09,pasajeros,carga,Pasajeros,0.0,0,2024-07-13 16:26:27,2024-07-13 16:47:53,2024-07-13 23:47:39,Funchal,Amberes,S,1319
ESC-2024-000015,9736327,Iberian Dawn,NAV033,M02,granel_solido,carga,Concentrado de cobre,26011.6,0,2024-07-13 19:30:26,2024-07-13 20:41:12,2024-07-16 08:43:31,Dakar,Sines,S,0
ESC-2024-000902,9736327,Iberian Dawn,NAV033,M03,granel_solido,descarga,Clínker,22998.5,0,2024-07-13 22:32:42,2024-07-14 06:20:42,2024-07-16 01:19:04,Abiyán,Dakar,S,0
ESC-2024-005787,9603219,Aurora Spirit,NAV026,M10,pesca,mixta,Pescado fresco,9.2,0,2024-07-14 00:39:14,2024-07-14 00:58:17,2024-07-14 04:17:05,Hamburgo,Funchal,S,0
ESC-2024-003998,9625803,Costa Marina,NAV026,M06,granel_liquido,carga,GNL,82637.5,0,2024-07-14 06:32:07,2024-07-14 09:34:48,2024-07-15 23:45:42,Santos,Abiyán,S,0
ESC-2024-001735,9105396,Río Dawn,NAV006,M11,carga_general,mixta,Bobinas de acero,10163.0,0,2024-07-14 09:56:55,2024-07-14 11:00:56,2024-07-15 19:50:06,Dakar,Tánger Med,S,0
ESC-2024-003522,9125293,Nordic Bay,NAV020,M04,granel_liquido,carga,Biocombustible,42232.7,0,2024-07-14 10:05:36,2024-07-14 11:38:48,2024-07-15 17:57:41,Lisboa,Dakar,S,0
ESC-2024-006445,9171371,Ocean Pioneer,NAV025,M03,granel_solido,descarga,Clínker,20290.8,0,2024-07-14 14:11:37,2024-07-15 07:43:55,2024-07-17 08:20:57,Hamburgo,Hamburgo,S,0
ESC-2024-003459,9656321,Punta Trader,NAV012,M04,granel_liquido,mixta,Gasóleo,26260.5,0,2024-07-14 14:58:53,2024-07-14 16:55:19,2024-07-15 16:15:39,Sines,Valencia,S,0
ESC-2024-005464,9957799,Río Sol,NAV006,M04,granel_liquido,descarga,Crudo,70088.8,0,2024-07-14 20:26:45,2024-07-15 00:15:38,2024-07-16 04:54:03,Santa Cruz de Tenerife,Génova,S,0
ESC-2024-001486,9228526,Silver Navigator V,NAV039,M03,granel_solido,carga,Clínker,27845.5,0,2024-07-15 02:56:13,2024-07-15 07:19:38,2024-07-17 22:55:14,Lisboa,Santos,S,0
ESC-2024-003812,9270531,Tinto Dawn,NAV012,M06,granel_liquido,carga,Crudo,57248.8,0,2024-07-15 04:22:53,2024-07-15 13:08:43,2024-07-16 21:24:18,Le Havre,Funchal,S,0
ESC-2024-002823,9603192,  ODIEL SPIRIT ,NAV036,M07,ro_ro,descarga,Semirremolques,25552.4,0,2024-07-15 11:51:43,2024-07-15 12:43:56,2024-07-16 06:30:42,Valencia,Amberes,S,0
ESC-2024-005587,9119517,Costa Venture II,NAV036,M03,granel_solido,carga,Pirita,22866.8,0,2024-07-15 11:55:20,2024-07-16 17:30:49,2024-07-18 04:52:20,Dakar,Tánger Med,S,0
ESC-2024-001807,9444091,Nordic Dawn,NAV005,M04,granel_liquido,carga,Gasóleo,16602.4,0,2024-07-15 13:02:27,2024-07-15 13:15:50,2024-07-17 01:56:56,Funchal,Nueva York,S,0
ESC-2024-000528,9597721,Cabo Navigator,NAV038,M05,granel_liquido,descarga,Productos químicos,20426.4,0,2024-07-15 14:47:20,2024-07-15 15:38:35,2024-07-16 22:21:56,Amberes,Dakar,S,0
ESC-2024-006025,9173824,Doña Star,NAV004,M01,contenedores,descarga,Contenedores,12801.2,1152,2024-07-15 17:17:43,2024-07-15 18:41:05,2024-07-16 23:16:08,Santa Cruz de Tenerife,Las Palmas,S,0
ESC-2024-002592,9977737,Marisma Voyager,NAV033,M11,carga_general,carga,Bobinas de acero,3780.0,0,2024-07-16 04:24:05,2024-07-16 10:35:15,2024-07-17 10:42:11,Houston,Sines,S,0
ESC-2024-006248,9417816,Golden Wave,NAV024,M07,ro_ro,mixta,Vehículos,22664.5,0,2024-07-16 05:01:55,2024-07-16 05:09:36,2024-07-16 15:55:00,Hamburgo,Abiyán,S,0
ESC-2024-003346,9189512,Silver Spirit,NAV028,M02,granel_solido,descarga,Pirita,22732.2,0,2024-07-16 08:49:34,2024-07-16 08:55:08,2024-07-18 20:31:31,Algeciras,Rotterdam,S,0
ESC-2024-000231,9005211,Cabo Sol II,NAV039,M01,contenedores,descarga,Contenedores,5662.7,536,2024-07-16 10:54:54,2024-07-16 13:01:57,2024-07-16 21:25:38,Las Palmas,Le Havre,S,0
ESC-2024-001604,9371919,Southern Pride,NAV034,M11,carga_general,descarga,Maquinaria,4768.9,0,2024-07-16 22:20:52,2024-07-17 00:55:41,2024-07-18 04:44:24,Algeciras,Abiyán,S,0
ESC-2024-001604,9371919,Southern Pride,NAV034,M11,carga_general,descarga,Maquinaria,4768.9,0,2024-07-16 22:20:52,2024-07-17 00:55:41,2024-07-18 04:44:24,Algeciras,Abiyán,S,0
ESC-2024-004020,9867126,Aurora Wave I,NAV002,M07,ro_ro,descarga,Vehículos,19420.9,0,2024-07-17 11:37:02,2024-07-17 12:01:17,2024-07-18 00:38:07,Funchal,Rotterdam,S,0
ESC-2024-000148,9665891,Atlantic Venture IV,NAV032,,pesca,carga,Pescado fresco,30.5,0,2024-07-17 15:52:32,2024-07-17 15:54:30,2024-07-17 23:40:36,Ceuta,Ceuta,N,0
ESC-2024-000460,9408011,Cabo Voyager,NAV021,M05,granel_liquido,carga,Gasóleo,33080.0,0,2024-07-17 16:03:36,2024-07-17 22:35:22,2024-07-18 15:53:20,Amberes,Santos,S,0
ESC-2024-006286,9783588,Iberian Star,NAV025,M11,carga_general,carga,Bobinas de acero,5872.1,0,2024-07-17 16:53:27,2024-07-17 19:20:22,2024-07-19 04:11:51,Ceuta,Algeciras,S,0
ESC-2024-001887,9578270,Marisma Bay,NAV035,M03,granel_solido,descarga,Clínker,19913.0,0,2024-07-17 17:44:26,2024-07-18 07:58:50,2024-07-19 17:29:24,Casablanca,Hamburgo,S,0
ESC-2024-003886,9189512,Silver Spirit,NAV028,M03,granel_solido,carga,Concentrado de cobre,13215.9,0,2024-07-17 22:33:43,2024-07-18 07:00:47,2024-07-21 00:45:42,Nueva York,Ceuta,S,0
ESC-2024-004394,9173824,Doña Star,NAV004,M01,contenedores,carga,Contenedores,10800.7,1130,2024-07-17 23:56:27,2024-07-18 12:38:39,2024-07-19 05:03:35,Algeciras,Funchal,S,0
ESC-2024-001869,9473468,Nordic Fortune,NAV029,M10,pesca,mixta,Pescado fresco,37.8,0,2024-07-18 00:34:25,2024-07-18 00:43:27,2024-07-18 07:13:42,Rotterdam,Sines,N,0
ESC-2024-000739,9459709,Río Marina,NAV024,M06,granel_liquido,mixta,Biocombustible,24031.6,0,2024-07-18 02:02:27,2024-07-18 05:48:03,2024-07-19 12:04:53,Tánger Med,Lisboa,S,0
ESC-2024-006145,9742132,Odiel Fortune,NAV010,M05,granel_liquido,mixta,Ácido sulfúrico,15338.6,0,2024-07-18 05:21:54,2024-07-18 05:53:00,2024-07-19 01:06:32,Tánger Med,Nueva York,S,0
ESC-2024-003785,9311490,Río Trader IV,NAV033,M10,pesca,carga,Pescado fresco,6.1,0,2024-07-18 05:24:13,2024-07-18 05:32:22,2024-07-18 13:08:59,Génova,Amberes,S,0
ESC-2024-000521,9680669,Estrella Fortune,NAV029,M07,ro_ro,carga,Vehículos,12948.6,0,2024-07-18 05:55:55,2024-07-18 08:12:47,2024-07-18 22:06:47,Rotterdam,Le Havre,S,0
ESC-2024-004659,9180633,Doña Carrier,NAV034,M06,granel_liquido,descarga,Productos químicos,37921.1,0,2024-07-18 10:06:23,2024-07-18 21:20:37,2024-07-19 12:03:43,Algeciras,Rotterdam,S,0
ESC-2024-004259,9471769,Ocean Pride,NAV030,M11,carga_general,carga,Madera,7874.3,0,2024-07-18 10:41:50,2024-07-18 16:06:53,2024-07-19 21:11:27,Sines,Santa Cruz de Tenerife,S,0
ESC-2024-005170,9412543,Estrella Sol,NAV033,M04,granel_liquido,mixta,Crudo,12184.2,0,2024-07-18 11:25:10,2024-07-18 19:21:37,2024-07-20 00:47:38,Lisboa,Las Palmas,S,0
ESC-2024-006189,9947017,Aurora Breeze,NAV035,M04,granel_liquido,descarga,Biocombustible,62100.0,0,2024-07-18 14:23:12,2024-07-19 01:54:09,2024-07-20 18:02:04,Algeciras,Ceuta,S,0
ESC-2024-003063,9086382,Estrella Star V,NAV036,M04,granel_liquido,carga,GNL,50155.2,0,2024-07-18 14:43:51,2024-07-18 16:12:42,2024-07-19 04:46:13,Las Palmas,Hamburgo,S,0
ESC-2024-000688,9492907,Ocean Star II,NAV037,M11,carga_general,descarga,Bobinas de acero,11186.8,0,2024-07-18 16:36:36,2024-07-18 17:02:41,2024-07-19 19:32:21,Santa Cruz de Tenerife,Dakar,S,0
ESC-2024-004216,9207558,Marisma Spirit III,NAV017,M04,granel_liquido,descarga,Gasóleo,29301.3,0,2024-07-18 19:22:22,2024-07-18 20:27:56,2024-07-20 14:26:27,Ceuta,Ceuta,S,0
ESC-2024-000442,9276638,Estrella Dawn,NAV008,M10,pesca,mixta,Pescado fresco,20.7,0,2024-07-18 19:34:12,2024-07-18 19:35:11,2024-07-19 06:17:49,Santa Cruz de Tenerife,Houston,S,0
ESC-2024-000410,9426178,Delta Marina II,NAV023,M09,pasajeros,mixta,Pasajeros,0.0,0,2024-07-18 23:34:38,2024-07-19 00:41:31,2024-07-19 09:16:22,Algeciras,Amberes,S,2593
ESC-2024-002210,9057915,Blue Spirit,NAV028,M05,granel_liquido,mixta,Ácido sulfúrico,29503.9,0,2024-07-19 00:13:57,2024-07-19 02:41:31,2024-07-20 09:03:29,Nueva York,Génova,S,0
ESC-2024-002711,9148104,Marisma Pride,NAV010,M10,pesca,carga,Pescado fresco,58.3,0,2024-07-19 04:43:44,2024-07-19 04:49:09,2024-07-19 10:23:17,Algeciras,Abiyán,S,0
ESC-2024-003631,9513804,Silver Navigator,NAV010,M04,granel_liquido,mixta,Biocombustible,71142.2,0,2024-07-19 07:14:03,2024-07-19 09:01:28,2024-07-20 15:53:24,Sines,Valencia,S,0
ESC-2024-000453,9408011,Cabo Voyager,NAV021,M06,granel_liquido,mixta,Ácido sulfúrico,52315.4,0,2024-07-19 20:42:26,2024-07-20 00:41:14,2024-07-21 08:31:06,Abiyán,Sines,S,0
ESC-2024-002770,9503445,Ocean Mar,NAV034,M04,granel_liquido,carga,GNL,68078.2,0,2024-07-19 20:52:19,2024-07-20 00:11:51,2024-07-20 22:05:04,Las Palmas,Las Palmas,S,0
ESC-2024-000411,9429601,Marisma Spirit IV,NAV040,M02,granel_solido,carga,Concentrado de cobre,23584.0,0,2024-07-20 01:21:38,2024-07-20 01:51:40,2024-07-22 18:46:37,Génova,Amberes,S,0
ESC-2024-005041,9764958,Silver Breeze,NAV040,M07,ro_ro,mixta,Vehículos,16641.1,0,2024-07-20 05:12:00,2024-07-20 06:48:33,2024-07-20 16:32:57,Houston,Tánger Med,S,0
ESC-2024-004454,9495507,Costa Bay,NAV040,M01,contenedores,mixta,Contenedores,11535.1,1027,2024-07-20 05:35:55,2024-07-20 07:45:28,2024-07-21 00:24:50,Hamburgo,Le Havre,S,0
ESC-2024-004588,9230438,Nordic Star IV,NAV030,M01,contenedores,mixta,Contenedores,11239.7,904,2024-07-20 06:41:28,2024-07-20 09:24:34,2024-07-21 15:03:52,Rotterdam,Amberes,S,0
ESC-2024-004564,9654488,Delta Sol,NAV035,M02,granel_solido,mixta,Clínker,46563.4,0,2024-07-20 07:27:30,2024-07-20 14:20:39,2024-07-22 23:54:43,Casablanca,Las Palmas,S,0
ESC-2024-001205,9603192,Odiel Spirit,NAV036,M07,ro_ro,descarga,Semirremolques,24092.8,0,2024-07-20 08:32:03,2024-07-20 11:49:11,2024-07-20 20:44:31,Génova,Las Palmas,S,0
ESC-2024-006403,9102112,Delta Spirit I,NAV035,M03,granel_solido,carga,Fertilizantes,14197.9,0,2024-07-20 20:13:18,2024-07-21 19:58:36,2024-07-23 19:47:56,Abiyán,Santa Cruz de Tenerife,S,0
ESC-2024-005470,9732890,Tinto Marina,NAV033,M06,granel_liquido,descarga,Crudo,13224.1,0,2024-07-21 00:23:07,2024-07-21 18:14:33,2024-07-23 11:44:04,Amberes,Hamburgo,S,0
ESC-2024-004606,9884227,Silver Bay II,NAV035,M10,pesca,mixta,Pescado fresco,12.5,0,2024-07-21 04:51:25,2024-07-21 04:52:42,2024-07-21 11:58:27,Houston,Hamburgo,N,0
ESC-2024-001363,9884227,Silver Bay II,NAV035,M10,pesca,descarga,Pescado fresco,26.7,0,2024-07-21 06:38:21,2024-07-21 07:16:24,2024-07-21 12:02:04,Nueva York,Génova,N,0
ESC-2024-003207,9131761,Southern Trader,NAV032,M07,ro_ro,descarga,Vehículos,20414.1,0,2024-07-21 12:38:43,2024-07-21 14:05:57,2024-07-22 00:41:41,Le Havre,Sines,S,0
ESC-2024-003207,9131761,Southern Trader,NAV032,M07,ro_ro,descarga,Vehículos,20414.1,0,2024-07-21 12:38:43,2024-07-21 14:05:57,2024-07-22 00:41:41,Le Havre,Sines,S,0
ESC-2024-006479,9371919,Southern Pride,NAV034,M11,carga_general,carga,Maquinaria,4372.6,0,2024-07-21 13:22:22,2024-07-21 14:35:17,2024-07-24 01:42:26,Amberes,Dakar,S,0
ESC-2024-006208,9929338,Tinto Venture I,NAV017,M04,granel_liquido,mixta,GNL,56173.0,0,2024-07-21 16:01:17,2024-07-21 16:09:36,2024-07-22 16:21:18,Nueva York,Ceuta,S,0
ESC-2024-000787,9284635,Nordic Sol IV,NAV017,M03,granel_solido,carga,Clínker,17063.3,0,2024-07-21 20:16:55,2024-07-22 12:13:16,2024-07-24 02:01:16,Dakar,Abiyán,S,0
ESC-2024-005324,9625803,Costa Marina,NAV026,M05,granel_liquido,descarga,Biocombustible,51205.8,0,2024-07-21 21:14:06,2024-07-22 08:46:40,2024-07-24 05:59:22,Houston,Ceuta,S,0
ESC-2024-004026,9548768,Aurora Trader II,NAV029,M03,granel_solido,descarga,Concentrado de cobre,40265.4,0,2024-07-21 21:15:52,2024-07-22 01:21:19,2024-07-24 12:05:30,Abiyán,Rotterdam,S,0
ESC-2024-001843,9284635,Nordic Sol IV,NAV017,M03,granel_solido,descarga,Cereal,24482.7,0,2024-07-22 11:53:49,2024-07-22 19:18:36,2024-07-24 01:05:36,Ceuta,Génova,S,0
ESC-2024-005943,9484132,Costa Pride IV,NAV016,M01,contenedores,mixta,Contenedores,7271.6,705,2024-07-22 13:32:39,2024-07-22 15:00:40,2024-07-23 04:45:51,Lisboa,Tánger Med,S,0
ESC-2024-003284,9654488,Delta Sol,NAV035,M03,granel_solido,mixta,Pirita,47328.3,0,2024-07-22 15:49:31,2024-07-22 20:52:15,2024-07-25 14:54:42,Sines,Ceuta,S,0
ESC-2024-004235,9594248,Costa Fortune,NAV015,M03,granel_solido,mixta,Cereal,18420.1,0,2024-07-22 18:34:55,2024-07-22 20:46:38,2024-07-24 15:23:44,Santos,Le Havre,S,0
ESC-2024-001479,9944625,Blue Fortune,NAV019,M09,pasajeros,descarga,Pasajeros,0.0,0,2024-07-22 22:00:11,2024-07-22 22:36:41,2024-07-23 04:52:12,Dakar,Algeciras,S,2236
ESC-2024-001129,9472995,Blue Trader,NAV028,M03,granel_solido,descarga,Pirita,47055.0,0,2024-07-22 23:56:16,2024-07-23 01:30:32,2024-07-25 11:18:56,Houston,Abiyán,S,0
ESC-2024-001936,9361914,Cabo Marina,NAV037,M03,granel_solido,descarga,Fertilizantes,12205.8,0,2024-07-23 00:48:17,2024-07-23 03:05:27,2024-07-25 09:39:50,Abiyán,Sines,S,0
ESC-2024-003292,9594248,Costa Fortune,NAV015,M03,granel_solido,mixta,Pirita,28173.3,0,2024-07-23 01:04:04,24/07/2024 02:05,2024-07-25 21:23:47,Houston,Nueva York,S,0
ESC-2024-001386,9574614,Aurora Mar V,NAV029,M01,contenedores,descarga,Contenedores,16262.0,1210,2024-07-23 08:53:57,2024-07-23 13:54:35,2024-07-24 05:58:28,Hamburgo,Rotterdam,S,0
ESC-2024-000273,9853620,Blue Express,NAV007,M11,carga_general,carga,Maquinaria,9963.4,0,2024-07-23 11:28:11,2024-07-23 12:32:01,2024-07-24 16:17:44,Tánger Med,Hamburgo,S,0
ESC-2024-001576,9416575,Punta Mar,NAV032,M10,pesca,mixta,Pescado fresco,74.6,0,2024-07-23 12:07:34,2024-07-23 12:36:39,2024-07-23 20:15:32,Ceuta,Amberes,S,0
ESC-2024-002220,9569700,Costa Star,NAV006,M01,contenedores,mixta,Contenedores,8152.4,694,2024-07-23 12:09:49,23/07/2024 15:11,2024-07-24 17:07:26,Dakar,Hamburgo,S,0
ESC-2024-002390,9321201,Estrella Voyager,NAV020,M01,contenedores,carga,Contenedores,5403.7,511,2024-07-23 13:34:29,2024-07-23 17:44:56,2024-07-24 05:47:36,Dakar,Le Havre,S,0
ESC-2024-001105,9641912,Ocean Glory,NAV030,M03,granel_solido,descarga,Cereal,18762.4,0,2024-07-23 16:44:37,2024-07-23 22:50:04,2024-07-25 20:47:50,Amberes,Funchal,S,0
ESC-2024-002555,9223904,Aurora Bay IV,NAV003,M05,granel_liquido,carga,Ácido sulfúrico,19260.4,0,2024-07-23 19:40:26,2024-07-23 23:45:55,2024-07-25 01:33:46,Lisboa,Casablanca,S,0
ESC-2024-005438,9536624,Silver Star III,NAV012,M01,contenedores,descarga,Contenedores,8398.9,796,2024-07-24 03:42:16,2024-07-24 07:29:13,2024-07-24 19:30:43,Ceuta,Houston,S,0
ESC-2024-002149,9256200,Luz Breeze,NAV009,M04,granel_liquido,mixta,Ácido sulfúrico,40910.0,0,2024-07-24 12:01:46,2024-07-24 18:57:58,2024-07-25 02:52:41,Lisboa,Dakar,S,0
ESC-2024-000999,9380283,Estrella Dawn IV,NAV029,M05,granel_liquido,mixta,Ácido sulfúrico,54701.4,0,2024-07-24 15:20:10,2024-07-24 16:50:10,2024-07-25 21:52:23,Le Havre,Ceuta,S,0
ESC-2024-000999,9380283,Estrella Dawn IV,NAV029,M05,granel_liquido,mixta,Ácido sulfúrico,54701.4,0,2024-07-24 15:20:10,2024-07-24 16:50:10,2024-07-25 21:52:23,Le Havre,Ceuta,S,0
ESC-2024-003564,9039896,Blue Breeze,NAV036,M05,granel_liquido,descarga,Biocombustible,29728.6,0,2024-07-24 17:33:25,2024-07-24 22:28:29,2024-07-25 23:23:10,Génova,Hamburgo,S,0
ESC-2024-005391,9738167,Silver Venture,NAV013,M09,pasajeros,descarga,Pasajeros,0.0,0,2024-07-24 20:23:03,2024-07-24 21:09:36,2024-07-25 03:16:55,Lisboa,Houston,S,3358
ESC-2024-000878,9625803,Costa Marina,NAV026,M06,granel_liquido,mixta,Productos químicos,77703.6,0,2024-07-25 00:08:55,2024-07-25 00:21:13,2024-07-26 00:37:20,Casablanca,Ceuta,S,0
ESC-2024-001442,9952402,Punta Pioneer,NAV032,M10,pesca,mixta,Pescado fresco,40.3,0,2024-07-25 00:54:12,2024-07-25 01:00:35,2024-07-25 06:58:36,Sines,Houston,N,0
ESC-2024-005351,9633628,Blue Pride,NAV033,M01,contenedores,carga,Contenedores,7441.0,818,2024-07-25 01:31:24,2024-07-25 10:18:38,2024-07-25 17:44:38,Valencia,Tánger Med,S,0
ESC-2024-005622,9263394,Odiel Horizon,NAV034,M10,pesca,mixta,Pescado fresco,60.2,0,2024-07-25 02:03:05,2024-07-25 02:05:58,2024-07-25 08:44:59,Abiyán,Santa Cruz de Tenerife,N,0
ESC-2024-001632,9102112,Delta Spirit I,NAV035,,granel_solido,descarga,Clínker,19263.0,0,2024-07-25 02:20:02,2024-07-25 07:43:41,2024-07-27 05:23:29,Lisboa,Génova,S,0
ESC-2024-001910,9492907,Ocean Star II,NAV037,M11,carga_general,carga,Maquinaria,11426.9,0,2024-07-25 03:14:19,2024-07-25 05:35:23,2024-07-26 03:35:37,Las Palmas,Sines,S,0
ESC-2024-005173,9151711,Delta Trader,NAV018,M08,fruta_refrigerada,descarga,Fresa y frutos rojos,15152.7,0,2024-07-25 07:11:51,2024-07-25 07:47:04,2024-07-27 04:36:06,Hamburgo,Funchal,S,0
ESC-2024-004966,9270531,Tinto Dawn,NAV012,M04,granel_liquido,mixta,Ácido sulfúrico,56517.9,0,2024-07-25 11:40:56,2024-07-25 15:43:35,2024-07-27 00:16:22,Sines,Tánger Med,S,0
ESC-2024-000784,9936135,Luz Dawn,NAV008,M02,granel_solido,carga,Cereal,25138900.0,0,2024-07-25 15:53:35,2024-07-26 02:49:51,2024-07-28 11:40:20,Las Palmas,Sines,S,0
ESC-2024-003528,9395252,Ocean Breeze,NAV013,M06,granel_liquido,mixta,GNL,53268.8,0,2024-07-25 20:02:17,2024-07-25 21:38:00,2024-07-27 14:08:24,Santos,Le Havre,S,0
ESC-2024-001272,9864447,Iberian Dawn II,NAV008,M02,granel_solido,carga,Pirita,17069.3,0,2024-07-26 00:15:12,2024-07-26 07:28:35,2024-07-28 01:39:35,Lisboa,Houston,S,0
ESC-2024-003047,9364722,Aurora Glory II,NAV023,M12,granel_liquido,carga,Ácido sulfúrico,8033.9,0,2024-07-26 00:23:15,2024-07-26 18:13:36,2024-07-28 02:34:39,Casablanca,Las Palmas,S,0
ESC-2024-004448,9284635,Nordic Sol IV,NAV017,M03,granel_solido,mixta,Pirita,22026.3,0,2024-07-26 00:41:22,2024-07-26 09:46:27,2024-07-29 05:38:26,Abiyán,Santa Cruz de Tenerife,S,0
ESC-2024-000223,9057915,Blue Spirit,NAV028,M05,granel_liquido,carga,Ácido sulfúrico,21626.3,0,2024-07-26 03:15:58,2024-07-26 09:16:19,2024-07-27 06:56:16,Las Palmas,Hamburgo,S,0
ESC-2024-003800,9311945,Blue Fortune III,NAV037,M10,pesca,mixta,Pescado fresco,44.0,0,2024-07-26 03:48:31,2024-07-26 03:51:45,2024-07-26 10:12:45,Ceuta,Santos,S,0
ESC-2024-006398,9550230,Nordic Carrier,NAV011,M11,carga_general,descarga,Palés,4056.1,0,2024-07-26 03:54:35,26/07/2024 13:31,2024-07-27 11:52:44,Las Palmas,Hamburgo,S,0
ESC-2024-002266,9151711,Delta Trader,NAV018,M08,fruta_refrigerada,carga,Cítricos,9549.3,0,2024-07-26 05:05:17,2024-07-26 05:16:52,2024-07-27 01:53:05,Génova,Nueva York,S,0
ESC-2024-001710,9368390,Doña Spirit IV,NAV003,M01,contenedores,descarga,Contenedores,-10470.2,985,2024-07-26 06:18:02,2024-07-26 10:40:23,2024-07-27 09:50:11,Le Havre,Ceuta,S,0
ESC-2024-004060,9944625,Blue Fortune,NAV019,M09,pasajeros,carga,Pasajeros,0.0,0,2024-07-26 06:29:27,2024-07-26 06:32:18,2024-07-26 14:36:48,Génova,Nueva York,S,1613
ESC-2024-001475,9183415,Blue Horizon II,NAV014,M03,granel_solido,mixta,Pirita,28308.7,0,2024-07-26 07:21:44,2024-07-26 12:42:26,2024-07-28 20:56:43,Ceuta,Tánger Med,S,0
ESC-2024-000233,9198757,Golden Breeze,NAV032,M10,pesca,carga,Pescado fresco,73.2,0,2024-07-26 10:23:56,2024-07-26 10:24:15,2024-07-26 15:58:20,Rotterdam,Abiyán,N,0
ESC-2024-002905,9994606,Nordic Venture III,NAV037,M02,granel_solido,carga,Fertilizantes,43159.7,0,2024-07-26 12:16:52,2024-07-26 23:09:06,2024-07-29 12:51:58,Valencia,Sines,S,0
ESC-2024-003884,9368223,Iberian Navigator,NAV010,M10,pesca,carga,Pescado fresco,66.1,0,2024-07-26 15:03:57,2024-07-26 15:38:53,2024-07-26 20:16:59,Dakar,Santa Cruz de Tenerife,S,0
ESC-2024-003157,9095888,Estrella Pioneer,NAV010,M03,granel_solido,carga,Clínker,26159.4,0,2024-07-26 20:26:28,27/07/2024 10:58,2024-07-29 07:10:35,Le Havre,Hamburgo,S,0
ESC-2024-000320,9416575,Punta Mar,NAV032,M10,pesca,mixta,Pescado fresco,52.4,0,2024-07-26 21:31:13,2024-07-26 21:37:27,2024-07-27 05:41:51,Houston,Nueva York,N,0
ESC-2024-005668,9119555,Iberian Breeze,NAV010,M06,granel_liquido,carga,Biocombustible,41417.6,0,2024-07-26 23:51:46,2024-07-27 02:33:00,2024-07-28 19:17:03,Houston,Santa Cruz de Tenerife,S,0
ESC-2024-006198,9874595,Nordic Breeze,NAV020,M11,carga_general,descarga,Bobinas de acero,6068.0,0,2024-07-27 02:47:26,2024-07-27 11:31:47,2024-07-29 05:26:02,Ceuta,Dakar,S,0
ESC-2024-003368,9119555,Iberian Breeze,NAV010,M05,granel_liquido,carga,Biocombustible,46639.9,0,2024-07-27 12:16:50,2024-07-28 14:14:23,2024-07-29 21:27:11,Génova,Génova,S,0
ESC-2024-004065,9738167,Silver Venture,NAV013,M09,pasajeros,descarga,Pasajeros,0.0,0,2024-07-27 14:33:38,2024-07-27 14:36:34,2024-07-27 21:49:10,Génova,Ceuta,S,3993
ESC-2024-004381,9684976,Marisma Sol III,NAV008,M04,granel_liquido,descarga,Biocombustible,16297.2,0,2024-07-27 16:15:03,2024-07-27 23:03:45,2024-07-28 06:20:35,Santa Cruz de Tenerife,Santa Cruz de Tenerife,S,0
ESC-2024-004511,9202039,Luz Navigator,NAV033,M03,granel_solido,mixta,Pirita,24065.9,0,2024-07-27 19:05:39,2024-07-28 04:37:49,2024-07-30 02:10:10,Sines,Tánger Med,S,0
ESC-2024-003594,9220328,Odiel Carrier II,NAV022,M03,granel_solido,mixta,Fertilizantes,14236.6,0,2024-07-28 01:32:12,2024-07-28 07:13:30,2024-07-30 03:59:45,Santa Cruz de Tenerife,Las Palmas,S,0
ESC-2024-000721,9405186,Tinto Star II,NAV037,M01,contenedores,descarga,Contenedores,7850.7,691,2024-07-28 03:03:37,2024-07-28 15:55:04,2024-07-29 08:48:10,Funchal,Tánger Med,S,0
ESC-2024-005574,9207479,Punta Fortune,NAV034,M01,contenedores,descarga,Contenedores,9190.9,810,2024-07-28 06:03:41,2024-07-28 21:02:04,2024-07-30 02:04:07,Sines,Valencia,S,0
ESC-2024-005743,9046928,Río Navigator,NAV010,M04,granel_liquido,mixta,Crudo,49972.4,0,2024-07-28 07:12:51,2024-07-28 14:41:01,2024-07-30 15:27:20,Las Palmas,Sines,S,0
ESC-2024-003881,9223904,Aurora Bay IV,NAV003,M04,granel_liquido,mixta,GNL,36875.6,0,2024-07-28 07:44:03,2024-07-28 09:08:43,2024-07-29 13:49:17,Le Havre,Casablanca,S,0
ESC-2024-003633,9465851,Luz Glory IV,NAV008,M03,granel_solido,descarga,Fertilizantes,21452.1,0,2024-07-28 17:07:39,2024-07-28 17:35:16,2024-07-29 17:17:56,Ceuta,Funchal,S,0
ESC-2024-000772,9514585,Iberian Voyager IV,NAV005,M01,contenedores,carga,Contenedores,15446.7,1713,2024-07-28 17:36:25,2024-07-28 17:47:32,2024-07-29 18:45:32,Dakar,Santa Cruz de Tenerife,S,0
ESC-2024-004004,9556313,Punta Bay,NAV018,M11,carga_general,mixta,Bobinas de acero,7387.7,0,2024-07-28 17:39:27,2024-07-29 06:59:22,2024-07-30 05:32:33,Houston,Sines,S,0
ESC-2024-005879,9680669,Estrella Fortune,NAV029,M07,ro_ro,mixta,Semirremolques,17867.0,0,2024-07-28 18:29:58,2024-07-28 19:04:10,2024-07-29 00:20:56,Hamburgo,Lisboa,S,0
ESC-2024-005968,9451410,Delta Bay,NAV002,M01,contenedores,carga,Contenedores,20455.9,1708,2024-07-28 22:31:15,2024-07-29 01:51:44,2024-07-29 16:25:24,Ceuta,Tánger Med,S,0
ESC-2024-005929,9412543,Estrella Sol,NAV033,M12,granel_liquido,mixta,Ácido sulfúrico,17746.0,0,2024-07-29 00:07:47,2024-07-29 04:50:05,2024-07-30 10:22:07,Santos,Las Palmas,S,0
ESC-2024-000386,9595216,Southern Breeze I,NAV002,M07,ro_ro,mixta,Vehículos,33495.0,0,2024-07-29 00:28:19,2024-07-29 03:13:20,2024-07-29 12:20:08,Rotterdam,Lisboa,S,0
ESC-2024-001733,9507843,Iberian Express,NAV018,M11,carga_general,descarga,Bobinas de acero,8163.9,0,2024-07-29 01:58:41,2024-07-30 01:12:51,2024-07-30 18:17:23,Santa Cruz de Tenerife,Dakar,S,0
ESC-2024-002646,9655248,Southern Pioneer I,NAV017,M05,granel_liquido,mixta,Gasóleo,10279.8,0,2024-07-29 02:56:44,2024-07-29 08:00:47,2024-07-30 18:48:51,Valencia,Dakar,S,0
ESC-2024-005473,9005211,Cabo Sol II,NAV039,M01,contenedores,descarga,Contenedores,8016.1,582,2024-07-29 06:24:03,2024-07-29 11:14:43,2024-07-30 06:40:44,Valencia,Santa Cruz de Tenerife,S,0
ESC-2024-004423,9576337,Silver Glory,NAV006,M03,granel_solido,carga,Pirita,30263.4,0,2024-07-29 06:30:37,2024-07-29 17:22:35,2024-07-31 15:26:25,Hamburgo,Houston,S,0
ESC-2024-006065,9195274,Aurora Sol,NAV006,M02,granel_solido,mixta,Fertilizantes,23686.1,0,2024-07-29 09:00:46,2024-07-29 09:26:56,2024-07-30 20:08:51,Santos,Houston,S,0
ESC-2024-004866,9540780,Odiel Trader V,NAV009,M06,granel_liquido,mixta,Gasóleo,33400.9,0,2024-07-29 13:33:15,2024-07-29 17:08:34,2024-07-31 06:02:47,Lisboa,Nueva York,S,0
ESC-2024-003877,9272931,Southern Pioneer,NAV020,M02,granel_solido,carga,Fertilizantes,39444.8,0,2024-07-29 14:09:39,29/07/2024 22:35,2024-08-01 05:18:08,Algeciras,Ceuta,S,0
ESC-2024-004706,9822619,Ocean Bay,NAV002,M11,carga_general,carga,Madera,5912.9,0,2024-07-29 16:15:50,2024-07-29 22:30:57,2024-07-31 02:53:01,Santa Cruz de Tenerife,Valencia,S,0
ESC-2024-005168,9173824,Doña Star,NAV004,M01,contenedores,descarga,Contenedores,16370.5,1252,2024-07-30 01:55:28,2024-07-30 07:58:31,2024-07-30 18:00:17,Génova,Houston,S,0
ESC-2024-000832,9603219,Aurora Spirit,NAV026,M10,pesca,carga,Pescado fresco,74.0,0,2024-07-30 04:30:03,2024-07-30 04:36:02,2024-07-30 13:06:50,Génova,Tánger Med,S,0
ESC-2024-002300,9898084,Marisma Fortune,NAV013,M12,granel_liquido,descarga,Gasóleo,79245.8,0,2024-07-30 05:29:41,2024-07-30 10:36:19,2024-07-31 05:50:12,Houston,Rotterdam,S,0
ESC-2024-002238,9442380,Odiel Horizon II,NAV013,M04,granel_liquido,mixta,Ácido sulfúrico,95564.7,0,2024-07-30 08:27:35,2024-07-31 03:12:48,2024-07-31 18:58:15,Sines,Amberes,S,0
ESC-2024-002693,9442732,Punta Venture,NAV025,M04,granel_liquido,mixta,GNL,65812.8,0,2024-07-30 09:44:47,2024-07-30 13:20:56,2024-08-01 19:21:47,Tánger Med,Le Havre,S,0
ESC-2024-003210,9411939,Golden Breeze III,NAV010,,ro_ro,mixta,Semirremolques,7481.6,0,2024-07-30 11:51:41,2024-07-30 12:38:39,2024-07-30 23:46:50,Sines,Las Palmas,S,0
ESC-2024-002533,9119517,Costa Venture II,NAV036,M02,granel_solido,descarga,Fertilizantes,30274.0,0,2024-07-30 14:06:36,2024-07-31 04:37:59,2024-08-01 04:28:23,Santa Cruz de Tenerife,Génova,S,0
ESC-2024-002430,9353993,Southern Horizon,NAV039,M05,granel_liquido,mixta,Biocombustible,65624.4,0,2024-07-30 19:35:23,2024-07-31 01:24:38,2024-08-01 03:05:54,Casablanca,Amberes,S,0
ESC-2024-000154,9093464,Iberian Sol,NAV004,M06,granel_liquido,mixta,GNL,70868.3,0,2024-07-30 23:22:18,2024-07-31 03:07:19,2024-08-01 12:37:31,Sines,Santa Cruz de Tenerife,S,0
ESC-2024-002264,9311490,Río Trader IV,NAV033,M10,pesca,descarga,Pescado fresco,64.0,0,2024-07-31 01:45:42,2024-07-31 01:49:35,2024-07-31 09:39:58,Dakar,Santos,S,0
ESC-2024-003737,9625803,Costa Marina,NAV026,M04,granel_liquido,descarga,GNL,99836.0,0,2024-07-31 01:54:03,2024-07-31 02:05:26,2024-07-31 19:40:29,Abiyán,Casablanca,S,0
ESC-2024-001014,9543823,Aurora Mar IV,NAV036,M03,granel_solido,descarga,Clínker,44635.9,0,2024-07-31 02:41:40,2024-07-31 10:03:47,2024-08-02 01:06:54,Funchal,Amberes,S,0
ESC-2024-005678,9556313,Punta Bay,NAV018,M11,carga_general,carga,Bobinas de acero,6781.9,0,2024-07-31 05:49:45,2024-07-31 07:24:43,2024-08-01 16:57:23,Casablanca,Algeciras,S,0
ESC-2024-004134,9600396,Estrella Pioneer V,NAV007,M10,pesca,mixta,Pescado fresco,45.2,0,2024-07-31 08:33:00,2024-07-31 09:09:01,2024-07-31 17:22:30,Nueva York,Dakar,N,0
ESC-2024-004978,9263394,Odiel Horizon,NAV034,M10,pesca,carga,Pescado fresco,18.1,0,2024-07-31 10:48:01,2024-07-31 11:14:04,2024-07-31 17:48:43,Tánger Med,Algeciras,S,0
ESC-2024-005467,9626546,Southern Fortune,NAV008,M03,granel_solido,carga,Concentrado de cobre,28947.0,0,2024-07-31 11:19:31,2024-08-01 07:27:29,2024-08-02 12:17:31,Ceuta,Tánger Med,S,0
ESC-2024-004176,9151632,Golden Trader V,NAV030,M05,granel_liquido,descarga,Gasóleo,15021.6,0,2024-07-31 11:59:47,2024-07-31 16:03:34,2024-08-01 03:51:28,Ceuta,Hamburgo,S,0
ESC-2024-003067,9754288,Marisma Horizon V,NAV026,M04,granel_liquido,descarga,Productos químicos,29806.6,0,2024-07-31 18:25:00,2024-08-01 05:26:54,2024-08-02 12:18:56,Génova,Santos,S,0
ESC-2024-002274,9895927,Cabo Express,NAV032,,granel_liquido,descarga,Biocombustible,49500.5,0,2024-07-31 18:28:34,2024-07-31 20:37:05,2024-08-02 09:04:11,Dakar,Le Havre,S,0
ESC-2024-003988,9683910,Tinto Marina IV,NAV036,M08,fruta_refrigerada,descarga,Fruta tropical,6998.7,0,2024-08-01 00:43:35,2024-08-01 06:28:35,2024-08-02 18:26:02,Le Havre,Abiyán,S,0
ESC-2024-004266,9977737,Marisma Voyager,NAV033,M11,carga_general,descarga,Madera,4448.9,0,2024-08-01 13:56:53,2024-08-01 19:37:02,2024-08-02 23:06:30,Algeciras,Abiyán,S,0
ESC-2024-002007,9368223,Iberian Navigator,NAV010,M10,pesca,carga,Pescado fresco,34.8,0,2024-08-01 18:33:14,2024-08-01 18:55:52,2024-08-02 02:18:58,Rotterdam,Lisboa,N,0
ESC-2024-006165,9467031,Cabo Star,NAV008,M11,carga_general,descarga,Bobinas de acero,9318.3,0,2024-08-01 19:08:54,2024-08-01 21:51:34,2024-08-03 11:54:36,Tánger Med,Abiyán,S,0
ESC-2024-005582,9507843,Iberian Express,NAV018,M11,carga_general,carga,Bobinas de acero,9439.4,0,2024-08-01 19:44:55,2024-08-02 05:50:46,2024-08-03 02:03:36,Algeciras,Génova,S,0
ESC-2024-002114,9164330,Tinto Trader III,NAV025,M01,contenedores,carga,Contenedores,6354.7,569,2024-08-01 19:52:09,2024-08-02 11:14:42,2024-08-03 06:25:39,Sines,Nueva York,S,0
ESC-2024-005803,9282584,Atlantic Pioneer,NAV008,M07,ro_ro,mixta,Vehículos,9576.9,0,2024-08-01 20:36:21,2024-08-02 00:32:12,2024-08-02 09:36:38,Amberes,Las Palmas,S,0
ESC-2024-002491,9361914,Cabo Marina,NAV037,,granel_solido,mixta,Fertilizantes,20564.9,0,2024-08-01 22:25:05,2024-08-02 01:06:02,2024-08-03 20:45:56,Dakar,Santos,S,0
ESC-2024-001372,9626546,  SOUTHERN FORTUNE ,NAV008,M02,granel_solido,descarga,Cereal,13919.9,0,2024-08-02 00:43:07,2024-08-02 07:00:05,2024-08-03 23:45:54,Amberes,Le Havre,S,0
ESC-2024-001896,9154567,Estrella Trader III,NAV025,M11,carga_general,mixta,Bobinas de acero,6892.2,0,2024-08-02 06:06:02,2024-08-02 12:44:22,2024-08-03 19:37:41,Tánger Med,Abiyán,S,0
ESC-2024-005772,9952402,Punta Pioneer,NAV032,M10,pesca,mixta,Pescado fresco,60.2,0,2024-08-02 07:48:29,2024-08-02 07:59:32,2024-08-02 11:34:44,Tánger Med,Amberes,N,0
ESC-2024-004121,9857640,Silver Navigator I,NAV009,M05,granel_liquido,carga,GNL,15753.4,0,2024-08-02 08:49:57,2024-08-02 23:09:55,2024-08-04 04:20:19,Tánger Med,Las Palmas,S,0
ESC-2024-005657,9180516,Marisma Glory,NAV034,M12,granel_liquido,mixta,Gasóleo,76396.2,0,2024-08-02 08:52:28,2024-08-02 14:34:08,2024-08-03 00:31:18,Casablanca,Santa Cruz de Tenerife,S,0
ESC-2024-000637,9995674,Marisma Breeze,NAV029,M05,granel_liquido,descarga,Crudo,41136.8,0,2024-08-02 09:12:43,2024-08-02 13:54:33,2024-08-04 02:56:17,Sines,Lisboa,S,0
ESC-2024-003120,9796822,Odiel Navigator,NAV022,M04,granel_liquido,descarga,Biocombustible,75773.4,0,2024-08-02 13:56:36,2024-08-02 18:09:03,2024-08-03 05:41:16,Houston,Casablanca,S,0
ESC-2024-001405,9154567,Estrella Trader III,NAV025,M11,carga_general,carga,Bobinas de acero,9668.0,0,2024-08-02 15:20:57,2024-08-02 16:54:12,2024-08-03 22:40:44,Nueva York,Nueva York,S,0
ESC-2024-001286,9656321,Punta Trader,NAV012,M06,granel_liquido,mixta,Productos químicos,26161.1,0,2024-08-02 18:01:38,2024-08-02 20:11:00,2024-08-03 22:55:24,Algeciras,Lisboa,S,0
ESC-2024-005728,9412543,Estrella Sol,NAV033,M05,granel_liquido,carga,GNL,24831.1,0,2024-08-02 18:58:01,2024-08-02 23:47:25,2024-08-04 01:41:23,Valencia,Algeciras,S,0
ESC-2024-005285,9397987,Tinto Express,NAV012,M01,contenedores,carga,Contenedores,5639.0,491,2024-08-02 22:26:48,2024-08-03 10:31:15,2024-08-04 09:27:47,Valencia,Las Palmas,S,0
ESC-2024-001683,9521198,Blue Bay III,NAV036,M10,pesca,descarga,Pescado fresco,28.4,0,2024-08-02 23:03:27,2024-08-02 23:17:31,2024-08-03 07:33:56,Houston,Houston,N,0
ESC-2024-003046,9459709,Río Marina,NAV024,M06,granel_liquido,descarga,Crudo,42172.0,0,2024-08-02 23:32:47,2024-08-03 06:04:13,2024-08-04 12:00:34,Le Havre,Lisboa,S,0
ESC-2024-001831,9600396,Estrella Pioneer V,NAV007,M10,pesca,descarga,Pescado fresco,40.6,0,2024-08-02 23:34:57,2024-08-02 23:42:19,2024-08-03 06:31:44,Valencia,Houston,S,0
ESC-2024-001036,9853620,Blue Express,NAV007,M11,carga_general,mixta,Maquinaria,11501.2,0,2024-08-03 00:48:27,2024-08-03 01:21:06,2024-08-03 17:29:44,Abiyán,Las Palmas,S,0
ESC-2024-001047,9418834,Costa Navigator V,NAV035,M02,granel_solido,descarga,Concentrado de cobre,34458.8,0,2024-08-03 03:47:23,2024-08-03 05:08:31,2024-08-04 20:25:48,Dakar,Funchal,S,0
ESC-2024-000068,9553086,Golden Bay,NAV029,M06,granel_liquido,descarga,GNL,69640.2,0,2024-08-03 05:48:13,03/08/2024 12:12,2024-08-04 01:03:45,Lisboa,Casablanca,S,0
ESC-2024-002229,9353993,Southern Horizon,NAV039,M05,granel_liquido,mixta,Crudo,46573.5,0,2024-08-03 07:01:25,2024-08-03 10:52:17,2024-08-05 03:48:30,Ceuta,Valencia,S,0
ESC-2024-000366,9665891,Atlantic Venture IV,NAV032,M10,pesca,carga,Pescado fresco,50.2,0,2024-08-03 12:12:32,2024-08-03 12:23:11,2024-08-03 18:22:23,Ceuta,Las Palmas,S,0
ESC-2024-001600,9641912,Ocean Glory,NAV030,M02,granel_solido,descarga,Fertilizantes,16773.6,0,2024-08-03 12:50:20,2024-08-04 06:48:05,2024-08-04 23:11:32,Valencia,Santos,S,0
ESC-2024-002979,9180633,Doña Carrier,NAV034,M05,granel_liquido,descarga,Ácido sulfúrico,27799.9,0,2024-08-03 13:07:55,2024-08-03 23:12:34,2024-08-05 10:21:22,Lisboa,Valencia,S,0
ESC-2024-002062,9736327,Iberian Dawn,NAV033,M03,granel_solido,descarga,Pirita,17411500.0,0,2024-08-03 13:46:10,2024-08-04 09:51:59,2024-08-07 09:55:33,Le Havre,Hamburgo,S,0
ESC-2024-002224,9216286,Odiel Voyager,NAV031,M03,granel_solido,mixta,Fertilizantes,31309.0,0,2024-08-03 14:19:11,2024-08-03 22:51:01,2024-08-06 04:18:45,Tánger Med,Santos,S,0
ESC-2024-003805,9133135,Punta Star III,NAV004,M05,granel_liquido,descarga,Crudo,30509.4,0,2024-08-03 17:13:46,2024-08-05 08:54:07,2024-08-06 16:18:39,Hamburgo,Dakar,S,0
ESC-2024-002311,9576337,Silver Glory,NAV006,M02,granel_solido,carga,Fertilizantes,36859.7,0,2024-08-03 19:20:48,2024-08-03 23:09:20,2024-08-05 14:40:39,Ceuta,Santa Cruz de Tenerife,S,0
ESC-2024-005023,9597721,Cabo Navigator,NAV038,M05,granel_liquido,mixta,Biocombustible,33287.0,0,2024-08-03 23:02:25,2024-08-04 05:41:42,2024-08-04 22:30:41,Valencia,Nueva York,S,0
ESC-2024-005162,9230438,Nordic Star IV,NAV030,M01,contenedores,mixta,Contenedores,18979.9,1590,2024-08-04 02:35:13,2024-08-04 04:54:05,2024-08-05 07:08:51,Sines,Funchal,S,0
ESC-2024-004402,9004516,Costa Spirit,NAV028,M12,granel_liquido,mixta,Biocombustible,22737.0,0,2024-08-04 05:15:34,2024-08-04 16:34:44,2024-08-06 12:16:42,Hamburgo,Las Palmas,S,0
ESC-2024-004044,9046928,Río Navigator,NAV010,M04,granel_liquido,descarga,Ácido sulfúrico,82407.7,0,2024-08-04 12:06:41,04/08/2024 13:12,2024-08-05 14:07:03,Génova,Sines,S,0
ESC-2024-004055,9663582,Delta Express IV,NAV026,M07,ro_ro,descarga,Vehículos,24868.9,0,2024-08-04 13:58:03,2024-08-04 15:20:02,2024-08-04 21:36:28,Funchal,Abiyán,S,0
ESC-2024-003546,9736327,Iberian Dawn,NAV033,M03,granel_solido,descarga,Fertilizantes,19093.1,0,2024-08-05 07:06:24,2024-08-05 10:18:33,2024-08-07 18:01:54,Génova,Algeciras,S,0
ESC-2024-002389,9742132,Odiel Fortune,NAV010,M12,granel_liquido,carga,Biocombustible,23723.4,0,2024-08-05 07:10:14,06/08/2024 02:38,2024-08-07 20:18:28,Hamburgo,Dakar,S,0
ESC-2024-002903,9426178,Delta Marina II,NAV023,M09,pasajeros,descarga,Pasajeros,0.0,0,2024-08-05 07:14:26,2024-08-05 07:25:23,2024-08-05 18:03:20,Houston,Lisboa,S,1668
ESC-2024-003642,9560857,Tinto Breeze,NAV019,M05,granel_liquido,descarga,Biocombustible,33112.5,0,2024-08-05 08:54:04,2024-08-05 22:50:19,2024-08-07 01:22:17,Funchal,Lisboa,S,0
ESC-2024-002550,9770531,Aurora Spirit III,NAV023,M01,contenedores,mixta,Contenedores,7626.2,729,2024-08-05 11:46:05,2024-08-05 13:51:06,2024-08-06 18:59:41,Valencia,Amberes,S,0
ESC-2024-004042,9043055,Ocean Venture,NAV012,M10,pesca,carga,Pescado fresco,7.6,0,2024-08-05 13:26:57,2024-08-05 13:27:26,2024-08-05 20:41:55,Amberes,Amberes,N,0
ESC-2024-004719,9392119,Odiel Voyager II,NAV025,M07,ro_ro,mixta,Vehículos,15648.7,0,2024-08-06 01:45:51,2024-08-06 02:05:18,2024-08-06 10:20:53,Abiyán,Hamburgo,S,0
ESC-2024-003132,9063160,Golden Trader,NAV034,M04,granel_liquido,carga,Productos químicos,37631.6,0,2024-08-06 01:48:22,2024-08-06 19:20:48,2024-08-08 06:16:05,Dakar,Ceuta,S,0
ESC-2024-003259,9884227,Silver Bay II,NAV035,M10,pesca,mixta,Pescado fresco,77.7,0,2024-08-06 03:02:04,2024-08-06 03:02:15,2024-08-06 12:19:48,Tánger Med,Lisboa,S,0
ESC-2024-002265,9924003,Odiel Mar II,NAV015,M06,granel_liquido,carga,Productos químicos,19193.0,0,2024-08-06 06:59:29,2024-08-06 13:25:17,2024-08-07 21:41:08,Houston,Abiyán,S,0
ESC-2024-004623,9126766,Silver Voyager,NAV007,M03,granel_solido,descarga,Fertilizantes,18355.7,0,2024-08-06 07:11:06,2024-08-06 08:34:37,2024-08-08 10:51:16,Ceuta,Amberes,S,0
ESC-2024-004623,9126766,Silver Voyager,NAV007,M03,granel_solido,descarga,Fertilizantes,18355.7,0,2024-08-06 07:11:06,2024-08-06 08:34:37,2024-08-08 10:51:16,Ceuta,Amberes,S,0
ESC-2024-004592,9494670,Luz Fortune,NAV031,M07,ro_ro,carga,Vehículos,28066.1,0,2024-08-06 09:44:45,2024-08-06 10:21:44,2024-08-07 00:09:18,Génova,Santa Cruz de Tenerife,S,0
ESC-2024-000360,9164330,Tinto Trader III,NAV025,M01,contenedores,mixta,Contenedores,4527.7,498,2024-08-06 12:48:50,06/08/2024 17:29,2024-08-07 21:50:57,Ceuta,Nueva York,S,0
ESC-2024-005679,9460124,Estrella Bay,NAV021,M08,fruta_refrigerada,carga,Fruta tropical,8586.6,0,2024-08-06 14:21:35,2024-08-06 19:59:42,2024-08-07 20:57:52,Rotterdam,Houston,S,0
ESC-2024-005783,9954656,Punta Sol II,NAV003,M08,fruta_refrigerada,descarga,Fresa y frutos rojos,8087.0,0,2024-08-06 17:05:24,2024-08-07 03:36:03,2024-08-08 05:49:52,Dakar,Amberes,S,0
ESC-2024-006143,9990105,Blue Carrier V,NAV035,M03,granel_solido,carga,Cereal,11899.0,0,2024-08-06 17:16:08,2024-08-07 03:27:27,2024-08-10 03:13:22,Dakar,Rotterdam,S,0
ESC-2024-004108,9419474,Ocean Glory I,NAV022,M11,carga_general,mixta,Palés,10271.8,0,2024-08-06 20:32:59,2024-08-06 23:09:21,2024-08-08 18:14:41,Funchal,Funchal,S,0
ESC-2024-005254,9342255,Blue Fortune II,NAV034,M03,granel_solido,descarga,Cereal,32761.6,0,2024-08-06 21:59:30,2024-08-07 04:25:50,2024-08-09 01:03:41,Ceuta,Amberes,S,0
ESC-2024-005277,9097903,Odiel Carrier,NAV006,M05,granel_liquido,mixta,Ácido sulfúrico,16264.4,0,2024-08-07 00:25:05,2024-08-07 10:27:34,2024-08-08 23:51:31,Le Havre,Tánger Med,S,0
ESC-2024-000601,9217412,Costa Pride III,NAV014,M12,granel_liquido,descarga,GNL,52635.6,0,2024-08-07 04:27:55,2024-08-07 07:18:41,2024-08-08 12:55:43,Santos,Tánger Med,S,0
ESC-2024-003268,9874595,Nordic Breeze,NAV020,M11,carga_general,mixta,Bobinas de acero,8123.5,0,2024-08-07 08:31:59,2024-08-07 12:30:07,2024-08-08 17:47:44,Funchal,Le Havre,S,0
ESC-2024-002353,9745940,Punta Breeze I,NAV027,M05,granel_liquido,descarga,Gasóleo,42381.8,0,2024-08-07 11:12:05,2024-08-07 16:53:41,2024-08-09 05:07:10,Abiyán,Amberes,S,0
ESC-2024-005607,9665891,Atlantic Venture IV,NAV032,M10,pesca,descarga,Pescado fresco,73.7,0,2024-08-07 12:22:32,07/08/2024 12:47,2024-08-07 15:57:39,Dakar,Santos,S,0
ESC-2024-001392,9148104,Marisma Pride,NAV010,M10,pesca,carga,Pescado fresco,46.3,0,2024-08-07 14:36:41,2024-08-07 14:38:33,2024-08-07 06:38:33,Lisboa,Le Havre,S,0
ESC-2024-006361,9957799,Río Sol,NAV006,M06,granel_liquido,descarga,Ácido sulfúrico,63633.3,0,2024-08-07 15:04:40,2024-08-08 05:08:09,2024-08-09 21:13:51,Ceuta,Lisboa,S,0
ESC-2024-004226,9387047,Doña Breeze III,NAV001,M03,granel_solido,descarga,Pirita,19069.0,0,2024-08-07 15:19:11,2024-08-08 04:01:35,2024-08-09 14:53:39,Nueva York,Rotterdam,S,0
ESC-2024-003901,9386237,Cabo Venture,NAV038,M07,ro_ro,carga,Semirremolques,22245.8,0,2024-08-07 23:13:09,2024-08-07 23:51:30,2024-08-08 08:45:07,Rotterdam,Nueva York,S,0
ESC-2024-004709,9770531,Aurora Spirit III,NAV023,M01,contenedores,carga,Contenedores,10408.9,768,2024-08-07 23:21:06,07/08/2024 23:50,2024-08-08 22:38:52,Rotterdam,Le Havre,S,0
ESC-2024-005271,9412543,Estrella Sol,NAV033,M04,granel_liquido,carga,Biocombustible,20801.2,0,2024-08-07 23:36:20,2024-08-08 01:10:38,2024-08-08 19:51:58,Houston,Tánger Med,S,0
ESC-2024-002451,9118238,Doña Glory,NAV006,M02,granel_solido,mixta,Fertilizantes,36510.4,0,2024-08-08 00:07:11,2024-08-08 00:24:53,2024-08-10 11:14:30,Sines,Nueva York,S,0
ESC-2024-006393,9809253,Río Bay,NAV005,M02,granel_solido,carga,Pirita,19885.3,0,2024-08-08 00:35:26,2024-08-08 03:23:22,2024-08-10 08:24:25,Funchal,Las Palmas,S,0
ESC-2024-001000,9442380,Odiel Horizon II,NAV013,M12,granel_liquido,mixta,Crudo,101884.5,0,2024-08-08 02:27:09,2024-08-08 05:02:15,2024-08-09 13:42:35,Funchal,Génova,S,0
ESC-2024-006097,9197583,Delta Venture,NAV007,M02,granel_solido,descarga,Pirita,25682.0,0,2024-08-08 17:53:43,2024-08-08 19:21:44,2024-08-11 16:17:38,Le Havre,Génova,S,0
ESC-2024-001353,9742132,Odiel Fortune,NAV010,M05,granel_liquido,descarga,Crudo,26193.2,0,2024-08-08 18:41:51,2024-08-08 18:47:25,2024-08-09 19:21:14,Houston,Tánger Med,S,0
ESC-2024-000868,9732890,Tinto Marina,NAV033,M04,granel_liquido,mixta,Ácido sulfúrico,7501.2,0,2024-08-08 19:56:29,2024-08-09 00:10:50,2024-08-10 06:27:12,Sines,Houston,S,0
ESC-2024-002192,9589475,Cabo Fortune,NAV007,M01,contenedores,carga,Contenedores,9872.6,965,2024-08-08 20:20:03,2024-08-08 22:41:50,2024-08-10 00:08:35,Dakar,Las Palmas,S,0
ESC-2024-002558,9714111,Luz Pioneer,NAV003,M12,granel_liquido,descarga,Productos químicos,61382.7,0,2024-08-08 22:40:34,2024-08-09 02:48:40,2024-08-10 05:57:59,Valencia,Las Palmas,S,0
ESC-2024-004353,9429601,Marisma Spirit IV,NAV040,M03,granel_solido,carga,Fertilizantes,16414.5,0,2024-08-09 00:27:48,2024-08-09 03:15:55,2024-08-10 15:40:16,Ceuta,Le Havre,S,0
ESC-2024-000061,9386237,Cabo Venture,NAV038,M07,ro_ro,descarga,Semirremolques,22693.6,0,2024-08-09 03:10:55,2024-08-09 04:27:18,2024-08-09 13:48:33,Tánger Med,Ceuta,S,0
ESC-2024-000484,9587568,Río Pioneer I,NAV026,M02,granel_solido,mixta,Fertilizantes,15377.1,0,2024-08-09 03:56:31,2024-08-10 10:47:42,2024-08-11 21:49:02,Lisboa,Valencia,S,0
ESC-2024-006007,9846483,Southern Horizon III,NAV019,M02,granel_solido,descarga,Cereal,42099.7,0,2024-08-09 05:00:09,10/08/2024 11:06,2024-08-11 22:55:51,Rotterdam,Algeciras,S,0
ESC-2024-003094,9276406,Atlantic Dawn,NAV020,M11,carga_general,mixta,Maquinaria,8771.3,0,2024-08-09 08:23:51,2024-08-09 12:01:47,2024-08-10 12:58:54,Funchal,Amberes,S,0
ESC-2024-000022,9954656,Punta Sol II,NAV003,M08,fruta_refrigerada,mixta,Fresa y frutos rojos,8978.9,0,2024-08-09 09:17:36,2024-08-09 17:10:25,2024-08-10 16:23:22,Ceuta,Las Palmas,S,0
ESC-2024-000380,9311945,Blue Fortune III,NAV037,M10,pesca,carga,Pescado fresco,75.9,0,2024-08-09 13:59:05,2024-08-09 14:09:22,2024-08-09 19:56:01,Santa Cruz de Tenerife,Santa Cruz de Tenerife,S,0
ESC-2024-004988,9654488,Delta Sol,NAV035,M03,granel_solido,descarga,Concentrado de cobre,51279500.0,0,2024-08-09 16:40:47,2024-08-09 20:02:46,2024-08-11 10:23:47,Abiyán,Génova,S,0
ESC-2024-004612,9364722,Aurora Glory II,NAV023,M06,granel_liquido,descarga,Crudo,6044.4,0,2024-08-09 22:57:50,2024-08-10 01:29:10,2024-08-11 09:43:27,Ceuta,Santa Cruz de Tenerife,S,0
ESC-2024-003083,9553086,Golden Bay,NAV029,M12,granel_liquido,mixta,GNL,66372.1,0,2024-08-09 23:50:02,2024-08-10 00:02:24,2024-08-11 16:54:08,Ceuta,Rotterdam,S,0
ESC-2024-004115,9331919,Costa Wave,NAV027,M01,contenedores,carga,Contenedores,16511.2,1180,2024-08-10 01:45:43,2024-08-10 04:47:45,2024-08-11 00:23:56,Rotterdam,Sines,S,0
ESC-2024-000988,9444091,Nordic Dawn,NAV005,M06,granel_liquido,descarga,Productos químicos,20858.6,0,2024-08-10 04:24:04,2024-08-10 07:22:55,2024-08-11 18:06:11,Génova,Le Havre,S,0
ESC-2024-003962,9842700,  CABO CARRIER ,NAV037,M09,pasajeros,descarga,Pasajeros,0.0,0,2024-08-10 05:46:00,2024-08-10 06:10:58,2024-08-10 17:41:36,Valencia,Funchal,S,4176
ESC-2024-003355,9222869,Aurora Trader,NAV038,M01,contenedores,mixta,Contenedores,17298.2,1655,2024-08-10 05:50:33,2024-08-10 06:28:14,2024-08-10 16:44:07,Tánger Med,Santos,S,0
ESC-2024-004964,9473468,Nordic Fortune,NAV029,M10,pesca,carga,Pescado fresco,76.3,0,2024-08-10 06:43:43,2024-08-10 06:46:36,2024-08-10 13:24:40,Hamburgo,Algeciras,S,0
ESC-2024-001070,9153252,Estrella Carrier,NAV007,M03,granel_solido,mixta,Cereal,21584.4,0,2024-08-10 14:43:55,2024-08-10 17:04:54,2024-08-13 04:14:11,Abiyán,Rotterdam,S,0
ESC-2024-001503,9126766,Silver Voyager,NAV007,M02,granel_solido,carga,Pirita,18375.7,0,2024-08-10 15:26:57,2024-08-11 19:34:51,2024-08-14 12:18:30,Hamburgo,Nueva York,S,0
ESC-2024-002461,9680669,Estrella Fortune,NAV029,M07,ro_ro,descarga,Vehículos,10548.3,0,2024-08-10 16:59:44,2024-08-10 19:31:53,2024-08-11 10:54:34,Houston,Casablanca,S,0
ESC-2024-006059,9222869,Aurora Trader,NAV038,M01,contenedores,descarga,Contenedores,7849.4,633,2024-08-10 20:25:15,2024-08-11 13:34:04,2024-08-12 07:04:50,Rotterdam,Las Palmas,S,0
ESC-2024-004286,9222869,Aurora Trader,NAV038,M01,contenedores,descarga,Contenedores,12687.6,1092,2024-08-10 21:55:51,2024-08-11 08:42:37,2024-08-12 06:57:29,Ceuta,Dakar,S,0
ESC-2024-002225,9467031,Cabo Star,NAV008,M11,carga_general,carga,Maquinaria,11011.1,0,2024-08-10 23:44:19,2024-08-11 01:08:35,2024-08-11 20:49:27,Houston,Sines,S,0
ESC-2024-005808,9195274,Aurora Sol,NAV006,M02,granel_solido,mixta,Concentrado de cobre,31646.2,0,2024-08-11 07:10:08,2024-08-11 08:05:55,2024-08-13 12:08:32,Valencia,Santos,S,0
ESC-2024-004395,9089059,Costa Voyager I,NAV035,M03,granel_solido,descarga,Fertilizantes,20125.2,0,2024-08-11 09:28:54,2024-08-11 18:12:01,2024-08-13 16:46:25,Hamburgo,Santa Cruz de Tenerife,S,0
ESC-2024-004011,9771195,Golden Venture I,NAV025,M05,granel_liquido,carga,Biocombustible,74267.4,0,2024-08-11 10:45:35,2024-08-12 00:31:34,2024-08-13 08:01:49,Abiyán,Amberes,S,0
ESC-2024-001215,9159373,Delta Star,NAV005,M01,contenedores,carga,Contenedores,13916.9,1390,2024-08-11 16:06:10,2024-08-11 17:12:39,2024-08-12 13:47:41,Casablanca,Génova,S,0
ESC-2024-005007,9857640,Silver Navigator I,NAV009,M05,granel_liquido,carga,Ácido sulfúrico,19219.5,0,2024-08-11 21:01:29,2024-08-11 21:14:30,2024-08-12 17:11:25,Santos,Houston,S,0
ESC-2024-004398,9922976,Río Horizon II,NAV034,M06,granel_liquido,descarga,Biocombustible,24743.4,0,2024-08-12 01:02:29,2024-08-12 08:25:08,2024-08-13 16:40:44,Santa Cruz de Tenerife,Valencia,S,0
ESC-2024-003892,9395252,Ocean Breeze,NAV013,M05,granel_liquido,descarga,Productos químicos,64519.0,0,2024-08-12 01:59:07,2024-08-12 02:51:09,2024-08-13 05:10:57,Tánger Med,Funchal,S,0
ESC-2024-000485,9609550,Blue Navigator,NAV014,M07,ro_ro,mixta,Vehículos,17512.5,0,2024-08-12 03:05:52,2024-08-12 03:20:40,2024-08-12 15:55:53,Amberes,Santa Cruz de Tenerife,S,0
ESC-2024-003755,9603192,Odiel Spirit,NAV036,M07,ro_ro,descarga,Semirremolques,19080.8,0,2024-08-12 03:32:32,2024-08-12 04:37:59,2024-08-12 11:46:05,Tánger Med,Houston,S,0
ESC-2024-004771,9202039,Luz Navigator,NAV033,M03,granel_solido,mixta,Concentrado de cobre,27129.7,0,2024-08-12 04:09:29,2024-08-12 07:53:49,2024-08-13 18:53:18,Funchal,Rotterdam,S,0
ESC-2024-004081,9556143,Southern Mar,NAV028,,carga_general,carga,Palés,8802.7,0,2024-08-12 04:26:16,2024-08-12 23:50:05,2024-08-14 04:55:44,Valencia,Abiyán,S,0
ESC-2024-003954,9180633,Doña Carrier,NAV034,M12,granel_liquido,mixta,GNL,44974.9,0,2024-08-12 06:02:12,2024-08-12 11:40:23,2024-08-13 13:48:43,Tánger Med,Amberes,S,0
ESC-2024-003080,9230438,Nordic Star IV,NAV030,M01,contenedores,carga,Contenedores,6575.1,605,2024-08-12 15:32:21,2024-08-13 01:12:29,2024-08-14 00:27:17,Santos,Santos,S,0
ESC-2024-003177,9125293,Nordic Bay,NAV020,M04,granel_liquido,carga,Gasóleo,46297.3,0,2024-08-12 19:57:14,2024-08-12 21:17:28,2024-08-13 19:39:35,Sines,Valencia,S,0
ESC-2024-005736,9361914,Cabo Marina,NAV037,M03,granel_solido,carga,Pirita,19504.9,0,2024-08-13 01:19:44,2024-08-13 01:46:27,2024-08-15 13:00:53,Génova,Algeciras,S,0
ESC-2024-002047,9626546,Southern Fortune,NAV008,M02,granel_solido,mixta,Cereal,21788.7,0,2024-08-13 02:12:15,2024-08-13 15:29:51,2024-08-15 08:52:43,Santa Cruz de Tenerife,Valencia,S,0
ESC-2024-000778,9445459,Costa Breeze,NAV018,M03,granel_solido,descarga,Fertilizantes,19714.8,0,2024-08-13 04:47:11,2024-08-13 08:15:40,2024-08-15 16:35:41,Algeciras,Casablanca,S,0
ESC-2024-006253,9296860,Delta Mar III,NAV007,M12,granel_liquido,descarga,Productos químicos,8197.9,0,2024-08-13 12:38:51,2024-08-13 18:18:14,2024-08-15 06:31:43,Las Palmas,Amberes,S,0
ESC-2024-004730,9686780,Tinto Carrier V,NAV039,M03,granel_solido,mixta,Pirita,23730.2,0,2024-08-13 14:14:41,2024-08-13 19:31:12,2024-08-16 13:53:53,Le Havre,Abiyán,S,0
ESC-2024-005547,9223904,Aurora Bay IV,NAV003,M06,granel_liquido,carga,Biocombustible,18461.6,0,2024-08-13 18:21:48,13/08/2024 22:38,2024-08-15 02:04:39,Valencia,Santos,S,0
ESC-2024-003550,9484132,Costa Pride IV,NAV016,M01,contenedores,mixta,Contenedores,12716.1,955,2024-08-14 00:02:56,2024-08-14 08:02:22,2024-08-15 14:16:31,Houston,Lisboa,S,0
ESC-2024-006051,9434709,Silver Express,NAV014,M12,granel_liquido,mixta,Gasóleo,61179.8,0,2024-08-14 01:59:53,2024-08-14 02:48:01,2024-08-15 00:15:04,Amberes,Le Havre,S,0
ESC-2024-000822,9995674,Marisma Breeze,NAV029,M06,granel_liquido,carga,Ácido sulfúrico,72516.1,0,2024-08-14 03:02:22,2024-08-14 10:34:55,2024-08-16 00:40:50,Houston,Le Havre,S,0
ESC-2024-001444,9351828,Iberian Spirit,NAV008,M06,granel_liquido,descarga,Gasóleo,21642.2,0,2024-08-14 04:40:50,2024-08-14 05:58:51,2024-08-14 22:28:37,Rotterdam,Dakar,S,0
ESC-2024-001076,9148104,Marisma Pride,NAV010,M10,pesca,mixta,Pescado fresco,62.1,0,2024-08-14 07:50:06,2024-08-14 08:04:08,2024-08-14 11:39:18,Valencia,Santa Cruz de Tenerife,S,0
ESC-2024-003042,9783588,Iberian Star,NAV025,M11,carga_general,carga,Maquinaria,4352.3,0,2024-08-14 10:56:19,2024-08-14 14:06:00,2024-08-16 07:42:38,Santa Cruz de Tenerife,Tánger Med,S,0
ESC-2024-001484,9525699,Marisma Express I,NAV013,M11,carga_general,descarga,Bobinas de acero,5140.7,0,2024-08-14 17:16:10,2024-08-14 17:46:57,2024-08-16 04:15:03,Las Palmas,Casablanca,S,0
ESC-2024-003960,9578270,Marisma Bay,NAV035,M03,granel_solido,carga,Pirita,20167.3,0,2024-08-14 20:29:56,2024-08-14 22:28:59,2024-08-17 08:29:31,Rotterdam,Casablanca,S,0
ESC-2024-001518,9677117,Iberian Pride,NAV017,M02,granel_solido,mixta,Fertilizantes,19452.6,0,2024-08-14 21:28:55,2024-08-15 09:15:37,2024-08-17 15:47:56,Amberes,Abiyán,S,0
ESC-2024-005814,9536624,Silver Star III,NAV012,M01,contenedores,mixta,Contenedores,16964.9,1256,2024-08-14 23:56:06,2024-08-15 01:59:39,2024-08-16 02:38:04,Funchal,Lisboa,S,0
ESC-2024-005832,9125293,Nordic Bay,NAV020,M04,granel_liquido,carga,Ácido sulfúrico,31064.2,0,2024-08-15 00:08:36,2024-08-15 00:33:25,2024-08-16 02:53:31,Hamburgo,Dakar,S,0
ESC-2024-001433,9438004,Tinto Bay IV,NAV031,M05,granel_liquido,descarga,Biocombustible,87662.4,0,2024-08-15 00:54:49,2024-08-15 17:24:34,2024-08-17 01:20:48,Funchal,Valencia,S,0
ESC-2024-005721,9609550,Blue Navigator,NAV014,M07,ro_ro,mixta,Vehículos,20976.8,0,2024-08-15 02:53:46,2024-08-15 03:18:05,2024-08-15 10:08:21,Las Palmas,Santa Cruz de Tenerife,S,0
ESC-2024-002312,9898084,Marisma Fortune,NAV013,M05,granel_liquido,mixta,Biocombustible,58317.8,0,2024-08-15 06:15:53,2024-08-15 11:57:32,2024-08-16 06:56:07,Las Palmas,Dakar,S,0
ESC-2024-005940,9576337,Silver Glory,NAV006,M03,granel_solido,descarga,Cereal,23617.7,0,2024-08-15 07:04:02,2024-08-15 15:57:13,2024-08-18 03:29:50,Dakar,Valencia,S,0
ESC-2024-005529,9911094,Golden Carrier I,NAV021,M03,granel_solido,descarga,Cereal,43390.7,0,2024-08-15 11:28:07,2024-08-16 00:45:35,2024-08-18 07:18:56,Nueva York,Valencia,S,0
ESC-2024-005591,9717199,Doña Express,NAV017,M10,pesca,mixta,Pescado fresco,52.4,0,2024-08-15 11:34:52,2024-08-15 11:41:16,2024-08-15 18:02:36,Le Havre,Rotterdam,N,0
ESC-2024-003698,9198757,Golden Breeze,NAV032,M10,pesca,mixta,Pescado fresco,11.7,0,2024-08-15 15:34:33,2024-08-15 15:56:26,2024-08-15 19:17:37,Casablanca,Lisboa,N,0
ESC-2024-005334,9222869,Aurora Trader,NAV038,M01,contenedores,carga,Contenedores,12434.6,1039,2024-08-15 15:40:23,2024-08-15 19:21:12,2024-08-16 14:14:17,Hamburgo,Ceuta,S,0
ESC-2024-002718,9145425,Costa Express,NAV032,M04,granel_liquido,carga,GNL,63957.0,0,2024-08-15 17:00:26,2024-08-15 18:43:02,2024-08-17 06:15:08,Algeciras,Dakar,S,0
ESC-2024-004091,9434199,Estrella Pride II,NAV021,M12,granel_liquido,descarga,Ácido sulfúrico,68653.9,0,2024-08-15 17:22:29,2024-08-15 21:48:03,2024-08-17 07:45:14,Génova,Lisboa,S,0
ESC-2024-004349,9202039,Luz Navigator,NAV033,M02,granel_solido,mixta,Fertilizantes,16768.1,0,2024-08-15 19:35:31,2024-08-16 05:11:26,2024-08-17 14:11:53,Le Havre,Le Havre,S,0
ESC-2024-004185,9783588,Iberian Star,NAV025,M11,carga_general,mixta,Madera,4962.6,0,2024-08-15 21:19:32,2024-08-16 00:10:10,2024-08-17 03:42:15,Génova,Valencia,S,0
ESC-2024-003386,9060417,Estrella Venture,NAV025,M04,granel_liquido,carga,Productos químicos,11768.0,0,2024-08-15 22:04:19,2024-08-16 01:19:17,2024-08-17 04:27:02,Lisboa,Hamburgo,S,0
ESC-2024-006307,9207479,Punta Fortune,NAV034,M01,contenedores,mixta,Contenedores,3420.8,302,2024-08-16 00:36:21,2024-08-16 02:06:05,2024-08-17 02:46:12,Funchal,Abiyán,S,0
ESC-2024-005762,9521198,Blue Bay III,NAV036,M10,pesca,descarga,Pescado fresco,38.2,0,2024-08-16 03:17:08,2024-08-16 03:32:44,2024-08-16 05:47:13,Casablanca,Funchal,N,0
ESC-2024-004366,9149469,Río Spirit IV,NAV036,M03,granel_solido,carga,Clínker,26112.7,0,2024-08-16 05:11:11,2024-08-16 06:52:27,2024-08-18 15:09:16,Santos,Génova,S,0
ESC-2024-000907,9459424,Luz Fortune IV,NAV028,M07,ro_ro,descarga,Semirremolques,14388.9,0,2024-08-16 07:01:59,2024-08-16 08:42:45,2024-08-16 21:25:04,Sines,Algeciras,S,0
ESC-2024-004054,9520895,Río Spirit,NAV009,M05,granel_liquido,mixta,Gasóleo,57919.4,0,2024-08-16 08:28:20,2024-08-16 12:55:05,2024-08-17 21:22:50,Algeciras,Ceuta,S,0
ESC-2024-004146,9661716,Aurora Horizon,NAV002,M12,granel_liquido,descarga,Crudo,55919.2,0,2024-08-16 10:59:30,2024-08-16 17:00:00,2024-08-18 04:09:48,Valencia,Sines,S,0
ESC-2024-005890,9331919,Costa Wave,NAV027,M01,contenedores,carga,Contenedores,6084.5,599,2024-08-16 19:48:30,2024-08-16 20:23:22,2024-08-18 01:59:03,Lisboa,Casablanca,S,0
ESC-2024-003123,9442732,Punta Venture,NAV025,M04,granel_liquido,mixta,Crudo,44798.5,0,2024-08-16 19:53:46,2024-08-16 19:58:13,2024-08-16 18:58:13,Dakar,Santa Cruz de Tenerife,S,0
ESC-2024-000185,9075113,Delta Glory,NAV023,M12,granel_liquido,descarga,Gasóleo,11481.4,0,2024-08-17 00:29:59,2024-08-17 09:31:26,2024-08-18 08:03:39,Sines,Tánger Med,S,0
ESC-2024-000840,9149469,Río Spirit IV,NAV036,M03,granel_solido,descarga,Pirita,28082.8,0,2024-08-17 18:25:58,2024-08-18 13:22:42,2024-08-20 07:59:14,Santa Cruz de Tenerife,Santos,S,0
ESC-2024-000977,9416575,Punta Mar,NAV032,M10,pesca,mixta,Pescado fresco,44.2,0,2024-08-18 04:14:20,2024-08-18 04:18:24,2024-08-18 11:29:53,Casablanca,Valencia,N,0
ESC-2024-001088,9494670,Luz Fortune,NAV031,M07,ro_ro,descarga,Vehículos,25987.8,0,2024-08-18 06:29:45,2024-08-18 10:31:25,2024-08-19 00:54:02,Sines,Santa Cruz de Tenerife,S,0
ESC-2024-004241,9435818,Estrella Breeze,NAV033,M01,contenedores,carga,Contenedores,11819.2,1157,2024-08-18 08:22:30,2024-08-18 13:13:19,2024-08-19 07:04:48,Tánger Med,Las Palmas,S,0
ESC-2024-000869,9783588,Iberian Star,NAV025,M11,carga_general,mixta,Palés,3771.2,0,2024-08-18 08:45:03,2024-08-18 11:10:14,2024-08-20 05:41:04,Abiyán,Ceuta,S,0
ESC-2024-000962,9475662,Ocean Sol,NAV003,M06,granel_liquido,mixta,Crudo,31136.7,0,2024-08-18 09:08:08,2024-08-18 14:25:45,2024-08-19 07:57:41,Tánger Med,Le Havre,S,0
ESC-2024-000920,9093816,Costa Glory II,NAV006,M10,pesca,descarga,Pescado fresco,69.8,0,2024-08-18 18:20:12,2024-08-18 18:29:39,2024-08-19 02:13:39,Lisboa,Génova,S,0
ESC-2024-005936,9576337,Silver Glory,NAV006,M02,granel_solido,mixta,Clínker,23217.9,0,2024-08-18 23:22:00,2024-08-18 23:34:19,2024-08-21 06:34:06,Amberes,Ceuta,S,0
ESC-2024-002449,9395252,Ocean Breeze,NAV013,M06,granel_liquido,descarga,Gasóleo,82165.2,0,2024-08-19 01:37:44,2024-08-20 16:39:28,2024-08-21 20:51:34,Dakar,Dakar,S,0
ESC-2024-000726,9445459,Costa Breeze,NAV018,M02,granel_solido,carga,Pirita,25634.6,0,2024-08-19 05:15:04,2024-08-19 15:38:09,2024-08-21 11:09:11,Casablanca,Valencia,S,0
ESC-2024-000099,9929338,Tinto Venture I,NAV017,M04,granel_liquido,carga,Ácido sulfúrico,51012.4,0,2024-08-19 09:31:28,2024-08-19 17:01:41,2024-08-20 05:38:17,Génova,Valencia,S,0
ESC-2024-000405,9043055,Ocean Venture,NAV012,M10,pesca,mixta,Pescado fresco,69.1,0,2024-08-19 14:44:06,2024-08-19 14:50:04,2024-08-19 19:57:32,Tánger Med,Nueva York,N,0
ESC-2024-001432,9153252,Estrella Carrier,NAV007,M02,granel_solido,mixta,Concentrado de cobre,24459.8,0,2024-08-19 17:02:56,2024-08-19 21:49:59,2024-08-20 23:18:10,Casablanca,Rotterdam,S,0
ESC-2024-005994,9102112,Delta Spirit I,NAV035,M02,granel_solido,descarga,Concentrado de cobre,16706.3,0,2024-08-19 19:23:55,2024-08-20 00:28:52,2024-08-21 07:21:27,Valencia,Houston,S,0
ESC-2024-004273,9361914,Cabo Marina,NAV037,M02,granel_solido,carga,Clínker,13652.3,0,2024-08-20 11:09:52,2024-08-21 10:43:34,2024-08-23 22:28:07,Ceuta,Casablanca,S,0
ESC-2024-002512,9578270,Marisma Bay,NAV035,M03,granel_solido,descarga,Pirita,10889.3,0,2024-08-20 11:29:53,2024-08-20 16:29:23,2024-08-23 02:30:38,Rotterdam,Dakar,S,0
ESC-2024-002172,9576337,Silver Glory,NAV006,M02,granel_solido,mixta,Clínker,24325.8,0,2024-08-20 13:16:41,2024-08-20 16:05:51,2024-08-22 15:25:16,Tánger Med,Casablanca,S,0
ESC-2024-005701,9042219,Marisma Trader,NAV015,M03,granel_solido,carga,Cereal,16562.2,0,2024-08-20 16:01:10,2024-08-20 19:30:46,2024-08-24 04:49:59,Funchal,Funchal,S,0
ESC-2024-004321,9183415,Blue Horizon II,NAV014,M02,granel_solido,mixta,Concentrado de cobre,37134.0,0,2024-08-20 21:11:37,2024-08-21 23:10:52,2024-08-23 03:39:26,Santos,Tánger Med,S,0
ESC-2024-004837,9957799,Río Sol,NAV006,M06,granel_liquido,descarga,Productos químicos,73105000.0,0,2024-08-21 02:14:45,2024-08-21 02:35:30,2024-08-22 13:40:15,Valencia,Santa Cruz de Tenerife,S,0
ESC-2024-003411,9287900,Delta Spirit,NAV040,M07,ro_ro,descarga,Vehículos,25001.8,0,2024-08-21 03:26:36,2024-08-21 05:01:14,2024-08-22 02:07:51,Dakar,Santos,S,0
ESC-2024-005212,9445459,Costa Breeze,NAV018,M03,granel_solido,descarga,Pirita,21010.1,0,2024-08-21 05:15:46,2024-08-21 12:22:21,2024-08-23 04:33:47,Santa Cruz de Tenerife,Houston,S,0
ESC-2024-002513,9154567,Estrella Trader III,NAV025,M11,carga_general,descarga,Madera,6000.2,0,2024-08-21 08:04:21,2024-08-21 11:51:54,2024-08-22 00:09:48,Ceuta,Santos,S,0
ESC-2024-003118,9092329,Tinto Star,NAV017,M02,granel_solido,carga,Fertilizantes,33902.8,0,2024-08-21 12:29:01,2024-08-21 15:00:21,2024-08-23 15:36:34,Casablanca,Abiyán,S,0
ESC-2024-005838,9884227,Silver Bay II,NAV035,M10,pesca,mixta,Pescado fresco,70.6,0,2024-08-21 13:44:54,2024-08-21 13:47:15,2024-08-21 19:49:07,Abiyán,Algeciras,N,0
ESC-2024-002492,9148104,Marisma Pride,NAV010,M10,pesca,carga,Pescado fresco,71.4,0,2024-08-21 16:04:56,2024-08-21 16:07:16,2024-08-21 23:13:06,Rotterdam,Valencia,S,0
ESC-2024-000592,9368223,Iberian Navigator,NAV010,M10,pesca,mixta,Pescado fresco,71.3,0,2024-08-21 20:52:33,2024-08-21 21:00:37,2024-08-22 05:04:00,Dakar,Le Havre,S,0
ESC-2024-005393,9075113,Delta Glory,NAV023,M12,granel_liquido,descarga,Productos químicos,8495.4,0,2024-08-21 22:26:46,2024-08-22 06:31:14,2024-08-23 04:50:22,Ceuta,Le Havre,S,0
ESC-2024-003049,9105396,Río Dawn,NAV006,M11,carga_general,descarga,Palés,12090.0,0,2024-08-21 22:38:34,2024-08-22 06:46:36,2024-08-23 20:48:54,Valencia,Lisboa,S,0
ESC-2024-002472,9126132,Atlantic Venture,NAV018,M12,granel_liquido,descarga,Gasóleo,37970.3,0,2024-08-22 03:03:24,2024-08-22 05:38:18,2024-08-23 10:17:50,Nueva York,Le Havre,S,0
ESC-2024-006075,9190901,Tinto Wave,NAV017,M11,carga_general,mixta,Palés,13590.5,0,2024-08-22 03:06:05,2024-08-22 13:03:28,2024-08-24 02:25:40,Casablanca,Algeciras,S,0
ESC-2024-004840,9686780,Tinto Carrier V,NAV039,M02,granel_solido,carga,Clínker,22424.0,0,2024-08-22 13:53:50,22/08/2024 23:00,2024-08-24 12:38:06,Amberes,Santos,S,0
ESC-2024-005002,9550230,Nordic Carrier,NAV011,M11,carga_general,descarga,Palés,4082.9,0,2024-08-22 14:03:34,2024-08-22 14:07:55,2024-08-23 12:58:33,Valencia,Casablanca,S,0
ESC-2024-002530,9227118,Silver Sol,NAV013,M02,granel_solido,carga,Clínker,30229.2,0,2024-08-22 16:24:11,2024-08-22 18:30:36,2024-08-24 12:28:33,Houston,Amberes,S,0
ESC-2024-002532,9025699,Iberian Trader I,NAV001,M05,granel_liquido,mixta,Gasóleo,64554.2,0,2024-08-22 18:25:11,2024-08-23 08:22:36,2024-08-24 01:48:25,Amberes,Le Havre,S,0
ESC-2024-006104,9153252,Estrella Carrier,NAV007,M02,granel_solido,mixta,Concentrado de cobre,14971.2,0,2024-08-23 01:42:48,2024-08-23 15:25:56,2024-08-25 19:47:39,Sines,Dakar,S,0
ESC-2024-003378,9405186,Tinto Star II,NAV037,M01,contenedores,descarga,Contenedores,6847.0,754,2024-08-23 03:09:32,2024-08-23 10:04:28,2024-08-24 01:45:36,Santos,Lisboa,S,0
ESC-2024-000299,9119555,Iberian Breeze,NAV010,M06,granel_liquido,carga,Gasóleo,61672.7,0,2024-08-23 04:12:24,2024-08-23 05:50:32,2024-08-24 07:40:50,Valencia,Sines,S,0
ESC-2024-004401,9132703,Cabo Breeze,NAV019,M06,granel_liquido,carga,Biocombustible,35296.6,0,2024-08-23 04:37:17,2024-08-23 05:09:08,2024-08-24 16:20:23,Lisboa,Santos,S,0
ESC-2024-002323,9465851,Luz Glory IV,NAV008,M03,granel_solido,carga,Cereal,35313.6,0,2024-08-23 06:24:43,2024-08-23 19:17:58,2024-08-26 08:19:06,Amberes,Las Palmas,S,0
ESC-2024-003691,9782431,Iberian Wave,NAV016,M04,granel_liquido,descarga,Productos químicos,81149.6,0,2024-08-23 09:50:15,2024-08-23 10:00:51,2024-08-24 05:33:11,Abiyán,Lisboa,S,0
ESC-2024-000026,9195274,Aurora Sol,NAV006,M03,granel_solido,mixta,Cereal,38475.0,0,2024-08-23 19:45:30,2024-08-24 01:30:23,2024-08-26 08:34:15,Casablanca,Valencia,S,0
ESC-2024-006154,9641912,Ocean Glory,NAV030,M03,granel_solido,carga,Pirita,18322.5,0,2024-08-24 05:52:48,2024-08-24 10:57:34,2024-08-26 01:30:22,Amberes,Génova,S,0
ESC-2024-002609,9742132,Odiel Fortune,NAV010,M12,granel_liquido,mixta,Productos químicos,12787.5,0,2024-08-24 09:09:18,2024-08-24 12:17:11,2024-08-25 09:22:38,Santos,Casablanca,S,0
ESC-2024-003500,9430090,Odiel Mar,NAV035,,granel_solido,mixta,Concentrado de cobre,15266.9,0,2024-08-24 10:42:02,2024-08-24 12:34:49,2024-08-26 03:33:30,Rotterdam,Tánger Med,S,0
ESC-2024-001193,9211444,Ocean Carrier,NAV014,M08,fruta_refrigerada,descarga,Cítricos,6830.7,0,2024-08-24 18:31:41,2024-08-24 20:29:49,2024-08-26 13:13:08,Lisboa,Santos,S,0
ESC-2024-006033,9417816,Golden Wave,NAV024,M07,ro_ro,descarga,Semirremolques,35520.2,0,2024-08-24 18:57:25,2024-08-24 21:07:16,2024-08-25 13:27:45,Ceuta,Génova,S,0
ESC-2024-004390,9587568,Río Pioneer I,NAV026,M03,granel_solido,carga,Clínker,14851.8,0,2024-08-24 21:44:06,2024-08-25 12:57:17,2024-08-26 16:44:35,Abiyán,Tánger Med,S,0
ESC-2024-001899,9488231,Atlantic Voyager,NAV033,M02,granel_solido,carga,Clínker,12137.3,0,2024-08-24 23:05:40,2024-08-25 06:36:21,2024-08-27 08:48:37,Génova,Las Palmas,S,0
ESC-2024-001543,9311945,Blue Fortune III,NAV037,M10,pesca,carga,Pescado fresco,55.7,0,2024-08-24 23:58:44,2024-08-25 00:00:48,2024-08-25 04:40:19,Nueva York,Le Havre,N,0
ESC-2024-002570,9395252,Ocean Breeze,NAV013,M04,granel_liquido,descarga,Gasóleo,80984.6,0,2024-08-25 01:29:09,2024-08-25 03:46:18,2024-08-26 10:47:24,Hamburgo,Amberes,S,0
ESC-2024-004109,9492907,Ocean Star II,NAV037,M11,carga_general,carga,Palés,9507.5,0,2024-08-25 09:43:42,2024-08-25 11:04:29,2024-08-27 06:26:06,Houston,Amberes,S,0
ESC-2024-003408,9492907,Ocean Star II,NAV037,M11,carga_general,carga,Madera,7318.2,0,2024-08-25 10:23:11,2024-08-25 13:16:51,2024-08-27 04:36:16,Nueva York,Santa Cruz de Tenerife,S,0
ESC-2024-005009,9782431,Iberian Wave,NAV016,M05,granel_liquido,mixta,Crudo,67656.1,0,2024-08-25 15:08:41,2024-08-26 14:38:52,2024-08-27 20:12:26,Houston,Le Havre,S,0
ESC-2024-003169,9595216,Southern Breeze I,NAV002,M07,ro_ro,mixta,Vehículos,34080.6,0,2024-08-25 17:14:14,2024-08-25 19:46:03,2024-08-26 05:21:45,Sines,Lisboa,S,0
ESC-2024-000831,9614294,Punta Express,NAV032,M03,granel_solido,descarga,Concentrado de cobre,19770.0,0,2024-08-25 17:54:26,2024-08-25 18:32:25,2024-08-27 21:40:09,Rotterdam,Valencia,S,0
ESC-2024-001063,9603192,Odiel Spirit,NAV036,M07,ro_ro,carga,Semirremolques,21204.6,0,2024-08-25 18:05:54,2024-08-25 19:51:23,2024-08-26 10:23:36,Ceuta,Génova,S,0
ESC-2024-001873,9419474,Ocean Glory I,NAV022,M11,carga_general,mixta,Bobinas de acero,9208.3,0,2024-08-25 19:49:14,2024-08-25 21:16:49,2024-08-27 03:26:48,Le Havre,Tánger Med,S,0
ESC-2024-004519,9994606,Nordic Venture III,NAV037,M03,granel_solido,descarga,Fertilizantes,40094.0,0,2024-08-26 01:16:12,2024-08-27 03:24:46,2024-08-29 21:49:18,Houston,Nueva York,S,0
ESC-2024-002722,9895927,Cabo Express,NAV032,M06,granel_liquido,mixta,Gasóleo,52066.8,0,2024-08-26 01:50:09,2024-08-26 04:26:13,2024-08-27 07:28:01,Sines,Nueva York,S,0
ESC-2024-003679,9826809,Delta Voyager,NAV034,M05,granel_liquido,descarga,GNL,79426.5,0,2024-08-26 04:13:19,2024-08-26 06:19:33,2024-08-27 03:20:34,Lisboa,Amberes,S,0
ESC-2024-003474,9560857,Tinto Breeze,NAV019,M06,granel_liquido,descarga,Productos químicos,27499.4,0,2024-08-26 04:25:20,2024-08-26 11:51:41,2024-08-27 03:15:07,Dakar,Algeciras,S,0
ESC-2024-000900,9677117,Iberian Pride,NAV017,M03,granel_solido,mixta,Fertilizantes,15696.9,0,2024-08-26 05:25:32,2024-08-26 19:43:09,2024-08-28 20:55:13,Le Havre,Hamburgo,S,0
ESC-2024-005386,9686780,Tinto Carrier V,NAV039,M02,granel_solido,carga,Fertilizantes,14238.7,0,2024-08-26 11:26:48,2024-08-27 09:49:44,2024-08-29 06:44:20,Le Havre,Houston,S,0
ESC-2024-006466,9513804,Silver Navigator,NAV010,M05,granel_liquido,mixta,Ácido sulfúrico,88814.6,0,2024-08-26 12:39:11,2024-08-26 15:59:52,2024-08-27 20:34:05,Génova,Lisboa,S,0
ESC-2024-004732,9438004,  TINTO BAY IV ,NAV031,M04,granel_liquido,descarga,Gasóleo,69401.8,0,2024-08-26 12:59:27,2024-08-26 17:41:23,2024-08-27 17:54:24,Algeciras,Santa Cruz de Tenerife,S,0
ESC-2024-006150,9430090,Odiel Mar,NAV035,M03,granel_solido,mixta,Concentrado de cobre,18575.8,0,2024-08-26 14:25:56,2024-08-26 23:36:50,2024-08-29 12:53:25,Rotterdam,Dakar,S,0
ESC-2024-002800,9494670,Luz Fortune,NAV031,M07,ro_ro,carga,Vehículos,13655.2,0,2024-08-26 14:37:28,2024-08-26 16:12:38,2024-08-27 01:42:55,Santa Cruz de Tenerife,Funchal,S,0
ESC-2024-001218,9655248,Southern Pioneer I,NAV017,M05,granel_liquido,mixta,Biocombustible,13697.0,0,2024-08-26 22:13:12,2024-08-27 22:50:32,2024-08-29 05:44:35,Sines,Santos,S,0
ESC-2024-000123,9355458,Southern Spirit II,NAV010,M06,granel_liquido,mixta,GNL,12545.7,0,2024-08-27 01:11:50,2024-08-27 02:58:20,2024-08-27 11:59:56,Algeciras,Dakar,S,0
ESC-2024-003395,9126766,Silver Voyager,NAV007,M03,granel_solido,carga,Cereal,32142.4,0,2024-08-27 04:18:09,2024-08-27 08:22:26,2024-08-28 10:37:16,Tánger Med,Amberes,S,0
ESC-2024-000325,9796822,Odiel Navigator,NAV022,M05,granel_liquido,carga,Ácido sulfúrico,70446.9,0,2024-08-27 08:45:05,2024-08-27 10:01:56,2024-08-28 11:57:25,Las Palmas,Hamburgo,S,0
ESC-2024-002987,9426178,Delta Marina II,NAV023,M09,pasajeros,descarga,Pasajeros,0.0,0,2024-08-27 21:09:45,2024-08-27 21:16:11,2024-08-28 06:05:02,Santa Cruz de Tenerife,Abiyán,S,2872
ESC-2024-005050,9845685,Costa Fortune IV,NAV037,M11,carga_general,carga,Bobinas de acero,7241.8,0,2024-08-27 22:09:04,2024-08-28 01:44:52,2024-08-29 05:13:28,Sines,Hamburgo,S,0
ESC-2024-005440,9714111,Luz Pioneer,NAV003,M06,granel_liquido,descarga,Productos químicos,51760.3,0,2024-08-28 01:11:21,2024-08-28 14:48:59,2024-08-29 14:42:27,Casablanca,Amberes,S,0
ESC-2024-003903,9732890,Tinto Marina,NAV033,M12,granel_liquido,descarga,Productos químicos,7563.7,0,2024-08-28 02:03:48,2024-08-28 16:58:27,2024-08-30 02:45:35,Funchal,Ceuta,S,0
ESC-2024-000381,9603192,Odiel Spirit,NAV036,M07,ro_ro,descarga,Semirremolques,18604.5,0,2024-08-28 08:28:13,2024-08-28 08:51:31,2024-08-28 20:05:30,Lisboa,Le Havre,S,0
ESC-2024-001453,9202039,Luz Navigator,NAV033,M03,granel_solido,carga,Clínker,33501.2,0,2024-08-28 10:37:03,2024-08-29 06:43:41,2024-08-31 16:07:18,Rotterdam,Le Havre,S,0
ESC-2024-000742,9878369,Costa Horizon,NAV040,M08,fruta_refrigerada,mixta,Fruta tropical,15122.7,0,2024-08-28 16:42:59,2024-08-28 17:09:45,2024-08-29 15:15:15,Houston,Casablanca,S,0
ESC-2024-002204,9770531,Aurora Spirit III,NAV023,M01,contenedores,descarga,Contenedores,18581.7,1698,2024-08-28 16:45:41,2024-08-28 19:00:54,2024-08-29 11:33:19,Houston,Sines,S,0
ESC-2024-002742,9119517,Costa Venture II,NAV036,M02,granel_solido,descarga,Cereal,18057.5,0,2024-08-28 17:23:01,2024-08-29 09:38:25,2024-09-01 04:47:46,Santos,Hamburgo,S,0
ESC-2024-002840,9503445,Ocean Mar,NAV034,M06,granel_liquido,mixta,Crudo,40618.6,0,2024-08-28 18:20:02,2024-08-29 06:05:29,2024-08-30 14:53:18,Lisboa,Casablanca,S,0
ESC-2024-005025,9148104,Marisma Pride,NAV010,M10,pesca,descarga,Pescado fresco,7.4,0,2024-08-28 20:56:05,2024-08-28 21:03:11,2024-08-29 02:58:32,Abiyán,Le Havre,S,0
ESC-2024-001026,9977737,Marisma Voyager,NAV033,M11,carga_general,descarga,Palés,4887.5,0,2024-08-28 22:12:24,2024-08-29 11:13:21,2024-08-30 10:31:06,Génova,Funchal,S,0
ESC-2024-000788,9574614,Aurora Mar V,NAV029,M01,contenedores,descarga,Contenedores,10942.8,800,2024-08-29 04:19:48,2024-08-29 08:10:40,2024-08-30 02:02:18,Algeciras,Le Havre,S,0
ESC-2024-001935,9995674,Marisma Breeze,NAV029,M06,granel_liquido,descarga,Crudo,63611.4,0,2024-08-29 04:56:12,2024-08-29 12:13:05,2024-08-30 15:08:47,Sines,Houston,S,0
ESC-2024-002040,9977737,Marisma Voyager,NAV033,M11,carga_general,carga,Maquinaria,6998.2,0,2024-08-29 06:55:17,2024-08-29 12:32:08,2024-08-30 15:52:38,Ceuta,Abiyán,S,0
ESC-2024-002514,9503445,Ocean Mar,NAV034,M05,granel_liquido,carga,Biocombustible,47504.7,0,2024-08-29 08:39:44,2024-08-29 10:56:49,2024-08-30 21:37:40,Rotterdam,Funchal,S,0
ESC-2024-002737,9256200,Luz Breeze,NAV009,M06,granel_liquido,carga,Gasóleo,51284.9,0,2024-08-29 12:29:35,2024-08-30 01:17:28,2024-08-31 10:25:17,Dakar,Valencia,S,0
ESC-2024-000193,9997361,Río Voyager III,NAV013,M03,granel_solido,carga,Clínker,25496.2,0,2024-08-29 17:00:54,29/08/2024 21:23,2024-08-31 10:57:10,Lisboa,Tánger Med,S,0
ESC-2024-005487,9663582,Delta Express IV,NAV026,M07,ro_ro,mixta,Semirremolques,14360.8,0,2024-08-30 00:21:14,2024-08-30 00:58:41,2024-08-30 05:26:59,Santos,Nueva York,S,0
ESC-2024-005813,9434072,Iberian Voyager,NAV015,M01,contenedores,descarga,Contenedores,12406.0,902,2024-08-30 00:22:03,2024-08-30 07:16:29,2024-08-30 22:52:21,Génova,Houston,S,0
ESC-2024-002851,9114634,Aurora Bay,NAV040,M01,contenedores,carga,Contenedores,9595.9,863,2024-08-30 06:45:04,2024-08-30 06:54:30,2024-08-31 02:21:14,Casablanca,Abiyán,S,0
ESC-2024-001743,9426178,Delta Marina II,NAV023,M09,pasajeros,mixta,Pasajeros,0.0,0,2024-08-30 06:53:29,2024-08-30 07:25:18,2024-08-30 15:38:08,Casablanca,Lisboa,S,2713
ESC-2024-005710,9260483,Punta Navigator IV,NAV004,M06,granel_liquido,descarga,GNL,83119.3,0,2024-08-30 07:10:55,2024-08-30 16:56:02,2024-08-31 23:09:11,Santos,Las Palmas,S,0
ESC-2024-002455,9603192,Odiel Spirit,NAV036,M07,ro_ro,descarga,Semirremolques,21911.8,0,2024-08-30 09:06:25,2024-08-30 11:20:09,2024-08-30 22:13:38,Nueva York,Sines,S,0
ESC-2024-005482,9443229,Blue Dawn,NAV010,M04,granel_liquido,descarga,Gasóleo,49032.4,0,2024-08-30 13:29:17,2024-08-30 14:48:05,2024-08-31 17:59:15,Santos,Algeciras,S,0
ESC-2024-005482,9443229,Blue Dawn,NAV010,M04,granel_liquido,descarga,Gasóleo,49032.4,0,2024-08-30 13:29:17,2024-08-30 14:48:05,2024-08-31 17:59:15,Santos,Algeciras,S,0
ESC-2024-005088,9471769,Ocean Pride,NAV030,M11,carga_general,mixta,Bobinas de acero,9146.7,0,2024-08-30 19:24:08,2024-08-31 02:19:28,2024-09-01 18:11:35,Lisboa,Sines,S,0
ESC-2024-004477,9203722,Southern Voyager II,NAV034,M01,contenedores,carga,Contenedores,8052.5,802,2024-08-30 21:01:26,2024-08-31 02:19:25,2024-08-31 20:58:58,Le Havre,Las Palmas,S,0
ESC-2024-004080,9554494,Tinto Wave IV,NAV004,M07,ro_ro,carga,Vehículos,27779.9,0,2024-08-30 22:07:17,2024-08-31 03:16:19,2024-08-31 16:58:00,Valencia,Nueva York,S,0
ESC-2024-000750,9430090,Odiel Mar,NAV035,M02,granel_solido,descarga,Concentrado de cobre,13953.8,0,2024-08-30 23:51:54,2024-08-31 01:38:02,2024-09-02 16:56:29,Nueva York,Dakar,S,0
ESC-2024-001233,9472995,Blue Trader,NAV028,M02,granel_solido,descarga,Pirita,45692.9,0,2024-08-31 00:25:18,2024-08-31 02:36:24,2024-08-31 20:04:44,Houston,Hamburgo,S,0
ESC-2024-003213,9418834,Costa Navigator V,NAV035,M02,granel_solido,carga,Clínker,41286.2,0,2024-08-31 10:27:32,2024-08-31 10:52:59,2024-09-01 22:35:34,Las Palmas,Casablanca,S,0
ESC-2024-001116,9125293,Nordic Bay,NAV020,M04,granel_liquido,descarga,Crudo,47706.0,0,2024-08-31 14:43:38,2024-08-31 15:07:37,2024-09-01 15:55:14,Casablanca,Valencia,S,0
ESC-2024-000334,9844588,Delta Wave,NAV001,M01,contenedores,mixta,Contenedores,16825.5,1277,2024-08-31 19:18:09,2024-09-01 01:10:37,2024-09-02 00:47:29,Sines,Sines,S,0
ESC-2024-001431,9853620,Blue Express,NAV007,M11,carga_general,descarga,Maquinaria,6328.3,0,2024-08-31 22:47:36,2024-09-01 18:11:59,2024-09-03 09:28:40,Santa Cruz de Tenerife,Algeciras,S,0
ESC-2024-004130,9159373,Delta Star,NAV005,M01,contenedores,mixta,Contenedores,9922.3,880,2024-09-01 01:49:03,2024-09-01 02:26:22,2024-09-01 18:09:05,Valencia,Hamburgo,S,0
ESC-2024-004674,9742132,Odiel Fortune,NAV010,M12,granel_liquido,descarga,Productos químicos,24114.3,0,2024-09-01 03:56:36,2024-09-01 08:49:17,2024-09-02 01:05:21,Génova,Tánger Med,S,0
ESC-2024-001752,9396517,Atlantic Voyager III,NAV035,M08,fruta_refrigerada,carga,Fresa y frutos rojos,13605.3,0,2024-09-01 06:15:04,2024-09-01 09:42:00,2024-09-02 17:03:49,Valencia,Rotterdam,S,0
ESC-2024-001943,9507843,Iberian Express,NAV018,M11,carga_general,carga,Palés,11920.2,0,2024-09-01 09:03:31,2024-09-01 13:02:03,2024-09-02 13:09:48,Casablanca,Nueva York,S,0
ESC-2024-002170,9369382,Southern Sol,NAV001,M12,granel_liquido,descarga,Gasóleo,38531.8,0,2024-09-01 09:39:05,2024-09-01 13:38:28,2024-09-03 06:56:51,Houston,Dakar,S,0
ESC-2024-005399,9587568,Río Pioneer I,NAV026,M02,granel_solido,carga,Cereal,14925.6,0,2024-09-01 10:15:36,2024-09-01 20:22:01,2024-09-03 05:08:37,Abiyán,Tánger Med,S,0
ESC-2024-002393,9126766,Silver Voyager,NAV007,M03,granel_solido,descarga,Concentrado de cobre,21488.1,0,2024-09-01 17:47:25,2024-09-02 04:57:05,2024-09-04 01:35:26,Casablanca,Dakar,S,0
ESC-2024-001690,9119517,Costa Venture II,NAV036,M03,granel_solido,carga,Cereal,23986.3,0,2024-09-01 20:09:55,2024-09-02 08:02:21,2024-09-03 23:04:16,Funchal,Ceuta,S,0
ESC-2024-003453,9898084,  MARISMA FORTUNE ,NAV013,M12,granel_liquido,carga,Ácido sulfúrico,76022.2,0,2024-09-01 22:03:58,2024-09-02 09:42:23,2024-09-04 01:23:45,Santa Cruz de Tenerife,Houston,S,0
ESC-2024-005457,9912490,Río Pride,NAV037,M08,fruta_refrigerada,carga,Fruta tropical,16706.8,0,2024-09-02 00:22:59,2024-09-02 02:03:17,2024-09-03 06:51:20,Amberes,Amberes,S,0
ESC-2024-003748,9051777,Tinto Mar V,NAV029,M12,granel_liquido,mixta,Ácido sulfúrico,7210.6,0,2024-09-02 01:51:42,2024-09-02 06:56:08,2024-09-03 10:48:29,Tánger Med,Génova,S,0
ESC-2024-005530,9911094,Golden Carrier I,NAV021,M02,granel_solido,mixta,Concentrado de cobre,51639.2,0,2024-09-02 02:12:37,2024-09-02 11:25:06,2024-09-04 17:33:44,Funchal,Ceuta,S,0
ESC-2024-001236,9198757,Golden Breeze,NAV032,M10,pesca,mixta,Pescado fresco,37.8,0,2024-09-02 05:37:46,2024-09-02 05:40:59,2024-09-02 12:08:49,Nueva York,Ceuta,N,0
ESC-2024-005272,9643192,Silver Breeze II,NAV013,M03,granel_solido,descarga,Fertilizantes,23705.0,0,2024-09-02 07:41:27,2024-09-02 08:55:28,2024-09-04 12:01:19,Algeciras,Santa Cruz de Tenerife,S,0
ESC-2024-004791,9417816,Golden Wave,NAV024,M07,ro_ro,carga,Vehículos,18599.0,0,2024-09-02 08:29:22,02/09/2024 08:49,2024-09-02 22:19:19,Valencia,Tánger Med,S,0
ESC-2024-004505,9884227,Silver Bay II,NAV035,M10,pesca,carga,Pescado fresco,26.6,0,2024-09-02 12:25:08,2024-09-02 12:45:33,2024-09-02 16:57:55,Tánger Med,Valencia,S,0
ESC-2024-005060,9086382,Estrella Star V,NAV036,M06,granel_liquido,carga,Productos químicos,60825.6,0,2024-09-02 13:19:11,2024-09-02 18:33:10,2024-09-04 10:16:26,Hamburgo,Le Havre,S,0
ESC-2024-002701,9472995,Blue Trader,NAV028,M02,granel_solido,descarga,Fertilizantes,34530.3,0,2024-09-02 23:14:15,2024-09-03 10:12:16,2024-09-05 07:37:43,Sines,Rotterdam,S,0
ESC-2024-002509,9361641,Luz Pride,NAV024,M07,ro_ro,mixta,Vehículos,19390.6,0,2024-09-02 23:26:57,2024-09-03 04:01:37,2024-09-03 16:24:37,Funchal,Tánger Med,S,0
ESC-2024-000586,9368223,Iberian Navigator,NAV010,M10,pesca,descarga,Pescado fresco,75.6,0,2024-09-03 04:19:24,2024-09-03 04:22:34,2024-09-03 10:58:35,Algeciras,Algeciras,S,0
ESC-2024-003073,9550230,Nordic Carrier,NAV011,M11,carga_general,descarga,Maquinaria,4366.2,0,2024-09-03 21:12:24,2024-09-04 02:01:22,2024-09-05 13:19:54,Santos,Rotterdam,S,0
ESC-2024-002845,9947017,Aurora Breeze,NAV035,M04,granel_liquido,mixta,Ácido sulfúrico,82650.3,0,2024-09-03 23:00:52,2024-09-04 07:05:34,2024-09-05 01:32:57,Santos,Hamburgo,S,0
ESC-2024-006261,9845685,Costa Fortune IV,NAV037,M11,carga_general,descarga,Bobinas de acero,13462.0,0,2024-09-03 23:34:15,2024-09-04 01:53:31,2024-09-05 13:20:39,Sines,Casablanca,S,0
ESC-2024-002871,9684976,Marisma Sol III,NAV008,M05,granel_liquido,mixta,Ácido sulfúrico,19422.1,0,2024-09-04 01:06:39,2024-09-05 01:16:58,2024-09-06 08:21:43,Santa Cruz de Tenerife,Abiyán,S,0
ESC-2024-000042,9521198,Blue Bay III,NAV036,M10,pesca,mixta,Pescado fresco,29.1,0,2024-09-04 19:03:12,2024-09-04 19:12:47,2024-09-04 22:49:56,Hamburgo,Génova,N,0
ESC-2024-003418,9609550,Blue Navigator,NAV014,M07,ro_ro,descarga,Vehículos,30058.3,0,2024-09-04 22:19:20,2024-09-05 00:21:46,2024-09-05 11:21:23,Lisboa,Las Palmas,S,0
ESC-2024-000045,9990105,Blue Carrier V,NAV035,M03,granel_solido,carga,Cereal,19440.9,0,2024-09-05 04:46:17,2024-09-05 08:06:46,2024-09-07 16:52:37,Hamburgo,Funchal,S,0
ESC-2024-001017,9355458,Southern Spirit II,NAV010,M04,granel_liquido,mixta,Productos químicos,11293.2,0,2024-09-05 08:26:42,2024-09-05 18:39:53,2024-09-07 18:08:15,Abiyán,Dakar,S,0
ESC-2024-004557,9434709,Silver Express,NAV014,M06,granel_liquido,mixta,Productos químicos,59344.5,0,2024-09-05 12:42:54,2024-09-05 16:27:14,2024-09-06 15:47:44,Funchal,Houston,S,0
ESC-2024-000892,9221920,Silver Bay,NAV020,M12,granel_liquido,descarga,Biocombustible,23064.6,0,2024-09-05 14:09:02,2024-09-06 08:12:59,2024-09-07 04:34:55,Algeciras,Nueva York,S,0
ESC-2024-000609,9544918,Luz Sol,NAV034,M12,granel_liquido,mixta,Ácido sulfúrico,33929.3,0,2024-09-05 16:03:03,2024-09-05 23:07:39,2024-09-07 11:44:50,Amberes,Tánger Med,S,0
ESC-2024-005265,9587568,Río Pioneer I,NAV026,M02,granel_solido,carga,Concentrado de cobre,15536.4,0,2024-09-05 17:44:40,2024-09-06 22:43:40,2024-09-08 20:14:10,Las Palmas,Funchal,S,0
ESC-2024-004697,9282584,Atlantic Pioneer,NAV008,,ro_ro,descarga,Semirremolques,13538.0,0,2024-09-05 19:42:37,2024-09-05 23:13:25,2024-09-06 08:47:14,Las Palmas,Houston,S,0
ESC-2024-002473,9088330,Southern Fortune I,NAV003,M04,granel_liquido,mixta,Ácido sulfúrico,69917.5,0,2024-09-06 00:48:03,2024-09-06 13:42:46,2024-09-07 12:02:39,Nueva York,Tánger Med,S,0
ESC-2024-006127,9263394,Odiel Horizon,NAV034,M10,pesca,carga,Pescado fresco,66.0,0,2024-09-06 01:30:08,2024-09-06 01:35:01,2024-09-06 08:06:27,Le Havre,Le Havre,N,0
ESC-2024-001438,9809253,Río Bay,NAV005,M03,granel_solido,carga,Pirita,18655.9,0,2024-09-06 16:42:40,2024-09-06 19:59:37,2024-09-09 10:38:39,Las Palmas,Las Palmas,S,0
ESC-2024-002282,9894832,Luz Spirit,NAV008,M12,granel_liquido,mixta,Gasóleo,66286.7,0,2024-09-07 00:11:12,2024-09-07 05:37:03,2024-09-08 05:54:53,Santos,Santa Cruz de Tenerife,S,0
ESC-2024-005278,9148104,Marisma Pride,NAV010,M10,pesca,mixta,Pescado fresco,63.3,0,2024-09-07 01:08:19,2024-09-07 01:11:46,2024-09-07 04:28:06,Rotterdam,Santos,N,0
ESC-2024-003315,9484132,Costa Pride IV,NAV016,M01,contenedores,mixta,Contenedores,10679.1,936,2024-09-07 03:25:47,2024-09-07 06:32:52,2024-09-08 07:07:02,Rotterdam,Ceuta,S,0
ESC-2024-002243,9148104,Marisma Pride,NAV010,M10,pesca,carga,Pescado fresco,66.1,0,2024-09-07 08:03:12,2024-09-07 08:07:41,2024-09-07 14:34:25,Santa Cruz de Tenerife,Le Havre,N,0
ESC-2024-003296,9912490,Río Pride,NAV037,M08,fruta_refrigerada,mixta,Fresa y frutos rojos,10338.5,0,2024-09-07 08:44:55,2024-09-07 11:34:45,2024-09-08 19:27:23,Valencia,Las Palmas,S,0
ESC-2024-005611,9276406,Atlantic Dawn,NAV020,M11,carga_general,carga,Palés,6648.9,0,2024-09-07 14:42:47,2024-09-08 06:48:15,2024-09-09 15:13:42,Nueva York,Houston,S,0
ESC-2024-004218,9738167,Silver Venture,NAV013,M09,pasajeros,mixta,Pasajeros,0.0,0,2024-09-07 16:53:49,2024-09-07 17:00:43,2024-09-08 01:42:46,Santa Cruz de Tenerife,Tánger Med,S,1766
ESC-2024-001467,9633628,Blue Pride,NAV033,M01,contenedores,mixta,Contenedores,7763.7,560,2024-09-07 17:35:42,2024-09-07 17:48:19,2024-09-08 13:42:34,Valencia,Funchal,S,0
ESC-2024-002574,9043055,Ocean Venture,NAV012,M10,pesca,mixta,Pescado fresco,23.5,0,2024-09-07 19:27:41,2024-09-07 19:59:24,2024-09-08 00:49:52,Funchal,Dakar,S,0
ESC-2024-002299,9678460,Southern Spirit V,NAV033,M02,granel_solido,mixta,Clínker,28368.2,0,2024-09-07 20:41:52,2024-09-07 21:26:06,2024-09-10 10:37:25,Santos,Hamburgo,S,0
ESC-2024-004969,9057915,Blue Spirit,NAV028,M04,granel_liquido,carga,GNL,30387.3,0,2024-09-07 21:53:06,2024-09-08 05:56:58,2024-09-10 00:51:20,Valencia,Santa Cruz de Tenerife,S,0
ESC-2024-002185,9282584,Atlantic Pioneer,NAV008,M07,ro_ro,descarga,Vehículos,15819.7,0,2024-09-08 01:56:06,2024-09-08 03:07:24,2024-09-08 09:04:28,Rotterdam,Lisboa,S,0
ESC-2024-005555,9039896,Blue Breeze,NAV036,M05,granel_liquido,carga,Ácido sulfúrico,28234.9,0,2024-09-08 07:26:48,2024-09-08 08:11:23,2024-09-10 03:17:14,Dakar,Santa Cruz de Tenerife,S,0
ESC-2024-005021,9207479,Punta Fortune,NAV034,M01,contenedores,descarga,Contenedores,10865.7,1203,2024-09-08 07:44:38,2024-09-08 10:49:39,2024-09-09 16:28:13,Santos,Amberes,S,0
ESC-2024-004786,9180633,Doña Carrier,NAV034,M04,granel_liquido,descarga,Crudo,35752.9,0,2024-09-08 10:07:57,2024-09-08 14:58:54,2024-09-09 16:46:07,Dakar,Algeciras,S,0
ESC-2024-000829,9548768,Aurora Trader II,NAV029,M02,granel_solido,carga,Concentrado de cobre,28583.5,0,2024-09-08 10:19:30,2024-09-08 22:17:02,2024-09-10 00:53:33,Ceuta,Ceuta,S,0
ESC-2024-003283,9871880,Costa Sol,NAV028,M04,granel_liquido,descarga,Ácido sulfúrico,50680.2,0,2024-09-08 12:20:17,2024-09-08 22:38:45,2024-09-10 09:14:51,Nueva York,Rotterdam,S,0
ESC-2024-002460,9202039,Luz Navigator,NAV033,M02,granel_solido,descarga,Concentrado de cobre,21615.1,0,2024-09-08 14:57:56,2024-09-08 15:53:33,2024-09-10 16:22:08,Ceuta,Santos,S,0
ESC-2024-002847,9380283,Estrella Dawn IV,NAV029,M04,granel_liquido,carga,Crudo,32327.7,0,2024-09-08 21:20:54,2024-09-08 21:33:33,2024-09-10 09:09:10,Funchal,Valencia,S,0
ESC-2024-005977,9569700,Costa Star,NAV006,M01,contenedores,descarga,Contenedores,11521.4,976,2024-09-08 21:46:00,08/09/2024 22:54,2024-09-10 07:08:58,Santos,Santos,S,0
ESC-2024-002092,9173824,Doña Star,NAV004,M01,contenedores,carga,Contenedores,7857.9,632,2024-09-09 01:19:53,2024-09-09 12:19:04,2024-09-10 00:07:56,Nueva York,Génova,S,0
ESC-2024-000202,9587568,Río Pioneer I,NAV026,M03,granel_solido,descarga,Concentrado de cobre,17783.6,0,2024-09-09 02:04:04,2024-09-09 06:02:05,2024-09-11 01:02:56,Casablanca,Abiyán,S,0
ESC-2024-001375,9368390,Doña Spirit IV,NAV003,M01,contenedores,mixta,Contenedores,11159.4,1099,2024-09-09 04:47:38,2024-09-09 06:02:45,2024-09-10 04:15:21,Dakar,Valencia,S,0
ESC-2024-003089,9556313,Punta Bay,NAV018,M11,carga_general,carga,Madera,5113.7,0,2024-09-09 05:19:13,2024-09-10 08:00:36,2024-09-11 16:54:39,Sines,Lisboa,S,0
ESC-2024-001715,9443229,Blue Dawn,NAV010,M04,granel_liquido,carga,Gasóleo,33371.0,0,2024-09-09 06:45:23,2024-09-09 16:55:03,2024-09-11 00:13:49,Dakar,Dakar,S,0
ESC-2024-003360,9995674,Marisma Breeze,NAV029,M05,granel_liquido,mixta,Productos químicos,70546.6,0,2024-09-09 09:10:41,2024-09-10 04:09:54,2024-09-11 16:14:13,Génova,Santa Cruz de Tenerife,S,0
ESC-2024-004156,9884227,  SILVER BAY II ,NAV035,M10,pesca,carga,Pescado fresco,57.9,0,2024-09-09 13:43:54,2024-09-09 13:54:53,2024-09-09 21:37:23,Sines,Ceuta,N,0
ESC-2024-004424,9408011,Cabo Voyager,NAV021,M06,granel_liquido,carga,Crudo,36837.0,0,2024-09-09 15:35:17,2024-09-10 02:42:50,2024-09-11 09:32:19,Santos,Algeciras,S,0
ESC-2024-005966,9467031,Cabo Star,NAV008,M11,carga_general,mixta,Madera,10392.8,0,2024-09-09 19:48:27,2024-09-10 07:56:34,2024-09-11 11:46:35,Amberes,Dakar,S,0
ESC-2024-003206,9576337,Silver Glory,NAV006,M02,granel_solido,descarga,Cereal,20911.7,0,2024-09-09 20:21:16,2024-09-10 05:39:44,2024-09-12 09:52:44,Houston,Santos,S,0
ESC-2024-000374,9125293,Nordic Bay,NAV020,M12,granel_liquido,carga,Biocombustible,22981.3,0,2024-09-09 22:37:52,2024-09-10 09:17:54,2024-09-11 11:49:29,Las Palmas,Valencia,S,0
ESC-2024-004819,9202039,Luz Navigator,NAV033,M03,granel_solido,carga,Fertilizantes,32384.8,0,2024-09-10 03:17:00,2024-09-10 03:26:12,2024-09-12 17:32:11,Lisboa,Valencia,S,0
ESC-2024-003814,9197583,Delta Venture,NAV007,M03,granel_solido,carga,Cereal,18118.7,0,2024-09-10 05:45:36,2024-09-10 19:30:30,2024-09-12 19:36:01,Nueva York,Funchal,S,0
ESC-2024-004743,9043055,Ocean Venture,NAV012,M10,pesca,mixta,Pescado fresco,59.1,0,2024-09-10 06:48:46,2024-09-10 06:56:08,2024-09-10 12:38:01,Casablanca,Santos,N,0
ESC-2024-001545,9544918,Luz Sol,NAV034,M06,granel_liquido,descarga,Crudo,26580.0,0,2024-09-10 07:41:11,2024-09-10 12:55:13,2024-09-12 06:55:19,Nueva York,Dakar,S,0
ESC-2024-004194,9406518,Tinto Voyager,NAV016,M12,granel_liquido,descarga,Biocombustible,46174.8,0,2024-09-10 11:56:41,2024-09-10 18:21:18,2024-09-11 22:23:26,Amberes,Algeciras,S,0
ESC-2024-003499,9465057,Costa Pride I,NAV004,M11,carga_general,mixta,Bobinas de acero,8962.1,0,2024-09-10 13:12:03,2024-09-10 18:28:37,2024-09-11 19:38:42,Génova,Lisboa,S,0
ESC-2024-002525,9995674,Marisma Breeze,NAV029,M12,granel_liquido,mixta,Crudo,43108.3,0,2024-09-10 19:32:05,2024-09-11 01:55:46,2024-09-12 16:54:34,Le Havre,Le Havre,S,0
ESC-2024-000241,9249049,Cabo Trader,NAV001,M08,fruta_refrigerada,carga,Cítricos,6409.8,0,2024-09-10 20:00:30,2024-09-10 22:34:31,2024-09-12 05:19:50,Hamburgo,Funchal,S,0
ESC-2024-006422,9362786,Golden Pioneer,NAV005,M07,ro_ro,carga,Semirremolques,14621.0,0,2024-09-10 23:06:42,2024-09-10 23:37:38,2024-09-11 13:33:04,Casablanca,Ceuta,S,0
ESC-2024-005417,9938640,Estrella Spirit I,NAV002,M11,carga_general,descarga,Bobinas de acero,5515.1,0,2024-09-11 02:48:58,2024-09-11 05:26:29,2024-09-12 08:03:56,Houston,Hamburgo,S,0
ESC-2024-003673,9367487,Ocean Fortune I,NAV009,M11,carga_general,descarga,Palés,6438.6,0,2024-09-11 05:51:51,2024-09-11 18:31:13,2024-09-13 14:49:05,Lisboa,Abiyán,S,0
ESC-2024-005709,9222869,Aurora Trader,NAV038,M01,contenedores,carga,Contenedores,8415.8,762,2024-09-11 07:50:59,2024-09-11 09:59:43,2024-09-12 07:49:13,Algeciras,Las Palmas,S,0
ESC-2024-004657,9513804,Silver Navigator,NAV010,M12,granel_liquido,mixta,Biocombustible,92435.1,0,2024-09-11 08:29:02,2024-09-11 12:20:03,2024-09-13 10:38:09,Santos,Tánger Med,S,0
ESC-2024-000647,9387047,Doña Breeze III,NAV001,M03,granel_solido,carga,Fertilizantes,21635.5,0,2024-09-11 08:49:07,2024-09-11 10:00:27,2024-09-13 06:03:29,Dakar,Nueva York,S,0
ESC-2024-004188,9922976,Río Horizon II,NAV034,M04,granel_liquido,descarga,Productos químicos,20058.7,0,2024-09-11 11:05:30,2024-09-11 15:58:21,2024-09-12 12:15:00,Abiyán,Las Palmas,S,0
ESC-2024-000121,9102112,Delta Spirit I,NAV035,M03,granel_solido,mixta,Cereal,20392.0,0,2024-09-11 17:45:15,11/09/2024 18:39,2024-09-13 11:48:21,Abiyán,Nueva York,S,0
ESC-2024-001347,9957799,Río Sol,NAV006,M12,granel_liquido,carga,Biocombustible,40072.6,0,2024-09-11 21:59:03,2024-09-11 23:47:04,2024-09-13 07:27:40,Génova,Rotterdam,S,0
ESC-2024-004339,9600396,Estrella Pioneer V,NAV007,M10,pesca,mixta,Pescado fresco,9.0,0,2024-09-12 02:17:44,2024-09-12 02:56:20,2024-09-12 10:27:43,Génova,Sines,S,0
ESC-2024-003549,9228526,Silver Navigator V,NAV039,M03,granel_solido,carga,Concentrado de cobre,44722.3,0,2024-09-12 03:57:28,2024-09-12 12:57:08,2024-09-15 02:21:14,Rotterdam,Santos,S,0
ESC-2024-004945,9392119,Odiel Voyager II,NAV025,M07,ro_ro,descarga,Vehículos,27752.2,0,2024-09-12 04:14:11,2024-09-12 04:30:23,2024-09-12 20:27:46,Hamburgo,Hamburgo,S,0
ESC-2024-004945,9392119,Odiel Voyager II,NAV025,M07,ro_ro,descarga,Vehículos,27752.2,0,2024-09-12 04:14:11,2024-09-12 04:30:23,2024-09-12 20:27:46,Hamburgo,Hamburgo,S,0
ESC-2024-002848,9149469,Río Spirit IV,NAV036,M02,granel_solido,carga,Concentrado de cobre,29817.5,0,2024-09-12 04:15:33,2024-09-12 13:42:10,2024-09-15 08:20:06,Algeciras,Lisboa,S,0
ESC-2024-001975,9095888,Estrella Pioneer,NAV010,M03,granel_solido,descarga,Pirita,41464.2,0,2024-09-12 06:09:23,2024-09-13 05:10:25,2024-09-13 09:52:25,Santos,Sines,S,0
ESC-2024-000856,9782431,Iberian Wave,NAV016,M06,granel_liquido,mixta,Ácido sulfúrico,75805.2,0,2024-09-12 14:25:23,2024-09-13 03:03:14,2024-09-14 12:00:07,Rotterdam,Santa Cruz de Tenerife,S,0
ESC-2024-005359,9423853,Odiel Pioneer,NAV028,M06,granel_liquido,carga,Ácido sulfúrico,17191.5,0,2024-09-12 14:42:36,2024-09-13 05:51:43,2024-09-13 19:53:25,Lisboa,Santa Cruz de Tenerife,S,0
ESC-2024-002617,9775373,Tinto Bay III,NAV012,M08,fruta_refrigerada,carga,Fresa y frutos rojos,4754.7,0,2024-09-12 15:28:25,2024-09-12 16:22:33,2024-09-13 23:16:40,Génova,Tánger Med,S,0
ESC-2024-005458,9472995,Blue Trader,NAV028,M02,granel_solido,descarga,Pirita,26888.8,0,2024-09-12 21:47:49,2024-09-13 02:59:33,2024-09-14 16:51:34,Abiyán,Ceuta,S,0
ESC-2024-004811,9272931,Southern Pioneer,NAV020,M03,granel_solido,mixta,Fertilizantes,28970.6,0,2024-09-13 00:11:47,2024-09-13 05:00:45,2024-09-14 18:17:40,Algeciras,Amberes,S,0
ESC-2024-001778,9092329,Tinto Star,NAV017,M03,granel_solido,descarga,Fertilizantes,32124.7,0,2024-09-13 00:54:32,2024-09-13 04:44:04,2024-09-15 01:11:48,Houston,Santos,S,0
ESC-2024-000182,9102112,Delta Spirit I,NAV035,M03,granel_solido,descarga,Fertilizantes,19621.1,0,2024-09-13 03:49:10,2024-09-13 04:06:49,2024-09-15 22:45:07,Algeciras,Santa Cruz de Tenerife,S,0
ESC-2024-006369,9395252,Ocean Breeze,NAV013,M12,granel_liquido,mixta,Ácido sulfúrico,71683.3,0,2024-09-13 12:16:02,2024-09-13 22:49:28,2024-09-14 23:03:46,Amberes,Valencia,S,0
ESC-2024-004224,9600396,Estrella Pioneer V,NAV007,M10,pesca,carga,Pescado fresco,54.5,0,2024-09-13 18:20:05,2024-09-13 18:21:10,2024-09-14 00:42:56,Génova,Génova,S,0
ESC-2024-004282,9004516,Costa Spirit,NAV028,M04,granel_liquido,descarga,GNL,24298.1,0,2024-09-13 23:07:39,14/09/2024 00:22,2024-09-15 07:28:56,Nueva York,Casablanca,S,0
ESC-2024-001961,9361914,Cabo Marina,NAV037,M02,granel_solido,mixta,Fertilizantes,13557.4,0,2024-09-14 00:19:06,2024-09-14 14:30:05,2024-09-16 23:44:03,Santa Cruz de Tenerife,Le Havre,S,0
ESC-2024-002318,9256200,Luz Breeze,NAV009,M04,granel_liquido,mixta,Productos químicos,62530.2,0,2024-09-14 03:57:23,2024-09-14 11:46:44,2024-09-15 17:44:54,Houston,Abiyán,S,0
ESC-2024-000053,9260500,Southern Venture,NAV003,M01,contenedores,carga,Contenedores,7523.0,750,2024-09-14 06:47:34,2024-09-14 07:23:38,2024-09-15 10:11:22,Tánger Med,Houston,S,0
ESC-2024-001394,9770531,Aurora Spirit III,NAV023,M01,contenedores,mixta,Contenedores,8126.0,779,2024-09-14 08:47:47,2024-09-14 13:13:12,2024-09-15 05:01:03,Rotterdam,Sines,S,0
ESC-2024-003301,9844588,Delta Wave,NAV001,M01,contenedores,carga,Contenedores,2175.8,208,2024-09-14 08:54:43,2024-09-14 16:34:18,2024-09-15 12:04:47,Casablanca,Génova,S,0
ESC-2024-000012,9663582,Delta Express IV,NAV026,M07,ro_ro,mixta,Semirremolques,17782.6,0,2024-09-14 10:00:56,2024-09-14 13:56:08,2024-09-15 03:36:33,Funchal,Génova,S,0
ESC-2024-005445,9717199,Doña Express,NAV017,M10,pesca,descarga,Pescado fresco,10.0,0,2024-09-14 12:05:05,2024-09-14 12:17:11,2024-09-14 16:28:35,Nueva York,Algeciras,S,0
ESC-2024-003018,9507843,Iberian Express,NAV018,M11,carga_general,descarga,Palés,8709.7,0,2024-09-14 15:53:41,2024-09-15 05:35:49,2024-09-16 07:58:30,Tánger Med,Santos,S,0
ESC-2024-001016,9738167,Silver Venture,NAV013,M09,pasajeros,carga,Pasajeros,0.0,0,2024-09-14 16:29:19,2024-09-14 16:48:11,2024-09-14 23:48:30,Valencia,Rotterdam,S,1215
ESC-2024-000174,9098672,Punta Dawn,NAV035,M05,granel_liquido,carga,Gasóleo,39152.5,0,2024-09-14 17:17:46,2024-09-15 14:31:27,2024-09-16 20:02:41,Algeciras,Abiyán,S,0
ESC-2024-001691,9005211,Cabo Sol II,NAV039,M01,contenedores,descarga,Contenedores,18209.4,1414,2024-09-14 20:19:35,2024-09-15 02:13:56,2024-09-16 01:23:06,Nueva York,Lisboa,S,0
ESC-2024-001691,9005211,Cabo Sol II,NAV039,M01,contenedores,descarga,Contenedores,18209.4,1414,2024-09-14 20:19:35,2024-09-15 02:13:56,2024-09-16 01:23:06,Nueva York,Lisboa,S,0
ESC-2024-002539,9936135,Luz Dawn,NAV008,M03,granel_solido,carga,Cereal,18430.7,0,2024-09-14 20:37:47,2024-09-15 07:33:20,2024-09-17 00:46:56,Ceuta,Tánger Med,S,0
ESC-2024-002396,9105396,Río Dawn,NAV006,M11,carga_general,mixta,Maquinaria,9724.6,0,2024-09-14 21:10:35,2024-09-14 23:07:59,2024-09-15 08:08:54,Funchal,Rotterdam,S,0
ESC-2024-002419,9025699,Iberian Trader I,NAV001,M05,granel_liquido,descarga,GNL,60286.7,0,2024-09-14 23:02:19,2024-09-15 05:43:44,2024-09-15 20:54:24,Sines,Ceuta,S,0
ESC-2024-000372,9677117,Iberian Pride,NAV017,M03,granel_solido,descarga,Fertilizantes,12515.9,0,2024-09-14 23:03:20,2024-09-15 07:30:31,2024-09-16 13:11:17,Hamburgo,Génova,S,0
ESC-2024-000792,9153252,Estrella Carrier,NAV007,M02,granel_solido,carga,Concentrado de cobre,19468.5,0,2024-09-14 23:43:25,2024-09-15 22:56:26,2024-09-18 19:09:59,Las Palmas,Hamburgo,S,0
ESC-2024-004123,9554494,Tinto Wave IV,NAV004,M07,ro_ro,descarga,Vehículos,19305.9,0,2024-09-15 00:49:08,2024-09-15 02:20:38,2024-09-15 06:51:31,Le Havre,Génova,S,0
ESC-2024-004382,9105396,Río Dawn,NAV006,,carga_general,mixta,Madera,13864.8,0,2024-09-15 01:39:35,2024-09-15 05:31:42,2024-09-16 04:17:30,Algeciras,Funchal,S,0
ESC-2024-001547,9176761,Cabo Pride,NAV014,M01,contenedores,carga,Contenedores,10050.9,908,2024-09-15 02:22:11,2024-09-15 02:41:16,2024-09-16 07:19:59,Las Palmas,Dakar,S,0
ESC-2024-002568,9118032,Atlantic Horizon,NAV032,M02,granel_solido,descarga,Pirita,24282.1,0,2024-09-15 05:57:36,2024-09-15 07:52:53,2024-09-17 10:14:07,Génova,Hamburgo,S,0
ESC-2024-000348,9376153,Río Wave,NAV031,M09,pasajeros,descarga,Pasajeros,0.0,0,2024-09-15 07:30:40,2024-09-15 07:53:08,2024-09-15 19:07:56,Algeciras,Funchal,S,1322
ESC-2024-003990,9595216,Southern Breeze I,NAV002,M07,ro_ro,carga,Vehículos,35068.2,0,2024-09-15 08:07:41,2024-09-15 15:41:41,2024-09-16 03:13:50,Nueva York,Tánger Med,S,0
ESC-2024-004479,9736327,Iberian Dawn,NAV033,M02,granel_solido,descarga,Concentrado de cobre,22256.9,0,2024-09-15 10:07:11,2024-09-15 14:02:32,2024-09-18 14:17:05,Dakar,Santos,S,0
ESC-2024-003489,9236834,Aurora Fortune,NAV040,M12,granel_liquido,carga,Productos químicos,51152.2,0,2024-09-15 10:38:31,2024-09-15 11:12:59,2024-09-16 13:30:50,Abiyán,Le Havre,S,0
ESC-2024-003740,9680669,  ESTRELLA FORTUNE ,NAV029,M07,ro_ro,descarga,Vehículos,17145.3,0,2024-09-15 11:24:22,2024-09-15 15:31:03,2024-09-16 00:22:24,Santos,Lisboa,S,0
ESC-2024-001726,9844588,Delta Wave,NAV001,M01,contenedores,descarga,Contenedores,15278.2,1559,2024-09-15 13:11:44,2024-09-15 21:59:59,2024-09-16 19:57:47,Lisboa,Sines,S,0
ESC-2024-004052,9368223,Iberian Navigator,NAV010,M10,pesca,mixta,Pescado fresco,67.8,0,2024-09-15 17:07:43,2024-09-15 17:27:47,2024-09-15 23:54:31,Amberes,Hamburgo,S,0
ESC-2024-005961,9017721,Delta Dawn,NAV030,M10,pesca,carga,Pescado fresco,28.5,0,2024-09-15 17:41:44,2024-09-15 17:53:03,2024-09-16 00:31:17,Santos,Algeciras,N,0
ESC-2024-006396,9595216,Southern Breeze I,NAV002,M07,ro_ro,descarga,Vehículos,35911.5,0,2024-09-15 19:57:17,2024-09-15 20:46:50,2024-09-16 10:26:46,Abiyán,Casablanca,S,0
ESC-2024-005207,9154933,Iberian Star V,NAV009,M05,granel_liquido,carga,Ácido sulfúrico,39309.6,0,2024-09-15 20:06:46,2024-09-15 20:56:30,2024-09-17 10:39:05,Abiyán,Funchal,S,0
ESC-2024-000890,9361641,  LUZ PRIDE ,NAV024,M07,ro_ro,carga,Semirremolques,14552.4,0,2024-09-16 00:09:09,2024-09-16 00:34:16,2024-09-16 12:45:39,Le Havre,Lisboa,S,0
ESC-2024-001089,9075113,Delta Glory,NAV023,M05,granel_liquido,descarga,Biocombustible,9544.7,0,2024-09-16 00:52:26,2024-09-16 02:11:04,2024-09-17 03:23:42,Valencia,Nueva York,S,0
ESC-2024-005110,9312547,Punta Pride III,NAV030,M05,granel_liquido,mixta,Gasóleo,31500.8,0,2024-09-16 01:09:28,2024-09-16 05:25:46,2024-09-17 10:58:54,Funchal,Rotterdam,S,0
ESC-2024-004444,9321201,Estrella Voyager,NAV020,M01,contenedores,descarga,Contenedores,4511.1,388,2024-09-16 06:58:40,2024-09-17 00:53:12,2024-09-17 21:03:03,Valencia,Las Palmas,S,0
ESC-2024-002780,9587568,Río Pioneer I,NAV026,M03,granel_solido,descarga,Pirita,12248.2,0,2024-09-16 12:09:37,2024-09-16 13:05:30,2024-09-18 12:41:35,Ceuta,Sines,S,0
ESC-2024-006473,9095888,Estrella Pioneer,NAV010,M02,granel_solido,descarga,Concentrado de cobre,38075.1,0,2024-09-16 13:43:09,2024-09-17 04:17:45,2024-09-18 19:04:14,Casablanca,Rotterdam,S,0
ESC-2024-005797,9898084,Marisma Fortune,NAV013,M06,granel_liquido,mixta,GNL,65500.6,0,2024-09-16 14:03:02,2024-09-17 00:11:46,2024-09-17 22:38:47,Hamburgo,Funchal,S,0
ESC-2024-001898,9418834,Costa Navigator V,NAV035,M02,granel_solido,mixta,Fertilizantes,22108.4,0,2024-09-16 16:44:30,2024-09-16 18:27:18,2024-09-18 10:32:36,Santos,Casablanca,S,0
ESC-2024-005112,9095888,Estrella Pioneer,NAV010,M03,granel_solido,mixta,Concentrado de cobre,30205.2,0,2024-09-16 17:24:38,2024-09-16 18:39:10,2024-09-18 22:26:40,Dakar,Amberes,S,0
ESC-2024-001912,9075113,Delta Glory,NAV023,M06,granel_liquido,descarga,Biocombustible,10456.3,0,2024-09-16 22:07:15,2024-09-17 16:37:49,2024-09-18 01:17:27,Le Havre,Dakar,S,0
ESC-2024-003202,9867126,Aurora Wave I,NAV002,M07,ro_ro,mixta,Vehículos,21376.7,0,2024-09-17 03:27:50,2024-09-17 04:53:05,2024-09-17 18:43:37,Sines,Sines,S,0
ESC-2024-003119,9116034,Atlantic Fortune III,NAV019,M01,contenedores,mixta,Contenedores,8200.4,634,2024-09-17 03:48:51,2024-09-17 07:16:46,2024-09-17 19:34:49,Dakar,Algeciras,S,0
ESC-2024-001403,9126766,Silver Voyager,NAV007,M03,granel_solido,descarga,Clínker,31826.6,0,2024-09-17 07:09:58,2024-09-17 07:10:12,2024-09-19 09:08:49,Ceuta,Amberes,S,0
ESC-2024-004389,9643192,Silver Breeze II,NAV013,M02,granel_solido,descarga,Pirita,33364.1,0,2024-09-17 09:31:46,2024-09-18 17:52:24,2024-09-21 13:38:40,Hamburgo,Le Havre,S,0
ESC-2024-004968,9488231,Atlantic Voyager,NAV033,M02,granel_solido,mixta,Pirita,11138.2,0,2024-09-17 09:43:28,2024-09-18 00:43:23,2024-09-20 14:57:37,Lisboa,Rotterdam,S,0
ESC-2024-002913,9663582,Delta Express IV,NAV026,M07,ro_ro,carga,Semirremolques,23842.9,0,2024-09-17 12:43:07,2024-09-17 14:22:41,2024-09-17 23:37:53,Algeciras,Abiyán,S,0
ESC-2024-002769,9386237,Cabo Venture,NAV038,M07,ro_ro,descarga,Semirremolques,22305.5,0,2024-09-17 13:15:54,2024-09-17 13:51:42,2024-09-18 01:28:44,Casablanca,Rotterdam,S,0
ESC-2024-003810,9471769,Ocean Pride,NAV030,M11,carga_general,mixta,Bobinas de acero,6952.9,0,2024-09-17 13:55:49,2024-09-17 17:34:22,2024-09-19 09:23:17,Génova,Abiyán,S,0
ESC-2024-003520,9587568,Río Pioneer I,NAV026,M03,granel_solido,descarga,Cereal,10974.2,0,2024-09-17 16:27:23,2024-09-17 20:17:24,2024-09-18 17:57:06,Las Palmas,Sines,S,0
ESC-2024-002677,9190901,Tinto Wave,NAV017,M11,carga_general,mixta,Bobinas de acero,11414.5,0,2024-09-17 18:49:41,2024-09-17 22:47:00,2024-09-19 04:54:02,Santos,Dakar,S,0
ESC-2024-004318,9708813,Doña Venture,NAV035,M04,granel_liquido,descarga,GNL,30455.1,0,2024-09-17 21:40:03,2024-09-18 01:33:57,2024-09-19 09:30:47,Las Palmas,Funchal,S,0
ESC-2024-002852,9742132,Odiel Fortune,NAV010,M04,granel_liquido,mixta,GNL,-15607.8,0,2024-09-17 23:52:25,2024-09-18 00:33:52,2024-09-19 03:22:15,Las Palmas,Génova,S,0
ESC-2024-001549,9895927,Cabo Express,NAV032,M12,granel_liquido,mixta,Productos químicos,46454.4,0,2024-09-18 01:12:55,2024-09-18 02:33:25,2024-09-19 16:24:44,Nueva York,Valencia,S,0
ESC-2024-005402,9397987,Tinto Express,NAV012,M01,contenedores,descarga,Contenedores,6463.5,487,2024-09-18 01:41:30,2024-09-18 01:48:44,2024-09-18 10:46:05,Casablanca,Ceuta,S,0
ESC-2024-000842,9423853,Odiel Pioneer,NAV028,M12,granel_liquido,carga,Gasóleo,24004.4,0,2024-09-18 03:01:37,2024-09-18 09:07:55,2024-09-19 03:42:20,Nueva York,Houston,S,0
ESC-2024-000476,9962445,Punta Marina IV,NAV029,M03,granel_solido,mixta,Concentrado de cobre,30908.1,0,2024-09-18 06:16:55,18/09/2024 07:31,2024-09-20 00:16:30,Houston,Ceuta,S,0
ESC-2024-004144,9386237,Cabo Venture,NAV038,M07,ro_ro,carga,Semirremolques,17275.4,0,2024-09-18 08:14:58,2024-09-18 09:32:31,2024-09-19 00:18:34,Casablanca,Abiyán,S,0
ESC-2024-000371,9600396,Estrella Pioneer V,NAV007,M10,pesca,carga,Pescado fresco,38.3,0,2024-09-18 11:17:44,2024-09-18 11:36:54,2024-09-18 18:28:18,Hamburgo,Nueva York,S,0
ESC-2024-000252,9954917,Luz Carrier II,NAV030,M07,ro_ro,descarga,Semirremolques,20414.4,0,2024-09-18 12:09:17,2024-09-18 15:24:03,2024-09-19 03:56:15,Tánger Med,Lisboa,S,0
ESC-2024-002670,9075113,Delta Glory,NAV023,M05,granel_liquido,carga,GNL,7906.3,0,2024-09-18 16:00:18,2024-09-18 20:09:45,2024-09-20 06:23:11,Las Palmas,Génova,S,0
ESC-2024-001300,9936135,Luz Dawn,NAV008,M02,granel_solido,descarga,Cereal,26278.1,0,2024-09-18 18:11:58,2024-09-18 18:15:32,2024-09-20 10:39:13,Sines,Dakar,S,0
ESC-2024-000033,9829746,Marisma Venture,NAV030,M12,granel_liquido,carga,Biocombustible,43020.7,0,2024-09-18 20:27:16,2024-09-18 20:43:47,2024-09-20 15:44:13,Houston,Amberes,S,0
ESC-2024-000417,9884227,Silver Bay II,NAV035,M10,pesca,mixta,Pescado fresco,15.0,0,2024-09-19 00:37:43,2024-09-19 00:46:08,2024-09-19 05:18:57,Lisboa,Lisboa,N,0
ESC-2024-004600,9568330,Ocean Fortune,NAV026,M08,fruta_refrigerada,descarga,Cítricos,13935.5,0,2024-09-19 01:25:01,2024-09-19 05:47:55,2024-09-20 12:45:23,Rotterdam,Rotterdam,S,0
ESC-2024-000059,9944625,Blue Fortune,NAV019,M09,pasajeros,carga,Pasajeros,0.0,0,2024-09-19 05:26:32,2024-09-19 05:30:55,2024-09-19 13:29:01,Tánger Med,Algeciras,S,2470
ESC-2024-000565,9198757,Golden Breeze,NAV032,M10,pesca,descarga,Pescado fresco,34.7,0,2024-09-19 05:34:32,2024-09-19 05:38:09,2024-09-19 11:23:11,Ceuta,Houston,S,0
ESC-2024-003860,9884227,Silver Bay II,NAV035,,pesca,mixta,Pescado fresco,68.5,0,2024-09-19 16:17:00,2024-09-19 16:22:59,2024-09-19 23:27:20,Funchal,Le Havre,S,0
ESC-2024-006368,9095888,Estrella Pioneer,NAV010,M03,granel_solido,carga,Cereal,29970.3,0,2024-09-19 22:38:45,2024-09-20 16:49:42,2024-09-22 23:12:12,Abiyán,Algeciras,S,0
ESC-2024-000595,9423853,Odiel Pioneer,NAV028,M05,granel_liquido,carga,Productos químicos,23442.1,0,2024-09-20 00:10:36,2024-09-21 11:43:49,2024-09-22 10:34:54,Tánger Med,Hamburgo,S,0
ESC-2024-000640,9133135,Punta Star III,NAV004,M06,granel_liquido,mixta,Biocombustible,35142.0,0,2024-09-20 01:47:20,2024-09-20 02:51:51,2024-09-21 06:17:34,Ceuta,Nueva York,S,0
ESC-2024-005984,9809253,Río Bay,NAV005,M03,granel_solido,mixta,Clínker,23012.9,0,2024-09-20 01:56:26,2024-09-20 06:42:22,2024-09-21 11:07:51,Ceuta,Algeciras,S,0
ESC-2024-001623,9576337,  SILVER GLORY ,NAV006,M02,granel_solido,descarga,Pirita,25588.9,0,2024-09-20 10:44:50,2024-09-21 13:53:44,2024-09-24 05:51:31,Lisboa,Nueva York,S,0
ESC-2024-002869,9614294,Punta Express,NAV032,M02,granel_solido,mixta,Concentrado de cobre,22541.0,0,2024-09-20 17:10:02,2024-09-21 00:09:47,2024-09-22 05:48:12,Hamburgo,Ceuta,S,0
ESC-2024-003278,9125293,Nordic Bay,NAV020,M04,granel_liquido,descarga,Productos químicos,33098.8,0,2024-09-20 19:27:29,2024-09-21 00:59:00,2024-09-22 01:38:57,Funchal,Funchal,S,0
ESC-2024-002193,9994606,Nordic Venture III,NAV037,M02,granel_solido,mixta,Cereal,34509400.0,0,2024-09-20 20:07:21,2024-09-20 22:20:38,2024-09-23 08:26:22,Casablanca,Amberes,S,0
ESC-2024-000069,9884227,Silver Bay II,NAV035,M10,pesca,mixta,Pescado fresco,51.8,0,2024-09-21 02:52:12,2024-09-21 02:55:07,2024-09-21 06:13:32,Algeciras,Tánger Med,N,0
ESC-2024-005867,9075113,Delta Glory,NAV023,M06,granel_liquido,carga,Productos químicos,8653.9,0,2024-09-21 05:04:59,2024-09-21 22:13:29,2024-09-23 02:08:55,Casablanca,Tánger Med,S,0
ESC-2024-000237,9634581,Luz Dawn V,NAV017,M12,granel_liquido,carga,GNL,10042.4,0,2024-09-21 07:03:53,2024-09-21 13:21:27,2024-09-22 19:20:32,Santos,Santos,S,0
ESC-2024-001909,9116034,Atlantic Fortune III,NAV019,M01,contenedores,descarga,Contenedores,3072.3,220,2024-09-21 09:09:54,2024-09-21 12:18:57,2024-09-22 08:42:14,Houston,Lisboa,S,0
ESC-2024-001909,9116034,Atlantic Fortune III,NAV019,M01,contenedores,descarga,Contenedores,3072.3,220,2024-09-21 09:09:54,2024-09-21 12:18:57,2024-09-22 08:42:14,Houston,Lisboa,S,0
ESC-2024-005394,9494670,Luz Fortune,NAV031,M07,ro_ro,carga,Semirremolques,22866.1,0,2024-09-21 09:18:41,2024-09-21 10:00:36,2024-09-22 00:00:08,Santos,Ceuta,S,0
ESC-2024-001426,9846483,Southern Horizon III,NAV019,M02,granel_solido,descarga,Cereal,39181.2,0,2024-09-21 10:07:09,2024-09-21 10:35:28,2024-09-23 05:31:22,Hamburgo,Amberes,S,0
ESC-2024-003822,9287900,Delta Spirit,NAV040,M07,ro_ro,descarga,Semirremolques,25095.7,0,2024-09-21 10:11:03,2024-09-21 10:11:57,2024-09-21 19:05:16,Funchal,Las Palmas,S,0
ESC-2024-005169,9678460,Southern Spirit V,NAV033,M03,granel_solido,carga,Pirita,25960.0,0,2024-09-21 20:04:21,2024-09-21 20:46:19,2024-09-24 06:24:58,Rotterdam,Le Havre,S,0
ESC-2024-003325,9944625,Blue Fortune,NAV019,M09,pasajeros,mixta,Pasajeros,0.0,0,2024-09-21 21:29:43,2024-09-21 22:03:30,2024-09-22 06:36:14,Houston,Hamburgo,S,2852
ESC-2024-004834,9311490,Río Trader IV,NAV033,M10,pesca,descarga,Pescado fresco,76.8,0,2024-09-21 21:34:49,2024-09-21 21:38:09,2024-09-22 06:28:21,Hamburgo,Santa Cruz de Tenerife,S,0
ESC-2024-005556,9397987,Tinto Express,NAV012,M01,contenedores,mixta,Contenedores,8298.3,674,2024-09-21 23:16:13,2024-09-21 23:46:51,2024-09-23 03:57:37,Le Havre,Santos,S,0
ESC-2024-000430,9995674,Marisma Breeze,NAV029,,granel_liquido,mixta,Ácido sulfúrico,74779.1,0,2024-09-22 03:06:19,2024-09-22 03:52:00,2024-09-23 01:53:46,Le Havre,Amberes,S,0
ESC-2024-002069,9922976,Río Horizon II,NAV034,M04,granel_liquido,descarga,GNL,33823.0,0,2024-09-22 10:22:58,2024-09-22 14:12:07,2024-09-24 00:11:43,Ceuta,Houston,S,0
ESC-2024-001544,9736327,Iberian Dawn,NAV033,M02,granel_solido,descarga,Fertilizantes,20740.5,0,2024-09-22 13:48:59,2024-09-23 05:58:39,2024-09-25 09:21:03,Le Havre,Casablanca,S,0
ESC-2024-004616,9243320,Golden Pride,NAV028,M04,granel_liquido,descarga,Ácido sulfúrico,74382.0,0,2024-09-22 16:09:44,2024-09-22 21:56:10,2024-09-23 20:25:10,Ceuta,Casablanca,S,0
ESC-2024-004407,9716602,Iberian Horizon III,NAV038,M11,carga_general,mixta,Maquinaria,2999.5,0,2024-09-22 16:48:33,2024-09-22 22:16:11,2024-09-24 04:21:41,Dakar,Lisboa,S,0
ESC-2024-004614,9507843,Iberian Express,NAV018,M11,carga_general,descarga,Palés,8766.5,0,2024-09-22 21:01:33,2024-09-23 00:23:57,2024-09-24 04:51:41,Nueva York,Hamburgo,S,0
ESC-2024-004869,9641912,Ocean Glory,NAV030,M03,granel_solido,descarga,Pirita,26285.8,0,2024-09-22 21:20:00,2024-09-23 10:46:56,2024-09-25 22:24:28,Génova,Amberes,S,0
ESC-2024-006175,9023079,Cabo Breeze V,NAV015,M08,fruta_refrigerada,descarga,Cítricos,10716.6,0,2024-09-22 21:56:05,2024-09-22 23:30:53,2024-09-24 10:49:21,Lisboa,Nueva York,S,0
ESC-2024-002686,9284635,Nordic Sol IV,NAV017,M03,granel_solido,carga,Concentrado de cobre,25095.3,0,2024-09-23 00:43:05,2024-09-23 14:10:04,2024-09-25 23:24:18,Funchal,Algeciras,S,0
ESC-2024-000809,9142590,Doña Wave,NAV019,M05,granel_liquido,mixta,Productos químicos,24821.2,0,2024-09-23 03:29:52,2024-09-23 03:30:04,2024-09-23 23:11:26,Hamburgo,Génova,S,0
ESC-2024-000643,9471769,Ocean Pride,NAV030,M11,carga_general,carga,Maquinaria,5736.6,0,2024-09-23 14:03:19,2024-09-24 09:41:37,2024-09-25 08:33:12,Las Palmas,Houston,S,0
ESC-2024-004457,9536624,Silver Star III,NAV012,M01,contenedores,descarga,Contenedores,5035.5,549,2024-09-23 14:36:50,2024-09-23 22:21:02,2024-09-24 13:14:06,Santos,Rotterdam,S,0
ESC-2024-005742,9656321,Punta Trader,NAV012,M12,granel_liquido,descarga,Gasóleo,18825.3,0,2024-09-24 00:12:37,2024-09-24 01:45:05,2024-09-25 09:11:01,Funchal,Algeciras,S,0
ESC-2024-002629,9589475,Cabo Fortune,NAV007,M01,contenedores,descarga,Contenedores,14688.0,1131,2024-09-24 02:43:02,2024-09-24 09:47:01,2024-09-24 22:24:03,Santa Cruz de Tenerife,Ceuta,S,0
ESC-2024-003077,9929338,Tinto Venture I,NAV017,M05,granel_liquido,carga,Productos químicos,67481.7,0,2024-09-24 05:31:10,2024-09-24 08:07:35,2024-09-26 01:14:12,Houston,Algeciras,S,0
ESC-2024-003826,9125293,Nordic Bay,NAV020,M06,granel_liquido,descarga,Crudo,40237.2,0,2024-09-24 07:14:29,2024-09-24 15:29:18,2024-09-25 21:10:39,Algeciras,Rotterdam,S,0
ESC-2024-003226,9416575,Punta Mar,NAV032,M10,pesca,carga,Pescado fresco,46.7,0,2024-09-24 07:35:54,2024-09-24 07:55:18,2024-09-24 16:07:59,Santos,Valencia,N,0
ESC-2024-001149,9406518,Tinto Voyager,NAV016,M12,granel_liquido,descarga,Gasóleo,35900.7,0,2024-09-24 09:17:56,2024-09-24 11:50:43,2024-09-25 11:21:03,Tánger Med,Ceuta,S,0
ESC-2024-002197,9556143,Southern Mar,NAV028,M11,carga_general,carga,Madera,10541.0,0,2024-09-24 14:23:01,2024-09-24 16:22:03,2024-09-25 09:57:35,Ceuta,Algeciras,S,0
ESC-2024-005444,9531090,Iberian Marina,NAV031,M02,granel_solido,descarga,Cereal,19449.0,0,2024-09-24 20:00:16,2024-09-25 00:55:21,2024-09-25 21:24:32,Sines,Funchal,S,0
ESC-2024-003484,9089059,Costa Voyager I,NAV035,M02,granel_solido,mixta,Clínker,22910.7,0,2024-09-24 21:44:46,2024-09-25 09:47:13,2024-09-26 17:10:52,Funchal,Sines,S,0
ESC-2024-002960,9160126,Río Marina V,NAV008,M06,granel_liquido,mixta,Biocombustible,40962.0,0,2024-09-24 23:58:45,2024-09-25 02:31:16,2024-09-25 23:01:54,Dakar,Nueva York,S,0
ESC-2024-001490,9922976,Río Horizon II,NAV034,M04,granel_liquido,carga,GNL,25661.3,0,2024-09-25 00:08:52,2024-09-26 04:06:53,2024-09-27 01:33:30,Funchal,Las Palmas,S,0
ESC-2024-004820,9361641,Luz Pride,NAV024,M07,ro_ro,descarga,Semirremolques,11639.0,0,2024-09-25 01:42:28,2024-09-25 08:47:02,2024-09-25 17:57:59,Génova,Génova,S,0
ESC-2024-004820,9361641,Luz Pride,NAV024,M07,ro_ro,descarga,Semirremolques,11639.0,0,2024-09-25 01:42:28,2024-09-25 08:47:02,2024-09-25 17:57:59,Génova,Génova,S,0
ESC-2024-001942,9742132,Odiel Fortune,NAV010,M04,granel_liquido,carga,GNL,19143.9,0,2024-09-25 02:21:59,2024-09-25 02:47:50,2024-09-26 06:58:38,Le Havre,Lisboa,S,0
ESC-2024-006139,9704348,Punta Glory,NAV002,M08,fruta_refrigerada,mixta,Cítricos,17184.5,0,2024-09-25 04:09:47,2024-09-25 04:38:52,2024-09-26 15:16:57,Ceuta,Abiyán,S,0
ESC-2024-003286,9102112,Delta Spirit I,NAV035,M02,granel_solido,mixta,Concentrado de cobre,21170.7,0,2024-09-25 09:10:09,2024-09-25 13:41:50,2024-09-25 06:41:50,Santa Cruz de Tenerife,Algeciras,S,0
ESC-2024-003376,9548768,Aurora Trader II,NAV029,M03,granel_solido,carga,Concentrado de cobre,30207.1,0,2024-09-25 13:06:53,2024-09-25 13:34:13,2024-09-27 16:59:10,Sines,Valencia,S,0
ESC-2024-002155,9484132,Costa Pride IV,NAV016,M01,contenedores,descarga,Contenedores,6213.4,507,2024-09-25 13:34:10,2024-09-25 14:34:42,2024-09-26 18:30:48,Casablanca,Las Palmas,S,0
ESC-2024-005405,9947017,Aurora Breeze,NAV035,M12,granel_liquido,descarga,Biocombustible,41069.4,0,2024-09-25 13:57:22,2024-09-25 14:27:37,2024-09-26 23:51:15,Las Palmas,Casablanca,S,0
ESC-2024-003615,9386237,Cabo Venture,NAV038,M07,ro_ro,descarga,Vehículos,19927.7,0,2024-09-25 14:05:13,2024-09-25 16:06:15,2024-09-25 20:23:49,Le Havre,Le Havre,S,0
ESC-2024-003526,9183415,Blue Horizon II,NAV014,M03,granel_solido,carga,Pirita,23469.0,0,2024-09-25 15:31:01,2024-09-25 18:16:34,2024-09-27 17:31:23,Las Palmas,Lisboa,S,0
ESC-2024-000780,9153252,Estrella Carrier,NAV007,M03,granel_solido,descarga,Fertilizantes,14275.3,0,2024-09-25 18:28:54,2024-09-25 20:54:53,2024-09-28 23:44:03,Dakar,Sines,S,0
ESC-2024-006481,9742132,Odiel Fortune,NAV010,M05,granel_liquido,descarga,Biocombustible,25553.4,0,2024-09-25 23:30:22,2024-09-26 02:28:21,2024-09-27 20:49:31,Abiyán,Le Havre,S,0
ESC-2024-005365,9665891,Atlantic Venture IV,NAV032,M10,pesca,descarga,Pescado fresco,68.8,0,2024-09-25 23:48:27,2024-09-25 23:55:08,2024-09-26 02:56:18,Lisboa,Dakar,S,0
ESC-2024-005055,9948346,Tinto Sol V,NAV020,M09,pasajeros,carga,Pasajeros,0.0,0,2024-09-26 02:54:58,2024-09-26 03:25:33,2024-09-26 12:32:59,Lisboa,Santos,S,1656
ESC-2024-005194,9364722,Aurora Glory II,NAV023,M05,granel_liquido,carga,Ácido sulfúrico,7723.7,0,2024-09-26 03:19:10,2024-09-26 04:26:33,2024-09-27 05:17:00,Le Havre,Houston,S,0
ESC-2024-005720,9717199,Doña Express,NAV017,M10,pesca,mixta,Pescado fresco,24.7,0,2024-09-26 22:15:50,2024-09-26 22:54:25,2024-09-27 07:40:07,Houston,Génova,N,0
ESC-2024-004751,9218076,Doña Horizon,NAV012,M02,granel_solido,descarga,Clínker,16492.5,0,2024-09-26 22:36:05,2024-09-27 13:34:50,2024-09-28 20:44:07,Santos,Génova,S,0
ESC-2024-002508,9717199,Doña Express,NAV017,M10,pesca,carga,Pescado fresco,47.9,0,2024-09-27 01:45:44,2024-09-27 01:48:19,2024-09-27 06:58:53,Casablanca,Sines,S,0
ESC-2024-004877,9380283,Estrella Dawn IV,NAV029,M06,granel_liquido,descarga,GNL,34035.9,0,2024-09-27 05:00:18,2024-09-27 10:34:40,2024-09-29 05:19:09,Le Havre,Santa Cruz de Tenerife,S,0
ESC-2024-004903,9260500,  SOUTHERN VENTURE ,NAV003,M01,contenedores,descarga,Contenedores,7935.6,705,2024-09-27 05:49:55,2024-09-27 09:25:51,2024-09-28 08:17:46,Abiyán,Nueva York,S,0
ESC-2024-004880,9643192,Silver Breeze II,NAV013,M02,granel_solido,descarga,Pirita,22888.8,0,2024-09-27 06:47:43,2024-09-27 08:06:05,2024-09-30 05:43:08,Casablanca,Lisboa,S,0
ESC-2024-000934,9587568,Río Pioneer I,NAV026,M02,granel_solido,descarga,Pirita,15097.5,0,2024-09-27 13:40:35,2024-09-28 04:36:32,2024-09-29 22:31:10,Tánger Med,Nueva York,S,0
ESC-2024-004527,9948346,Tinto Sol V,NAV020,M09,pasajeros,mixta,Pasajeros,0.0,0,2024-09-27 14:37:43,2024-09-27 14:59:44,2024-09-27 23:22:51,Abiyán,Casablanca,S,2687
ESC-2024-002315,9783588,Iberian Star,NAV025,M11,carga_general,descarga,Madera,5356.7,0,2024-09-27 15:37:35,2024-09-27 17:07:57,2024-09-29 12:26:50,Rotterdam,Rotterdam,S,0
ESC-2024-001425,9995674,Marisma Breeze,NAV029,M05,granel_liquido,descarga,Productos químicos,73456.9,0,2024-09-28 01:00:46,2024-09-28 02:28:06,2024-09-29 09:26:30,Nueva York,Sines,S,0
ESC-2024-006317,9230438,Nordic Star IV,NAV030,M01,contenedores,mixta,Contenedores,17570.3,1259,2024-09-28 03:46:42,2024-09-28 08:44:11,2024-09-29 09:03:42,Lisboa,Rotterdam,S,0
ESC-2024-004456,9994606,Nordic Venture III,NAV037,M03,granel_solido,carga,Fertilizantes,47290.3,0,2024-09-28 04:16:56,2024-09-28 22:12:22,2024-09-30 15:41:11,Rotterdam,Sines,S,0
ESC-2024-005910,9878369,Costa Horizon,NAV040,M08,fruta_refrigerada,mixta,Fruta tropical,10586.7,0,2024-09-28 06:48:29,2024-09-28 07:26:24,2024-09-29 18:04:30,Hamburgo,Algeciras,S,0
ESC-2024-000113,9864447,Iberian Dawn II,NAV008,M02,granel_solido,mixta,Cereal,15291.1,0,2024-09-28 17:24:37,2024-09-28 17:36:01,2024-09-30 15:54:33,Sines,Santa Cruz de Tenerife,S,0
ESC-2024-002089,9494670,Luz Fortune,NAV031,M07,ro_ro,descarga,Vehículos,25832.0,0,2024-09-28 17:36:48,2024-09-28 19:34:45,2024-09-29 07:34:03,Hamburgo,Amberes,S,0
ESC-2024-005999,9476367,Nordic Venture,NAV030,M08,fruta_refrigerada,descarga,Cítricos,15060.4,0,2024-09-28 18:36:39,2024-09-28 19:56:11,2024-09-30 05:35:55,Rotterdam,Algeciras,S,0
ESC-2024-006079,9765768,Cabo Pride I,NAV007,M04,granel_liquido,descarga,Productos químicos,43504.4,0,2024-09-28 19:02:36,2024-09-28 22:01:12,2024-09-29 19:23:49,Ceuta,Dakar,S,0
ESC-2024-004684,9371919,Southern Pride,NAV034,M11,carga_general,carga,Maquinaria,6091.6,0,2024-09-28 23:32:22,2024-09-29 14:43:08,2024-09-30 19:12:16,Hamburgo,Le Havre,S,0
ESC-2024-000662,9004516,Costa Spirit,NAV028,M05,granel_liquido,carga,Productos químicos,34706.0,0,2024-09-29 00:44:48,2024-09-29 06:52:12,2024-09-30 04:27:04,Génova,Santa Cruz de Tenerife,S,0
ESC-2024-006323,9017721,Delta Dawn,NAV030,M10,pesca,descarga,Pescado fresco,48.1,0,2024-09-29 03:44:49,2024-09-29 04:08:48,2024-09-29 10:35:46,Santos,Rotterdam,S,0
ESC-2024-003711,9353993,Southern Horizon,NAV039,M06,granel_liquido,mixta,Biocombustible,66103.0,0,2024-09-29 07:49:09,2024-09-29 09:10:56,2024-09-30 08:38:29,Casablanca,Le Havre,S,0
ESC-2024-002485,9520895,Río Spirit,NAV009,M06,granel_liquido,mixta,GNL,51170.9,0,2024-09-29 08:06:41,2024-09-29 10:19:24,2024-09-30 11:21:52,Nueva York,Rotterdam,S,0
ESC-2024-001481,9418834,Costa Navigator V,NAV035,M02,granel_solido,descarga,Pirita,26580.2,0,2024-09-29 08:17:08,2024-09-29 10:10:05,2024-10-01 12:58:17,Abiyán,Lisboa,S,0
ESC-2024-004452,9361641,Luz Pride,NAV024,M07,ro_ro,mixta,Semirremolques,21978.3,0,2024-09-29 12:53:39,2024-09-29 13:48:42,2024-09-29 21:00:25,Casablanca,Hamburgo,S,0
ESC-2024-000329,9260500,Southern Venture,NAV003,M01,contenedores,mixta,Contenedores,6664.8,492,2024-09-29 17:53:23,2024-09-29 21:58:49,2024-09-30 20:06:00,Valencia,Dakar,S,0
ESC-2024-003664,9183415,Blue Horizon II,NAV014,M02,granel_solido,carga,Cereal,36901.2,0,2024-09-29 18:37:36,2024-09-30 02:29:27,2024-10-01 09:09:54,Rotterdam,Algeciras,S,0
ESC-2024-000129,9148104,Marisma Pride,NAV010,M10,pesca,carga,Pescado fresco,36.6,0,2024-09-29 18:42:24,2024-09-29 18:51:54,2024-09-29 23:21:27,Génova,Santos,S,0
ESC-2024-006426,9443229,Blue Dawn,NAV010,M04,granel_liquido,carga,GNL,41454.0,0,2024-09-29 18:47:52,2024-09-29 22:17:49,2024-09-29 20:17:49,Santos,Algeciras,S,0
ESC-2024-005713,9600396,Estrella Pioneer V,NAV007,M10,pesca,mixta,Pescado fresco,6.4,0,2024-09-29 22:49:14,2024-09-29 22:50:40,2024-09-30 05:07:05,Casablanca,Algeciras,N,0
ESC-2024-000149,9207479,Punta Fortune,NAV034,M01,contenedores,carga,Contenedores,5974.3,651,2024-09-30 01:10:51,2024-09-30 05:12:07,2024-09-30 07:27:54,Tánger Med,Santos,S,0
ESC-2024-004938,9362786,Golden Pioneer,NAV005,M07,ro_ro,carga,Vehículos,11617.4,0,2024-09-30 07:50:19,2024-09-30 11:17:13,2024-10-01 07:09:24,Santa Cruz de Tenerife,Génova,S,0
ESC-2024-005578,9434709,Silver Express,NAV014,M06,granel_liquido,descarga,Productos químicos,74135.0,0,2024-09-30 08:39:07,2024-09-30 16:13:50,2024-10-01 15:39:59,Tánger Med,Tánger Med,S,0
ESC-2024-001950,9822619,Ocean Bay,NAV002,M11,carga_general,carga,Bobinas de acero,9221.8,0,2024-09-30 13:12:28,2024-09-30 13:36:55,2024-10-01 21:25:58,Hamburgo,Lisboa,S,0
ESC-2024-003930,9417816,Golden Wave,NAV024,M07,ro_ro,carga,Vehículos,23739.5,0,2024-10-01 07:30:32,2024-10-01 09:06:01,2024-10-01 22:52:29,Santos,Las Palmas,S,0
ESC-2024-004593,9171371,Ocean Pioneer,NAV025,M02,granel_solido,descarga,Pirita,28150.3,0,2024-10-01 09:39:40,2024-10-01 21:27:35,2024-10-04 15:34:30,Génova,Nueva York,S,0
ESC-2024-005673,9189512,Silver Spirit,NAV028,M02,granel_solido,mixta,Pirita,16476.9,0,2024-10-01 14:27:00,01/10/2024 16:25,2024-10-03 14:54:29,Houston,Algeciras,S,0
ESC-2024-004324,9643192,Silver Breeze II,NAV013,M03,granel_solido,carga,Concentrado de cobre,26674.3,0,2024-10-01 20:32:41,2024-10-02 00:30:31,2024-10-05 00:55:03,Nueva York,Tánger Med,S,0
ESC-2024-006249,9194256,Costa Glory,NAV015,M07,ro_ro,mixta,Vehículos,14618.3,0,2024-10-01 23:40:28,2024-10-02 00:19:13,2024-10-02 04:45:15,Las Palmas,Sines,S,0
ESC-2024-004315,9492907,Ocean Star II,NAV037,M11,carga_general,carga,Palés,10399.5,0,2024-10-02 01:39:26,2024-10-02 09:46:57,2024-10-03 06:36:37,Nueva York,Abiyán,S,0
ESC-2024-001231,9536624,Silver Star III,NAV012,M01,contenedores,carga,Contenedores,9226.9,874,2024-10-02 09:12:38,2024-10-02 23:08:56,2024-10-03 15:48:46,Nueva York,Ceuta,S,0
ESC-2024-002832,9207558,Marisma Spirit III,NAV017,M06,granel_liquido,carga,Crudo,25138.5,0,2024-10-02 14:08:59,2024-10-02 14:41:39,2024-10-03 22:36:22,Rotterdam,Le Havre,S,0
ESC-2024-002154,9097903,Odiel Carrier,NAV006,M12,granel_liquido,mixta,GNL,13548.4,0,2024-10-02 15:15:50,2024-10-02 16:52:30,2024-10-03 21:10:41,Amberes,Tánger Med,S,0
ESC-2024-003844,9936135,Luz Dawn,NAV008,M02,granel_solido,carga,Pirita,35200.4,0,2024-10-02 15:57:33,02/10/2024 22:36,2024-10-05 09:59:04,Le Havre,Funchal,S,0
ESC-2024-004954,9355367,Delta Navigator I,NAV012,M01,contenedores,descarga,Contenedores,9360.1,813,2024-10-02 16:42:11,2024-10-02 17:37:14,2024-10-04 00:39:07,Lisboa,Santos,S,0
ESC-2024-005575,9022130,Golden Spirit,NAV017,M08,fruta_refrigerada,mixta,Cítricos,12476.7,0,2024-10-02 19:29:14,2024-10-02 21:53:45,2024-10-03 15:55:52,Nueva York,Casablanca,S,0
ESC-2024-000387,9417816,Golden Wave,NAV024,M07,ro_ro,descarga,Semirremolques,28461.5,0,2024-10-02 21:08:51,2024-10-02 21:19:32,2024-10-03 12:38:33,Santa Cruz de Tenerife,Le Havre,S,0
ESC-2024-003661,9482093,Southern Marina,NAV039,M05,granel_liquido,carga,GNL,26483.5,0,2024-10-02 22:06:22,2024-10-03 10:56:54,2024-10-04 20:00:11,Rotterdam,Tánger Med,S,0
ESC-2024-004079,9364722,Aurora Glory II,NAV023,M12,granel_liquido,carga,Gasóleo,7332.4,0,2024-10-03 07:13:54,2024-10-03 11:58:35,2024-10-04 19:40:04,Algeciras,Santa Cruz de Tenerife,S,0
ESC-2024-001326,9796822,Odiel Navigator,NAV022,M04,granel_liquido,descarga,Crudo,91365.2,0,2024-10-03 07:33:05,2024-10-03 15:55:01,2024-10-04 08:56:21,Le Havre,Valencia,S,0
ESC-2024-005903,9656321,Punta Trader,NAV012,M06,granel_liquido,carga,Productos químicos,17240.4,0,2024-10-03 09:09:22,2024-10-03 14:35:32,2024-10-05 01:46:44,Tánger Med,Ceuta,S,0
ESC-2024-000748,9055943,Río Venture,NAV002,M03,granel_solido,mixta,Concentrado de cobre,30688.1,0,2024-10-03 09:26:03,2024-10-03 10:23:40,2024-10-05 02:38:08,Lisboa,Amberes,S,0
ESC-2024-001211,9321201,Estrella Voyager,NAV020,M01,contenedores,mixta,Contenedores,7141.6,712,2024-10-03 10:22:15,2024-10-03 13:04:18,2024-10-03 20:09:21,Rotterdam,Génova,S,0
ESC-2024-000478,9249049,  CABO TRADER ,NAV001,M08,fruta_refrigerada,mixta,Fruta tropical,8551.7,0,2024-10-03 14:01:21,2024-10-03 20:04:30,2024-10-04 16:02:36,Génova,Sines,S,0
ESC-2024-001507,9089059,Costa Voyager I,NAV035,M02,granel_solido,mixta,Cereal,20278.6,0,2024-10-03 14:27:24,2024-10-04 12:57:42,2024-10-06 07:01:28,Houston,Santos,S,0
ESC-2024-000845,9434072,  IBERIAN VOYAGER ,NAV015,M01,contenedores,descarga,Contenedores,7170.9,658,2024-10-03 14:35:02,2024-10-04 07:12:17,2024-10-05 12:52:41,Lisboa,Tánger Med,S,0
ESC-2024-002526,9194256,Costa Glory,NAV015,M07,ro_ro,carga,Semirremolques,11164.6,0,2024-10-03 19:25:42,2024-10-03 22:57:25,2024-10-04 15:04:49,Abiyán,Hamburgo,S,0
ESC-2024-000065,9426178,Delta Marina II,NAV023,M09,pasajeros,carga,Pasajeros,0.0,0,2024-10-03 22:53:36,2024-10-03 22:59:00,2024-10-04 07:13:26,Tánger Med,Sines,S,3998
ESC-2024-005062,9871880,Costa Sol,NAV028,M06,granel_liquido,mixta,Biocombustible,36348.9,0,2024-10-04 00:58:38,2024-10-04 02:51:53,2024-10-05 20:37:09,Hamburgo,Houston,S,0
ESC-2024-003897,9282584,Atlantic Pioneer,NAV008,M07,ro_ro,carga,Vehículos,7959.0,0,2024-10-04 09:00:35,2024-10-04 11:20:13,2024-10-04 21:52:31,Las Palmas,Rotterdam,S,0
ESC-2024-006246,9218076,Doña Horizon,NAV012,M03,granel_solido,descarga,Clínker,15641.0,0,2024-10-04 13:18:20,2024-10-04 20:17:27,2024-10-07 01:15:35,Ceuta,Tánger Med,S,0
ESC-2024-001109,9417816,Golden Wave,NAV024,M07,ro_ro,carga,Vehículos,28077.8,0,2024-10-04 14:14:46,2024-10-04 15:19:06,2024-10-05 00:15:31,Tánger Med,Abiyán,S,0
ESC-2024-001787,9095888,Estrella Pioneer,NAV010,M02,granel_solido,carga,Pirita,31042.9,0,2024-10-05 01:16:24,05/10/2024 02:41,2024-10-07 12:50:40,Funchal,Las Palmas,S,0
ESC-2024-003701,9331919,Costa Wave,NAV027,M01,contenedores,carga,Contenedores,8260.7,760,2024-10-05 08:05:58,2024-10-05 22:41:22,2024-10-06 09:57:06,Funchal,Dakar,S,0
ESC-2024-000027,9912490,Río Pride,NAV037,M08,fruta_refrigerada,mixta,Cítricos,15051.9,0,2024-10-05 08:41:30,2024-10-05 11:33:20,2024-10-06 09:21:04,Algeciras,Sines,S,0
ESC-2024-000883,9560857,Tinto Breeze,NAV019,M06,granel_liquido,mixta,Productos químicos,20188.4,0,2024-10-05 09:03:59,2024-10-05 09:16:28,2024-10-06 10:31:23,Santa Cruz de Tenerife,Algeciras,S,0
ESC-2024-005094,9471769,Ocean Pride,NAV030,M11,carga_general,mixta,Madera,6877.4,0,2024-10-05 10:13:31,2024-10-05 10:55:20,2024-10-06 17:01:09,Rotterdam,Sines,S,0
ESC-2024-001672,9864447,Iberian Dawn II,NAV008,M02,granel_solido,descarga,Cereal,23584.3,0,2024-10-05 18:30:05,2024-10-05 19:01:17,2024-10-07 01:36:48,Hamburgo,Algeciras,S,0
ESC-2024-001128,9459424,Luz Fortune IV,NAV028,M07,ro_ro,mixta,Semirremolques,16248.6,0,2024-10-06 00:33:58,2024-10-06 01:02:19,2024-10-06 11:25:26,Tánger Med,Santos,S,0
ESC-2024-000823,9429601,Marisma Spirit IV,NAV040,M03,granel_solido,mixta,Clínker,17336.2,0,2024-10-06 02:30:09,2024-10-06 06:01:31,2024-10-07 12:29:13,Las Palmas,Abiyán,S,0
ESC-2024-001091,9806017,Río Star,NAV027,M01,contenedores,mixta,Contenedores,11212.2,1114,2024-10-06 04:00:22,2024-10-06 12:06:15,2024-10-07 18:31:24,Hamburgo,Dakar,S,0
ESC-2024-003195,9380283,Estrella Dawn IV,NAV029,M12,granel_liquido,descarga,Ácido sulfúrico,44053.4,0,2024-10-06 05:45:59,2024-10-06 10:22:37,2024-10-07 23:51:23,Casablanca,Rotterdam,S,0
ESC-2024-003175,9878230,Delta Sol I,NAV011,M08,fruta_refrigerada,carga,Fresa y frutos rojos,12311.9,0,2024-10-06 07:21:24,2024-10-06 07:47:43,2024-10-06 23:33:09,Santos,Lisboa,S,0
ESC-2024-003175,9878230,Delta Sol I,NAV011,M08,fruta_refrigerada,carga,Fresa y frutos rojos,12311.9,0,2024-10-06 07:21:24,2024-10-06 07:47:43,2024-10-06 23:33:09,Santos,Lisboa,S,0
ESC-2024-003225,9180633,Doña Carrier,NAV034,M06,granel_liquido,descarga,GNL,38379.5,0,2024-10-06 09:03:35,2024-10-06 09:31:48,2024-10-07 07:56:49,Abiyán,Algeciras,S,0
ESC-2024-004173,9569700,Costa Star,NAV006,M01,contenedores,descarga,Contenedores,7951.2,720,2024-10-06 09:21:35,2024-10-06 11:36:11,2024-10-07 12:55:11,Las Palmas,Amberes,S,0
ESC-2024-006015,9114634,Aurora Bay,NAV040,M01,contenedores,descarga,Contenedores,11260.4,1158,2024-10-06 10:53:47,2024-10-06 11:29:40,2024-10-07 02:49:41,Houston,Rotterdam,S,0
ESC-2024-003328,9116034,Atlantic Fortune III,NAV019,M01,contenedores,mixta,Contenedores,14178.8,1013,2024-10-06 11:36:24,2024-10-09 06:35:41,2024-10-10 09:33:25,Santa Cruz de Tenerife,Funchal,S,0
ESC-2024-003403,9844588,Delta Wave,NAV001,M01,contenedores,descarga,Contenedores,14528.6,1080,2024-10-06 11:39:10,2024-10-07 01:49:12,2024-10-07 20:26:14,Dakar,Génova,S,0
ESC-2024-002656,9488231,Atlantic Voyager,NAV033,M02,granel_solido,carga,Clínker,19232.9,0,2024-10-06 11:42:04,2024-10-06 12:48:26,2024-10-08 21:41:19,Santos,Santa Cruz de Tenerife,S,0
ESC-2024-005672,9060417,Estrella Venture,NAV025,M12,granel_liquido,carga,Gasóleo,7742.1,0,2024-10-06 12:36:38,2024-10-06 21:26:42,2024-10-08 02:24:47,Hamburgo,Génova,S,0
ESC-2024-006356,9249049,Cabo Trader,NAV001,M08,fruta_refrigerada,mixta,Fruta tropical,7026.4,0,2024-10-06 13:14:15,2024-10-06 16:20:34,2024-10-06 11:20:34,Tánger Med,Santos,S,0
ESC-2024-005297,9095888,Estrella Pioneer,NAV010,M02,granel_solido,descarga,Concentrado de cobre,22684.7,0,2024-10-06 16:56:15,2024-10-07 06:19:08,2024-10-09 06:39:39,Dakar,Ceuta,S,0
ESC-2024-002453,9119555,Iberian Breeze,NAV010,M04,granel_liquido,carga,Gasóleo,67232.9,0,2024-10-06 20:26:42,2024-10-07 05:39:54,2024-10-07 21:42:58,Casablanca,Funchal,S,0
ESC-2024-004947,9376153,Río Wave,NAV031,M09,pasajeros,carga,Pasajeros,0.0,0,2024-10-06 22:47:58,2024-10-06 22:47:59,2024-10-07 05:51:38,Dakar,Santos,S,909
ESC-2024-006188,9643192,Silver Breeze II,NAV013,M02,granel_solido,descarga,Fertilizantes,22091.6,0,2024-10-07 00:46:02,2024-10-07 16:25:36,2024-10-09 06:27:32,Nueva York,Génova,S,0
ESC-2024-002684,9386237,Cabo Venture,NAV038,M07,ro_ro,descarga,Semirremolques,23247.9,0,2024-10-07 09:31:12,2024-10-07 10:11:28,2024-10-07 20:01:01,Rotterdam,Houston,S,0
ESC-2024-004487,9589475,Cabo Fortune,NAV007,M01,contenedores,carga,Contenedores,5523.2,420,2024-10-07 09:38:57,2024-10-07 13:42:15,2024-10-08 12:22:53,Abiyán,Abiyán,S,0
ESC-2024-003853,9367487,Ocean Fortune I,NAV009,M11,carga_general,carga,Maquinaria,4734.3,0,2024-10-07 09:43:23,2024-10-08 06:11:06,2024-10-09 20:08:33,Ceuta,Funchal,S,0
ESC-2024-001837,9055943,Río Venture,NAV002,M02,granel_solido,descarga,Clínker,24730.3,0,2024-10-07 16:07:53,2024-10-08 04:57:17,2024-10-08 18:14:40,Funchal,Génova,S,0
ESC-2024-006331,9829746,Marisma Venture,NAV030,M04,granel_liquido,descarga,Crudo,44603.9,0,2024-10-07 21:12:46,2024-10-07 22:39:32,2024-10-09 03:18:10,Funchal,Funchal,S,0
ESC-2024-005238,9426178,Delta Marina II,NAV023,M09,pasajeros,carga,Pasajeros,0.0,0,2024-10-08 01:39:35,08/10/2024 01:45,2024-10-08 11:28:16,Houston,Dakar,S,1196
ESC-2024-002736,9189512,Silver Spirit,NAV028,M03,granel_solido,descarga,Fertilizantes,18265.3,0,2024-10-08 08:05:42,2024-10-09 01:05:26,2024-10-11 00:09:32,Valencia,Génova,S,0
ESC-2024-000260,9736327,Iberian Dawn,NAV033,M02,granel_solido,mixta,Fertilizantes,29005.5,0,2024-10-08 13:49:28,2024-10-08 14:20:50,2024-10-11 02:06:09,Amberes,Sines,S,0
ESC-2024-005319,9806017,Río Star,NAV027,M01,contenedores,descarga,Contenedores,11165.8,946,2024-10-08 14:06:27,2024-10-08 14:18:08,2024-10-09 07:17:27,Ceuta,Houston,S,0
ESC-2024-001333,9467031,Cabo Star,NAV008,M11,carga_general,carga,Maquinaria,7628.0,0,2024-10-08 18:34:19,2024-10-09 03:50:31,2024-10-09 16:44:21,Las Palmas,Casablanca,S,0
ESC-2024-001316,9228526,Silver Navigator V,NAV039,M02,granel_solido,carga,Fertilizantes,31936.8,0,2024-10-08 21:44:14,2024-10-09 11:25:42,2024-10-11 22:06:37,Rotterdam,Funchal,S,0
ESC-2024-003932,9520895,Río Spirit,NAV009,M04,granel_liquido,mixta,Crudo,83305.7,0,2024-10-08 22:34:35,2024-10-10 14:31:52,2024-10-12 00:08:41,Rotterdam,Las Palmas,S,0
ESC-2024-006158,9263394,Odiel Horizon,NAV034,M10,pesca,descarga,Pescado fresco,10.5,0,2024-10-09 03:13:09,2024-10-09 03:19:03,2024-10-09 08:26:09,Tánger Med,Sines,S,0
ESC-2024-001137,9997361,Río Voyager III,NAV013,M03,granel_solido,mixta,Concentrado de cobre,29126.4,0,2024-10-09 08:47:48,2024-10-09 10:41:30,2024-10-11 23:30:56,Valencia,Hamburgo,S,0
ESC-2024-005863,9750165,Golden Navigator,NAV014,M02,granel_solido,descarga,Cereal,12777.4,0,2024-10-09 11:04:47,2024-10-09 19:12:03,2024-10-10 23:46:20,Dakar,Casablanca,S,0
ESC-2024-004886,9093464,Iberian Sol,NAV004,M04,granel_liquido,carga,Gasóleo,89513.0,0,2024-10-09 13:28:38,2024-10-09 13:56:15,2024-10-10 02:13:37,Santos,Casablanca,S,0
ESC-2024-004537,9412543,Estrella Sol,NAV033,M06,granel_liquido,mixta,Ácido sulfúrico,22170.2,0,2024-10-09 14:58:12,2024-10-09 23:13:16,2024-10-12 03:15:45,Houston,Casablanca,S,0
ESC-2024-000119,9569700,Costa Star,NAV006,M01,contenedores,carga,Contenedores,14582.9,1450,2024-10-10 01:16:33,2024-10-10 06:36:30,2024-10-11 03:30:40,Le Havre,Santos,S,0
ESC-2024-003718,9995674,Marisma Breeze,NAV029,M04,granel_liquido,descarga,Ácido sulfúrico,73780.0,0,2024-10-10 01:22:06,2024-10-10 01:55:49,2024-10-11 00:36:01,Algeciras,Casablanca,S,0
ESC-2024-001108,9663582,Delta Express IV,NAV026,M07,ro_ro,carga,Semirremolques,23616.6,0,2024-10-10 03:42:14,2024-10-10 04:49:18,2024-10-10 15:45:23,Abiyán,Le Havre,S,0
ESC-2024-003758,9492907,Ocean Star II,NAV037,M11,carga_general,descarga,Madera,6437.9,0,2024-10-10 08:51:55,2024-10-10 11:44:07,2024-10-11 15:11:15,Amberes,Casablanca,S,0
ESC-2024-003260,9898084,Marisma Fortune,NAV013,M12,granel_liquido,mixta,Ácido sulfúrico,62663.0,0,2024-10-10 17:05:46,2024-10-11 21:16:08,2024-10-13 02:40:25,Algeciras,Algeciras,S,0
ESC-2024-000209,9430090,Odiel Mar,NAV035,M02,granel_solido,mixta,Cereal,26459.3,0,2024-10-11 00:18:00,2024-10-11 03:53:44,2024-10-13 02:08:44,Nueva York,Ceuta,S,0
ESC-2024-005667,9609550,Blue Navigator,NAV014,M07,ro_ro,mixta,Semirremolques,18772.8,0,2024-10-11 00:39:11,2024-10-11 01:49:14,2024-10-11 13:32:09,Tánger Med,Nueva York,S,0
ESC-2024-002281,9536624,Silver Star III,NAV012,M01,contenedores,carga,Contenedores,12155.9,1116,2024-10-11 02:15:44,2024-10-11 09:40:40,2024-10-12 00:10:37,Santa Cruz de Tenerife,Dakar,S,0
ESC-2024-004348,9475662,Ocean Sol,NAV003,M05,granel_liquido,descarga,Biocombustible,27955.1,0,2024-10-11 04:30:20,2024-10-11 05:21:39,2024-10-12 14:17:53,Dakar,Funchal,S,0
ESC-2024-003114,9118238,Doña Glory,NAV006,M03,granel_solido,mixta,Clínker,32430.4,0,2024-10-11 05:05:25,2024-10-11 08:37:58,2024-10-13 10:51:30,Ceuta,Amberes,S,0
ESC-2024-005135,9750165,Golden Navigator,NAV014,M03,granel_solido,mixta,Cereal,13794.6,0,2024-10-11 15:06:36,2024-10-12 11:46:21,2024-10-14 17:57:50,Lisboa,Algeciras,S,0
ESC-2024-002290,9148104,Marisma Pride,NAV010,M10,pesca,mixta,Pescado fresco,52.5,0,2024-10-11 23:01:51,2024-10-11 23:11:36,2024-10-12 05:30:51,Amberes,Rotterdam,S,0
ESC-2024-006360,9488231,  ATLANTIC VOYAGER ,NAV033,M02,granel_solido,descarga,Cereal,21470.5,0,2024-10-11 23:49:32,2024-10-12 13:46:19,2024-10-14 15:07:45,Amberes,Casablanca,S,0
ESC-2024-001473,9089059,Costa Voyager I,NAV035,M02,granel_solido,mixta,Pirita,28238.5,0,2024-10-12 01:08:11,2024-10-12 01:30:27,2024-10-13 18:51:57,Rotterdam,Valencia,S,0
ESC-2024-006213,9057915,Blue Spirit,NAV028,M12,granel_liquido,mixta,Productos químicos,20971.0,0,2024-10-12 04:09:00,2024-10-12 06:21:05,2024-10-12 23:34:51,Lisboa,Ceuta,S,0
ESC-2024-006213,9057915,Blue Spirit,NAV028,M12,granel_liquido,mixta,Productos químicos,20971.0,0,2024-10-12 04:09:00,2024-10-12 06:21:05,2024-10-12 23:34:51,Lisboa,Ceuta,S,0
ESC-2024-005247,9249049,Cabo Trader,NAV001,M08,fruta_refrigerada,mixta,Fresa y frutos rojos,11342.8,0,2024-10-12 04:25:28,2024-10-12 10:03:34,2024-10-13 07:39:30,Sines,Génova,S,0
ESC-2024-004944,9243320,Golden Pride,NAV028,M06,granel_liquido,carga,Gasóleo,69995.7,0,2024-10-12 14:20:05,2024-10-12 18:48:01,2024-10-13 21:25:21,Las Palmas,Sines,S,0
ESC-2024-001754,9207558,Marisma Spirit III,NAV017,M12,granel_liquido,carga,Gasóleo,21949.7,0,2024-10-12 17:31:54,2024-10-12 21:53:23,2024-10-14 04:45:04,Abiyán,Casablanca,S,0
ESC-2024-003986,9429601,Marisma Spirit IV,NAV040,M02,granel_solido,descarga,Cereal,19572.9,0,2024-10-12 17:42:45,2024-10-13 02:10:30,2024-10-15 02:21:06,Nueva York,Houston,S,0
ESC-2024-003409,9548768,Aurora Trader II,NAV029,M03,granel_solido,descarga,Concentrado de cobre,24795.8,0,2024-10-12 19:21:06,2024-10-13 07:39:17,2024-10-15 05:40:24,Algeciras,Abiyán,S,0
ESC-2024-001732,9122916,Silver Breeze III,NAV040,M12,granel_liquido,descarga,Productos químicos,52628.1,0,2024-10-12 23:30:52,2024-10-13 00:52:52,2024-10-14 20:06:09,Abiyán,Santos,S,0
ESC-2024-002157,9678460,Southern Spirit V,NAV033,M02,granel_solido,mixta,Concentrado de cobre,38390.4,0,2024-10-13 01:04:57,2024-10-13 12:29:22,2024-10-16 02:41:43,Santa Cruz de Tenerife,Algeciras,S,0
ESC-2024-001146,9678460,Southern Spirit V,NAV033,M02,granel_solido,descarga,Fertilizantes,30324.2,0,2024-10-13 01:41:16,2024-10-13 12:24:55,2024-10-14 15:10:04,Ceuta,Amberes,S,0
ESC-2024-000588,9063160,Golden Trader,NAV034,M12,granel_liquido,mixta,Biocombustible,22150700.0,0,2024-10-13 02:55:30,2024-10-13 06:51:53,2024-10-14 18:04:32,Nueva York,Dakar,S,0
ESC-2024-004101,9603192,Odiel Spirit,NAV036,M07,ro_ro,carga,Semirremolques,23827.7,0,2024-10-13 05:21:16,2024-10-13 07:25:57,2024-10-13 15:36:52,Tánger Med,Lisboa,S,0
ESC-2024-005406,9513804,Silver Navigator,NAV010,M06,granel_liquido,mixta,Ácido sulfúrico,63044.5,0,2024-10-13 09:32:37,2024-10-13 18:15:37,2024-10-15 07:38:57,Le Havre,Sines,S,0
ESC-2024-005406,9513804,Silver Navigator,NAV010,M06,granel_liquido,mixta,Ácido sulfúrico,63044.5,0,2024-10-13 09:32:37,2024-10-13 18:15:37,2024-10-15 07:38:57,Le Havre,Sines,S,0
ESC-2024-000297,9826809,Delta Voyager,NAV034,M06,granel_liquido,carga,Biocombustible,65349.2,0,2024-10-13 09:59:36,2024-10-13 12:55:14,2024-10-14 13:04:25,Dakar,Santos,S,0
ESC-2024-002006,9203722,Southern Voyager II,NAV034,M01,contenedores,descarga,Contenedores,8640.2,664,2024-10-13 12:06:06,2024-10-13 12:47:24,2024-10-14 11:59:14,Valencia,Algeciras,S,0
ESC-2024-006400,9371919,Southern Pride,NAV034,M11,carga_general,descarga,Palés,5610.1,0,2024-10-13 14:14:26,2024-10-13 16:25:22,2024-10-15 09:44:09,Hamburgo,Rotterdam,S,0
ESC-2024-005346,9430090,Odiel Mar,NAV035,M02,granel_solido,carga,Clínker,20373.9,0,2024-10-13 17:47:22,2024-10-13 18:01:31,2024-10-15 13:25:32,Santos,Dakar,S,0
ESC-2024-003035,9430090,Odiel Mar,NAV035,M02,granel_solido,mixta,Cereal,21999.8,0,2024-10-13 20:58:31,2024-10-14 12:05:07,2024-10-16 01:46:45,Ceuta,Nueva York,S,0
ESC-2024-005442,9118032,Atlantic Horizon,NAV032,M03,granel_solido,mixta,Concentrado de cobre,23455.1,0,2024-10-13 22:03:48,2024-10-14 01:32:17,2024-10-15 12:41:03,Algeciras,Le Havre,S,0
ESC-2024-001284,9060417,Estrella Venture,NAV025,M04,granel_liquido,carga,Gasóleo,9330.5,0,2024-10-13 23:36:08,2024-10-14 03:14:05,2024-10-14 12:23:11,Valencia,Dakar,S,0
ESC-2024-001598,9369382,Southern Sol,NAV001,M04,granel_liquido,mixta,Gasóleo,38940.5,0,2024-10-14 00:01:37,2024-10-14 00:59:48,2024-10-15 04:44:23,Génova,Santos,S,0
ESC-2024-002625,9397987,Tinto Express,NAV012,M01,contenedores,mixta,Contenedores,11851.5,1044,2024-10-14 00:31:07,14/10/2024 01:12,2024-10-14 21:49:22,Funchal,Algeciras,S,0
ESC-2024-002824,9331919,Costa Wave,NAV027,M01,contenedores,carga,Contenedores,12207.7,972,2024-10-14 01:15:19,2024-10-14 14:52:12,2024-10-15 18:36:09,Rotterdam,Sines,S,0
ESC-2024-000105,9236834,Aurora Fortune,NAV040,M06,granel_liquido,descarga,Biocombustible,79248.8,0,2024-10-14 13:13:08,14/10/2024 13:45,2024-10-15 22:29:48,Sines,Ceuta,S,0
ESC-2024-000618,9183415,Blue Horizon II,NAV014,M03,granel_solido,descarga,Concentrado de cobre,25989.1,0,2024-10-14 14:33:51,2024-10-14 19:26:25,2024-10-15 17:10:36,Le Havre,Las Palmas,S,0
ESC-2024-002125,9472995,Blue Trader,NAV028,M02,granel_solido,descarga,Cereal,41387.0,0,2024-10-14 17:31:02,2024-10-14 20:59:36,2024-10-16 10:49:21,Santos,Tánger Med,S,0
ESC-2024-002111,9714111,Luz Pioneer,NAV003,M12,granel_liquido,descarga,Biocombustible,67777.1,0,2024-10-14 17:42:28,2024-10-15 11:04:52,2024-10-16 04:47:55,Houston,Hamburgo,S,0
ESC-2024-001944,9826108,Marisma Carrier,NAV005,M12,granel_liquido,mixta,Biocombustible,15145.6,0,2024-10-14 19:35:52,2024-10-15 03:44:13,2024-10-16 19:09:11,Sines,Le Havre,S,0
ESC-2024-000644,9844588,Delta Wave,NAV001,M01,contenedores,mixta,Contenedores,8203.5,614,2024-10-14 22:11:00,2024-10-15 01:05:31,2024-10-16 03:25:58,Casablanca,Funchal,S,0
ESC-2024-003724,9494670,Luz Fortune,NAV031,M07,ro_ro,carga,Vehículos,16950.3,0,2024-10-15 00:17:05,2024-10-15 01:09:19,2024-10-15 13:10:11,Lisboa,Ceuta,S,0
ESC-2024-005193,9990105,Blue Carrier V,NAV035,M03,granel_solido,descarga,Pirita,10236.0,0,2024-10-15 02:01:18,2024-10-15 04:21:14,2024-10-16 14:50:02,Las Palmas,Houston,S,0
ESC-2024-003783,9589475,Cabo Fortune,NAV007,M01,contenedores,carga,Contenedores,13998.1,1066,2024-10-15 06:41:38,2024-10-15 10:42:47,2024-10-16 11:33:08,Abiyán,Lisboa,S,0
ESC-2024-004979,9352119,Aurora Pioneer,NAV024,M05,granel_liquido,mixta,Productos químicos,38004.6,0,2024-10-15 07:54:38,2024-10-15 08:46:27,2024-10-16 04:47:19,Santa Cruz de Tenerife,Tánger Med,S,0
ESC-2024-002305,9444792,Blue Pride V,NAV012,M01,contenedores,mixta,Contenedores,4828.2,466,2024-10-15 09:17:29,2024-10-15 15:17:26,2024-10-16 15:07:53,Las Palmas,Rotterdam,S,0
ESC-2024-002860,9118032,Atlantic Horizon,NAV032,M02,granel_solido,descarga,Cereal,20363400.0,0,2024-10-15 21:02:31,2024-10-16 08:52:07,2024-10-17 22:53:00,Santa Cruz de Tenerife,Valencia,S,0
ESC-2024-002151,9230268,Luz Express,NAV022,M01,contenedores,carga,Contenedores,11797.6,861,2024-10-16 00:55:41,2024-10-16 05:01:19,2024-10-17 11:08:56,Ceuta,Nueva York,S,0
ESC-2024-006451,9092329,Tinto Star,NAV017,M03,granel_solido,mixta,Clínker,29530.9,0,2024-10-16 06:45:36,2024-10-16 10:51:49,2024-10-17 03:22:24,Funchal,Génova,S,0
ESC-2024-001038,9119517,Costa Venture II,NAV036,M02,granel_solido,carga,Clínker,27844.6,0,2024-10-16 08:23:29,2024-10-16 21:53:21,2024-10-19 21:10:30,Funchal,Casablanca,S,0
ESC-2024-005684,9095888,Estrella Pioneer,NAV010,M03,granel_solido,descarga,Cereal,33264.2,0,2024-10-16 17:48:56,2024-10-17 06:22:54,2024-10-19 13:55:37,Santa Cruz de Tenerife,Valencia,S,0
ESC-2024-004089,9141546,Blue Express I,NAV037,M12,granel_liquido,descarga,Gasóleo,38133.9,0,2024-10-16 21:24:57,2024-10-17 05:16:16,2024-10-18 15:52:11,Hamburgo,Casablanca,S,0
ESC-2024-002878,9459709,Río Marina,NAV024,M06,granel_liquido,carga,Ácido sulfúrico,29500.8,0,2024-10-17 02:19:45,2024-10-17 04:01:59,2024-10-18 00:25:57,Ceuta,Hamburgo,S,0
ESC-2024-005628,9520261,Nordic Express V,NAV017,M07,ro_ro,mixta,Semirremolques,20082.8,0,2024-10-17 03:48:43,2024-10-17 04:15:53,2024-10-17 10:40:54,Ceuta,Rotterdam,S,0
ESC-2024-005480,9180633,Doña Carrier,NAV034,M05,granel_liquido,mixta,GNL,38727.4,0,2024-10-17 06:32:09,2024-10-17 16:33:59,2024-10-19 06:18:53,Valencia,Lisboa,S,0
ESC-2024-005424,9680669,Estrella Fortune,NAV029,M07,ro_ro,mixta,Semirremolques,15233.6,0,2024-10-17 08:27:12,2024-10-17 11:17:08,2024-10-17 19:13:53,Rotterdam,Amberes,S,0
ESC-2024-004426,9488736,Aurora Carrier,NAV013,M06,granel_liquido,mixta,Biocombustible,31991.0,0,2024-10-17 11:52:45,2024-10-18 12:10:02,2024-10-19 06:01:01,Funchal,Rotterdam,S,0
ESC-2024-002420,9603219,Aurora Spirit,NAV026,M10,pesca,descarga,Pescado fresco,28.9,0,2024-10-17 17:57:48,2024-10-17 18:12:21,2024-10-18 01:57:05,Génova,Valencia,N,0
ESC-2024-005817,9488231,Atlantic Voyager,NAV033,M03,granel_solido,carga,Concentrado de cobre,19786.6,0,2024-10-17 18:33:01,2024-10-18 05:30:12,2024-10-21 02:26:30,Hamburgo,Rotterdam,S,0
ESC-2024-000472,9938640,Estrella Spirit I,NAV002,M11,carga_general,descarga,Madera,8489.9,0,2024-10-17 20:18:51,2024-10-17 20:41:32,2024-10-19 12:15:01,Amberes,Santos,S,0
ESC-2024-003331,9614294,  PUNTA EXPRESS ,NAV032,M02,granel_solido,carga,Fertilizantes,16140.0,0,2024-10-17 20:50:05,2024-10-18 00:56:14,2024-10-19 16:38:00,Valencia,Amberes,S,0
ESC-2024-002442,9708813,Doña Venture,NAV035,M06,granel_liquido,carga,Biocombustible,36446.5,0,2024-10-17 22:04:02,2024-10-18 00:30:49,2024-10-18 18:32:29,Abiyán,Abiyán,S,0
ESC-2024-005885,9312547,Punta Pride III,NAV030,M05,granel_liquido,carga,Gasóleo,25885.1,0,2024-10-17 22:43:58,2024-10-18 06:08:40,2024-10-19 09:33:45,Le Havre,Dakar,S,0
ESC-2024-000425,9227118,Silver Sol,NAV013,M02,granel_solido,descarga,Clínker,40484.5,0,2024-10-17 23:04:10,2024-10-18 01:47:44,2024-10-20 13:15:16,Abiyán,Houston,S,0
ESC-2024-004989,9442380,Odiel Horizon II,NAV013,,granel_liquido,descarga,GNL,74279.8,0,2024-10-18 00:29:33,2024-10-18 23:30:53,2024-10-19 16:16:13,Santos,Valencia,S,0
ESC-2024-001583,9116034,Atlantic Fortune III,NAV019,M01,contenedores,descarga,Contenedores,7287.4,616,2024-10-18 01:43:00,2024-10-18 05:08:56,2024-10-19 08:49:52,Ceuta,Rotterdam,S,0
ESC-2024-005024,9765768,Cabo Pride I,NAV007,M04,granel_liquido,carga,Biocombustible,38484.1,0,2024-10-18 03:41:58,2024-10-18 05:14:24,2024-10-19 08:14:35,Abiyán,Sines,S,0
ESC-2024-001792,9661716,Aurora Horizon,NAV002,M12,granel_liquido,descarga,Biocombustible,46341.6,0,2024-10-18 06:03:00,2024-10-18 13:14:02,2024-10-19 12:27:10,Sines,Amberes,S,0
ESC-2024-003968,9554494,Tinto Wave IV,NAV004,M07,ro_ro,mixta,Vehículos,24711.1,0,2024-10-18 08:11:13,2024-10-18 11:09:23,2024-10-19 00:47:22,Algeciras,Génova,S,0
ESC-2024-001749,9119555,Iberian Breeze,NAV010,M04,granel_liquido,descarga,Productos químicos,78851.5,0,2024-10-18 10:30:24,2024-10-18 17:19:26,2024-10-20 04:09:49,Ceuta,Sines,S,0
ESC-2024-005307,9425693,Tinto Bay I,NAV002,M08,fruta_refrigerada,mixta,Fruta tropical,6639.0,0,2024-10-18 11:10:41,2024-10-18 13:49:14,2024-10-20 08:44:12,Casablanca,Tánger Med,S,0
ESC-2024-006329,9594248,Costa Fortune,NAV015,M02,granel_solido,mixta,Cereal,32031.2,0,2024-10-18 13:03:45,2024-10-19 02:22:26,2024-10-20 19:46:45,Funchal,Hamburgo,S,0
ESC-2024-001042,9351828,Iberian Spirit,NAV008,M12,granel_liquido,descarga,Gasóleo,27423.4,0,2024-10-18 18:57:14,2024-10-19 01:24:48,2024-10-20 09:30:57,Nueva York,Dakar,S,0
ESC-2024-001931,9864447,Iberian Dawn II,NAV008,M02,granel_solido,descarga,Fertilizantes,14968.8,0,2024-10-18 20:23:01,2024-10-19 13:47:54,2024-10-21 05:27:36,Las Palmas,Funchal,S,0
ESC-2024-001112,9929338,Tinto Venture I,NAV017,M05,granel_liquido,mixta,Biocombustible,91942.1,0,2024-10-19 01:02:53,2024-10-19 06:00:43,2024-10-20 05:52:04,Valencia,Tánger Med,S,0
ESC-2024-005057,9442732,Punta Venture,NAV025,M12,granel_liquido,carga,Biocombustible,81973.5,0,2024-10-19 03:01:55,2024-10-19 08:26:22,2024-10-20 06:14:15,Sines,Santos,S,0
ESC-2024-004283,9444091,Nordic Dawn,NAV005,M12,granel_liquido,carga,GNL,16666.8,0,2024-10-19 06:32:23,2024-10-19 08:13:18,2024-10-20 10:53:33,Valencia,Amberes,S,0
ESC-2024-005215,9994606,Nordic Venture III,NAV037,M03,granel_solido,descarga,Pirita,40614.2,0,2024-10-19 07:09:18,2024-10-19 09:12:28,2024-10-20 14:28:07,Funchal,Houston,S,0
ESC-2024-006415,9430090,Odiel Mar,NAV035,M02,granel_solido,carga,Clínker,15450.1,0,2024-10-19 14:55:30,2024-10-20 01:10:13,2024-10-21 22:12:04,Algeciras,Las Palmas,S,0
ESC-2024-000167,9367487,Ocean Fortune I,NAV009,M11,carga_general,mixta,Bobinas de acero,4216.3,0,2024-10-19 15:08:47,2024-10-20 05:29:57,2024-10-21 10:41:08,Lisboa,Casablanca,S,0
ESC-2024-004760,9355458,Southern Spirit II,NAV010,M05,granel_liquido,carga,Biocombustible,15784.9,0,2024-10-19 20:13:56,2024-10-19 20:33:21,2024-10-21 05:44:15,Le Havre,Funchal,S,0
ESC-2024-003432,9665891,Atlantic Venture IV,NAV032,M10,pesca,descarga,Pescado fresco,62.3,0,2024-10-19 21:28:25,2024-10-19 21:36:45,2024-10-20 04:50:43,Abiyán,Funchal,S,0
ESC-2024-004338,9260500,Southern Venture,NAV003,M01,contenedores,mixta,Contenedores,20495.6,1529,2024-10-19 21:37:17,2024-10-19 22:16:42,2024-10-20 17:39:39,Hamburgo,Génova,S,0
ESC-2024-000926,9412543,Estrella Sol,NAV033,M12,granel_liquido,carga,Gasóleo,21041.3,0,2024-10-20 00:05:20,2024-10-20 01:25:53,2024-10-20 16:52:09,Génova,Houston,S,0
ESC-2024-004883,9180633,Doña Carrier,NAV034,M06,granel_liquido,carga,Crudo,29579.1,0,2024-10-20 01:42:56,2024-10-20 03:00:26,2024-10-21 22:19:59,Rotterdam,Tánger Med,S,0
ESC-2024-000192,9603219,Aurora Spirit,NAV026,M10,pesca,descarga,Pescado fresco,67.3,0,2024-10-20 02:13:08,2024-10-20 02:28:17,2024-10-20 11:06:42,Casablanca,Nueva York,N,0
ESC-2024-004206,9405186,Tinto Star II,NAV037,M01,contenedores,mixta,Contenedores,11799.4,999,2024-10-20 05:46:21,2024-10-20 09:24:49,2024-10-21 03:39:47,Amberes,Funchal,S,0
ESC-2024-000158,9114634,Aurora Bay,NAV040,M01,contenedores,mixta,Contenedores,9800.2,1032,2024-10-20 05:47:10,2024-10-20 12:38:58,2024-10-21 13:18:34,Dakar,Abiyán,S,0
ESC-2024-001571,9957799,Río Sol,NAV006,M06,granel_liquido,mixta,Biocombustible,72282.2,0,2024-10-20 07:05:31,2024-10-20 09:45:18,2024-10-21 03:11:07,Tánger Med,Lisboa,S,0
ESC-2024-000150,9097903,Odiel Carrier,NAV006,M05,granel_liquido,mixta,Crudo,21355.9,0,2024-10-20 10:27:29,2024-10-20 19:56:17,2024-10-21 16:54:27,Casablanca,Las Palmas,S,0
ESC-2024-000267,9717199,Doña Express,NAV017,M10,pesca,mixta,Pescado fresco,72.2,0,2024-10-20 16:51:07,2024-10-20 16:53:57,2024-10-20 21:12:27,Tánger Med,Lisboa,S,0
ESC-2024-001135,9405186,Tinto Star II,NAV037,M01,contenedores,mixta,Contenedores,4780.2,361,2024-10-20 17:09:07,2024-10-21 16:46:24,2024-10-22 16:21:17,Casablanca,Valencia,S,0
ESC-2024-003882,9717199,Doña Express,NAV017,M10,pesca,mixta,Pescado fresco,18.3,0,2024-10-20 19:48:10,2024-10-20 19:52:30,2024-10-20 23:48:46,Algeciras,Ceuta,N,0
ESC-2024-001408,9742132,  ODIEL FORTUNE ,NAV010,M12,granel_liquido,mixta,Ácido sulfúrico,25415.5,0,2024-10-20 22:40:33,2024-10-21 04:47:05,2024-10-22 20:02:40,Abiyán,Le Havre,S,0
ESC-2024-004190,9221920,Silver Bay,NAV020,M12,granel_liquido,mixta,GNL,21222.2,0,2024-10-20 23:44:34,2024-10-21 15:47:53,2024-10-23 00:20:54,Lisboa,Le Havre,S,0
ESC-2024-004718,9180633,Doña Carrier,NAV034,M05,granel_liquido,descarga,GNL,39299.4,0,2024-10-21 00:56:35,21/10/2024 01:17,2024-10-21 15:39:30,Amberes,Ceuta,S,0
ESC-2024-003057,9445459,Costa Breeze,NAV018,M02,granel_solido,carga,Cereal,28616.7,0,2024-10-21 07:40:40,2024-10-21 14:34:38,2024-10-23 19:21:37,Lisboa,Abiyán,S,0
ESC-2024-005688,9708813,Doña Venture,NAV035,M04,granel_liquido,descarga,Productos químicos,52597.5,0,2024-10-21 07:40:41,2024-10-21 09:54:34,2024-10-23 01:45:50,Le Havre,Algeciras,S,0
ESC-2024-005314,9164330,Tinto Trader III,NAV025,M01,contenedores,descarga,Contenedores,10499.6,1063,2024-10-21 15:40:20,2024-10-22 03:50:32,2024-10-22 17:55:08,Houston,Le Havre,S,0
ESC-2024-005572,9911094,Golden Carrier I,NAV021,M03,granel_solido,carga,Fertilizantes,31350.0,0,2024-10-21 21:11:36,2024-10-22 15:10:13,2024-10-25 02:35:11,Funchal,Le Havre,S,0
ESC-2024-004633,9589475,  CABO FORTUNE ,NAV007,M01,contenedores,descarga,Contenedores,14016.9,1417,2024-10-21 21:19:16,2024-10-22 08:09:50,2024-10-23 13:39:47,Génova,Algeciras,S,0
ESC-2024-002970,9119517,Costa Venture II,NAV036,M02,granel_solido,descarga,Cereal,28254.7,0,2024-10-22 03:20:33,22/10/2024 05:07,2024-10-23 21:21:41,Amberes,Santos,S,0
ESC-2024-004071,9954656,Punta Sol II,NAV003,M08,fruta_refrigerada,mixta,Fruta tropical,7157.4,0,2024-10-22 10:37:55,2024-10-22 19:22:59,2024-10-23 19:05:11,Le Havre,Valencia,S,0
ESC-2024-002502,9471769,Ocean Pride,NAV030,M11,carga_general,descarga,Maquinaria,5558.0,0,2024-10-22 20:44:50,2024-10-22 21:55:46,2024-10-23 21:51:53,Algeciras,Algeciras,S,0
ESC-2024-003873,9770531,Aurora Spirit III,NAV023,M01,contenedores,descarga,Contenedores,10456.5,941,2024-10-23 04:48:04,2024-10-23 07:54:27,2024-10-24 01:08:31,Funchal,Santa Cruz de Tenerife,S,0
ESC-2024-003693,9954917,Luz Carrier II,NAV030,M07,ro_ro,descarga,Semirremolques,21092.6,0,2024-10-23 04:59:16,2024-10-23 06:56:51,2024-10-23 15:10:49,Valencia,Santa Cruz de Tenerife,S,0
ESC-2024-004410,9132703,Cabo Breeze,NAV019,M12,granel_liquido,descarga,Gasóleo,58546.8,0,2024-10-23 10:39:07,2024-10-23 15:02:36,2024-10-24 20:17:13,Sines,Algeciras,S,0
ESC-2024-003971,9157973,Southern Bay,NAV004,M04,granel_liquido,mixta,Productos químicos,23771.4,0,2024-10-23 11:30:53,2024-10-23 13:00:57,2024-10-24 23:23:49,Génova,Abiyán,S,0
ESC-2024-005032,9550230,Nordic Carrier,NAV011,M11,carga_general,mixta,Maquinaria,4936.2,0,2024-10-23 14:32:27,2024-10-24 08:57:51,2024-10-25 02:39:02,Valencia,Génova,S,0
ESC-2024-003658,9430090,Odiel Mar,NAV035,M02,granel_solido,carga,Cereal,26821.1,0,2024-10-23 15:13:52,2024-10-23 19:31:34,2024-10-25 08:50:59,Rotterdam,Génova,S,0
ESC-2024-004904,9444091,Nordic Dawn,NAV005,M12,granel_liquido,descarga,Crudo,24573.7,0,2024-10-23 20:41:58,2024-10-24 00:40:09,2024-10-24 16:43:50,Houston,Amberes,S,0
ESC-2024-002928,9202039,Luz Navigator,NAV033,M02,granel_solido,mixta,Clínker,25289.9,0,2024-10-24 01:45:02,2024-10-24 07:19:02,2024-10-27 05:05:50,Santa Cruz de Tenerife,Le Havre,S,0
ESC-2024-005775,9962445,Punta Marina IV,NAV029,M03,granel_solido,carga,Clínker,36754.2,0,2024-10-24 05:18:44,2024-10-24 08:45:40,2024-10-27 06:16:18,Lisboa,Génova,S,0
ESC-2024-003131,9540780,Odiel Trader V,NAV009,M04,granel_liquido,mixta,Crudo,19332.3,0,2024-10-24 13:14:05,2024-10-24 21:22:15,2024-10-26 13:46:22,Dakar,Las Palmas,S,0
ESC-2024-005782,9511143,Cabo Wave II,NAV023,M04,granel_liquido,carga,Productos químicos,53510.8,0,2024-10-24 13:30:13,2024-10-24 13:39:07,2024-10-25 15:09:18,Tánger Med,Hamburgo,S,0
ESC-2024-000691,9194256,Costa Glory,NAV015,M07,ro_ro,descarga,Vehículos,11383.3,0,2024-10-24 14:43:58,2024-10-24 17:03:15,2024-10-25 07:03:29,Santos,Algeciras,S,0
ESC-2024-002214,9614294,Punta Express,NAV032,M02,granel_solido,carga,Cereal,19590.4,0,2024-10-24 17:57:51,2024-10-25 15:47:34,2024-10-27 14:20:21,Lisboa,Valencia,S,0
ESC-2024-000669,9060417,Estrella Venture,NAV025,M05,granel_liquido,carga,Crudo,6051.5,0,2024-10-24 21:10:11,2024-10-25 21:47:30,2024-10-26 17:25:10,Houston,Houston,S,0
ESC-2024-005958,9770531,Aurora Spirit III,NAV023,M01,contenedores,descarga,Contenedores,15948.7,1192,2024-10-24 21:44:11,2024-10-24 22:29:29,2024-10-26 02:16:03,Casablanca,Dakar,S,0
ESC-2024-004595,9543823,Aurora Mar IV,NAV036,M03,granel_solido,descarga,Cereal,53105.3,0,2024-10-24 21:48:11,2024-10-25 22:21:49,2024-10-27 06:46:36,Las Palmas,Dakar,S,0
ESC-2024-005404,9444091,Nordic Dawn,NAV005,M06,granel_liquido,mixta,Productos químicos,16805.6,0,2024-10-25 02:47:43,2024-10-25 15:28:45,2024-10-26 03:49:26,Houston,Algeciras,S,0
ESC-2024-004375,9894832,Luz Spirit,NAV008,M12,granel_liquido,mixta,Crudo,56051.1,0,2024-10-25 14:13:28,25/10/2024 15:50,2024-10-26 21:08:28,Las Palmas,Houston,S,0
ESC-2024-002668,9153252,Estrella Carrier,NAV007,M02,granel_solido,carga,Fertilizantes,15547.4,0,2024-10-26 02:00:27,2024-10-26 02:55:41,2024-10-28 18:58:16,Santos,Houston,S,0
ESC-2024-003414,9842700,Cabo Carrier,NAV037,M09,pasajeros,mixta,Pasajeros,0.0,0,2024-10-26 10:35:37,2024-10-26 10:36:20,2024-10-26 21:29:47,Amberes,Casablanca,S,1574
ESC-2024-000433,9151711,Delta Trader,NAV018,M08,fruta_refrigerada,carga,Fresa y frutos rojos,16375.4,0,2024-10-26 11:27:56,2024-10-26 11:45:14,2024-10-27 17:31:25,Houston,Abiyán,S,0
ESC-2024-003274,9871880,Costa Sol,NAV028,M06,granel_liquido,descarga,Ácido sulfúrico,66482.3,0,2024-10-26 19:13:32,2024-10-27 13:25:48,2024-10-29 09:48:01,Santos,Houston,S,0
ESC-2024-003813,9005211,Cabo Sol II,NAV039,M01,contenedores,carga,Contenedores,9489.0,789,2024-10-26 21:33:52,2024-10-26 22:26:34,2024-10-28 05:57:48,Dakar,Abiyán,S,0
ESC-2024-004058,9704348,Punta Glory,NAV002,M08,fruta_refrigerada,carga,Fresa y frutos rojos,11588.3,0,2024-10-26 21:55:45,2024-10-27 00:30:15,2024-10-28 08:26:26,Nueva York,Casablanca,S,0
ESC-2024-000715,9816622,Río Fortune,NAV010,M11,carga_general,carga,Madera,6809.9,0,2024-10-26 22:18:43,2024-10-27 11:48:20,2024-10-28 03:25:57,Valencia,Amberes,S,0
ESC-2024-004875,9093816,Costa Glory II,NAV006,M10,pesca,descarga,Pescado fresco,32.6,0,2024-10-26 22:47:03,2024-10-26 23:06:25,2024-10-27 04:57:06,Santa Cruz de Tenerife,Algeciras,S,0
ESC-2024-001859,9948346,Tinto Sol V,NAV020,M09,pasajeros,mixta,Pasajeros,0.0,0,2024-10-27 08:06:31,2024-10-27 08:21:00,2024-10-27 21:36:12,Hamburgo,Amberes,S,2939
ESC-2024-005441,9272931,Southern Pioneer,NAV020,M02,granel_solido,mixta,Fertilizantes,22482.2,0,2024-10-27 08:40:52,27/10/2024 12:27,2024-10-29 16:20:17,Las Palmas,Hamburgo,S,0
ESC-2024-002165,9276638,Estrella Dawn,NAV008,M10,pesca,descarga,Pescado fresco,6.9,0,2024-10-27 09:19:13,2024-10-27 09:20:46,2024-10-27 16:32:22,Lisboa,Amberes,S,0
ESC-2024-000278,9990105,Blue Carrier V,NAV035,M03,granel_solido,descarga,Fertilizantes,10120.3,0,2024-10-27 13:08:53,2024-10-27 18:31:36,2024-10-29 05:52:22,Hamburgo,Ceuta,S,0
ESC-2024-002259,9260500,Southern Venture,NAV003,M01,contenedores,carga,Contenedores,15190.5,1330,2024-10-27 17:52:18,2024-10-27 18:09:12,2024-10-28 16:07:47,Houston,Casablanca,S,0
ESC-2024-000566,9361641,Luz Pride,NAV024,M07,ro_ro,descarga,Semirremolques,18834.0,0,2024-10-28 00:31:29,2024-10-28 02:38:36,2024-10-28 19:21:16,Algeciras,Nueva York,S,0
ESC-2024-001875,9492907,Ocean Star II,NAV037,M11,carga_general,mixta,Palés,7785.4,0,2024-10-28 01:34:07,2024-10-28 13:28:16,2024-10-29 08:17:52,Casablanca,Houston,S,0
ESC-2024-001923,9438004,Tinto Bay IV,NAV031,M06,granel_liquido,mixta,GNL,53250.5,0,2024-10-28 02:39:25,2024-10-28 04:42:54,2024-10-29 08:06:36,Santos,Las Palmas,S,0
ESC-2024-004891,9287900,Delta Spirit,NAV040,M07,ro_ro,mixta,Semirremolques,22524.8,0,2024-10-28 03:07:20,2024-10-28 05:56:33,2024-10-28 17:49:34,Dakar,Houston,S,0
ESC-2024-005990,9853620,Blue Express,NAV007,M11,carga_general,mixta,Maquinaria,10146.5,0,2024-10-28 07:03:18,2024-10-28 10:11:53,2024-10-29 20:46:10,Las Palmas,Abiyán,S,0
ESC-2024-003764,9471769,Ocean Pride,NAV030,M11,carga_general,mixta,Bobinas de acero,8135.2,0,2024-10-28 07:53:06,2024-10-28 10:10:22,2024-10-29 15:20:41,Abiyán,Dakar,S,0
ESC-2024-000201,9954917,Luz Carrier II,NAV030,M07,ro_ro,descarga,Vehículos,15207.8,0,2024-10-28 13:59:19,2024-10-28 15:59:45,2024-10-29 04:16:56,Le Havre,Lisboa,S,0
ESC-2024-000138,9944625,Blue Fortune,NAV019,M09,pasajeros,carga,Pasajeros,0.0,0,2024-10-28 16:47:22,2024-10-28 16:47:32,2024-10-29 03:28:57,Ceuta,Hamburgo,S,1880
ESC-2024-004640,9738167,Silver Venture,NAV013,M09,pasajeros,mixta,Pasajeros,0.0,0,2024-10-29 00:00:05,2024-10-29 00:17:51,2024-10-29 13:59:44,Funchal,Sines,S,1675
ESC-2024-001760,9089059,Costa Voyager I,NAV035,M02,granel_solido,descarga,Fertilizantes,32422.3,0,2024-10-29 02:19:04,2024-10-29 11:22:38,2024-10-31 09:16:27,Santos,Rotterdam,S,0
ESC-2024-005396,9587568,Río Pioneer I,NAV026,M02,granel_solido,mixta,Fertilizantes,11659.5,0,2024-10-29 04:29:37,2024-10-29 13:13:30,2024-10-31 00:47:56,Santos,Génova,S,0
ESC-2024-002487,9525699,Marisma Express I,NAV013,M11,carga_general,descarga,Bobinas de acero,5361.8,0,2024-10-29 05:39:29,2024-10-29 08:13:42,2024-10-30 09:59:21,Rotterdam,Ceuta,S,0
ESC-2024-004535,9105396,Río Dawn,NAV006,M11,carga_general,descarga,Madera,8066.7,0,2024-10-29 07:48:52,2024-10-29 08:36:36,2024-10-30 15:39:26,Casablanca,Ceuta,S,0
ESC-2024-000377,9732890,Tinto Marina,NAV033,M05,granel_liquido,descarga,Gasóleo,13886.1,0,2024-10-29 09:45:11,2024-10-30 09:00:13,2024-10-31 09:38:02,Las Palmas,Le Havre,S,0
ESC-2024-003443,9406518,Tinto Voyager,NAV016,M05,granel_liquido,carga,GNL,36132.2,0,2024-10-29 11:46:58,2024-10-30 08:32:51,2024-11-01 01:17:12,Nueva York,Abiyán,S,0
ESC-2024-000341,9004516,Costa Spirit,NAV028,M04,granel_liquido,mixta,Biocombustible,24935.4,0,2024-10-29 11:49:57,2024-10-29 14:20:25,2024-10-30 20:18:23,Dakar,Casablanca,S,0
ESC-2024-000156,9119555,Iberian Breeze,NAV010,M05,granel_liquido,mixta,Productos químicos,46955.6,0,2024-10-29 16:28:12,29/10/2024 17:06,2024-10-30 23:48:13,Ceuta,Las Palmas,S,0
ESC-2024-006174,9634581,Luz Dawn V,NAV017,M06,granel_liquido,descarga,GNL,7607.9,0,2024-10-29 17:14:35,2024-10-29 17:35:54,2024-10-30 04:51:32,Rotterdam,Tánger Med,S,0
ESC-2024-000049,9680669,Estrella Fortune,NAV029,M07,ro_ro,descarga,Semirremolques,9999.3,0,2024-10-29 18:59:04,2024-10-29 19:53:44,2024-10-30 10:46:44,Valencia,Nueva York,S,0
ESC-2024-000504,9603219,Aurora Spirit,NAV026,M10,pesca,carga,Pescado fresco,50.7,0,2024-10-29 20:28:52,2024-10-29 20:38:57,2024-10-30 02:52:39,Dakar,Abiyán,N,0
ESC-2024-004852,9594248,Costa Fortune,NAV015,M02,granel_solido,mixta,Cereal,28280.0,0,2024-10-29 22:07:15,2024-10-30 00:46:48,2024-10-31 18:02:24,Lisboa,Amberes,S,0
ESC-2024-004506,9429601,Marisma Spirit IV,NAV040,M03,granel_solido,carga,Cereal,25371.4,0,2024-10-30 01:00:12,2024-10-30 08:54:06,2024-11-01 06:58:30,Dakar,Santa Cruz de Tenerife,S,0
ESC-2024-001024,9952402,Punta Pioneer,NAV032,M10,pesca,mixta,Pescado fresco,70.3,0,2024-10-30 03:58:19,2024-10-30 04:00:52,2024-10-30 09:17:07,Nueva York,Génova,S,0
ESC-2024-000076,9663582,Delta Express IV,NAV026,M07,ro_ro,descarga,Semirremolques,26508.1,0,2024-10-30 09:42:48,2024-10-30 11:14:01,2024-10-30 16:29:26,Houston,Rotterdam,S,0
ESC-2024-001195,9434199,Estrella Pride II,NAV021,M06,granel_liquido,carga,Productos químicos,42662.9,0,2024-10-30 10:29:03,2024-10-31 08:40:13,2024-11-01 04:21:31,Casablanca,Algeciras,S,0
ESC-2024-003242,9395252,Ocean Breeze,NAV013,M05,granel_liquido,descarga,Biocombustible,55369.0,0,2024-10-30 11:53:24,2024-10-30 13:49:18,2024-10-31 17:20:34,Dakar,Lisboa,S,0
ESC-2024-003629,9578270,Marisma Bay,NAV035,M03,granel_solido,mixta,Clínker,10951.4,0,2024-10-30 19:03:18,2024-10-31 03:22:41,2024-11-02 05:39:01,Amberes,Santa Cruz de Tenerife,S,0
ESC-2024-001972,9548768,Aurora Trader II,NAV029,M02,granel_solido,carga,Concentrado de cobre,24829.2,0,2024-10-30 19:13:07,2024-10-31 12:26:09,2024-11-01 18:23:26,Santa Cruz de Tenerife,Dakar,S,0
ESC-2024-006363,9430090,Odiel Mar,NAV035,M03,granel_solido,descarga,Cereal,27062.9,0,2024-10-31 01:32:00,2024-10-31 07:42:39,2024-11-01 18:05:11,Le Havre,Las Palmas,S,0
ESC-2024-004043,9548768,  AURORA TRADER II ,NAV029,M03,granel_solido,mixta,Concentrado de cobre,30694.0,0,2024-10-31 01:51:01,2024-10-31 02:44:06,2024-11-01 22:34:46,Santa Cruz de Tenerife,Le Havre,S,0
ESC-2024-005058,9102112,Delta Spirit I,NAV035,M02,granel_solido,descarga,Cereal,17728.9,0,2024-10-31 04:49:39,2024-10-31 07:33:56,2024-11-01 23:04:22,Las Palmas,Lisboa,S,0
ESC-2024-000569,9473468,Nordic Fortune,NAV029,M10,pesca,carga,Pescado fresco,29.4,0,2024-10-31 05:15:25,2024-10-31 05:17:13,2024-10-31 08:53:04,Génova,Amberes,N,0
ESC-2024-002884,9853620,Blue Express,NAV007,M11,carga_general,descarga,Bobinas de acero,11603.9,0,2024-10-31 10:36:12,2024-10-31 20:45:23,2024-11-01 21:36:10,Casablanca,Dakar,S,0
ESC-2024-003637,9376153,Río Wave,NAV031,M09,pasajeros,mixta,Pasajeros,0.0,0,2024-10-31 12:55:57,2024-10-31 13:27:31,2024-10-31 20:21:44,Lisboa,Amberes,S,3446
ESC-2024-002066,9148104,Marisma Pride,NAV010,M10,pesca,mixta,Pescado fresco,42.8,0,2024-10-31 12:56:33,2024-10-31 13:15:45,2024-10-31 19:53:39,Casablanca,Santos,S,0
ESC-2024-003305,9600396,Estrella Pioneer V,NAV007,M10,pesca,mixta,Pescado fresco,76.7,0,2024-10-31 13:22:12,2024-10-31 13:27:27,2024-10-31 19:43:27,Santos,Santos,N,0
ESC-2024-004926,9589475,Cabo Fortune,NAV007,M01,contenedores,carga,Contenedores,17205.7,1240,2024-10-31 16:32:11,2024-11-01 03:02:55,2024-11-02 07:08:13,Le Havre,Ceuta,S,0
ESC-2024-000423,9350628,Aurora Express,NAV028,M01,contenedores,carga,Contenedores,10797.3,972,2024-10-31 18:16:32,2024-10-31 23:33:56,2024-11-02 13:40:54,Nueva York,Hamburgo,S,0
ESC-2024-004671,9092329,Tinto Star,NAV017,M02,granel_solido,descarga,Pirita,42191.9,0,2024-10-31 18:25:00,2024-10-31 19:09:43,2024-11-03 02:36:18,Valencia,Rotterdam,S,0
ESC-2024-001254,9097903,Odiel Carrier,NAV006,M04,granel_liquido,carga,Productos químicos,12272.5,0,2024-10-31 19:27:59,2024-11-01 01:09:20,2024-11-02 05:11:56,Las Palmas,Sines,S,0
ESC-2024-000401,9189512,Silver Spirit,NAV028,M03,granel_solido,descarga,Concentrado de cobre,15835.1,0,2024-10-31 20:01:12,2024-11-01 01:26:03,2024-11-03 10:36:55,Sines,Abiyán,S,0
ESC-2024-000543,9507843,Iberian Express,NAV018,M11,carga_general,mixta,Madera,11106.4,0,2024-10-31 22:04:00,2024-10-31 22:57:00,2024-11-02 05:48:58,Houston,Ceuta,S,0
ESC-2024-001044,9663582,Delta Express IV,NAV026,M07,ro_ro,carga,Vehículos,14408.4,0,2024-11-01 02:49:57,2024-11-01 03:57:36,2024-11-01 18:46:30,Ceuta,Santos,S,0
ESC-2024-004021,9626546,Southern Fortune,NAV008,M02,granel_solido,descarga,Fertilizantes,14452.3,0,2024-11-01 04:20:32,2024-11-01 08:28:18,2024-11-03 06:11:14,Santa Cruz de Tenerife,Rotterdam,S,0
ESC-2024-004821,9936135,Luz Dawn,NAV008,M03,granel_solido,mixta,Clínker,27943.6,0,2024-11-01 07:40:10,2024-11-02 12:36:39,2024-11-04 02:32:50,Nueva York,Santos,S,0
ESC-2024-000514,9102112,Delta Spirit I,NAV035,M02,granel_solido,mixta,Pirita,19567.4,0,2024-11-01 07:58:08,2024-11-01 23:24:21,2024-11-04 03:44:47,Dakar,Hamburgo,S,0
ESC-2024-005700,9944625,Blue Fortune,NAV019,M09,pasajeros,mixta,Pasajeros,0.0,0,2024-11-01 11:19:12,2024-11-01 11:22:59,2024-11-01 18:13:59,Santos,Las Palmas,S,1602
ESC-2024-003165,9164330,Tinto Trader III,NAV025,M01,contenedores,descarga,Contenedores,15933.3,1480,2024-11-01 18:03:06,2024-11-01 18:40:26,2024-11-02 11:20:52,Ceuta,Houston,S,0
ESC-2024-004933,9600396,Estrella Pioneer V,NAV007,M10,pesca,mixta,Pescado fresco,37.4,0,2024-11-01 19:28:36,2024-11-01 19:33:30,2024-11-02 00:25:20,Rotterdam,Dakar,S,0
ESC-2024-004578,9217412,Costa Pride III,NAV014,M12,granel_liquido,carga,Crudo,66146.7,0,2024-11-01 19:58:37,2024-11-02 09:21:09,2024-11-03 12:14:39,Ceuta,Tánger Med,S,0
ESC-2024-006048,9380283,Estrella Dawn IV,NAV029,M06,granel_liquido,descarga,Gasóleo,35317.7,0,2024-11-01 23:24:55,2024-11-02 05:13:03,2024-11-03 20:09:01,Valencia,Lisboa,S,0
ESC-2024-002363,9944625,Blue Fortune,NAV019,M09,pasajeros,carga,Pasajeros,0.0,0,2024-11-02 00:41:42,2024-11-02 00:51:55,2024-11-02 08:22:18,Algeciras,Sines,S,3931
ESC-2024-004429,9418834,Costa Navigator V,NAV035,M02,granel_solido,descarga,Fertilizantes,29624.0,0,2024-11-02 01:00:56,2024-11-02 02:48:06,2024-11-03 17:52:27,Algeciras,Hamburgo,S,0
ESC-2024-002488,9995674,Marisma Breeze,NAV029,M05,granel_liquido,mixta,Gasóleo,63624.9,0,2024-11-02 01:03:22,2024-11-02 13:03:40,2024-11-03 20:20:23,Sines,Houston,S,0
ESC-2024-006089,9520895,Río Spirit,NAV009,M04,granel_liquido,descarga,GNL,69434.5,0,2024-11-02 04:01:35,2024-11-02 05:43:34,2024-11-03 11:54:23,Le Havre,Las Palmas,S,0
ESC-2024-003199,9717199,Doña Express,NAV017,M10,pesca,carga,Pescado fresco,62.3,0,2024-11-02 04:40:05,2024-11-02 05:00:17,2024-11-02 11:44:42,Génova,Lisboa,S,0
ESC-2024-001121,9438004,Tinto Bay IV,NAV031,M06,granel_liquido,mixta,Crudo,42468.4,0,2024-11-02 05:25:52,2024-11-02 16:25:01,2024-11-03 15:57:40,Abiyán,Abiyán,S,0
ESC-2024-006281,9228526,Silver Navigator V,NAV039,M02,granel_solido,carga,Concentrado de cobre,43412.0,0,2024-11-02 05:45:25,2024-11-02 06:17:49,2024-11-04 19:52:17,Valencia,Houston,S,0
ESC-2024-003999,9017721,Delta Dawn,NAV030,M10,pesca,mixta,Pescado fresco,77.1,0,2024-11-02 09:13:40,2024-11-02 09:17:59,2024-11-02 14:25:57,Abiyán,Abiyán,N,0
ESC-2024-004550,9938640,Estrella Spirit I,NAV002,M11,carga_general,carga,Madera,6342.5,0,2024-11-02 10:10:22,2024-11-02 11:16:45,2024-11-03 17:06:43,Houston,Sines,S,0
ESC-2024-004937,9625803,Costa Marina,NAV026,M04,granel_liquido,carga,Crudo,86357.1,0,2024-11-02 15:05:12,2024-11-03 03:43:47,2024-11-03 15:21:59,Génova,Nueva York,S,0
ESC-2024-003034,9857640,Silver Navigator I,NAV009,,granel_liquido,mixta,Crudo,18002.5,0,2024-11-02 16:41:40,2024-11-02 18:52:23,2024-11-04 00:25:54,Lisboa,Santa Cruz de Tenerife,S,0
ESC-2024-006359,9380283,Estrella Dawn IV,NAV029,M05,granel_liquido,carga,GNL,40323.3,0,2024-11-02 18:39:14,03/11/2024 00:26,2024-11-03 15:56:32,Abiyán,Valencia,S,0
ESC-2024-003672,9997361,Río Voyager III,NAV013,M03,granel_solido,mixta,Pirita,41688.0,0,2024-11-02 19:06:22,2024-11-03 01:48:57,2024-11-05 13:44:55,Nueva York,Dakar,S,0
ESC-2024-000132,9092329,Tinto Star,NAV017,M03,granel_solido,carga,Cereal,49777.9,0,2024-11-02 20:31:48,2024-11-02 21:29:22,2024-11-05 01:54:32,Santos,Ceuta,S,0
ESC-2024-004344,9587568,Río Pioneer I,NAV026,M03,granel_solido,carga,Fertilizantes,9818.7,0,2024-11-03 01:38:37,2024-11-03 19:15:55,2024-11-05 06:35:47,Lisboa,Santa Cruz de Tenerife,S,0
ESC-2024-004437,9323998,Odiel Mar I,NAV003,M08,fruta_refrigerada,mixta,Fresa y frutos rojos,8399.6,0,2024-11-03 12:00:54,2024-11-03 15:17:05,2024-11-05 06:25:23,Génova,Ceuta,S,0
ESC-2024-006071,9809253,Río Bay,NAV005,M03,granel_solido,mixta,Fertilizantes,17175.0,0,2024-11-03 13:40:06,2024-11-03 14:45:42,2024-11-05 14:11:33,Ceuta,Santos,S,0
ESC-2024-002408,9537977,Luz Voyager V,NAV002,M02,granel_solido,mixta,Fertilizantes,32464.9,0,2024-11-03 14:49:07,2024-11-03 16:55:51,2024-11-05 08:25:00,Dakar,Casablanca,S,0
ESC-2024-006245,9198757,Golden Breeze,NAV032,M10,pesca,descarga,Pescado fresco,32.1,0,2024-11-03 19:35:21,2024-11-03 19:37:26,2024-11-04 02:48:09,Sines,Rotterdam,S,0
ESC-2024-001349,9158094,Odiel Dawn,NAV006,M05,granel_liquido,mixta,GNL,37383.3,0,2024-11-03 20:03:13,2024-11-03 22:35:06,2024-11-05 05:20:49,Valencia,Hamburgo,S,0
ESC-2024-003818,9826809,Delta Voyager,NAV034,M06,granel_liquido,carga,Gasóleo,58597.5,0,2024-11-03 21:47:54,2024-11-03 22:46:18,2024-11-05 14:57:15,Tánger Med,Tánger Med,S,0
ESC-2024-001506,9371919,Southern Pride,NAV034,M11,carga_general,carga,Madera,8906.9,0,2024-11-03 23:24:32,2024-11-04 01:50:11,2024-11-04 22:45:54,Ceuta,Amberes,S,0
ESC-2024-005948,9043055,Ocean Venture,NAV012,M10,pesca,carga,Pescado fresco,54.3,0,2024-11-04 03:36:22,2024-11-04 03:43:12,2024-11-04 09:14:57,Algeciras,Hamburgo,N,0
ESC-2024-003113,9154933,Iberian Star V,NAV009,M12,granel_liquido,carga,Ácido sulfúrico,49321.0,0,2024-11-04 04:12:02,2024-11-04 15:47:49,2024-11-05 20:34:47,Casablanca,Lisboa,S,0
ESC-2024-004666,9368223,Iberian Navigator,NAV010,M10,pesca,mixta,Pescado fresco,39.9,0,2024-11-04 05:44:30,2024-11-04 05:54:24,2024-11-04 11:24:17,Nueva York,Lisboa,S,0
ESC-2024-006260,9207479,Punta Fortune,NAV034,M01,contenedores,mixta,Contenedores,12560.9,1208,2024-11-04 06:51:10,2024-11-04 07:22:07,2024-11-05 04:04:34,Amberes,Santa Cruz de Tenerife,S,0
ESC-2024-001256,9416575,Punta Mar,NAV032,M10,pesca,descarga,Pescado fresco,34.3,0,2024-11-04 07:50:27,2024-11-04 08:08:51,2024-11-04 14:22:44,Abiyán,Génova,S,0
ESC-2024-003608,9145425,Costa Express,NAV032,M12,granel_liquido,mixta,Productos químicos,45177.1,0,2024-11-04 12:30:59,2024-11-04 13:34:37,2024-11-06 08:37:18,Nueva York,Sines,S,0
ESC-2024-002221,9095888,Estrella Pioneer,NAV010,M03,granel_solido,carga,Clínker,21005.9,0,2024-11-04 14:48:59,2024-11-04 15:04:48,2024-11-06 11:48:24,Houston,Hamburgo,S,0
ESC-2024-000913,9633628,Blue Pride,NAV033,M01,contenedores,descarga,Contenedores,21212.8,1635,2024-11-04 17:14:47,2024-11-05 13:19:06,2024-11-06 10:40:46,Rotterdam,Hamburgo,S,0
ESC-2024-001199,9148104,Marisma Pride,NAV010,M10,pesca,mixta,Pescado fresco,52.5,0,2024-11-04 22:05:46,2024-11-04 22:09:57,2024-11-05 08:19:44,Santa Cruz de Tenerife,Casablanca,N,0
ESC-2024-004440,9537977,Luz Voyager V,NAV002,M02,granel_solido,mixta,Clínker,31579.6,0,2024-11-05 00:36:36,2024-11-05 11:35:03,2024-11-08 22:06:28,Tánger Med,Dakar,S,0
ESC-2024-002383,9350628,Aurora Express,NAV028,M01,contenedores,carga,Contenedores,21975.3,1594,2024-11-05 08:29:30,2024-11-05 10:45:29,2024-11-06 17:56:28,Amberes,Las Palmas,S,0
ESC-2024-006122,9829746,Marisma Venture,NAV030,M12,granel_liquido,mixta,Ácido sulfúrico,44549.7,0,2024-11-05 13:19:54,2024-11-05 15:20:24,2024-11-06 09:20:52,Santa Cruz de Tenerife,Sines,S,0
ESC-2024-003951,9218076,Doña Horizon,NAV012,M03,granel_solido,mixta,Clínker,16305.7,0,2024-11-05 21:36:28,2024-11-06 00:19:25,2024-11-08 10:40:11,Nueva York,Funchal,S,0
ESC-2024-003765,9536624,Silver Star III,NAV012,M01,contenedores,carga,Contenedores,11699.0,1086,2024-11-05 21:49:30,05/11/2024 23:24,2024-11-06 10:38:26,Le Havre,Valencia,S,0
ESC-2024-002330,9435818,Estrella Breeze,NAV033,M01,contenedores,carga,Contenedores,7202.4,653,2024-11-06 11:34:46,2024-11-06 11:41:56,2024-11-07 07:55:10,Génova,Tánger Med,S,0
ESC-2024-005749,9017721,Delta Dawn,NAV030,M10,pesca,carga,Pescado fresco,50.0,0,2024-11-06 20:20:47,2024-11-06 20:38:50,2024-11-07 05:16:44,Lisboa,Las Palmas,S,0
ESC-2024-003261,9097903,Odiel Carrier,NAV006,M06,granel_liquido,carga,Ácido sulfúrico,20066.7,0,2024-11-06 20:50:36,2024-11-07 00:29:24,2024-11-08 07:55:23,Santa Cruz de Tenerife,Amberes,S,0
ESC-2024-003031,9809253,Río Bay,NAV005,M03,granel_solido,descarga,Concentrado de cobre,13606.6,0,2024-11-07 03:55:17,2024-11-07 16:39:08,2024-11-10 07:12:22,Funchal,Valencia,S,0
ESC-2024-003407,9207479,Punta Fortune,NAV034,M01,contenedores,carga,Contenedores,1481.5,129,2024-11-07 05:25:33,2024-11-07 06:58:18,2024-11-08 00:37:17,Lisboa,Houston,S,0
ESC-2024-000198,9556313,Punta Bay,NAV018,M11,carga_general,carga,Palés,5128.9,0,2024-11-07 05:35:47,2024-11-07 09:08:25,2024-11-08 12:58:40,Hamburgo,Le Havre,S,0
ESC-2024-002469,9133135,Punta Star III,NAV004,M06,granel_liquido,descarga,Crudo,39366.3,0,2024-11-07 11:25:56,2024-11-07 12:27:34,2024-11-09 04:20:55,Nueva York,Génova,S,0
ESC-2024-005117,9218076,Doña Horizon,NAV012,M03,granel_solido,descarga,Pirita,14215.8,0,2024-11-07 11:33:25,2024-11-07 12:10:37,2024-11-09 08:07:14,Génova,Génova,S,0
ESC-2024-004941,9116591,Nordic Marina IV,NAV014,M01,contenedores,descarga,Contenedores,6490.1,510,2024-11-07 14:15:27,2024-11-07 14:51:38,2024-11-08 00:25:33,Amberes,Houston,S,0
ESC-2024-002673,9149469,Río Spirit IV,NAV036,M02,granel_solido,descarga,Clínker,36433.6,0,2024-11-07 16:01:26,2024-11-07 23:12:04,2024-11-11 02:13:42,Rotterdam,Le Havre,S,0
ESC-2024-004962,9429601,Marisma Spirit IV,NAV040,M03,granel_solido,carga,Concentrado de cobre,29285.2,0,2024-11-07 20:17:32,2024-11-07 21:25:12,2024-11-09 01:37:58,Ceuta,Le Havre,S,0
ESC-2024-000759,9531090,Iberian Marina,NAV031,M03,granel_solido,mixta,Clínker,12570.9,0,2024-11-07 20:49:52,2024-11-07 21:59:35,2024-11-10 02:31:25,Casablanca,Santos,S,0
ESC-2024-006000,9417816,Golden Wave,NAV024,M07,ro_ro,descarga,Semirremolques,25500.3,0,2024-11-08 01:52:52,2024-11-08 04:48:08,2024-11-08 08:35:15,Algeciras,Tánger Med,S,0
ESC-2024-002986,9194256,Costa Glory,NAV015,M07,ro_ro,carga,Vehículos,17207.4,0,2024-11-08 03:12:30,2024-11-08 04:01:57,2024-11-08 18:18:02,Tánger Med,Nueva York,S,0
ESC-2024-003341,9736327,Iberian Dawn,NAV033,M02,granel_solido,carga,Cereal,35342.8,0,2024-11-08 03:15:08,2024-11-08 11:55:36,2024-11-10 12:37:26,Lisboa,Santos,S,0
ESC-2024-003617,9721994,Cabo Pioneer,NAV031,M08,fruta_refrigerada,mixta,Fruta tropical,6977.0,0,2024-11-08 03:33:59,2024-11-08 05:58:53,2024-11-08 09:38:26,Houston,Santa Cruz de Tenerife,S,0
ESC-2024-000062,9513804,Silver Navigator,NAV010,M12,granel_liquido,carga,GNL,81618.9,0,2024-11-08 04:29:46,2024-11-08 04:39:10,2024-11-09 07:55:41,Valencia,Nueva York,S,0
ESC-2024-000335,9578270,Marisma Bay,NAV035,M03,granel_solido,carga,Pirita,10282.6,0,2024-11-08 07:56:17,2024-11-08 10:53:56,2024-11-10 16:42:46,Lisboa,Las Palmas,S,0
ESC-2024-005507,9816622,Río Fortune,NAV010,M11,carga_general,mixta,Bobinas de acero,6970.6,0,2024-11-08 09:58:05,2024-11-08 11:48:14,2024-11-09 09:44:01,Amberes,Dakar,S,0
ESC-2024-006019,9272931,Southern Pioneer,NAV020,M02,granel_solido,mixta,Clínker,37920.1,0,2024-11-08 10:48:08,2024-11-10 05:55:07,2024-11-12 22:15:31,Génova,Rotterdam,S,0
ESC-2024-002628,9230438,Nordic Star IV,NAV030,M01,contenedores,descarga,Contenedores,8264.7,613,2024-11-08 12:16:19,2024-11-08 15:50:51,2024-11-09 10:33:35,Nueva York,Valencia,S,0
ESC-2024-003095,9236834,Aurora Fortune,NAV040,,granel_liquido,mixta,Productos químicos,90917.4,0,2024-11-08 14:49:01,2024-11-08 22:52:43,2024-11-10 20:51:50,Ceuta,Funchal,S,0
ESC-2024-003995,9055943,Río Venture,NAV002,M03,granel_solido,descarga,Pirita,20911.3,0,2024-11-08 20:24:55,2024-11-08 22:35:47,2024-11-11 03:27:39,Dakar,Algeciras,S,0
ESC-2024-003229,9341287,Luz Carrier,NAV009,M08,fruta_refrigerada,mixta,Fruta tropical,10070.7,0,2024-11-08 21:16:57,2024-11-08 23:48:15,2024-11-10 01:18:17,Génova,Amberes,S,0
ESC-2024-005536,9105396,Río Dawn,NAV006,M11,carga_general,carga,Madera,8080.0,0,2024-11-09 01:20:52,2024-11-09 02:14:28,2024-11-10 17:45:43,Tánger Med,Algeciras,S,0
ESC-2024-000277,9809253,Río Bay,NAV005,M03,granel_solido,carga,Pirita,13426.3,0,2024-11-09 03:29:44,2024-11-09 20:55:04,2024-11-12 01:14:50,Valencia,Dakar,S,0
ESC-2024-003696,9272931,Southern Pioneer,NAV020,M03,granel_solido,carga,Pirita,24954.6,0,2024-11-09 04:20:42,2024-11-09 12:20:17,2024-11-11 13:59:58,Rotterdam,Dakar,S,0
ESC-2024-004720,9587568,  RÍO PIONEER I ,NAV026,M02,granel_solido,descarga,Fertilizantes,16767.1,0,2024-11-09 08:24:40,2024-11-09 19:02:56,2024-11-11 06:14:24,Lisboa,Houston,S,0
ESC-2024-004643,9376153,Río Wave,NAV031,M09,pasajeros,carga,Pasajeros,0.0,0,2024-11-09 10:22:25,09/11/2024 10:42,2024-11-09 18:08:06,Lisboa,Dakar,S,1744
ESC-2024-004196,9957799,Río Sol,NAV006,M05,granel_liquido,mixta,Productos químicos,40613.9,0,2024-11-09 20:45:48,2024-11-10 10:21:34,2024-11-11 11:09:51,Dakar,Abiyán,S,0
ESC-2024-002895,9816622,Río Fortune,NAV010,M11,carga_general,mixta,Palés,5604.7,0,2024-11-09 21:04:44,2024-11-10 03:32:20,2024-11-11 08:19:10,Santos,Funchal,S,0
ESC-2024-005888,9058751,Río Voyager,NAV009,M06,granel_liquido,mixta,Productos químicos,33212.8,0,2024-11-10 01:19:15,10/11/2024 12:40,2024-11-11 21:04:16,Hamburgo,Valencia,S,0
ESC-2024-006485,9230268,Luz Express,NAV022,M01,contenedores,mixta,Contenedores,10406.0,936,2024-11-10 05:52:49,2024-11-10 14:16:10,2024-11-10 22:40:00,Abiyán,Santa Cruz de Tenerife,S,0
ESC-2024-003412,9017721,Delta Dawn,NAV030,M10,pesca,descarga,Pescado fresco,61.6,0,2024-11-10 07:24:31,2024-11-10 09:00:39,2024-11-10 17:04:41,Génova,Santos,S,0
ESC-2024-005995,9331919,Costa Wave,NAV027,M01,contenedores,mixta,Contenedores,6581.0,687,2024-11-10 09:20:13,2024-11-10 12:15:25,2024-11-11 05:17:44,Nueva York,Las Palmas,S,0
ESC-2024-001458,9678460,Southern Spirit V,NAV033,M02,granel_solido,descarga,Fertilizantes,26641.0,0,2024-11-10 10:11:43,2024-11-10 21:00:33,2024-11-12 10:33:44,Houston,Algeciras,S,0
ESC-2024-005121,9202039,Luz Navigator,NAV033,M02,granel_solido,carga,Fertilizantes,21931.3,0,2024-11-10 14:12:21,2024-11-10 21:51:47,2024-11-12 04:02:28,Sines,Le Havre,S,0
ESC-2024-002614,9434709,Silver Express,NAV014,M04,granel_liquido,carga,Crudo,44110.1,0,2024-11-10 15:45:17,2024-11-10 20:10:53,2024-11-11 19:25:44,Rotterdam,Hamburgo,S,0
ESC-2024-002748,9678460,  SOUTHERN SPIRIT V ,NAV033,M02,granel_solido,mixta,Clínker,37606.4,0,2024-11-10 17:41:03,2024-11-10 20:24:43,2024-11-12 22:00:23,Amberes,Santa Cruz de Tenerife,S,0
ESC-2024-006001,9654488,Delta Sol,NAV035,M02,granel_solido,descarga,Fertilizantes,42687.8,0,2024-11-11 01:27:15,2024-11-11 10:56:58,2024-11-12 08:13:15,Tánger Med,Valencia,S,0
ESC-2024-000456,9153252,Estrella Carrier,NAV007,M02,granel_solido,descarga,Cereal,23761.0,0,2024-11-11 07:23:44,2024-11-11 10:29:03,2024-11-12 14:53:12,Houston,Lisboa,S,0
ESC-2024-000551,9525699,Marisma Express I,NAV013,M11,carga_general,descarga,Madera,4944.7,0,2024-11-11 12:10:52,2024-11-11 15:27:42,2024-11-12 13:19:37,Abiyán,Algeciras,S,0
ESC-2024-002159,9435818,Estrella Breeze,NAV033,M01,contenedores,mixta,Contenedores,524.5,55,2024-11-11 15:06:02,2024-11-11 16:31:07,2024-11-12 22:06:24,Génova,Funchal,S,0
ESC-2024-001540,9444792,Blue Pride V,NAV012,M01,contenedores,carga,Contenedores,7229.0,779,2024-11-11 17:05:03,2024-11-11 19:59:15,2024-11-13 14:51:00,Santos,Ceuta,S,0
ESC-2024-001595,9141546,Blue Express I,NAV037,M04,granel_liquido,mixta,Biocombustible,39725.7,0,2024-11-11 20:12:17,2024-11-11 23:10:51,2024-11-13 00:12:43,Casablanca,Houston,S,0
ESC-2024-000810,9531090,Iberian Marina,NAV031,M02,granel_solido,carga,Concentrado de cobre,11901.6,0,2024-11-12 05:52:11,2024-11-12 06:41:28,2024-11-13 14:39:03,Génova,Ceuta,S,0
ESC-2024-000810,9531090,Iberian Marina,NAV031,M02,granel_solido,carga,Concentrado de cobre,11901.6,0,2024-11-12 05:52:11,2024-11-12 06:41:28,2024-11-13 14:39:03,Génova,Ceuta,S,0
ESC-2024-004422,9471769,Ocean Pride,NAV030,M11,carga_general,mixta,Bobinas de acero,6035.7,0,2024-11-12 07:13:24,2024-11-13 03:57:31,2024-11-15 20:32:06,Le Havre,Le Havre,S,0
ESC-2024-004829,9495507,Costa Bay,NAV040,M01,contenedores,descarga,Contenedores,6303.1,519,2024-11-12 17:47:03,2024-11-13 01:11:33,2024-11-13 16:42:34,Sines,Houston,S,0
ESC-2024-001007,9392119,Odiel Voyager II,NAV025,M07,ro_ro,mixta,Vehículos,21700.6,0,2024-11-12 20:46:17,2024-11-12 21:35:02,2024-11-13 16:53:36,Santos,Funchal,S,0
ESC-2024-003524,9199622,Costa Pride,NAV033,M11,carga_general,descarga,Maquinaria,3760.4,0,2024-11-13 00:03:32,2024-11-13 01:35:06,2024-11-14 07:52:14,Casablanca,Abiyán,S,0
ESC-2024-004648,9614294,Punta Express,NAV032,M02,granel_solido,carga,Concentrado de cobre,20515.2,0,2024-11-13 00:23:04,2024-11-13 06:11:01,2024-11-14 20:52:11,Tánger Med,Casablanca,S,0
ESC-2024-000004,9118238,Doña Glory,NAV006,M02,granel_solido,mixta,Cereal,41996.6,0,2024-11-13 01:38:37,2024-11-13 06:55:04,2024-11-14 16:51:28,Sines,Rotterdam,S,0
ESC-2024-000826,9488736,Aurora Carrier,NAV013,M12,granel_liquido,descarga,Biocombustible,41673.3,0,2024-11-13 04:14:33,2024-11-13 05:13:55,2024-11-14 08:09:47,Ceuta,Funchal,S,0
ESC-2024-005571,9936135,Luz Dawn,NAV008,M03,granel_solido,carga,Pirita,26309.8,0,2024-11-13 07:03:36,2024-11-13 08:51:26,2024-11-14 10:10:24,Le Havre,Dakar,S,0
ESC-2024-000749,9051777,Tinto Mar V,NAV029,M12,granel_liquido,carga,GNL,12536.9,0,2024-11-13 08:00:03,2024-11-13 21:19:27,2024-11-15 15:03:33,Casablanca,Dakar,S,0
ESC-2024-002754,9272931,Southern Pioneer,NAV020,M03,granel_solido,mixta,Concentrado de cobre,36352.6,0,2024-11-13 22:27:12,2024-11-13 22:51:44,2024-11-16 00:24:29,Dakar,Nueva York,S,0
ESC-2024-006497,9952402,Punta Pioneer,NAV032,M10,pesca,carga,Pescado fresco,18.6,0,2024-11-14 00:06:08,2024-11-14 00:06:59,2024-11-14 08:41:42,Dakar,Rotterdam,N,0
ESC-2024-004971,9312547,Punta Pride III,NAV030,M06,granel_liquido,mixta,Crudo,23325.7,0,2024-11-14 00:19:24,2024-11-14 04:11:14,2024-11-15 14:59:34,Houston,Casablanca,S,0
ESC-2024-005192,9531090,Iberian Marina,NAV031,M02,granel_solido,carga,Pirita,16908.8,0,2024-11-14 11:45:13,2024-11-14 16:48:30,2024-11-16 11:39:03,Houston,Tánger Med,S,0
ESC-2024-005855,9093220,Atlantic Trader,NAV010,M08,fruta_refrigerada,mixta,Fruta tropical,6293.3,0,2024-11-14 14:03:20,2024-11-14 16:15:55,2024-11-16 04:23:46,Nueva York,Santa Cruz de Tenerife,S,0
ESC-2024-005488,9507843,Iberian Express,NAV018,M11,carga_general,mixta,Bobinas de acero,10880.0,0,2024-11-14 14:41:14,2024-11-14 20:36:55,2024-11-15 10:01:00,Algeciras,Ceuta,S,0
ESC-2024-002201,9829746,Marisma Venture,NAV030,M06,granel_liquido,carga,Productos químicos,37261.5,0,2024-11-14 14:58:03,2024-11-14 17:24:07,2024-11-16 03:24:30,Le Havre,Houston,S,0
ESC-2024-006172,9826809,Delta Voyager,NAV034,M05,granel_liquido,carga,Biocombustible,57027.1,0,2024-11-14 15:08:34,2024-11-15 01:30:46,2024-11-15 21:50:50,Nueva York,Rotterdam,S,0
ESC-2024-004231,9990105,Blue Carrier V,NAV035,M02,granel_solido,mixta,Concentrado de cobre,14624.3,0,2024-11-14 16:28:21,2024-11-14 23:12:23,2024-11-17 09:36:29,Houston,Funchal,S,0
ESC-2024-000288,9350628,Aurora Express,NAV028,M01,contenedores,mixta,Contenedores,14666.7,1158,2024-11-14 16:34:30,2024-11-15 01:20:13,2024-11-15 14:09:12,Amberes,Lisboa,S,0
ESC-2024-006458,9684976,Marisma Sol III,NAV008,M12,granel_liquido,carga,GNL,33326.3,0,2024-11-14 18:49:46,2024-11-15 01:19:06,2024-11-17 03:02:34,Las Palmas,Funchal,S,0
ESC-2024-001839,9459709,Río Marina,NAV024,M04,granel_liquido,descarga,GNL,35002.3,0,2024-11-15 06:21:39,2024-11-15 06:30:13,2024-11-16 04:06:56,Ceuta,Valencia,S,0
ESC-2024-004013,9625803,Costa Marina,NAV026,M04,granel_liquido,carga,Crudo,90362.9,0,2024-11-15 06:40:42,2024-11-15 12:02:08,2024-11-16 19:33:11,Rotterdam,Amberes,S,0
ESC-2024-006474,9202039,Luz Navigator,NAV033,M03,granel_solido,mixta,Clínker,25341.5,0,2024-11-15 09:31:20,2024-11-15 12:28:15,2024-11-17 10:34:51,Abiyán,Houston,S,0
ESC-2024-002747,9647021,Punta Pride,NAV035,M06,granel_liquido,descarga,Gasóleo,43492.0,0,2024-11-15 20:22:17,2024-11-15 22:05:48,2024-11-17 08:40:35,Abiyán,Santos,S,0
ESC-2024-002747,9647021,Punta Pride,NAV035,M06,granel_liquido,descarga,Gasóleo,43492.0,0,2024-11-15 20:22:17,2024-11-15 22:05:48,2024-11-17 08:40:35,Abiyán,Santos,S,0
ESC-2024-004636,9198757,Golden Breeze,NAV032,M10,pesca,descarga,Pescado fresco,21.1,0,2024-11-15 22:56:55,2024-11-15 22:58:25,2024-11-16 05:23:29,Algeciras,Sines,N,0
ESC-2024-005858,9507843,Iberian Express,NAV018,M11,carga_general,carga,Maquinaria,10740.7,0,2024-11-15 23:22:02,2024-11-16 01:42:27,2024-11-17 10:40:28,Tánger Med,Le Havre,S,0
ESC-2024-001480,9221920,Silver Bay,NAV020,M06,granel_liquido,descarga,Ácido sulfúrico,16156.6,0,2024-11-16 01:35:12,2024-11-16 19:11:41,2024-11-17 20:24:23,Las Palmas,Casablanca,S,0
ESC-2024-000010,9042219,Marisma Trader,NAV015,M03,granel_solido,mixta,Cereal,11804.2,0,2024-11-16 04:19:44,2024-11-16 14:32:24,2024-11-18 05:14:26,Nueva York,Algeciras,S,0
ESC-2024-001415,9042219,Marisma Trader,NAV015,M02,granel_solido,carga,Clínker,14163.8,0,2024-11-16 12:26:34,2024-11-16 16:34:54,2024-11-18 12:47:39,Abiyán,Génova,S,0
ESC-2024-001922,9853620,Blue Express,NAV007,M11,carga_general,descarga,Bobinas de acero,7821.9,0,2024-11-16 14:23:26,2024-11-16 20:05:34,2024-11-18 10:22:34,Sines,Las Palmas,S,0
ESC-2024-002956,9190901,Tinto Wave,NAV017,M11,carga_general,mixta,Palés,11187.0,0,2024-11-16 15:36:35,2024-11-16 15:44:24,2024-11-17 23:27:50,Hamburgo,Tánger Med,S,0
ESC-2024-005184,9448982,Estrella Spirit,NAV011,M05,granel_liquido,descarga,GNL,81340.2,0,2024-11-16 16:00:40,2024-11-17 04:24:03,2024-11-19 01:35:50,Rotterdam,Houston,S,0
ESC-2024-002890,9218076,Doña Horizon,NAV012,M03,granel_solido,mixta,Concentrado de cobre,15261.8,0,2024-11-16 17:40:51,2024-11-17 15:36:16,2024-11-20 02:28:09,Nueva York,Le Havre,S,0
ESC-2024-005323,9846483,Southern Horizon III,NAV019,M02,granel_solido,descarga,Clínker,36852.2,0,2024-11-16 19:58:51,2024-11-16 21:51:04,2024-11-17 17:07:01,Valencia,Houston,S,0
ESC-2024-001220,9415882,Southern Star II,NAV016,M02,granel_solido,descarga,Cereal,38020.2,0,2024-11-16 21:53:19,2024-11-16 22:57:44,2024-11-20 05:07:41,Funchal,Sines,S,0
ESC-2024-004227,9429601,Marisma Spirit IV,NAV040,M02,granel_solido,carga,Cereal,23012.8,0,2024-11-17 01:20:32,2024-11-17 07:10:49,2024-11-20 03:50:24,Santa Cruz de Tenerife,Las Palmas,S,0
ESC-2024-003703,9912490,Río Pride,NAV037,M08,fruta_refrigerada,descarga,Cítricos,14527.4,0,2024-11-17 04:15:04,2024-11-17 04:46:06,2024-11-18 06:58:28,Funchal,Amberes,S,0
ESC-2024-003466,9954917,Luz Carrier II,NAV030,M07,ro_ro,descarga,Vehículos,11517.6,0,2024-11-17 08:29:30,2024-11-17 09:09:32,2024-11-17 15:51:03,Le Havre,Algeciras,S,0
ESC-2024-005570,9944625,Blue Fortune,NAV019,M09,pasajeros,mixta,Pasajeros,0.0,0,2024-11-17 09:09:23,2024-11-17 09:15:36,2024-11-17 19:44:41,Amberes,Nueva York,S,3310
ESC-2024-003235,9063160,Golden Trader,NAV034,M05,granel_liquido,descarga,Crudo,34962.5,0,2024-11-17 09:34:12,2024-11-18 09:52:30,2024-11-19 19:50:29,Ceuta,Algeciras,S,0
ESC-2024-003646,9484132,Costa Pride IV,NAV016,M01,contenedores,mixta,Contenedores,692.1,50,2024-11-17 14:19:55,2024-11-17 17:11:20,2024-11-18 14:47:33,Casablanca,Abiyán,S,0
ESC-2024-005188,9223904,Aurora Bay IV,NAV003,M12,granel_liquido,mixta,Gasóleo,34588.2,0,2024-11-17 17:10:54,2024-11-18 02:57:16,2024-11-19 13:52:19,Dakar,Sines,S,0
ESC-2024-000272,9845685,Costa Fortune IV,NAV037,M11,carga_general,carga,Palés,7719.6,0,2024-11-17 17:56:45,2024-11-17 23:41:04,2024-11-19 14:21:29,Le Havre,Santa Cruz de Tenerife,S,0
ESC-2024-003918,9633628,Blue Pride,NAV033,M01,contenedores,descarga,Contenedores,11927.6,1053,2024-11-17 23:36:50,2024-11-18 01:10:26,2024-11-18 15:24:52,Le Havre,Ceuta,S,0
ESC-2024-005714,9380283,Estrella Dawn IV,NAV029,,granel_liquido,mixta,Biocombustible,33786.7,0,2024-11-18 04:22:28,2024-11-19 02:31:09,2024-11-20 05:44:12,Funchal,Génova,S,0
ESC-2024-001651,9195274,Aurora Sol,NAV006,M02,granel_solido,carga,Cereal,24476.8,0,2024-11-18 04:35:18,2024-11-18 16:34:30,2024-11-19 19:00:26,Santos,Abiyán,S,0
ESC-2024-001434,9386237,Cabo Venture,NAV038,M07,ro_ro,descarga,Vehículos,31929.7,0,2024-11-18 11:49:30,2024-11-18 11:59:42,2024-11-18 22:46:11,Casablanca,Dakar,S,0
ESC-2024-000003,9415882,Southern Star II,NAV016,M02,granel_solido,descarga,Cereal,38602.6,0,2024-11-18 13:42:12,2024-11-18 15:52:24,2024-11-21 05:23:15,Santa Cruz de Tenerife,Sines,S,0
ESC-2024-002168,9189512,Silver Spirit,NAV028,M03,granel_solido,carga,Cereal,14124.9,0,2024-11-18 16:13:47,2024-11-18 18:49:39,2024-11-21 10:37:08,Santos,Le Havre,S,0
ESC-2024-000091,9176761,Cabo Pride,NAV014,M01,contenedores,descarga,Contenedores,8165.2,608,2024-11-18 18:41:08,18/11/2024 21:27,2024-11-19 13:45:02,Santa Cruz de Tenerife,Algeciras,S,0
ESC-2024-001609,9272931,Southern Pioneer,NAV020,M03,granel_solido,mixta,Pirita,37380.7,0,2024-11-18 19:47:54,2024-11-19 02:17:09,2024-11-20 11:47:08,Hamburgo,Ceuta,S,0
ESC-2024-001034,9822619,Ocean Bay,NAV002,M11,carga_general,descarga,Bobinas de acero,7591.1,0,2024-11-18 20:59:38,2024-11-19 04:51:52,2024-11-20 08:30:13,Abiyán,Génova,S,0
ESC-2024-001034,9822619,Ocean Bay,NAV002,M11,carga_general,descarga,Bobinas de acero,7591.1,0,2024-11-18 20:59:38,2024-11-19 04:51:52,2024-11-20 08:30:13,Abiyán,Génova,S,0
ESC-2024-002812,9198757,Golden Breeze,NAV032,M10,pesca,descarga,Pescado fresco,47.6,0,2024-11-19 01:50:31,2024-11-19 02:02:03,2024-11-19 08:00:01,Las Palmas,Sines,S,0
ESC-2024-000290,9154933,Iberian Star V,NAV009,M04,granel_liquido,carga,Ácido sulfúrico,44803.6,0,2024-11-19 02:57:10,2024-11-19 06:49:02,2024-11-21 01:42:18,Las Palmas,Hamburgo,S,0
ESC-2024-003828,9962445,Punta Marina IV,NAV029,M02,granel_solido,mixta,Concentrado de cobre,35972.8,0,2024-11-19 03:55:44,2024-11-19 07:18:52,2024-11-21 00:08:49,Rotterdam,Abiyán,S,0
ESC-2024-005712,9952402,Punta Pioneer,NAV032,M10,pesca,descarga,Pescado fresco,73.4,0,2024-11-19 13:52:50,2024-11-19 14:11:27,2024-11-19 22:05:14,Houston,Algeciras,N,0
ESC-2024-004654,9560857,Tinto Breeze,NAV019,M05,granel_liquido,carga,GNL,31388.1,0,2024-11-19 14:55:57,2024-11-19 17:51:35,2024-11-21 02:01:49,Amberes,Rotterdam,S,0
ESC-2024-004374,9368223,Iberian Navigator,NAV010,M10,pesca,carga,Pescado fresco,27.5,0,2024-11-19 17:08:09,2024-11-19 17:09:43,2024-11-19 20:37:16,Algeciras,Algeciras,N,0
ESC-2024-003253,9568330,Ocean Fortune,NAV026,M08,fruta_refrigerada,descarga,Cítricos,10291.2,0,2024-11-19 21:36:41,2024-11-19 23:25:36,2024-11-20 15:22:49,Valencia,Rotterdam,S,0
ESC-2024-003749,9416159,Silver Marina,NAV015,M08,fruta_refrigerada,descarga,Cítricos,5703.4,0,2024-11-19 22:57:46,2024-11-20 03:11:24,2024-11-21 14:41:05,Houston,Houston,S,0
ESC-2024-000178,9442380,Odiel Horizon II,NAV013,M05,granel_liquido,carga,Gasóleo,86052.7,0,2024-11-19 23:53:40,2024-11-20 07:01:26,2024-11-21 20:53:15,Le Havre,Algeciras,S,0
ESC-2024-006379,9411939,Golden Breeze III,NAV010,M07,ro_ro,descarga,Vehículos,6864.1,0,2024-11-20 00:01:11,2024-11-20 01:22:28,2024-11-20 12:07:53,Sines,Hamburgo,S,0
ESC-2024-006441,9236834,Aurora Fortune,NAV040,M04,granel_liquido,mixta,Ácido sulfúrico,94237.9,0,2024-11-20 02:01:30,2024-11-20 02:15:11,2024-11-21 07:04:06,Hamburgo,Ceuta,S,0
ESC-2024-002781,9898084,Marisma Fortune,NAV013,M04,granel_liquido,carga,Crudo,43626.6,0,2024-11-20 11:11:47,2024-11-20 11:31:22,2024-11-21 19:00:03,Nueva York,Dakar,S,0
ESC-2024-003228,9122916,Silver Breeze III,NAV040,M12,granel_liquido,carga,Productos químicos,73986.2,0,2024-11-20 11:18:58,2024-11-21 14:31:05,2024-11-23 01:11:34,Santa Cruz de Tenerife,Ceuta,S,0
ESC-2024-000503,9898084,Marisma Fortune,NAV013,M12,granel_liquido,mixta,Ácido sulfúrico,56603.6,0,2024-11-20 14:05:02,2024-11-20 15:57:28,2024-11-22 12:46:34,Algeciras,Santos,S,0
ESC-2024-005969,9151632,Golden Trader V,NAV030,,granel_liquido,mixta,Biocombustible,10327.0,0,2024-11-21 00:29:46,2024-11-21 06:41:19,2024-11-22 07:35:28,Las Palmas,Casablanca,S,0
ESC-2024-001170,9994606,Nordic Venture III,NAV037,M03,granel_solido,mixta,Clínker,28567.3,0,2024-11-21 05:07:50,2024-11-22 04:04:35,2024-11-24 11:59:04,Funchal,Santos,S,0
ESC-2024-002292,9944625,Blue Fortune,NAV019,M09,pasajeros,descarga,Pasajeros,0.0,0,2024-11-21 05:24:32,2024-11-21 05:26:11,2024-11-21 15:51:12,Valencia,Nueva York,S,910
ESC-2024-000998,9686780,Tinto Carrier V,NAV039,M03,granel_solido,mixta,Pirita,20298.7,0,2024-11-21 06:00:23,2024-11-21 14:24:01,2024-11-24 05:07:10,Funchal,Algeciras,S,0
ESC-2024-003234,9260500,Southern Venture,NAV003,M01,contenedores,descarga,Contenedores,14288.7,1059,2024-11-21 12:44:23,2024-11-21 15:02:41,2024-11-22 07:24:02,Rotterdam,Lisboa,S,0
ESC-2024-000072,9405186,Tinto Star II,NAV037,M01,contenedores,descarga,Contenedores,6228.0,592,2024-11-21 17:29:56,2024-11-21 22:14:26,2024-11-23 02:02:58,Rotterdam,Sines,S,0
ESC-2024-002790,9484132,Costa Pride IV,NAV016,M01,contenedores,carga,Contenedores,15852.2,1412,2024-11-21 20:58:05,2024-11-22 08:07:14,2024-11-23 09:01:01,Dakar,Houston,S,0
ESC-2024-002048,9141546,Blue Express I,NAV037,M12,granel_liquido,descarga,Ácido sulfúrico,25985.4,0,2024-11-21 21:04:32,2024-11-22 06:01:50,2024-11-23 13:18:49,Lisboa,Valencia,S,0
ESC-2024-001630,9936135,Luz Dawn,NAV008,M03,granel_solido,mixta,Pirita,18394.0,0,2024-11-21 22:31:23,2024-11-22 06:54:34,2024-11-24 07:12:24,Le Havre,Casablanca,S,0
ESC-2024-000098,9387047,Doña Breeze III,NAV001,M03,granel_solido,mixta,Cereal,27126.9,0,2024-11-22 00:21:02,2024-11-22 14:33:19,2024-11-24 23:40:48,Génova,Santos,S,0
ESC-2024-003692,9207558,Marisma Spirit III,NAV017,M06,granel_liquido,mixta,GNL,-16578.6,0,2024-11-22 09:54:06,2024-11-22 15:25:43,2024-11-23 14:53:26,Hamburgo,Santos,S,0
ESC-2024-000298,9419474,Ocean Glory I,NAV022,M11,carga_general,mixta,Palés,12823.3,0,2024-11-22 11:32:14,2024-11-22 12:27:30,2024-11-23 14:40:22,Santos,Abiyán,S,0
ESC-2024-005643,9569700,Costa Star,NAV006,M01,contenedores,mixta,Contenedores,3950.3,285,2024-11-22 17:02:53,2024-11-22 20:25:56,2024-11-24 14:47:24,Hamburgo,Funchal,S,0
ESC-2024-002063,9173824,Doña Star,NAV004,M01,contenedores,mixta,Contenedores,16003.0,1668,2024-11-22 18:36:37,2024-11-22 23:32:47,2024-11-23 16:40:46,Algeciras,Hamburgo,S,0
ESC-2024-000697,9396517,Atlantic Voyager III,NAV035,M08,fruta_refrigerada,descarga,Cítricos,12180.8,0,2024-11-22 20:03:39,2024-11-22 23:10:44,2024-11-23 23:30:13,Lisboa,Las Palmas,S,0
ESC-2024-004393,9853620,Blue Express,NAV007,M11,carga_general,mixta,Palés,6289.7,0,2024-11-22 21:17:25,2024-11-22 23:59:56,2024-11-24 07:45:25,Houston,Génova,S,0
ESC-2024-004745,9417816,Golden Wave,NAV024,M07,ro_ro,carga,Vehículos,22563.3,0,2024-11-23 03:13:56,2024-11-23 03:24:15,2024-11-23 19:02:49,Algeciras,Ceuta,S,0
ESC-2024-002486,9391385,Blue Marina,NAV032,M08,fruta_refrigerada,carga,Cítricos,8336.4,0,2024-11-23 05:21:21,2024-11-23 08:48:01,2024-11-24 15:54:03,Lisboa,Hamburgo,S,0
ESC-2024-004085,9126766,Silver Voyager,NAV007,M03,granel_solido,descarga,Fertilizantes,32749.6,0,2024-11-23 08:35:47,2024-11-24 02:31:30,2024-11-25 23:46:22,Génova,Valencia,S,0
ESC-2024-000032,9977737,Marisma Voyager,NAV033,M11,carga_general,carga,Maquinaria,5914.8,0,2024-11-23 12:16:51,2024-11-23 17:44:20,2024-11-24 14:00:07,Tánger Med,Casablanca,S,0
ESC-2024-002883,9488736,Aurora Carrier,NAV013,M06,granel_liquido,mixta,Crudo,52057.3,0,2024-11-23 18:45:24,2024-11-23 20:18:06,2024-11-24 15:48:28,Valencia,Algeciras,S,0
ESC-2024-000649,9368390,Doña Spirit IV,NAV003,M01,contenedores,descarga,Contenedores,10856.5,1085,2024-11-23 20:43:38,2024-11-23 21:39:30,2024-11-24 14:36:12,Rotterdam,Santa Cruz de Tenerife,S,0
ESC-2024-003656,9911094,Golden Carrier I,NAV021,M03,granel_solido,carga,Pirita,31194.6,0,2024-11-23 21:03:58,2024-11-24 10:39:45,2024-11-26 17:58:37,Algeciras,Las Palmas,S,0
ESC-2024-000104,9217412,Costa Pride III,NAV014,M05,granel_liquido,descarga,Biocombustible,51882.8,0,2024-11-23 21:08:17,2024-11-24 07:17:18,2024-11-25 19:44:55,Sines,Dakar,S,0
ESC-2024-002088,9543823,Aurora Mar IV,NAV036,M02,granel_solido,descarga,Pirita,33984.0,0,2024-11-23 23:58:26,2024-11-24 07:35:10,2024-11-27 05:05:43,Abiyán,Houston,S,0
ESC-2024-005957,9350628,Aurora Express,NAV028,M01,contenedores,mixta,Contenedores,8494.4,653,2024-11-24 00:07:45,24/11/2024 03:06,2024-11-24 11:03:59,Houston,Sines,S,0
ESC-2024-005040,9368390,Doña Spirit IV,NAV003,M01,contenedores,carga,Contenedores,11630.0,882,2024-11-24 01:02:17,2024-11-24 06:33:56,2024-11-25 13:33:46,Le Havre,Le Havre,S,0
ESC-2024-000206,9442380,Odiel Horizon II,NAV013,M05,granel_liquido,carga,Productos químicos,97535.9,0,2024-11-24 04:07:25,2024-11-24 08:29:50,2024-11-25 17:39:02,Hamburgo,Dakar,S,0
ESC-2024-004400,9218076,Doña Horizon,NAV012,M03,granel_solido,mixta,Pirita,22085.7,0,2024-11-24 04:36:52,2024-11-24 07:54:49,2024-11-26 08:38:21,Santos,Génova,S,0
ESC-2024-000722,9589475,Cabo Fortune,NAV007,M01,contenedores,carga,Contenedores,7527.5,546,2024-11-24 04:41:49,2024-11-24 04:46:04,2024-11-25 05:51:58,Le Havre,Génova,S,0
ESC-2024-005581,9444792,Blue Pride V,NAV012,M01,contenedores,descarga,Contenedores,16847.5,1613,2024-11-24 05:06:47,2024-11-24 06:50:52,2024-11-24 11:40:15,Lisboa,Sines,S,0
ESC-2024-000993,9625803,Costa Marina,NAV026,M06,granel_liquido,mixta,Gasóleo,70207.3,0,2024-11-24 08:40:40,2024-11-25 01:39:11,2024-11-26 01:04:50,Abiyán,Santos,S,0
ESC-2024-001033,9229142,Marisma Spirit II,NAV013,M08,fruta_refrigerada,carga,Fruta tropical,13541.1,0,2024-11-24 10:26:58,2024-11-24 10:46:27,2024-11-25 05:24:16,Lisboa,Casablanca,S,0
ESC-2024-001487,9230438,Nordic Star IV,NAV030,M01,contenedores,carga,Contenedores,12654.3,981,2024-11-24 20:54:26,2024-11-24 21:28:41,2024-11-25 11:14:55,Sines,Rotterdam,S,0
ESC-2024-003039,9482093,Southern Marina,NAV039,M12,granel_liquido,carga,Gasóleo,19338.8,0,2024-11-24 21:58:47,2024-11-24 22:05:30,2024-11-26 19:39:23,Amberes,Génova,S,0
ESC-2024-003702,9977737,Marisma Voyager,NAV033,M11,carga_general,carga,Maquinaria,7336.8,0,2024-11-25 06:32:37,2024-11-25 08:55:29,2024-11-26 19:53:27,Funchal,Funchal,S,0
ESC-2024-000392,9342255,  BLUE FORTUNE II ,NAV034,M03,granel_solido,carga,Concentrado de cobre,24817.3,0,2024-11-25 13:43:40,2024-11-25 16:01:59,2024-11-28 21:29:31,Lisboa,Houston,S,0
ESC-2024-005542,9116591,Nordic Marina IV,NAV014,,contenedores,mixta,Contenedores,16459.0,1473,2024-11-25 15:06:54,2024-11-26 02:21:06,2024-11-27 12:20:58,Le Havre,Génova,S,0
ESC-2024-003152,9844588,Delta Wave,NAV001,M01,contenedores,descarga,Contenedores,6895.7,593,2024-11-25 16:59:28,2024-11-25 18:35:37,2024-11-26 19:39:17,Las Palmas,Abiyán,S,0
ESC-2024-002590,9199622,Costa Pride,NAV033,M11,carga_general,carga,Bobinas de acero,4119.9,0,2024-11-25 17:07:21,2024-11-26 08:43:47,2024-11-27 23:36:02,Dakar,Ceuta,S,0
ESC-2024-006028,9408011,Cabo Voyager,NAV021,M04,granel_liquido,descarga,Ácido sulfúrico,36083.3,0,2024-11-25 18:22:56,2024-11-26 02:33:28,2024-11-27 00:27:52,Santa Cruz de Tenerife,Lisboa,S,0
ESC-2024-001322,9434072,Iberian Voyager,NAV015,M01,contenedores,mixta,Contenedores,15843.4,1432,2024-11-25 18:57:21,2024-11-25 21:48:25,2024-11-26 21:01:40,Abiyán,Hamburgo,S,0
ESC-2024-005632,9745940,Punta Breeze I,NAV027,M12,granel_liquido,mixta,Ácido sulfúrico,70860.3,0,2024-11-25 21:41:56,2024-11-26 00:00:43,2024-11-26 12:18:50,Algeciras,Sines,S,0
ESC-2024-001320,9553086,Golden Bay,NAV029,M05,granel_liquido,mixta,Crudo,34022.7,0,2024-11-26 03:22:11,2024-11-26 04:46:07,2024-11-27 19:38:41,Hamburgo,Amberes,S,0
ESC-2024-003890,9677117,Iberian Pride,NAV017,M02,granel_solido,mixta,Concentrado de cobre,15542.7,0,2024-11-26 03:35:09,2024-11-27 05:56:46,2024-11-28 13:54:34,Dakar,Santos,S,0
ESC-2024-001809,9122916,Silver Breeze III,NAV040,M04,granel_liquido,carga,Crudo,98196.2,0,2024-11-26 04:08:39,2024-11-26 17:01:59,2024-11-28 09:45:51,Houston,Las Palmas,S,0
ESC-2024-005580,9511143,Cabo Wave II,NAV023,M04,granel_liquido,descarga,Biocombustible,47507.1,0,2024-11-26 04:33:29,2024-11-26 09:53:38,2024-11-27 15:58:09,Las Palmas,Hamburgo,S,0
ESC-2024-003669,9173824,Doña Star,NAV004,M01,contenedores,descarga,Contenedores,14244.6,1376,2024-11-26 08:10:29,2024-11-26 12:08:14,2024-11-27 07:19:05,Las Palmas,Funchal,S,0
ESC-2024-005352,9075113,Delta Glory,NAV023,M06,granel_liquido,carga,Crudo,12807.1,0,2024-11-26 09:40:40,2024-11-27 08:59:10,2024-11-28 16:55:48,Sines,Houston,S,0
ESC-2024-005988,9806017,Río Star,NAV027,M01,contenedores,mixta,Contenedores,15251.7,1247,2024-11-26 10:44:34,2024-11-26 11:16:32,2024-11-26 17:22:12,Santos,Funchal,S,0
ESC-2024-005313,9787974,Marisma Star,NAV026,M12,granel_liquido,carga,Productos químicos,76809.4,0,2024-11-26 22:25:58,2024-11-27 04:29:25,2024-11-28 02:47:11,Abiyán,Le Havre,S,0
ESC-2024-000753,9376153,Río Wave,NAV031,M09,pasajeros,carga,Pasajeros,0.0,0,2024-11-26 22:58:11,2024-11-26 23:04:03,2024-11-27 09:40:26,Sines,Dakar,S,3423
ESC-2024-003807,9736327,Iberian Dawn,NAV033,M02,granel_solido,descarga,Concentrado de cobre,33525.3,0,2024-11-27 02:31:45,2024-11-27 21:27:56,2024-11-30 04:06:52,Las Palmas,Ceuta,S,0
ESC-2024-000309,9362786,Golden Pioneer,NAV005,M07,ro_ro,descarga,Vehículos,13350.9,0,2024-11-27 04:32:30,2024-11-27 04:46:51,2024-11-27 22:45:28,Santos,Ceuta,S,0
ESC-2024-005205,9884227,Silver Bay II,NAV035,M10,pesca,descarga,Pescado fresco,15.6,0,2024-11-27 15:39:58,2024-11-27 15:44:57,2024-11-27 21:43:16,Funchal,Sines,N,0
ESC-2024-001982,9030022,Costa Fortune V,NAV007,M10,pesca,mixta,Pescado fresco,8.1,0,2024-11-27 15:49:44,2024-11-27 15:52:29,2024-11-27 20:17:52,Nueva York,Casablanca,S,0
ESC-2024-004412,9180633,Doña Carrier,NAV034,M05,granel_liquido,carga,Gasóleo,31892.9,0,2024-11-28 01:06:23,2024-11-29 19:15:56,2024-11-30 15:05:04,Dakar,Le Havre,S,0
ESC-2024-006389,9537977,Luz Voyager V,NAV002,M02,granel_solido,carga,Concentrado de cobre,39920.1,0,2024-11-28 02:53:02,2024-11-28 17:07:52,2024-11-29 16:02:06,Le Havre,Abiyán,S,0
ESC-2024-002527,9488736,Aurora Carrier,NAV013,M05,granel_liquido,mixta,Productos químicos,41797.7,0,2024-11-28 06:01:51,2024-11-28 07:46:03,2024-11-29 14:03:19,Hamburgo,Valencia,S,0
ESC-2024-003082,9102112,Delta Spirit I,NAV035,M03,granel_solido,carga,Concentrado de cobre,15470.9,0,2024-11-28 11:55:52,2024-11-28 13:58:57,2024-11-30 13:59:36,Nueva York,Hamburgo,S,0
ESC-2024-001176,9216286,Odiel Voyager,NAV031,M03,granel_solido,descarga,Fertilizantes,30315.2,0,2024-11-28 12:38:08,2024-11-28 18:29:25,2024-12-01 04:44:52,Hamburgo,Valencia,S,0
ESC-2024-000258,9276406,Atlantic Dawn,NAV020,M11,carga_general,carga,Palés,10924.7,0,2024-11-28 14:11:25,2024-11-28 21:24:08,2024-11-30 01:32:39,Casablanca,Dakar,S,0
ESC-2024-001876,9276638,Estrella Dawn,NAV008,M10,pesca,carga,Pescado fresco,79.0,0,2024-11-28 15:29:05,2024-11-28 15:29:35,2024-11-28 18:36:38,Amberes,Nueva York,S,0
ESC-2024-000725,9195274,Aurora Sol,NAV006,M03,granel_solido,descarga,Concentrado de cobre,19015.9,0,2024-11-28 16:11:21,2024-11-28 17:44:40,2024-11-30 15:44:38,Casablanca,Génova,S,0
ESC-2024-004430,9395252,Ocean Breeze,NAV013,M05,granel_liquido,mixta,Gasóleo,57966.9,0,2024-11-28 18:47:47,2024-11-29 00:24:36,2024-11-30 05:32:20,Casablanca,Dakar,S,0
ESC-2024-000657,9678460,Southern Spirit V,NAV033,M02,granel_solido,mixta,Cereal,34126.6,0,2024-11-28 20:28:13,2024-11-28 23:39:48,2024-11-30 22:28:28,Lisboa,Génova,S,0
ESC-2024-006191,9116591,Nordic Marina IV,NAV014,M01,contenedores,descarga,Contenedores,10663.9,943,2024-11-28 21:26:31,2024-11-28 21:53:36,2024-11-29 19:23:16,Tánger Med,Génova,S,0
ESC-2024-004754,9118238,Doña Glory,NAV006,M02,granel_solido,carga,Clínker,42035.8,0,2024-11-28 22:32:47,2024-11-28 22:41:02,2024-11-30 10:44:42,Santos,Abiyán,S,0
ESC-2024-006306,9796822,Odiel Navigator,NAV022,M06,granel_liquido,carga,Biocombustible,87804.1,0,2024-11-29 06:35:34,2024-11-29 08:33:53,2024-11-30 13:09:03,Santos,Amberes,S,0
ESC-2024-004316,9198757,Golden Breeze,NAV032,M10,pesca,carga,Pescado fresco,55.1,0,2024-11-29 08:12:04,2024-11-29 08:55:45,2024-11-29 15:17:23,Lisboa,Lisboa,S,0
ESC-2024-005466,9661716,Aurora Horizon,NAV002,M05,granel_liquido,carga,Crudo,37514.5,0,2024-11-29 12:07:44,2024-11-29 18:09:40,2024-12-01 12:40:44,Amberes,Funchal,S,0
ESC-2024-002689,9764958,Silver Breeze,NAV040,M07,ro_ro,carga,Semirremolques,13752.8,0,2024-11-29 15:34:55,2024-11-30 01:59:47,2024-11-30 15:39:51,Casablanca,Tánger Med,S,0
ESC-2024-005189,9597721,Cabo Navigator,NAV038,M04,granel_liquido,carga,GNL,22515.8,0,2024-11-29 18:37:18,2024-11-30 00:17:35,2024-12-01 02:44:15,Sines,Tánger Med,S,0
ESC-2024-005111,9118032,Atlantic Horizon,NAV032,M03,granel_solido,mixta,Fertilizantes,31222.5,0,2024-11-30 04:24:34,2024-11-30 06:35:24,2024-12-03 04:24:38,Hamburgo,Algeciras,S,0
ESC-2024-003863,9368223,Iberian Navigator,NAV010,M10,pesca,descarga,Pescado fresco,46.1,0,2024-11-30 12:44:17,2024-11-30 12:55:23,2024-11-30 15:50:50,Las Palmas,Tánger Med,S,0
ESC-2024-002294,9844588,Delta Wave,NAV001,M01,contenedores,descarga,Contenedores,12445.6,1094,2024-11-30 15:49:34,2024-11-30 16:37:34,2024-12-02 01:55:34,Las Palmas,Rotterdam,S,0
ESC-2024-006397,9311490,Río Trader IV,NAV033,M10,pesca,carga,Pescado fresco,59.2,0,2024-11-30 18:06:16,2024-11-30 18:07:17,2024-12-01 03:23:09,Santa Cruz de Tenerife,Hamburgo,N,0
ESC-2024-002249,9151632,Golden Trader V,NAV030,M04,granel_liquido,mixta,Productos químicos,14807.5,0,2024-11-30 19:42:34,2024-12-01 00:54:29,2024-12-02 10:19:42,Valencia,Valencia,S,0
ESC-2024-004856,9386237,Cabo Venture,NAV038,M07,ro_ro,mixta,Vehículos,20558.9,0,2024-11-30 21:56:21,2024-11-30 23:01:19,2024-12-01 08:27:46,Lisboa,Le Havre,S,0
ESC-2024-006430,9125293,Nordic Bay,NAV020,M05,granel_liquido,mixta,Crudo,30374.6,0,2024-11-30 22:22:30,01/12/2024 15:50,2024-12-03 10:22:36,Casablanca,Santos,S,0
ESC-2024-004387,9026564,Tinto Mar,NAV040,M04,granel_liquido,descarga,Biocombustible,20779.1,0,2024-11-30 23:06:36,2024-12-01 03:16:49,2024-12-02 14:05:28,Sines,Tánger Med,S,0
ESC-2024-002055,9145425,Costa Express,NAV032,M05,granel_liquido,descarga,GNL,63300.6,0,2024-12-01 01:52:30,2024-12-01 06:36:10,2024-12-02 14:28:47,Valencia,Dakar,S,0
ESC-2024-005975,9131761,Southern Trader,NAV032,M07,ro_ro,mixta,Semirremolques,22383.9,0,2024-12-01 04:38:00,2024-12-01 05:37:11,2024-12-01 15:32:39,Hamburgo,Valencia,S,0
ESC-2024-003017,9075113,Delta Glory,NAV023,M12,granel_liquido,carga,Gasóleo,8817.1,0,2024-12-01 07:26:51,2024-12-01 09:04:13,2024-12-02 18:08:53,Génova,Sines,S,0
ESC-2024-002966,9459424,Luz Fortune IV,NAV028,M07,ro_ro,mixta,Semirremolques,10288.5,0,2024-12-01 08:42:38,2024-12-01 13:07:15,2024-12-02 01:19:38,Tánger Med,Nueva York,S,0
ESC-2024-005332,9787974,Marisma Star,NAV026,M04,granel_liquido,mixta,Gasóleo,54716.3,0,2024-12-01 09:45:43,2024-12-01 13:42:19,2024-12-02 18:44:20,Santos,Hamburgo,S,0
ESC-2024-000493,9217412,Costa Pride III,NAV014,M12,granel_liquido,mixta,Biocombustible,73700.0,0,2024-12-01 13:28:07,2024-12-01 14:00:44,2024-12-01 07:00:44,Hamburgo,Tánger Med,S,0
ESC-2024-000983,9678460,Southern Spirit V,NAV033,M03,granel_solido,descarga,Cereal,26188.4,0,2024-12-01 15:04:27,2024-12-02 00:27:51,2024-12-03 16:05:53,Funchal,Génova,S,0
ESC-2024-001512,9249049,Cabo Trader,NAV001,M08,fruta_refrigerada,mixta,Fruta tropical,7187.1,0,2024-12-01 16:45:08,2024-12-01 17:26:02,2024-12-01 23:21:23,Sines,Santa Cruz de Tenerife,S,0
ESC-2024-000400,9043055,Ocean Venture,NAV012,M10,pesca,mixta,Pescado fresco,79.4,0,2024-12-01 21:05:00,2024-12-01 21:20:19,2024-12-02 04:40:29,Nueva York,Santos,N,0
ESC-2024-006107,9597721,Cabo Navigator,NAV038,M06,granel_liquido,mixta,Productos químicos,30307.2,0,2024-12-01 21:37:39,2024-12-02 03:45:42,2024-12-03 17:18:57,Le Havre,Ceuta,S,0
ESC-2024-003339,9548768,Aurora Trader II,NAV029,M03,granel_solido,mixta,Pirita,33797.7,0,2024-12-02 01:15:29,2024-12-02 05:53:32,2024-12-04 01:10:40,Sines,Amberes,S,0
ESC-2024-000540,9151632,Golden Trader V,NAV030,M12,granel_liquido,carga,Biocombustible,12742.5,0,2024-12-02 01:26:07,2024-12-02 02:13:37,2024-12-03 11:22:24,Casablanca,Las Palmas,S,0
ESC-2024-002326,9717199,Doña Express,NAV017,M10,pesca,descarga,Pescado fresco,65.3,0,2024-12-02 02:03:20,2024-12-02 02:15:18,2024-12-02 09:31:44,Hamburgo,Algeciras,S,0
ESC-2024-005851,9417816,Golden Wave,NAV024,M07,ro_ro,descarga,Vehículos,26933.9,0,2024-12-02 06:29:19,2024-12-02 07:55:49,2024-12-02 19:27:05,Dakar,Abiyán,S,0
ESC-2024-002497,9180633,Doña Carrier,NAV034,M12,granel_liquido,descarga,Ácido sulfúrico,24121.2,0,2024-12-02 07:19:59,2024-12-02 12:23:51,2024-12-03 18:05:13,Rotterdam,Amberes,S,0
ESC-2024-005262,9342255,Blue Fortune II,NAV034,M03,granel_solido,mixta,Fertilizantes,23837.8,0,2024-12-02 09:26:43,2024-12-03 06:30:31,2024-12-05 05:42:04,Santa Cruz de Tenerife,Las Palmas,S,0
ESC-2024-004103,9296860,Delta Mar III,NAV007,M05,granel_liquido,descarga,Crudo,5816.5,0,2024-12-02 12:01:41,2024-12-02 19:56:42,2024-12-04 16:11:56,Las Palmas,Santa Cruz de Tenerife,S,0
ESC-2024-001283,9368390,Doña Spirit IV,NAV003,M01,contenedores,mixta,Contenedores,10403.9,754,2024-12-02 12:21:31,2024-12-02 13:33:53,2024-12-03 04:50:27,Funchal,Santa Cruz de Tenerife,S,0
ESC-2024-000444,9371919,Southern Pride,NAV034,M11,carga_general,descarga,Madera,4949.4,0,2024-12-02 13:59:08,02/12/2024 14:19,2024-12-03 16:33:26,Houston,Santa Cruz de Tenerife,S,0
ESC-2024-003272,9465851,Luz Glory IV,NAV008,M02,granel_solido,mixta,Cereal,41179.7,0,2024-12-02 17:24:55,2024-12-02 18:15:45,2024-12-04 10:25:50,Houston,Lisboa,S,0
ESC-2024-001158,9553086,Golden Bay,NAV029,M06,granel_liquido,carga,Productos químicos,34097.3,0,2024-12-03 01:06:52,2024-12-03 15:39:34,2024-12-04 04:21:48,Las Palmas,Ceuta,S,0
ESC-2024-005164,9228526,Silver Navigator V,NAV039,M02,granel_solido,mixta,Pirita,26885.6,0,2024-12-03 01:35:38,2024-12-03 02:36:45,2024-12-05 13:42:17,Tánger Med,Hamburgo,S,0
ESC-2024-000610,9030022,Costa Fortune V,NAV007,M10,pesca,descarga,Pescado fresco,59.3,0,2024-12-03 04:59:56,2024-12-03 05:04:19,2024-12-03 07:48:01,Las Palmas,Nueva York,S,0
ESC-2024-002446,9922976,Río Horizon II,NAV034,M05,granel_liquido,mixta,Biocombustible,25310.3,0,2024-12-03 09:09:15,2024-12-03 11:52:59,2024-12-04 16:50:36,Santa Cruz de Tenerife,Hamburgo,S,0
ESC-2024-005092,9276638,Estrella Dawn,NAV008,M10,pesca,descarga,Pescado fresco,12.5,0,2024-12-03 09:50:55,2024-12-03 10:18:32,2024-12-03 15:08:13,Lisboa,Casablanca,N,0
ESC-2024-001791,9361914,Cabo Marina,NAV037,M02,granel_solido,mixta,Concentrado de cobre,16214.4,0,2024-12-03 10:23:27,2024-12-03 11:09:42,2024-12-05 21:18:53,Las Palmas,Ceuta,S,0
ESC-2024-002296,9352119,Aurora Pioneer,NAV024,M06,granel_liquido,carga,Biocombustible,37703.8,0,2024-12-03 11:54:11,2024-12-03 19:35:12,2024-12-04 14:24:50,Funchal,Rotterdam,S,0
ESC-2024-001270,9230438,Nordic Star IV,NAV030,M01,contenedores,carga,Contenedores,8103.9,886,2024-12-03 13:30:15,2024-12-03 16:58:19,2024-12-04 02:12:41,Rotterdam,Sines,S,0
ESC-2024-006330,9484522,Río Wave IV,NAV019,M04,granel_liquido,mixta,Biocombustible,53102.9,0,2024-12-03 13:55:48,2024-12-03 17:55:48,2024-12-05 07:59:55,Valencia,Sines,S,0
ESC-2024-003023,9220328,Odiel Carrier II,NAV022,M03,granel_solido,carga,Fertilizantes,20654.4,0,2024-12-03 18:53:12,2024-12-03 19:00:10,2024-12-05 15:02:59,Casablanca,Santos,S,0
ESC-2024-004569,9603219,Aurora Spirit,NAV026,M10,pesca,descarga,Pescado fresco,32.2,0,2024-12-03 22:56:14,2024-12-03 23:00:04,2024-12-04 08:04:23,Hamburgo,Hamburgo,S,0
ESC-2024-004207,9634581,Luz Dawn V,NAV017,M05,granel_liquido,carga,Gasóleo,5793.8,0,2024-12-03 22:59:44,2024-12-04 23:04:36,2024-12-06 10:41:41,Abiyán,Génova,S,0
ESC-2024-000785,9417816,Golden Wave,NAV024,M07,ro_ro,carga,Vehículos,34546.6,0,2024-12-04 02:50:52,2024-12-04 10:26:43,2024-12-04 17:26:02,Santa Cruz de Tenerife,Funchal,S,0
ESC-2024-000279,9750165,Golden Navigator,NAV014,M02,granel_solido,mixta,Clínker,15855.6,0,2024-12-04 03:29:06,2024-12-04 04:21:24,2024-12-05 18:42:57,Génova,Funchal,S,0
ESC-2024-000190,9647021,Punta Pride,NAV035,M06,granel_liquido,mixta,Crudo,37923.8,0,2024-12-04 03:56:35,2024-12-04 16:52:22,2024-12-06 01:43:49,Casablanca,Abiyán,S,0
ESC-2024-003248,9548768,Aurora Trader II,NAV029,M02,granel_solido,descarga,Clínker,37394.0,0,2024-12-04 04:06:27,2024-12-04 08:22:52,2024-12-05 18:50:06,Hamburgo,Santa Cruz de Tenerife,S,0
ESC-2024-002580,9005211,Cabo Sol II,NAV039,M01,contenedores,carga,Contenedores,10950.1,1037,2024-12-04 04:10:24,2024-12-04 17:18:43,2024-12-05 23:39:26,Funchal,Le Havre,S,0
ESC-2024-000724,9641912,Ocean Glory,NAV030,M03,granel_solido,descarga,Concentrado de cobre,21918.0,0,2024-12-04 05:01:58,2024-12-04 08:26:42,2024-12-05 23:51:32,Rotterdam,Rotterdam,S,0
ESC-2024-003956,9537977,Luz Voyager V,NAV002,M03,granel_solido,descarga,Cereal,32980.9,0,2024-12-04 08:30:37,2024-12-04 17:09:16,2024-12-06 20:29:42,Houston,Nueva York,S,0
ESC-2024-003976,9770531,Aurora Spirit III,NAV023,M01,contenedores,carga,Contenedores,11929.9,969,2024-12-04 09:42:18,2024-12-04 10:40:28,2024-12-05 01:53:21,Amberes,Las Palmas,S,0
ESC-2024-001384,9391385,Blue Marina,NAV032,M08,fruta_refrigerada,carga,Cítricos,4175.5,0,2024-12-04 13:13:11,2024-12-04 15:33:40,2024-12-06 01:24:52,Valencia,Dakar,S,0
ESC-2024-004927,9609550,Blue Navigator,NAV014,M07,ro_ro,mixta,Semirremolques,18649.5,0,2024-12-04 18:44:58,2024-12-04 19:22:16,2024-12-05 07:46:22,Abiyán,Le Havre,S,0
ESC-2024-004202,9938640,Estrella Spirit I,NAV002,M11,carga_general,carga,Maquinaria,6248.0,0,2024-12-04 20:33:31,2024-12-05 03:36:16,2024-12-06 06:31:01,Nueva York,Sines,S,0
ESC-2024-002680,9159373,Delta Star,NAV005,M01,contenedores,descarga,Contenedores,11600.7,908,2024-12-05 00:04:06,2024-12-05 02:03:34,2024-12-06 01:03:05,Ceuta,Génova,S,0
ESC-2024-000754,9207558,Marisma Spirit III,NAV017,M05,granel_liquido,descarga,GNL,18650.1,0,2024-12-05 00:46:37,2024-12-05 07:46:12,2024-12-06 12:28:17,Santa Cruz de Tenerife,Tánger Med,S,0
ESC-2024-005843,9603192,Odiel Spirit,NAV036,M07,ro_ro,carga,Vehículos,21629.1,0,2024-12-05 02:14:52,2024-12-05 03:09:43,2024-12-05 14:14:35,Tánger Med,Algeciras,S,0
ESC-2024-000765,9578270,Marisma Bay,NAV035,M02,granel_solido,descarga,Clínker,10066.6,0,2024-12-05 10:32:46,05/12/2024 19:45,2024-12-07 20:58:55,Lisboa,Las Palmas,S,0
ESC-2024-005919,9116034,Atlantic Fortune III,NAV019,M01,contenedores,carga,Contenedores,6907.7,614,2024-12-05 11:42:41,2024-12-05 11:44:02,2024-12-06 14:24:20,Dakar,Nueva York,S,0
ESC-2024-001092,9665891,Atlantic Venture IV,NAV032,M10,pesca,carga,Pescado fresco,55.0,0,2024-12-05 12:18:45,2024-12-05 13:03:34,2024-12-05 21:32:24,Sines,Lisboa,N,0
ESC-2024-004873,9153252,Estrella Carrier,NAV007,M02,granel_solido,carga,Clínker,17645.3,0,2024-12-05 19:07:05,2024-12-05 20:39:08,2024-12-08 03:32:31,Lisboa,Santa Cruz de Tenerife,S,0
ESC-2024-002474,9922976,Río Horizon II,NAV034,M12,granel_liquido,mixta,Gasóleo,20086.9,0,2024-12-05 21:44:15,2024-12-06 02:48:52,2024-12-07 07:27:35,Nueva York,Santos,S,0
ESC-2024-002534,9353993,  SOUTHERN HORIZON ,NAV039,M12,granel_liquido,carga,Gasóleo,59620.9,0,2024-12-06 00:34:45,2024-12-06 15:34:30,2024-12-07 06:42:51,Algeciras,Algeciras,S,0
ESC-2024-000698,9595216,Southern Breeze I,NAV002,M07,ro_ro,mixta,Vehículos,24655.7,0,2024-12-06 12:33:48,2024-12-06 13:07:35,2024-12-07 01:03:20,Valencia,Funchal,S,0
ESC-2024-002940,9419474,Ocean Glory I,NAV022,M11,carga_general,descarga,Madera,11750.5,0,2024-12-06 13:09:00,2024-12-06 16:41:35,2024-12-08 06:57:31,Génova,Las Palmas,S,0
ESC-2024-005299,9148130,Odiel Star II,NAV019,M06,granel_liquido,descarga,Crudo,63631.9,0,2024-12-06 13:13:13,2024-12-07 01:08:53,2024-12-08 10:57:46,Abiyán,Ceuta,S,0
ESC-2024-004531,9929338,Tinto Venture I,NAV017,M06,granel_liquido,mixta,Biocombustible,78304.9,0,2024-12-06 19:58:26,2024-12-07 18:03:51,2024-12-08 10:20:11,Nueva York,Lisboa,S,0
ESC-2024-000147,9977737,Marisma Voyager,NAV033,M11,carga_general,mixta,Maquinaria,4880.6,0,2024-12-06 21:59:26,2024-12-06 23:18:36,2024-12-07 17:04:23,Lisboa,Santa Cruz de Tenerife,S,0
ESC-2024-001245,9678460,Southern Spirit V,NAV033,M02,granel_solido,mixta,Pirita,29004.8,0,2024-12-07 00:30:25,2024-12-07 02:25:26,2024-12-09 09:42:54,Lisboa,Casablanca,S,0
ESC-2024-001730,9095888,Estrella Pioneer,NAV010,M03,granel_solido,mixta,Pirita,21965.8,0,2024-12-07 01:19:25,2024-12-07 16:35:32,2024-12-10 02:54:03,Tánger Med,Hamburgo,S,0
ESC-2024-000870,9846483,Southern Horizon III,NAV019,M03,granel_solido,mixta,Pirita,39322200.0,0,2024-12-07 02:45:06,2024-12-07 03:47:53,2024-12-10 06:18:02,Algeciras,Hamburgo,S,0
ESC-2024-003398,9738167,Silver Venture,NAV013,M09,pasajeros,carga,Pasajeros,0.0,0,2024-12-07 06:52:17,2024-12-07 06:53:49,2024-12-07 15:20:36,Algeciras,Algeciras,S,2043
ESC-2024-001959,9634581,Luz Dawn V,NAV017,M05,granel_liquido,descarga,GNL,10685.9,0,2024-12-07 12:35:30,2024-12-07 16:03:44,2024-12-08 18:42:09,Valencia,Houston,S,0
ESC-2024-004191,9434072,Iberian Voyager,NAV015,M01,contenedores,descarga,Contenedores,18929.2,1541,2024-12-07 15:41:27,2024-12-07 20:19:12,2024-12-09 01:40:25,Santos,Valencia,S,0
ESC-2024-000917,9321201,Estrella Voyager,NAV020,M01,contenedores,descarga,Contenedores,11058.0,1203,2024-12-07 16:19:21,2024-12-07 18:03:59,2024-12-08 09:18:13,Funchal,Génova,S,0
ESC-2024-001696,9171371,Ocean Pioneer,NAV025,M03,granel_solido,descarga,Concentrado de cobre,16046.4,0,2024-12-07 16:53:24,2024-12-08 04:19:41,2024-12-09 18:52:44,Génova,Santa Cruz de Tenerife,S,0
ESC-2024-001294,9465057,Costa Pride I,NAV004,M11,carga_general,mixta,Madera,4275.5,0,2024-12-07 17:39:02,2024-12-07 18:33:46,2024-12-09 03:55:39,Dakar,Rotterdam,S,0
ESC-2024-001460,9125293,Nordic Bay,NAV020,M04,granel_liquido,mixta,Gasóleo,34982.2,0,2024-12-07 19:29:52,2024-12-07 22:43:03,2024-12-08 19:01:37,Amberes,Ceuta,S,0
ESC-2024-003323,9063160,Golden Trader,NAV034,M05,granel_liquido,carga,Crudo,19747.1,0,2024-12-08 01:55:29,2024-12-08 06:25:26,2024-12-09 20:06:59,Sines,Ceuta,S,0
ESC-2024-002071,9898084,Marisma Fortune,NAV013,M06,granel_liquido,carga,Gasóleo,78528.9,0,2024-12-08 03:56:02,2024-12-09 00:37:27,2024-12-09 23:52:14,Santa Cruz de Tenerife,Amberes,S,0
ESC-2024-002276,9342255,Blue Fortune II,NAV034,M02,granel_solido,mixta,Concentrado de cobre,26939.9,0,2024-12-08 06:12:47,2024-12-08 08:43:36,2024-12-10 09:50:19,Dakar,Tánger Med,S,0
ESC-2024-004441,9434199,Estrella Pride II,NAV021,M05,granel_liquido,carga,GNL,50901.0,0,2024-12-08 08:08:05,2024-12-08 08:37:51,2024-12-09 14:33:37,Valencia,Lisboa,S,0
ESC-2024-003602,9263394,Odiel Horizon,NAV034,M10,pesca,mixta,Pescado fresco,27.2,0,2024-12-08 08:52:50,2024-12-08 08:53:44,2024-12-08 12:54:46,Santos,Casablanca,S,0
ESC-2024-000216,9994606,Nordic Venture III,NAV037,M02,granel_solido,carga,Fertilizantes,44826.0,0,2024-12-08 08:53:12,2024-12-08 12:06:13,2024-12-11 10:01:16,Las Palmas,Houston,S,0
ESC-2024-002129,9924003,Odiel Mar II,NAV015,M04,granel_liquido,descarga,GNL,28400.2,0,2024-12-08 10:10:11,2024-12-09 03:39:16,2024-12-10 19:30:49,Santos,Amberes,S,0
ESC-2024-000905,9962445,Punta Marina IV,NAV029,M02,granel_solido,mixta,Concentrado de cobre,46577.7,0,2024-12-08 10:51:54,2024-12-09 13:38:09,2024-12-10 13:21:53,Hamburgo,Valencia,S,0
ESC-2024-003215,9426178,Delta Marina II,NAV023,M09,pasajeros,mixta,Pasajeros,0.0,0,2024-12-08 11:17:18,2024-12-08 12:18:52,2024-12-09 01:52:41,Funchal,Nueva York,S,2455
ESC-2024-004610,9030022,Costa Fortune V,NAV007,M10,pesca,mixta,Pescado fresco,47.8,0,2024-12-08 17:26:57,2024-12-08 17:33:06,2024-12-08 23:42:30,Casablanca,Funchal,N,0
ESC-2024-001642,9352119,Aurora Pioneer,NAV024,M06,granel_liquido,mixta,GNL,32065.7,0,2024-12-08 17:49:10,2024-12-08 18:59:58,2024-12-10 07:03:51,Le Havre,Funchal,S,0
ESC-2024-006408,9154933,Iberian Star V,NAV009,M06,granel_liquido,mixta,Productos químicos,54511.3,0,2024-12-08 19:54:17,2024-12-09 01:39:25,2024-12-10 13:02:24,Santos,Nueva York,S,0
ESC-2024-001204,9754288,Marisma Horizon V,NAV026,M04,granel_liquido,descarga,Productos químicos,39013.0,0,2024-12-09 06:06:09,2024-12-09 06:09:17,2024-12-10 08:14:23,Hamburgo,Ceuta,S,0
ESC-2024-005224,9058751,Río Voyager,NAV009,M05,granel_liquido,descarga,GNL,39032.8,0,2024-12-09 06:32:46,2024-12-09 10:15:12,2024-12-10 10:09:43,Dakar,Le Havre,S,0
ESC-2024-001298,9603192,Odiel Spirit,NAV036,M07,ro_ro,carga,Vehículos,17406.3,0,2024-12-09 06:54:56,2024-12-09 09:25:03,2024-12-10 00:37:00,Abiyán,Houston,S,0
ESC-2024-000747,9160126,Río Marina V,NAV008,M04,granel_liquido,carga,Crudo,34495.1,0,2024-12-09 07:02:19,2024-12-10 09:12:03,2024-12-11 01:55:03,Le Havre,Houston,S,0
ESC-2024-004772,9230268,Luz Express,NAV022,M01,contenedores,descarga,Contenedores,5005.2,505,2024-12-09 07:49:19,2024-12-09 10:44:20,2024-12-10 09:50:11,Tánger Med,Abiyán,S,0
ESC-2024-002113,9222869,Aurora Trader,NAV038,M01,contenedores,carga,Contenedores,8193.2,907,2024-12-09 09:56:14,2024-12-09 18:45:18,2024-12-10 20:35:28,Amberes,Valencia,S,0
ESC-2024-004417,9954917,Luz Carrier II,NAV030,M07,ro_ro,descarga,Vehículos,19543500.0,0,2024-12-09 14:14:50,2024-12-09 16:16:19,2024-12-10 04:31:37,Génova,Tánger Med,S,0
ESC-2024-004995,9732890,Tinto Marina,NAV033,M12,granel_liquido,carga,Biocombustible,12210.3,0,2024-12-09 15:13:16,2024-12-09 19:45:51,2024-12-10 18:34:20,Santa Cruz de Tenerife,Le Havre,S,0
ESC-2024-004230,9057915,Blue Spirit,NAV028,M05,granel_liquido,descarga,Biocombustible,31758.9,0,2024-12-09 19:11:23,2024-12-10 02:49:57,2024-12-11 07:55:31,Nueva York,Funchal,S,0
ESC-2024-005063,9626546,Southern Fortune,NAV008,M03,granel_solido,descarga,Fertilizantes,21330.3,0,2024-12-10 03:06:07,2024-12-10 15:24:38,2024-12-12 06:28:11,Génova,Santa Cruz de Tenerife,S,0
ESC-2024-000014,9686780,  TINTO CARRIER V ,NAV039,M03,granel_solido,descarga,Cereal,16282.1,0,2024-12-10 10:20:55,2024-12-10 11:50:18,2024-12-12 04:39:18,Santos,Houston,S,0
ESC-2024-003135,9092329,Tinto Star,NAV017,M03,granel_solido,mixta,Concentrado de cobre,40379.0,0,2024-12-10 14:12:34,2024-12-10 16:04:26,2024-12-13 05:02:10,Le Havre,Amberes,S,0
ESC-2024-000108,9153252,Estrella Carrier,NAV007,M02,granel_solido,carga,Concentrado de cobre,21758.4,0,2024-12-10 16:57:25,2024-12-10 21:04:37,2024-12-11 23:49:05,Casablanca,Funchal,S,0
ESC-2024-002050,9189512,Silver Spirit,NAV028,M03,granel_solido,mixta,Fertilizantes,20463.3,0,2024-12-11 01:13:12,2024-12-11 03:08:36,2024-12-13 10:07:56,Hamburgo,Génova,S,0
ESC-2024-001821,9102112,  DELTA SPIRIT I ,NAV035,M02,granel_solido,carga,Concentrado de cobre,14209.7,0,2024-12-11 03:12:36,2024-12-11 06:12:57,2024-12-13 08:13:15,Santa Cruz de Tenerife,Santa Cruz de Tenerife,S,0
ESC-2024-005601,9425693,Tinto Bay I,NAV002,M08,fruta_refrigerada,descarga,Fruta tropical,7368.2,0,2024-12-11 08:20:55,2024-12-11 08:33:23,2024-12-12 22:23:01,Le Havre,Las Palmas,S,0
ESC-2024-003006,9732890,Tinto Marina,NAV033,M04,granel_liquido,descarga,Crudo,8458.6,0,2024-12-11 09:07:36,2024-12-11 11:47:09,2024-12-12 07:32:39,Ceuta,Tánger Med,S,0
ESC-2024-004698,9634581,  LUZ DAWN V ,NAV017,M04,granel_liquido,carga,Ácido sulfúrico,6453.2,0,2024-12-11 11:40:43,2024-12-11 22:34:29,2024-12-13 09:15:43,Dakar,Sines,S,0
ESC-2024-002025,9287900,Delta Spirit,NAV040,M07,ro_ro,descarga,Semirremolques,12196.2,0,2024-12-11 13:37:33,2024-12-11 15:24:31,2024-12-12 08:29:40,Tánger Med,Nueva York,S,0
ESC-2024-000308,9895927,Cabo Express,NAV032,M04,granel_liquido,mixta,Biocombustible,69057.2,0,2024-12-11 14:59:00,2024-12-11 22:32:25,2024-12-12 18:32:46,Tánger Med,Houston,S,0
ESC-2024-004650,9148130,Odiel Star II,NAV019,M12,granel_liquido,descarga,Ácido sulfúrico,69773.6,0,2024-12-11 16:51:31,2024-12-11 17:48:31,2024-12-13 11:05:59,Dakar,Ceuta,S,0
ESC-2024-004650,9148130,Odiel Star II,NAV019,M12,granel_liquido,descarga,Ácido sulfúrico,69773.6,0,2024-12-11 16:51:31,2024-12-11 17:48:31,2024-12-13 11:05:59,Dakar,Ceuta,S,0
ESC-2024-002867,9142590,Doña Wave,NAV019,M04,granel_liquido,carga,Crudo,23140.3,0,2024-12-11 17:52:55,2024-12-11 20:02:56,2024-12-13 17:11:33,Abiyán,Algeciras,S,0
ESC-2024-006279,9311490,Río Trader IV,NAV033,M10,pesca,descarga,Pescado fresco,34.2,0,2024-12-11 23:04:19,2024-12-11 23:15:05,2024-12-12 06:25:34,Amberes,Tánger Med,S,0
ESC-2024-001796,9395252,Ocean Breeze,NAV013,M05,granel_liquido,descarga,Productos químicos,60759.3,0,2024-12-12 07:30:05,2024-12-12 22:21:54,2024-12-14 17:44:44,Dakar,Abiyán,S,0
ESC-2024-005906,9063160,Golden Trader,NAV034,M04,granel_liquido,carga,Biocombustible,40795.7,0,2024-12-12 08:48:37,2024-12-12 17:44:47,2024-12-13 19:10:57,Algeciras,Génova,S,0
ESC-2024-001436,9536624,Silver Star III,NAV012,M01,contenedores,carga,Contenedores,16117.2,1274,2024-12-12 13:55:48,2024-12-12 17:01:22,2024-12-13 13:32:21,Funchal,Las Palmas,S,0
ESC-2024-002792,9894832,Luz Spirit,NAV008,M06,granel_liquido,carga,GNL,52829.5,0,2024-12-12 15:44:15,2024-12-13 13:11:39,2024-12-14 01:39:27,Génova,Sines,S,0
ESC-2024-004120,9260500,Southern Venture,NAV003,M01,contenedores,carga,Contenedores,13049.5,1445,2024-12-12 16:00:20,2024-12-12 22:30:27,2024-12-13 14:20:32,Valencia,Abiyán,S,0
ESC-2024-001680,9249049,Cabo Trader,NAV001,M08,fruta_refrigerada,mixta,Fruta tropical,9294.4,0,2024-12-12 16:39:24,2024-12-12 18:44:38,2024-12-13 23:03:04,Dakar,Hamburgo,S,0
ESC-2024-004495,9198757,Golden Breeze,NAV032,M10,pesca,descarga,Pescado fresco,68.4,0,2024-12-12 22:12:48,2024-12-12 22:28:37,2024-12-13 00:28:37,Tánger Med,Le Havre,S,0
ESC-2024-001181,9445459,Costa Breeze,NAV018,M02,granel_solido,descarga,Pirita,23553.3,0,2024-12-12 23:31:15,2024-12-13 00:38:11,2024-12-14 05:41:47,Abiyán,Nueva York,S,0
ESC-2024-005180,9997361,Río Voyager III,NAV013,M02,granel_solido,mixta,Clínker,24474.1,0,2024-12-12 23:54:24,2024-12-13 00:37:52,2024-12-17 05:44:33,Las Palmas,Casablanca,S,0
ESC-2024-003542,9105396,Río Dawn,NAV006,M11,carga_general,mixta,Bobinas de acero,14040.0,0,2024-12-13 00:03:38,2024-12-13 14:54:24,2024-12-14 12:00:13,Nueva York,Ceuta,S,0
ESC-2024-003569,9207558,Marisma Spirit III,NAV017,M06,granel_liquido,descarga,Productos químicos,25401.1,0,2024-12-13 03:40:13,2024-12-13 08:58:50,2024-12-14 05:57:11,Valencia,Le Havre,S,0
ESC-2024-005950,9350628,Aurora Express,NAV028,M01,contenedores,carga,Contenedores,7606.1,575,2024-12-13 09:55:15,2024-12-13 11:45:36,2024-12-14 08:03:13,Rotterdam,Hamburgo,S,0
ESC-2024-005291,9102112,Delta Spirit I,NAV035,M03,granel_solido,carga,Pirita,11923.9,0,2024-12-13 12:06:31,2024-12-13 18:08:51,2024-12-15 14:21:59,Casablanca,Hamburgo,S,0
ESC-2024-005670,9977737,Marisma Voyager,NAV033,M11,carga_general,carga,Madera,5176.2,0,2024-12-13 14:23:02,2024-12-13 17:36:46,2024-12-15 09:05:26,Dakar,Rotterdam,S,0
ESC-2024-005329,9536624,Silver Star III,NAV012,M01,contenedores,descarga,Contenedores,15689.3,1726,2024-12-13 17:46:43,2024-12-13 22:10:38,2024-12-14 13:32:35,Lisboa,Santa Cruz de Tenerife,S,0
ESC-2024-005109,9554494,Tinto Wave IV,NAV004,M07,ro_ro,descarga,Vehículos,-16816.8,0,2024-12-13 19:40:46,2024-12-13 22:21:24,2024-12-14 10:02:16,Rotterdam,Le Havre,S,0
ESC-2024-006337,9183415,Blue Horizon II,NAV014,M03,granel_solido,descarga,Pirita,19152.8,0,2024-12-14 00:11:10,2024-12-14 03:20:38,2024-12-15 11:43:14,Le Havre,Nueva York,S,0
ESC-2024-000238,9511143,Cabo Wave II,NAV023,M05,granel_liquido,mixta,Gasóleo,94497.0,0,2024-12-14 00:15:41,2024-12-14 01:48:47,2024-12-15 16:51:26,Ceuta,Ceuta,S,0
ESC-2024-003027,9471769,Ocean Pride,NAV030,M11,carga_general,mixta,Madera,7431.6,0,2024-12-14 00:34:55,14/12/2024 08:48,2024-12-15 08:15:47,Funchal,Hamburgo,S,0
ESC-2024-004168,9063160,Golden Trader,NAV034,M06,granel_liquido,carga,Biocombustible,28130.4,0,2024-12-14 01:08:54,2024-12-14 03:31:59,2024-12-15 18:08:38,Valencia,Dakar,S,0
ESC-2024-000732,9721994,Cabo Pioneer,NAV031,M08,fruta_refrigerada,carga,Fruta tropical,4253.7,0,2024-12-14 02:32:16,2024-12-14 08:29:55,2024-12-15 13:59:36,Ceuta,Dakar,S,0
ESC-2024-004836,9217412,Costa Pride III,NAV014,M06,granel_liquido,carga,GNL,47903.5,0,2024-12-14 03:52:08,2024-12-14 09:04:15,2024-12-15 12:55:07,Santa Cruz de Tenerife,Dakar,S,0
ESC-2024-001716,9550230,Nordic Carrier,NAV011,M11,carga_general,descarga,Madera,3390.8,0,2024-12-14 07:28:46,2024-12-14 11:27:53,2024-12-15 20:35:14,Valencia,Tánger Med,S,0
ESC-2024-005048,9351828,Iberian Spirit,NAV008,M12,granel_liquido,descarga,Ácido sulfúrico,15371.0,0,2024-12-14 10:49:19,2024-12-14 13:55:12,2024-12-15 05:19:05,Valencia,Sines,S,0
ESC-2024-003327,9842700,Cabo Carrier,NAV037,M09,pasajeros,mixta,Pasajeros,0.0,0,2024-12-14 11:47:17,2024-12-14 11:48:17,2024-12-14 22:39:27,Génova,Génova,S,3941
ESC-2024-004192,9634581,Luz Dawn V,NAV017,M04,granel_liquido,descarga,Biocombustible,8511.6,0,2024-12-14 12:08:31,2024-12-14 21:38:51,2024-12-16 11:49:42,Nueva York,Rotterdam,S,0
ESC-2024-000054,9626546,Southern Fortune,NAV008,M02,granel_solido,mixta,Concentrado de cobre,17543.0,0,2024-12-14 12:54:28,2024-12-14 21:02:03,2024-12-16 11:34:33,Casablanca,Tánger Med,S,0
ESC-2024-001161,9473468,Nordic Fortune,NAV029,M10,pesca,descarga,Pescado fresco,27.5,0,2024-12-14 12:54:37,2024-12-14 12:58:33,2024-12-14 18:30:45,Sines,Tánger Med,N,0
ESC-2024-000798,9355367,Delta Navigator I,NAV012,M01,contenedores,carga,Contenedores,12439.8,1265,2024-12-14 13:46:22,2024-12-14 19:35:58,2024-12-16 00:58:56,Algeciras,Santos,S,0
ESC-2024-005606,9367487,Ocean Fortune I,NAV009,M11,carga_general,carga,Maquinaria,5583.4,0,2024-12-14 14:58:19,2024-12-14 17:20:53,2024-12-15 18:25:53,Hamburgo,Casablanca,S,0
ESC-2024-003230,9415882,Southern Star II,NAV016,M02,granel_solido,carga,Pirita,19184.0,0,2024-12-14 21:51:40,2024-12-15 04:56:47,2024-12-17 10:44:09,Dakar,Nueva York,S,0
ESC-2024-005474,9223904,Aurora Bay IV,NAV003,M04,granel_liquido,carga,Crudo,29850.1,0,2024-12-15 01:18:43,15/12/2024 03:08,2024-12-16 06:08:42,Nueva York,Casablanca,S,0
ESC-2024-001043,9445459,Costa Breeze,NAV018,M02,granel_solido,descarga,Pirita,26308.0,0,2024-12-15 01:29:56,2024-12-15 15:36:07,2024-12-17 11:42:48,Casablanca,Tánger Med,S,0
ESC-2024-005932,9116034,Atlantic Fortune III,NAV019,M01,contenedores,carga,Contenedores,10451.4,814,2024-12-15 08:06:40,2024-12-15 08:42:36,2024-12-16 09:32:08,Ceuta,Houston,S,0
ESC-2024-001640,9520261,Nordic Express V,NAV017,M07,ro_ro,descarga,Vehículos,16139.1,0,2024-12-15 10:16:16,2024-12-15 12:23:34,2024-12-15 21:05:02,Santos,Dakar,S,0
ESC-2024-004096,9142590,Doña Wave,NAV019,M12,granel_liquido,descarga,Ácido sulfúrico,23230.8,0,2024-12-15 13:07:08,2024-12-15 14:04:30,2024-12-17 03:32:21,Sines,Santos,S,0
ESC-2024-005260,9415882,Southern Star II,NAV016,M02,granel_solido,descarga,Concentrado de cobre,28914.4,0,2024-12-15 16:45:24,2024-12-15 17:02:51,2024-12-17 17:40:32,Dakar,Lisboa,S,0
ESC-2024-000650,9088330,Southern Fortune I,NAV003,M04,granel_liquido,descarga,Gasóleo,73701.7,0,2024-12-15 16:53:16,2024-12-16 01:33:08,2024-12-17 02:32:07,Las Palmas,Valencia,S,0
ESC-2024-000424,9173824,Doña Star,NAV004,M01,contenedores,mixta,Contenedores,5232.0,437,2024-12-15 17:06:51,2024-12-15 20:50:56,2024-12-16 15:15:42,Funchal,Dakar,S,0
ESC-2024-002723,9411939,Golden Breeze III,NAV010,M07,ro_ro,mixta,Semirremolques,6888.0,0,2024-12-15 19:49:11,2024-12-15 23:28:27,2024-12-16 07:54:22,Lisboa,Dakar,S,0
ESC-2024-000177,9131761,Southern Trader,NAV032,M07,ro_ro,carga,Semirremolques,31911.8,0,2024-12-15 20:08:08,2024-12-15 21:03:00,2024-12-16 08:54:47,Santos,Santa Cruz de Tenerife,S,0
ESC-2024-003506,9465057,Costa Pride I,NAV004,M11,carga_general,descarga,Palés,4552.1,0,2024-12-15 21:55:38,2024-12-16 01:49:02,2024-12-17 04:29:12,Funchal,Santa Cruz de Tenerife,S,0
ESC-2024-006350,9460124,Estrella Bay,NAV021,M08,fruta_refrigerada,descarga,Fresa y frutos rojos,16094.4,0,2024-12-16 00:22:22,2024-12-16 03:28:45,2024-12-17 08:07:58,Las Palmas,Santos,S,0
ESC-2024-002587,9429601,Marisma Spirit IV,NAV040,M02,granel_solido,carga,Pirita,29810.0,0,2024-12-16 01:11:17,2024-12-16 04:07:50,2024-12-18 13:52:20,Rotterdam,Santos,S,0
ESC-2024-004894,9311490,Río Trader IV,NAV033,M10,pesca,mixta,Pescado fresco,77.4,0,2024-12-16 01:51:54,2024-12-16 02:25:55,2024-12-16 10:58:49,Rotterdam,Le Havre,N,0
ESC-2024-001064,9380283,Estrella Dawn IV,NAV029,M05,granel_liquido,descarga,Biocombustible,46169.5,0,2024-12-16 02:09:29,2024-12-16 16:32:06,2024-12-17 12:51:37,Amberes,Valencia,S,0
ESC-2024-005261,9039896,Blue Breeze,NAV036,M04,granel_liquido,mixta,GNL,36136.0,0,2024-12-16 03:14:26,2024-12-16 14:08:48,2024-12-17 16:35:13,Sines,Nueva York,S,0
ESC-2024-002588,9098672,Punta Dawn,NAV035,M04,granel_liquido,descarga,Productos químicos,63138.3,0,2024-12-16 05:14:06,2024-12-16 06:46:06,2024-12-18 07:48:57,Casablanca,Houston,S,0
ESC-2024-001877,9093464,Iberian Sol,NAV004,M12,granel_liquido,descarga,Biocombustible,72169.2,0,2024-12-16 06:33:33,2024-12-16 13:55:50,2024-12-17 23:32:40,Abiyán,Nueva York,S,0
ESC-2024-003048,9397987,Tinto Express,NAV012,M01,contenedores,carga,Contenedores,561.2,50,2024-12-16 09:41:48,2024-12-16 16:07:56,2024-12-17 02:29:07,Hamburgo,Casablanca,S,0
ESC-2024-005362,9625803,Costa Marina,NAV026,M05,granel_liquido,descarga,Ácido sulfúrico,79589.3,0,2024-12-17 02:25:38,2024-12-17 03:43:53,2024-12-18 01:26:26,Sines,Houston,S,0
ESC-2024-003859,9684976,Marisma Sol III,NAV008,M06,granel_liquido,mixta,Productos químicos,22414.5,0,2024-12-17 05:05:57,2024-12-17 15:35:36,2024-12-18 21:28:06,Funchal,Génova,S,0
ESC-2024-001763,9426178,Delta Marina II,NAV023,M09,pasajeros,mixta,Pasajeros,0.0,0,2024-12-17 07:19:54,2024-12-17 07:21:16,2024-12-17 18:34:49,Houston,Funchal,S,3827
ESC-2024-000744,9042219,Marisma Trader,NAV015,M02,granel_solido,mixta,Clínker,16879.0,0,2024-12-17 10:35:29,2024-12-17 16:58:56,2024-12-19 17:36:55,Valencia,Génova,S,0
ESC-2024-002119,9511143,Cabo Wave II,NAV023,M05,granel_liquido,carga,Ácido sulfúrico,92549.1,0,2024-12-17 15:18:09,2024-12-17 23:45:26,2024-12-19 06:23:57,Lisboa,Funchal,S,0
ESC-2024-004931,9118032,Atlantic Horizon,NAV032,M02,granel_solido,carga,Clínker,28345.1,0,2024-12-17 19:04:37,2024-12-18 23:16:02,2024-12-20 07:26:54,Génova,Abiyán,S,0
ESC-2024-002163,9775373,Tinto Bay III,NAV012,M08,fruta_refrigerada,carga,Fresa y frutos rojos,5835.8,0,2024-12-17 21:08:37,2024-12-18 01:36:19,2024-12-18 17:34:23,Lisboa,Dakar,S,0
ESC-2024-002682,9116591,Nordic Marina IV,NAV014,M01,contenedores,carga,Contenedores,8136.8,805,2024-12-17 22:30:45,2024-12-18 03:05:42,2024-12-19 11:25:54,Abiyán,Casablanca,S,0
ESC-2024-005857,9842700,Cabo Carrier,NAV037,M09,pasajeros,carga,Pasajeros,0.0,0,2024-12-17 23:23:49,2024-12-17 23:49:19,2024-12-18 11:58:00,Le Havre,Sines,S,2607
ESC-2024-001124,9745940,Punta Breeze I,NAV027,M06,granel_liquido,carga,Gasóleo,65740.1,0,2024-12-17 23:41:20,2024-12-17 23:42:15,2024-12-19 06:57:48,Funchal,Dakar,S,0
ESC-2024-003410,9089059,Costa Voyager I,NAV035,M02,granel_solido,descarga,Concentrado de cobre,17969.5,0,2024-12-18 10:19:42,2024-12-18 13:11:01,2024-12-21 15:59:30,Ceuta,Santos,S,0
ESC-2024-000591,9451410,Delta Bay,NAV002,,contenedores,mixta,Contenedores,16023.0,1338,2024-12-18 11:52:46,2024-12-18 12:28:43,2024-12-19 09:45:08,Sines,Nueva York,S,0
ESC-2024-004138,9158094,Odiel Dawn,NAV006,M12,granel_liquido,mixta,Biocombustible,29458.3,0,2024-12-18 15:26:20,2024-12-18 18:34:26,2024-12-19 10:34:23,Hamburgo,Ceuta,S,0
ESC-2024-000695,9411939,Golden Breeze III,NAV010,M07,ro_ro,descarga,Vehículos,9008.9,0,2024-12-18 17:01:08,2024-12-18 19:09:33,2024-12-19 08:45:40,Abiyán,Tánger Med,S,0
ESC-2024-001391,9256200,Luz Breeze,NAV009,M06,granel_liquido,mixta,Crudo,57714.6,0,2024-12-18 20:01:15,2024-12-18 23:55:26,2024-12-20 03:03:15,Ceuta,Algeciras,S,0
ESC-2024-002549,9663582,Delta Express IV,NAV026,M07,ro_ro,mixta,Semirremolques,13978.6,0,2024-12-19 01:10:14,2024-12-19 06:47:26,2024-12-19 22:22:49,Abiyán,Casablanca,S,0
ESC-2024-005613,9368390,Doña Spirit IV,NAV003,M01,contenedores,descarga,Contenedores,13655.8,1516,2024-12-19 01:13:37,2024-12-19 04:30:47,2024-12-20 01:15:39,Santos,Génova,S,0
ESC-2024-005613,9368390,Doña Spirit IV,NAV003,M01,contenedores,descarga,Contenedores,13655.8,1516,2024-12-19 01:13:37,2024-12-19 04:30:47,2024-12-20 01:15:39,Santos,Génova,S,0
ESC-2024-002834,9060417,Estrella Venture,NAV025,M06,granel_liquido,descarga,Productos químicos,9517.5,0,2024-12-19 05:33:26,2024-12-19 15:23:49,2024-12-20 04:50:35,Las Palmas,Abiyán,S,0
ESC-2024-003684,9548768,Aurora Trader II,NAV029,M03,granel_solido,descarga,Concentrado de cobre,20648.1,0,2024-12-19 06:28:51,2024-12-19 17:35:42,2024-12-21 05:07:51,Ceuta,Valencia,S,0
ESC-2024-002102,9472995,Blue Trader,NAV028,M02,granel_solido,descarga,Cereal,33686.9,0,2024-12-19 08:04:31,2024-12-19 14:04:10,2024-12-20 20:28:00,Santa Cruz de Tenerife,Santa Cruz de Tenerife,S,0
ESC-2024-002916,9663582,Delta Express IV,NAV026,M07,ro_ro,descarga,Semirremolques,17418.6,0,2024-12-19 11:32:54,2024-12-19 14:33:07,2024-12-20 02:54:19,Génova,Rotterdam,S,0
ESC-2024-001644,9614294,Punta Express,NAV032,M03,granel_solido,descarga,Concentrado de cobre,18962.5,0,2024-12-19 12:19:36,2024-12-19 13:24:57,2024-12-22 04:18:24,Génova,Dakar,S,0
ESC-2024-005711,9990105,Blue Carrier V,NAV035,M02,granel_solido,carga,Fertilizantes,13340.7,0,2024-12-19 12:27:04,2024-12-19 13:53:59,2024-12-20 21:55:58,Valencia,Rotterdam,S,0
ESC-2024-003356,9994606,Nordic Venture III,NAV037,M03,granel_solido,descarga,Fertilizantes,48443.1,0,2024-12-19 14:56:31,2024-12-19 15:35:31,2024-12-21 06:41:23,Hamburgo,Lisboa,S,0
ESC-2024-002377,9484522,Río Wave IV,NAV019,M06,granel_liquido,mixta,Productos químicos,46309.0,0,2024-12-19 16:42:04,2024-12-19 16:44:45,2024-12-20 18:05:01,Casablanca,Hamburgo,S,0
ESC-2024-005597,9912490,Río Pride,NAV037,M08,fruta_refrigerada,carga,Cítricos,11318.9,0,2024-12-20 00:09:28,20/12/2024 00:57,2024-12-20 12:35:43,Abiyán,Le Havre,S,0
ESC-2024-003851,9118238,Doña Glory,NAV006,M02,granel_solido,descarga,Clínker,37157.8,0,2024-12-20 00:34:10,2024-12-20 00:38:00,2024-12-21 21:24:10,Funchal,Dakar,S,0
ESC-2024-001074,9088330,Southern Fortune I,NAV003,M05,granel_liquido,mixta,Crudo,49595.6,0,2024-12-20 07:02:05,2024-12-21 16:37:28,2024-12-22 11:50:33,Dakar,Abiyán,S,0
ESC-2024-005127,9223904,Aurora Bay IV,NAV003,M04,granel_liquido,carga,Gasóleo,26204.0,0,2024-12-20 07:53:23,2024-12-20 23:40:29,2024-12-21 23:35:21,Hamburgo,Rotterdam,S,0
ESC-2024-002972,9126132,Atlantic Venture,NAV018,M04,granel_liquido,carga,Biocombustible,65448.5,0,2024-12-20 08:19:02,2024-12-20 16:29:33,2024-12-21 09:41:35,Casablanca,Ceuta,S,0
ESC-2024-006476,9320221,Tinto Pride,NAV024,M08,fruta_refrigerada,carga,Fruta tropical,10927.6,0,2024-12-20 09:05:31,2024-12-20 10:15:59,2024-12-21 08:52:58,Valencia,Valencia,S,0
ESC-2024-004023,9459424,Luz Fortune IV,NAV028,M07,ro_ro,descarga,Semirremolques,18132.8,0,2024-12-20 14:55:44,2024-12-20 15:57:51,2024-12-21 04:56:23,Algeciras,Santos,S,0
ESC-2024-000740,9227118,Silver Sol,NAV013,M02,granel_solido,descarga,Fertilizantes,42887.3,0,2024-12-20 16:31:06,2024-12-21 17:54:31,2024-12-23 05:11:03,Abiyán,Rotterdam,S,0
ESC-2024-001773,9560857,  TINTO BREEZE ,NAV019,M04,granel_liquido,carga,Ácido sulfúrico,19867.0,0,2024-12-20 16:45:22,2024-12-20 20:22:18,2024-12-22 05:26:24,Santos,Génova,S,0
ESC-2024-005456,9597721,Cabo Navigator,NAV038,M05,granel_liquido,carga,Ácido sulfúrico,34872.1,0,2024-12-20 16:55:07,2024-12-21 00:38:40,2024-12-22 09:38:05,Santa Cruz de Tenerife,Nueva York,S,0
ESC-2024-001849,9380283,Estrella Dawn IV,NAV029,M05,granel_liquido,mixta,Gasóleo,42933.3,0,2024-12-20 17:00:53,2024-12-21 01:50:47,2024-12-22 14:14:40,Abiyán,Génova,S,0
ESC-2024-000853,9311945,Blue Fortune III,NAV037,M10,pesca,carga,Pescado fresco,57.3,0,2024-12-20 19:51:08,2024-12-20 19:52:24,2024-12-21 01:33:37,Dakar,Amberes,S,0
ESC-2024-002768,9544918,Luz Sol,NAV034,M05,granel_liquido,mixta,Crudo,30731.7,0,2024-12-20 19:59:13,2024-12-20 21:39:06,2024-12-21 15:53:27,Abiyán,Amberes,S,0
ESC-2024-005304,9465057,Costa Pride I,NAV004,M11,carga_general,mixta,Maquinaria,5155.5,0,2024-12-20 22:41:41,2024-12-21 01:29:09,2024-12-22 03:15:08,Valencia,Rotterdam,S,0
ESC-2024-001093,9520261,Nordic Express V,NAV017,M07,ro_ro,mixta,Vehículos,22101.9,0,2024-12-21 01:30:32,2024-12-21 01:44:39,2024-12-21 13:49:55,Santa Cruz de Tenerife,Amberes,S,0
ESC-2024-001840,9525699,Marisma Express I,NAV013,M11,carga_general,carga,Maquinaria,4097.0,0,2024-12-21 07:01:45,2024-12-21 10:27:35,2024-12-22 13:26:04,Nueva York,Sines,S,0
ESC-2024-006110,9148104,Marisma Pride,NAV010,M10,pesca,mixta,Pescado fresco,44.0,0,2024-12-21 08:08:04,2024-12-21 08:16:40,2024-12-21 13:55:07,Le Havre,Las Palmas,N,0
ESC-2024-006110,9148104,Marisma Pride,NAV010,M10,pesca,mixta,Pescado fresco,44.0,0,2024-12-21 08:08:04,2024-12-21 08:16:40,2024-12-21 13:55:07,Le Havre,Las Palmas,N,0
ESC-2024-002548,9095888,Estrella Pioneer,NAV010,M02,granel_solido,descarga,Pirita,42684.2,0,2024-12-21 15:36:27,2024-12-21 20:55:38,2024-12-24 06:14:21,Dakar,Las Palmas,S,0
ESC-2024-005500,9514585,Iberian Voyager IV,NAV005,M01,contenedores,descarga,Contenedores,13527.7,974,2024-12-21 15:58:36,2024-12-22 08:43:21,2024-12-23 00:20:06,Casablanca,Rotterdam,S,0
ESC-2024-005381,9643192,Silver Breeze II,NAV013,M03,granel_solido,descarga,Pirita,22782.8,0,2024-12-21 16:46:28,2024-12-22 00:01:42,2024-12-23 10:04:25,Le Havre,Houston,S,0
ESC-2024-002977,9867126,Aurora Wave I,NAV002,M07,ro_ro,descarga,Vehículos,36138.5,0,2024-12-21 16:52:44,2024-12-21 17:31:01,2024-12-22 09:37:40,Casablanca,Santa Cruz de Tenerife,S,0
ESC-2024-003756,9145425,Costa Express,NAV032,M06,granel_liquido,carga,Biocombustible,53717.6,0,2024-12-21 16:57:25,2024-12-22 00:26:41,2024-12-22 17:50:35,Funchal,Dakar,S,0
ESC-2024-005934,9954917,Luz Carrier II,NAV030,M07,ro_ro,carga,Semirremolques,21685.3,0,2024-12-21 18:56:36,2024-12-21 20:52:09,2024-12-22 07:13:54,Tánger Med,Dakar,S,0
ESC-2024-000670,9376153,Río Wave,NAV031,M09,pasajeros,mixta,Pasajeros,0.0,0,2024-12-21 19:19:06,2024-12-21 19:41:43,2024-12-22 05:43:29,Funchal,Abiyán,S,2178
ESC-2024-004486,9416575,Punta Mar,NAV032,M10,pesca,descarga,Pescado fresco,55.8,0,2024-12-22 00:59:27,2024-12-22 01:09:02,2024-12-22 07:57:41,Le Havre,Santa Cruz de Tenerife,S,0
ESC-2024-000328,9311945,Blue Fortune III,NAV037,M10,pesca,carga,Pescado fresco,79.4,0,2024-12-22 01:46:34,2024-12-22 01:49:33,2024-12-22 10:33:39,Algeciras,Santos,N,0
ESC-2024-002441,9633628,Blue Pride,NAV033,M01,contenedores,mixta,Contenedores,9558.4,839,2024-12-22 02:52:10,2024-12-22 03:49:13,2024-12-22 20:56:19,Lisboa,Rotterdam,S,0
ESC-2024-005076,9149469,Río Spirit IV,NAV036,M03,granel_solido,mixta,Clínker,33347.2,0,2024-12-22 04:13:25,2024-12-22 04:20:19,2024-12-23 07:05:52,Algeciras,Algeciras,S,0
ESC-2024-001737,9864447,Iberian Dawn II,NAV008,M02,granel_solido,descarga,Fertilizantes,18578.9,0,2024-12-22 06:13:19,2024-12-22 15:22:42,2024-12-25 14:22:07,Tánger Med,Hamburgo,S,0
ESC-2024-005634,9484132,Costa Pride IV,NAV016,M01,contenedores,mixta,Contenedores,15724.2,1415,2024-12-22 08:37:47,2024-12-22 11:28:44,2024-12-23 09:17:21,Algeciras,Rotterdam,S,0
ESC-2024-001853,9132703,Cabo Breeze,NAV019,M05,granel_liquido,descarga,Gasóleo,44594.0,0,2024-12-22 13:25:54,2024-12-22 19:02:04,2024-12-24 07:44:08,Santa Cruz de Tenerife,Sines,S,0
ESC-2024-001495,9406518,Tinto Voyager,NAV016,M06,granel_liquido,descarga,Crudo,21600.6,0,2024-12-22 20:30:35,2024-12-23 04:28:03,2024-12-24 13:34:32,Nueva York,Santos,S,0
ESC-2024-001713,9395252,Ocean Breeze,NAV013,M04,granel_liquido,mixta,Gasóleo,59680.7,0,2024-12-22 22:02:15,2024-12-23 05:28:22,2024-12-24 21:53:20,Génova,Génova,S,0
ESC-2024-001582,9126766,Silver Voyager,NAV007,M02,granel_solido,descarga,Concentrado de cobre,23624.3,0,2024-12-22 22:39:56,2024-12-23 02:45:26,2024-12-25 12:21:47,Algeciras,Le Havre,S,0
ESC-2024-006152,9195274,Aurora Sol,NAV006,M02,granel_solido,descarga,Fertilizantes,22523.9,0,2024-12-22 23:05:00,2024-12-23 15:58:29,2024-12-24 09:56:51,Casablanca,Ceuta,S,0
ESC-2024-001666,9368223,Iberian Navigator,NAV010,M10,pesca,mixta,Pescado fresco,7.8,0,2024-12-22 23:23:39,2024-12-22 23:53:18,2024-12-23 03:08:03,Casablanca,Génova,N,0
ESC-2024-001219,9936135,Luz Dawn,NAV008,M02,granel_solido,descarga,Fertilizantes,17009.5,0,2024-12-23 00:35:57,2024-12-23 08:22:08,2024-12-26 00:00:31,Las Palmas,Abiyán,S,0
ESC-2024-004000,9230268,Luz Express,NAV022,M01,contenedores,mixta,Contenedores,15460.7,1168,2024-12-23 02:26:16,2024-12-23 07:00:21,2024-12-23 23:11:38,Génova,Amberes,S,0
ESC-2024-006327,9116034,Atlantic Fortune III,NAV019,M01,contenedores,carga,Contenedores,8200300.0,737,2024-12-23 04:10:56,2024-12-24 02:00:53,2024-12-24 15:51:04,Tánger Med,Lisboa,S,0
ESC-2024-000100,9488231,Atlantic Voyager,NAV033,M03,granel_solido,carga,Fertilizantes,12896.5,0,2024-12-23 05:29:03,2024-12-23 06:25:52,2024-12-25 20:49:34,Valencia,Amberes,S,0
ESC-2024-003849,9476367,Nordic Venture,NAV030,M08,fruta_refrigerada,descarga,Fruta tropical,15205.5,0,2024-12-23 05:30:56,2024-12-23 10:02:21,2024-12-24 09:02:48,Lisboa,Le Havre,S,0
ESC-2024-003392,9603219,Aurora Spirit,NAV026,M10,pesca,mixta,Pescado fresco,35.3,0,2024-12-23 14:05:41,2024-12-23 14:05:54,2024-12-23 21:27:17,Hamburgo,Valencia,N,0
ESC-2024-001948,9230268,Luz Express,NAV022,M01,contenedores,mixta,Contenedores,11168.5,829,2024-12-23 23:50:59,2024-12-24 08:00:23,2024-12-25 00:36:08,Rotterdam,Rotterdam,S,0
ESC-2024-004826,9665891,Atlantic Venture IV,NAV032,M10,pesca,descarga,Pescado fresco,54.3,0,2024-12-24 02:04:29,2024-12-24 02:31:00,2024-12-24 09:01:52,Santa Cruz de Tenerife,Algeciras,N,0
ESC-2024-004999,9574614,Aurora Mar V,NAV029,M01,contenedores,mixta,Contenedores,7369.6,727,2024-12-24 03:21:05,2024-12-24 05:19:24,2024-12-24 17:06:57,Valencia,Nueva York,S,0
ESC-2024-000997,9445459,Costa Breeze,NAV018,M03,granel_solido,mixta,Concentrado de cobre,20113.9,0,2024-12-24 05:25:25,2024-12-24 11:54:26,2024-12-26 15:20:37,Tánger Med,Santa Cruz de Tenerife,S,0
ESC-2024-002371,9911094,Golden Carrier I,NAV021,M03,granel_solido,mixta,Pirita,53758.5,0,2024-12-24 09:10:57,2024-12-24 20:01:58,2024-12-26 23:27:46,Las Palmas,Casablanca,S,0
ESC-2024-006308,9771195,Golden Venture I,NAV025,M05,granel_liquido,descarga,Productos químicos,53687.9,0,2024-12-24 13:16:32,2024-12-24 13:55:11,2024-12-26 12:31:41,Rotterdam,Abiyán,S,0
ESC-2024-001186,9521198,Blue Bay III,NAV036,M10,pesca,carga,Pescado fresco,75.2,0,2024-12-24 19:13:18,2024-12-24 19:24:34,2024-12-25 05:01:24,Ceuta,Ceuta,N,0
ESC-2024-004029,9361641,Luz Pride,NAV024,M07,ro_ro,carga,Semirremolques,12265.1,0,2024-12-24 19:44:18,2024-12-24 23:41:26,2024-12-25 09:01:17,Valencia,Dakar,S,0
ESC-2024-001190,9764958,Silver Breeze,NAV040,M07,ro_ro,carga,Semirremolques,19660.8,0,2024-12-24 20:53:18,2024-12-24 22:37:35,2024-12-25 15:54:30,Tánger Med,Rotterdam,S,0
ESC-2024-006401,9952402,Punta Pioneer,NAV032,M10,pesca,carga,Pescado fresco,20.9,0,2024-12-25 00:00:51,2024-12-25 00:13:57,2024-12-25 04:49:42,Lisboa,Tánger Med,N,0
ESC-2024-006084,9426178,Delta Marina II,NAV023,M09,pasajeros,descarga,Pasajeros,0.0,0,2024-12-25 00:23:16,2024-12-25 00:26:19,2024-12-25 09:46:56,Dakar,Lisboa,S,1674
ESC-2024-004842,9765768,Cabo Pride I,NAV007,M05,granel_liquido,mixta,GNL,73551.6,0,2024-12-25 02:10:22,2024-12-25 04:41:11,2024-12-26 15:10:23,Valencia,Las Palmas,S,0
ESC-2024-005124,9159373,Delta Star,NAV005,M01,contenedores,carga,Contenedores,14601.8,1092,2024-12-25 03:36:28,2024-12-25 05:27:22,2024-12-26 06:55:54,Ceuta,Amberes,S,0
ESC-2024-005175,9536624,Silver Star III,NAV012,M01,contenedores,mixta,Contenedores,9635.4,833,2024-12-25 04:08:59,2024-12-25 05:58:08,2024-12-26 08:09:24,Valencia,Houston,S,0
ESC-2024-002052,9203722,Southern Voyager II,NAV034,M01,contenedores,mixta,Contenedores,6670.8,730,2024-12-25 16:33:07,2024-12-25 18:13:52,2024-12-26 12:47:54,Algeciras,Génova,S,0
ESC-2024-005140,9826108,Marisma Carrier,NAV005,M12,granel_liquido,descarga,Gasóleo,14598.9,0,2024-12-25 18:58:51,2024-12-25 22:30:30,2024-12-27 19:18:36,Valencia,Dakar,S,0
ESC-2024-005886,9641912,Ocean Glory,NAV030,M03,granel_solido,carga,Clínker,18227.6,0,2024-12-25 21:15:08,2024-12-26 01:31:17,2024-12-28 20:51:14,Génova,Santa Cruz de Tenerife,S,0
ESC-2024-005045,9276406,Atlantic Dawn,NAV020,M11,carga_general,carga,Maquinaria,10517.5,0,2024-12-26 01:10:18,2024-12-26 02:07:01,2024-12-27 11:54:01,Casablanca,Amberes,S,0
ESC-2024-001674,9276638,Estrella Dawn,NAV008,M10,pesca,carga,Pescado fresco,76.2,0,2024-12-26 02:00:38,2024-12-26 02:01:14,2024-12-26 10:50:28,Houston,Houston,N,0
ESC-2024-005221,9540780,Odiel Trader V,NAV009,M04,granel_liquido,mixta,Biocombustible,34358.0,0,2024-12-26 09:50:46,2024-12-26 18:09:19,2024-12-27 18:56:55,Abiyán,Lisboa,S,0
ESC-2024-004143,9434072,Iberian Voyager,NAV015,M01,contenedores,carga,Contenedores,10307.4,993,2024-12-26 11:20:28,2024-12-27 03:14:39,2024-12-28 09:57:40,Funchal,Sines,S,0
ESC-2024-003111,9911094,Golden Carrier I,NAV021,M03,granel_solido,descarga,Clínker,39414.5,0,2024-12-26 18:06:40,2024-12-27 08:09:00,2024-12-28 14:53:49,Lisboa,Ceuta,S,0
ESC-2024-001985,9536624,Silver Star III,NAV012,M01,contenedores,descarga,Contenedores,6413.8,635,2024-12-27 02:02:38,2024-12-27 13:23:37,2024-12-28 10:24:21,Dakar,Dakar,S,0
ESC-2024-002436,9938640,Estrella Spirit I,NAV002,M11,carga_general,mixta,Bobinas de acero,6809.1,0,2024-12-27 03:12:17,2024-12-27 09:56:05,2024-12-29 05:05:32,Rotterdam,Houston,S,0
ESC-2024-006106,9287900,Delta Spirit,NAV040,M07,ro_ro,descarga,Semirremolques,24109.4,0,2024-12-27 03:29:53,2024-12-27 04:58:54,2024-12-27 21:42:44,Houston,Amberes,S,0
ESC-2024-005068,9878369,Costa Horizon,NAV040,M08,fruta_refrigerada,carga,Fruta tropical,8843.2,0,2024-12-27 04:35:03,2024-12-27 08:43:17,2024-12-28 17:15:59,Ceuta,Sines,S,0
ESC-2024-003424,9654488,Delta Sol,NAV035,M02,granel_solido,mixta,Fertilizantes,32463.8,0,2024-12-27 10:10:00,2024-12-27 12:27:52,2024-12-30 07:32:33,Amberes,Sines,S,0
ESC-2024-002567,9197583,Delta Venture,NAV007,M02,granel_solido,descarga,Cereal,13460.7,0,2024-12-27 10:51:54,2024-12-27 17:20:32,2024-12-31 05:50:38,Dakar,Rotterdam,S,0
ESC-2024-004649,9148130,Odiel Star II,NAV019,M06,granel_liquido,descarga,Ácido sulfúrico,63430.2,0,2024-12-27 20:43:06,2024-12-27 23:15:29,2024-12-29 01:13:15,Santos,Rotterdam,S,0
ESC-2024-003985,9553086,Golden Bay,NAV029,M04,granel_liquido,mixta,Biocombustible,53399.3,0,2024-12-27 22:37:35,2024-12-28 04:07:36,2024-12-29 04:41:25,Abiyán,Casablanca,S,0
ESC-2024-004293,9198757,Golden Breeze,NAV032,M10,pesca,carga,Pescado fresco,13.1,0,2024-12-28 01:42:25,2024-12-28 01:50:22,2024-12-28 08:45:18,Lisboa,Dakar,N,0
ESC-2024-004726,9531090,Iberian Marina,NAV031,M02,granel_solido,mixta,Clínker,14159.6,0,2024-12-28 01:44:03,2024-12-28 08:42:41,2024-12-30 20:40:06,Amberes,Nueva York,S,0
ESC-2024-003503,9829746,Marisma Venture,NAV030,M05,granel_liquido,descarga,Gasóleo,39283.3,0,2024-12-28 02:10:44,2024-12-28 11:19:10,2024-12-29 22:15:25,Rotterdam,Santa Cruz de Tenerife,S,0
ESC-2024-001662,9574614,Aurora Mar V,NAV029,M01,contenedores,mixta,Contenedores,11582.9,1193,2024-12-28 03:16:25,2024-12-28 04:49:23,2024-12-29 00:59:37,Lisboa,Dakar,S,0
ESC-2024-003496,9621766,Delta Trader IV,NAV006,M01,contenedores,mixta,Contenedores,10903.2,1138,2024-12-28 05:29:01,2024-12-28 07:21:10,2024-12-29 06:30:26,Génova,Santos,S,0
ESC-2024-002678,9536624,Silver Star III,NAV012,M01,contenedores,descarga,Contenedores,7623.7,664,2024-12-28 05:47:10,2024-12-28 15:54:46,2024-12-29 13:55:37,Valencia,Génova,S,0
ESC-2024-003870,9351828,Iberian Spirit,NAV008,M06,granel_liquido,descarga,Productos químicos,24883.1,0,2024-12-28 11:03:33,2024-12-29 04:33:36,2024-12-30 05:14:16,Génova,Ceuta,S,0
ESC-2024-006298,9853620,Blue Express,NAV007,M11,carga_general,carga,Madera,9204.3,0,2024-12-28 11:41:55,2024-12-28 21:33:04,2024-12-29 11:12:51,Ceuta,Casablanca,S,0
ESC-2024-000011,9465851,Luz Glory IV,NAV008,M03,granel_solido,carga,Fertilizantes,31808.9,0,2024-12-28 21:50:25,2024-12-29 09:49:15,2024-12-31 20:43:35,Tánger Med,Tánger Med,S,0
ESC-2024-003727,9750165,Golden Navigator,NAV014,M03,granel_solido,descarga,Pirita,17596.9,0,2024-12-28 23:30:35,2024-12-29 11:50:01,2024-12-30 02:32:14,Abiyán,Algeciras,S,0
ESC-2024-003103,9444792,Blue Pride V,NAV012,M01,contenedores,carga,Contenedores,5934.7,522,2024-12-29 00:10:10,2024-12-29 05:12:01,2024-12-30 13:49:46,Nueva York,Nueva York,S,0
ESC-2024-006044,9171371,Ocean Pioneer,NAV025,M02,granel_solido,carga,Clínker,17905300.0,0,2024-12-29 00:43:21,2024-12-29 05:18:01,2025-01-01 11:18:10,Amberes,Algeciras,S,0
ESC-2024-006151,9371919,Southern Pride,NAV034,M11,carga_general,mixta,Palés,4377.8,0,2024-12-29 01:44:26,2024-12-29 05:33:00,2024-12-30 17:07:49,Abiyán,Las Palmas,S,0
ESC-2024-000044,9025699,Iberian Trader I,NAV001,M06,granel_liquido,mixta,Gasóleo,59161.1,0,2024-12-29 03:54:16,2024-12-29 10:43:02,2024-12-30 03:18:07,Génova,Valencia,S,0
ESC-2024-000866,9595216,Southern Breeze I,NAV002,M07,ro_ro,carga,Semirremolques,29697.5,0,2024-12-29 07:50:05,2024-12-29 07:51:16,2024-12-29 17:08:20,Nueva York,Tánger Med,S,0
ESC-2024-004199,9426178,Delta Marina II,NAV023,M09,pasajeros,mixta,Pasajeros,0.0,0,2024-12-29 09:53:49,2024-12-29 09:54:11,2024-12-29 18:46:38,Valencia,Le Havre,S,1668
ESC-2024-006022,9947017,Aurora Breeze,NAV035,M12,granel_liquido,mixta,Biocombustible,76485.3,0,2024-12-29 10:44:57,2024-12-29 16:44:19,2024-12-30 17:58:05,Nueva York,Houston,S,0
ESC-2024-005666,9434199,Estrella Pride II,NAV021,M05,granel_liquido,descarga,Ácido sulfúrico,64338.1,0,2024-12-29 12:01:16,2024-12-29 17:24:14,2024-12-31 12:30:05,Le Havre,Sines,S,0
ESC-2024-005549,9884227,Silver Bay II,NAV035,M10,pesca,carga,Pescado fresco,68.3,0,2024-12-29 12:55:09,2024-12-29 12:59:31,2024-12-29 18:50:45,Funchal,Tánger Med,S,0
ESC-2024-005255,9153252,Estrella Carrier,NAV007,M02,granel_solido,mixta,Concentrado de cobre,18496.6,0,2024-12-29 21:08:37,2024-12-29 22:33:19,2024-12-31 00:06:13,Casablanca,Rotterdam,S,0
ESC-2024-004998,9716602,Iberian Horizon III,NAV038,M11,carga_general,mixta,Madera,4709.3,0,2024-12-29 22:37:11,2024-12-29 23:46:40,2024-12-30 11:55:37,Algeciras,Houston,S,0
ESC-2024-000245,9364722,Aurora Glory II,NAV023,M05,granel_liquido,descarga,Crudo,9388.8,0,2024-12-30 00:23:29,2024-12-31 01:58:24,2024-12-31 18:39:31,Rotterdam,Abiyán,S,0
ESC-2024-000245,9364722,Aurora Glory II,NAV023,M05,granel_liquido,descarga,Crudo,9388.8,0,2024-12-30 00:23:29,2024-12-31 01:58:24,2024-12-31 18:39:31,Rotterdam,Abiyán,S,0
ESC-2024-003191,9260500,Southern Venture,NAV003,M01,contenedores,carga,Contenedores,10269.1,803,2024-12-30 03:16:26,2024-12-30 07:04:47,2024-12-31 06:55:19,Tánger Med,Hamburgo,S,0
ESC-2024-005944,9554494,Tinto Wave IV,NAV004,,ro_ro,descarga,Semirremolques,26966.6,0,2024-12-30 05:19:05,2024-12-30 08:47:28,2024-12-30 17:26:07,Las Palmas,Dakar,S,0
ESC-2024-001261,9114634,Aurora Bay,NAV040,M01,contenedores,mixta,Contenedores,17172.2,1878,2024-12-30 06:47:34,2024-12-30 08:09:16,2024-12-31 10:40:44,Tánger Med,Le Havre,S,0
ESC-2024-001699,9783588,Iberian Star,NAV025,M11,carga_general,mixta,Palés,4269.8,0,2024-12-30 07:00:13,2024-12-30 09:39:33,2025-01-01 08:02:38,Hamburgo,Sines,S,0
ESC-2024-004064,9871880,Costa Sol,NAV028,M12,granel_liquido,carga,Ácido sulfúrico,43267.3,0,2024-12-30 07:12:29,2024-12-30 21:18:12,2025-01-01 02:56:31,Le Havre,Abiyán,S,0
ESC-2024-001779,9434072,Iberian Voyager,NAV015,,contenedores,carga,Contenedores,1402.8,135,2024-12-30 09:39:57,2024-12-30 11:45:05,2024-12-31 14:38:58,Ceuta,Ceuta,S,0
ESC-2024-002679,9716602,Iberian Horizon III,NAV038,M11,carga_general,mixta,Maquinaria,3553.8,0,2024-12-30 14:34:21,2024-12-30 17:53:12,2025-01-01 06:28:37,Rotterdam,Casablanca,S,0
ESC-2024-001429,9442380,Odiel Horizon II,NAV013,M12,granel_liquido,mixta,GNL,87975.4,0,2024-12-30 15:37:43,2024-12-31 01:08:21,2025-01-01 05:55:32,Le Havre,Santos,S,0
ESC-2024-004878,9738167,Silver Venture,NAV013,M09,pasajeros,carga,Pasajeros,0.0,0,2024-12-30 23:57:14,31/12/2024 00:22,2024-12-31 02:23:40,Nueva York,Lisboa,S,3476
ESC-2024-006443,9159373,Delta Star,NAV005,M01,contenedores,carga,Contenedores,10192.2,760,2024-12-31 07:15:10,2024-12-31 09:01:09,2025-01-01 04:52:59,Abiyán,Santos,S,0
ESC-2024-001462,9936135,Luz Dawn,NAV008,M02,granel_solido,descarga,Clínker,29094.8,0,2024-12-31 09:20:42,2024-12-31 19:34:43,2025-01-02 20:37:41,Algeciras,Funchal,S,0
ESC-2024-004752,9445459,Costa Breeze,NAV018,M03,granel_solido,carga,Clínker,29304.7,0,2024-12-31 10:08:26,2024-12-31 13:18:20,2025-01-02 13:23:34,Sines,Dakar,S,0
ESC-2024-004082,9148104,  MARISMA PRIDE ,NAV010,M10,pesca,carga,Pescado fresco,37.9,0,2024-12-31 10:18:31,2024-12-31 10:41:57,2024-12-31 17:42:27,Santa Cruz de Tenerife,Santa Cruz de Tenerife,S,0
ESC-2024-003480,9418834,Costa Navigator V,NAV035,M03,granel_solido,carga,Concentrado de cobre,37306.7,0,2024-12-31 12:06:56,2024-12-31 23:42:22,2025-01-02 21:52:21,Houston,Funchal,S,0
ESC-2024-003784,9148104,Marisma Pride,NAV010,M10,pesca,mixta,Pescado fresco,35.6,0,2024-12-31 13:10:51,2024-12-31 13:17:00,2024-12-31 18:05:22,Casablanca,Santa Cruz de Tenerife,N,0
ESC-2024-000145,9426178,Delta Marina II,NAV023,M09,pasajeros,carga,Pasajeros,0.0,0,2024-12-31 16:33:03,2024-12-31 16:34:42,2025-01-01 01:51:50,Casablanca,Dakar,S,1308
ESC-2024-004644,9395252,Ocean Breeze,NAV013,M12,granel_liquido,mixta,Biocombustible,58435.3,0,2024-12-31 18:03:49,2024-12-31 18:32:07,2025-01-02 06:27:41,Valencia,Dakar,S,0
