id_escala,imo,buque,id_naviera,id_muelle,tipo_trafico,operacion,mercancia,toneladas,teu,eta,ata,atd,origen,destino,practicaje,pasajeros
ESC-2025-004087,9948346,Tinto Sol V,NAV020,M09,pasajeros,carga,Pasajeros,0.0,0,2025-01-01 01:39:36,2025-01-01 02:07:04,2025-01-01 11:48:19,Algeciras,Nueva York,S,1547
ESC-2025-006468,9063160,Golden Trader,NAV034,M06,granel_liquido,descarga,Productos químicos,38943.3,0,2025-01-01 06:29:13,2025-01-01 13:16:59,2025-01-02 04:38:29,Casablanca,Las Palmas,S,0
ESC-2025-002407,9482093,Southern Marina,NAV039,M05,granel_liquido,carga,Biocombustible,25292.8,0,2025-01-01 12:49:54,2025-01-01 13:20:38,2025-01-01 23:15:45,Hamburgo,Ceuta,S,0
ESC-2025-003627,9311490,Río Trader IV,NAV033,M10,pesca,descarga,Pescado fresco,57.7,0,2025-01-01 14:33:38,2025-01-01 14:40:17,2025-01-01 20:58:14,Hamburgo,Amberes,S,0
ESC-2025-000531,9867126,Aurora Wave I,NAV002,M07,ro_ro,descarga,Semirremolques,34378.7,0,2025-01-01 15:01:18,2025-01-01 15:11:45,2025-01-01 21:24:48,Rotterdam,Nueva York,S,0
ESC-2025-000370,9634581,Luz Dawn V,NAV017,M05,granel_liquido,carga,Crudo,8534.8,0,2025-01-01 15:41:50,2025-01-02 00:44:49,2025-01-03 01:47:40,Le Havre,Lisboa,S,0
ESC-2025-004413,9368223,Iberian Navigator,NAV010,M10,pesca,mixta,Pescado fresco,67.6,0,2025-01-02 00:59:34,2025-01-02 01:02:47,2025-01-02 09:16:40,Le Havre,Funchal,N,0
ESC-2025-004571,9782431,Iberian Wave,NAV016,M06,granel_liquido,descarga,Productos químicos,63760.5,0,2025-01-02 01:34:14,2025-01-02 16:12:03,2025-01-04 05:51:55,Génova,Nueva York,S,0
ESC-2025-002053,9511143,Cabo Wave II,NAV023,M06,granel_liquido,carga,Ácido sulfúrico,83649.4,0,2025-01-02 04:56:01,2025-01-02 20:44:07,2025-01-04 03:29:35,Funchal,Santos,S,0
ESC-2025-003216,9522908,Tinto Breeze III,NAV019,M08,fruta_refrigerada,carga,Fresa y frutos rojos,8958.4,0,2025-01-02 05:53:16,2025-01-02 07:06:34,2025-01-02 22:01:01,Rotterdam,Algeciras,S,0
ESC-2025-005229,9355367,Delta Navigator I,NAV012,M01,contenedores,carga,Contenedores,5607.7,483,2025-01-02 08:10:19,2025-01-02 11:32:18,2025-01-03 21:11:09,Hamburgo,Génova,S,0
ESC-2025-000463,9544918,Luz Sol,NAV034,M12,granel_liquido,mixta,Ácido sulfúrico,20975.3,0,2025-01-02 08:45:17,2025-01-02 09:51:55,2025-01-03 13:35:11,Santos,Génova,S,0
ESC-2025-005524,9005211,Cabo Sol II,NAV039,M01,contenedores,mixta,Contenedores,15910.6,1184,2025-01-02 19:24:16,2025-01-02 20:15:50,2025-01-04 05:54:05,Valencia,Dakar,S,0
ESC-2025-000040,9553086,Golden Bay,NAV029,M12,granel_liquido,carga,GNL,64824.7,0,2025-01-02 22:37:18,2025-01-02 23:38:39,2025-01-04 03:06:57,Algeciras,Dakar,S,0
ESC-2025-000729,9207479,Punta Fortune,NAV034,M01,contenedores,carga,Contenedores,7859.0,767,2025-01-02 23:51:57,2025-01-03 14:28:11,2025-01-04 04:59:19,Hamburgo,Nueva York,S,0
ESC-2025-003237,9476367,Nordic Venture,NAV030,M08,fruta_refrigerada,mixta,Fresa y frutos rojos,9685.1,0,2025-01-03 00:56:21,2025-01-03 04:27:31,2025-01-04 11:23:35,Valencia,Casablanca,S,0
ESC-2025-001516,9775373,Tinto Bay III,NAV012,M08,fruta_refrigerada,mixta,Cítricos,4383.7,0,2025-01-03 04:12:19,2025-01-03 04:42:12,2025-01-04 07:18:02,Nueva York,Algeciras,S,0
ESC-2025-001407,9190901,Tinto Wave,NAV017,M11,carga_general,descarga,Madera,8161.9,0,2025-01-03 04:29:25,2025-01-03 05:40:30,2025-01-04 11:13:14,Lisboa,Dakar,S,0
ESC-2025-002336,9371919,Southern Pride,NAV034,M11,carga_general,descarga,Maquinaria,8036.2,0,2025-01-03 04:42:08,2025-01-03 12:16:47,2025-01-05 05:37:35,Dakar,Algeciras,S,0
ESC-2025-003041,9203722,Southern Voyager II,NAV034,M01,contenedores,descarga,Contenedores,9549.3,906,2025-01-03 04:58:06,2025-01-03 08:29:41,2025-01-04 13:37:24,Rotterdam,Sines,S,0
ESC-2025-003041,9203722,Southern Voyager II,NAV034,M01,contenedores,descarga,Contenedores,9549.3,906,2025-01-03 04:58:06,2025-01-03 08:29:41,2025-01-04 13:37:24,Rotterdam,Sines,S,0
ESC-2025-000841,9202039,Luz Navigator,NAV033,M02,granel_solido,mixta,Fertilizantes,33907.4,0,2025-01-03 08:43:22,2025-01-04 01:19:27,2025-01-06 11:01:05,Abiyán,Tánger Med,S,0
ESC-2025-005603,9189512,Silver Spirit,NAV028,M02,granel_solido,mixta,Cereal,21830.6,0,2025-01-03 09:15:29,2025-01-04 02:16:35,2025-01-06 09:59:58,Santa Cruz de Tenerife,Valencia,S,0
ESC-2025-001422,9764958,Silver Breeze,NAV040,M07,ro_ro,descarga,Vehículos,18053.4,0,2025-01-03 12:37:02,2025-01-03 12:43:18,2025-01-03 14:43:18,Lisboa,Houston,S,0
ESC-2025-003551,9556313,Punta Bay,NAV018,M11,carga_general,descarga,Bobinas de acero,5089.4,0,2025-01-03 13:14:57,2025-01-03 14:12:22,2025-01-04 21:11:58,Sines,Valencia,S,0
ESC-2025-001377,9809253,Río Bay,NAV005,M02,granel_solido,descarga,Pirita,22613.2,0,2025-01-03 15:06:29,2025-01-03 15:44:57,2025-01-06 23:15:13,Algeciras,Génova,S,0
ESC-2025-003388,9594248,Costa Fortune,NAV015,M03,granel_solido,carga,Cereal,29373.2,0,2025-01-03 18:16:41,2025-01-04 06:38:24,2025-01-06 17:13:40,Valencia,Hamburgo,S,0
ESC-2025-004573,9465851,Luz Glory IV,NAV008,M02,granel_solido,carga,Fertilizantes,40983.5,0,2025-01-03 22:00:38,2025-01-04 02:23:55,2025-01-06 15:58:56,Santos,Funchal,S,0
ESC-2025-002059,9525699,Marisma Express I,NAV013,M11,carga_general,carga,Madera,5627.9,0,2025-01-04 02:21:29,2025-01-04 12:28:50,2025-01-05 02:13:43,Houston,Nueva York,S,0
ESC-2025-002483,9221920,Silver Bay,NAV020,M04,granel_liquido,descarga,Crudo,28473.3,0,2025-01-04 03:10:53,2025-01-04 09:55:09,2025-01-05 15:28:52,Ceuta,Nueva York,S,0
ESC-2025-000638,9216286,Odiel Voyager,NAV031,M03,granel_solido,carga,Fertilizantes,24251.7,0,2025-01-04 03:13:14,2025-01-04 03:29:52,2025-01-05 16:38:02,Lisboa,Lisboa,S,0
ESC-2025-005287,9494670,Luz Fortune,NAV031,M07,ro_ro,carga,Semirremolques,24947.0,0,2025-01-04 06:14:05,2025-01-04 06:41:14,2025-01-04 14:30:19,Las Palmas,Dakar,S,0
ESC-2025-004541,9392119,Odiel Voyager II,NAV025,M07,ro_ro,carga,Vehículos,27202.2,0,2025-01-04 08:59:53,2025-01-04 09:33:22,2025-01-04 15:52:40,Houston,Santos,S,0
ESC-2025-005621,9443229,Blue Dawn,NAV010,M12,granel_liquido,mixta,Ácido sulfúrico,32993.4,0,2025-01-04 09:18:07,2025-01-04 20:48:47,2025-01-06 01:28:16,Amberes,Génova,S,0
ESC-2025-000577,9148104,Marisma Pride,NAV010,M10,pesca,mixta,Pescado fresco,39.7,0,2025-01-04 11:36:29,2025-01-04 11:38:01,2025-01-04 17:45:53,Las Palmas,Amberes,N,0
ESC-2025-003947,9361914,  CABO MARINA ,NAV037,M03,granel_solido,mixta,Clínker,17336.1,0,2025-01-04 15:33:14,2025-01-04 17:14:17,2025-01-07 00:50:40,Tánger Med,Rotterdam,S,0
ESC-2025-004816,9321201,Estrella Voyager,NAV020,M01,contenedores,descarga,Contenedores,10756.4,1021,2025-01-04 20:26:42,2025-01-05 07:22:47,2025-01-06 08:54:34,Casablanca,Santa Cruz de Tenerife,S,0
ESC-2025-004347,9451410,Delta Bay,NAV002,M01,contenedores,mixta,Contenedores,11317.5,928,2025-01-04 21:46:09,2025-01-04 22:31:25,2025-01-05 23:13:44,Le Havre,Casablanca,S,0
ESC-2025-005829,9089059,Costa Voyager I,NAV035,M02,granel_solido,mixta,Clínker,25678.8,0,2025-01-05 07:49:01,2025-01-05 17:11:53,2025-01-07 13:31:05,Sines,Sines,S,0
ESC-2025-002583,9093464,Iberian Sol,NAV004,M12,granel_liquido,carga,GNL,98747.5,0,2025-01-05 14:44:10,2025-01-05 16:54:42,2025-01-07 09:03:30,Rotterdam,Amberes,S,0
ESC-2025-002665,9296860,Delta Mar III,NAV007,M04,granel_liquido,descarga,Crudo,10026.7,0,2025-01-05 18:22:32,2025-01-05 20:07:16,2025-01-07 04:13:52,Ceuta,Santos,S,0
ESC-2025-000888,9444792,Blue Pride V,NAV012,M01,contenedores,carga,Contenedores,5851.4,592,2025-01-05 20:47:43,2025-01-06 03:58:38,2025-01-06 23:07:20,Amberes,Houston,S,0
ESC-2025-001913,9220328,Odiel Carrier II,NAV022,M02,granel_solido,descarga,Fertilizantes,11422.6,0,2025-01-05 20:53:41,2025-01-06 15:50:59,2025-01-09 07:46:14,Génova,Houston,S,0
ESC-2025-003456,9444792,Blue Pride V,NAV012,M01,contenedores,descarga,Contenedores,12387.4,1242,2025-01-06 01:03:06,2025-01-06 06:44:49,2025-01-07 02:56:15,Ceuta,Las Palmas,S,0
ESC-2025-003428,9296860,Delta Mar III,NAV007,M12,granel_liquido,mixta,GNL,6799.8,0,2025-01-06 04:35:45,2025-01-06 19:28:19,2025-01-08 02:41:51,Lisboa,Algeciras,S,0
ESC-2025-000817,9488736,Aurora Carrier,NAV013,M06,granel_liquido,carga,GNL,47018.8,0,2025-01-06 13:20:50,2025-01-06 13:55:35,2025-01-07 23:00:04,Tánger Med,Tánger Med,S,0
ESC-2025-005778,9521198,Blue Bay III,NAV036,M10,pesca,carga,Pescado fresco,41.3,0,2025-01-06 14:30:53,2025-01-06 14:39:36,2025-01-06 19:31:33,Funchal,Le Havre,S,0
ESC-2025-004228,9342255,Blue Fortune II,NAV034,M03,granel_solido,descarga,Fertilizantes,34035.0,0,2025-01-06 15:50:12,2025-01-06 19:48:30,2025-01-09 06:59:59,Funchal,Le Havre,S,0
ESC-2025-006006,9473468,Nordic Fortune,NAV029,M10,pesca,mixta,Pescado fresco,79.1,0,2025-01-06 18:05:36,2025-01-06 18:08:12,2025-01-07 01:25:13,Le Havre,Sines,S,0
ESC-2025-000530,9614294,Punta Express,NAV032,M03,granel_solido,descarga,Fertilizantes,22936.8,0,2025-01-07 00:50:15,2025-01-07 01:13:53,2025-01-08 07:31:56,Funchal,Sines,S,0
ESC-2025-005834,9216286,Odiel Voyager,NAV031,M03,granel_solido,mixta,Clínker,28689.9,0,2025-01-07 05:48:53,2025-01-07 08:40:55,2025-01-09 18:58:25,Santos,Rotterdam,S,0
ESC-2025-001212,9451410,Delta Bay,NAV002,M01,contenedores,mixta,Contenedores,7773.6,771,2025-01-07 07:34:14,2025-01-07 14:36:28,2025-01-08 02:40:58,Hamburgo,Abiyán,S,0
ESC-2025-005182,9634581,Luz Dawn V,NAV017,M12,granel_liquido,descarga,Ácido sulfúrico,7328.5,0,2025-01-07 13:16:28,2025-01-07 21:30:39,2025-01-08 19:48:27,Houston,Nueva York,S,0
ESC-2025-000313,9311945,Blue Fortune III,NAV037,M10,pesca,mixta,Pescado fresco,36.4,0,2025-01-07 13:30:16,2025-01-07 13:37:40,2025-01-07 18:06:51,Hamburgo,Tánger Med,S,0
ESC-2025-006418,9721994,Cabo Pioneer,NAV031,M08,fruta_refrigerada,mixta,Fresa y frutos rojos,3769.5,0,2025-01-07 14:01:27,2025-01-07 20:06:39,2025-01-08 05:26:50,Abiyán,Le Havre,S,0
ESC-2025-003595,9282584,Atlantic Pioneer,NAV008,M07,ro_ro,carga,Semirremolques,10934.9,0,2025-01-07 16:38:04,2025-01-07 16:51:49,2025-01-08 07:36:38,Casablanca,Nueva York,S,0
ESC-2025-001310,9151711,Delta Trader,NAV018,M08,fruta_refrigerada,descarga,Fresa y frutos rojos,8860.0,0,2025-01-08 03:12:14,2025-01-08 03:50:31,2025-01-09 04:07:44,Rotterdam,Las Palmas,S,0
ESC-2025-005206,9131761,Southern Trader,NAV032,M07,ro_ro,carga,Vehículos,22523.5,0,2025-01-08 10:42:20,2025-01-08 10:57:50,2025-01-08 21:32:18,Santa Cruz de Tenerife,Rotterdam,S,0
ESC-2025-004784,9656321,Punta Trader,NAV012,M05,granel_liquido,carga,Productos químicos,16953.6,0,2025-01-08 11:47:07,2025-01-08 12:57:41,2025-01-09 11:33:58,Nueva York,Ceuta,S,0
ESC-2025-004258,9284635,Nordic Sol IV,NAV017,M03,granel_solido,descarga,Concentrado de cobre,18677.2,0,2025-01-08 13:59:31,2025-01-09 03:20:49,2025-01-11 19:42:03,Nueva York,Valencia,S,0
ESC-2025-000633,9443229,Blue Dawn,NAV010,M05,granel_liquido,carga,Crudo,48134300.0,0,2025-01-08 14:50:36,2025-01-08 21:07:56,2025-01-10 00:57:54,Hamburgo,Houston,S,0
ESC-2025-001413,9198757,Golden Breeze,NAV032,M10,pesca,mixta,Pescado fresco,28.3,0,2025-01-08 14:52:20,2025-01-08 15:05:01,2025-01-08 18:52:20,Lisboa,Rotterdam,N,0
ESC-2025-005053,9678460,Southern Spirit V,NAV033,M02,granel_solido,mixta,Fertilizantes,33623.6,0,2025-01-08 22:20:03,2025-01-08 23:41:17,2025-01-10 03:39:57,Tánger Med,Sines,S,0
ESC-2025-005053,9678460,Southern Spirit V,NAV033,M02,granel_solido,mixta,Fertilizantes,33623.6,0,2025-01-08 22:20:03,2025-01-08 23:41:17,2025-01-10 03:39:57,Tánger Med,Sines,S,0
ESC-2025-000969,9495507,Costa Bay,NAV040,M01,contenedores,mixta,Contenedores,20832.9,1563,2025-01-08 22:36:38,2025-01-09 02:15:18,2025-01-09 15:32:12,Hamburgo,Valencia,S,0
ESC-2025-005280,9126766,Silver Voyager,NAV007,M03,granel_solido,mixta,Clínker,24862.5,0,2025-01-09 00:21:59,2025-01-09 22:54:59,2025-01-11 05:40:35,Amberes,Ceuta,S,0
ESC-2025-006100,9548768,Aurora Trader II,NAV029,M03,granel_solido,descarga,Clínker,22272.6,0,2025-01-09 00:43:49,2025-01-09 06:58:55,2025-01-10 20:27:24,Sines,Sines,S,0
ESC-2025-002484,9355367,Delta Navigator I,NAV012,M01,contenedores,carga,Contenedores,14223.3,1234,2025-01-09 19:50:51,2025-01-09 21:03:30,2025-01-11 03:24:30,Rotterdam,Dakar,S,0
ESC-2025-003449,9997361,Río Voyager III,NAV013,M02,granel_solido,descarga,Pirita,28934.1,0,2025-01-10 11:05:48,2025-01-10 16:57:17,2025-01-12 01:12:52,Sines,Lisboa,S,0
ESC-2025-006218,9537977,Luz Voyager V,NAV002,M03,granel_solido,descarga,Fertilizantes,46074.9,0,2025-01-10 11:16:37,2025-01-11 04:18:20,2025-01-11 23:20:15,Tánger Med,Valencia,S,0
ESC-2025-000906,9898084,Marisma Fortune,NAV013,M04,granel_liquido,mixta,Productos químicos,59312.3,0,2025-01-10 21:30:50,2025-01-10 23:34:38,2025-01-12 13:24:37,Génova,Abiyán,S,0
ESC-2025-002304,9754288,Marisma Horizon V,NAV026,M06,granel_liquido,carga,GNL,33945.9,0,2025-01-11 10:15:06,2025-01-11 12:23:56,2025-01-12 16:57:34,Casablanca,Abiyán,S,0
ESC-2025-005218,9160126,Río Marina V,NAV008,M12,granel_liquido,descarga,Ácido sulfúrico,28934.0,0,2025-01-11 15:13:17,2025-01-11 15:14:03,2025-01-13 00:16:00,Santos,Valencia,S,0
ESC-2025-002301,9948346,Tinto Sol V,NAV020,M09,pasajeros,descarga,Pasajeros,0.0,0,2025-01-11 15:56:02,2025-01-11 16:02:21,2025-01-11 23:18:30,Funchal,Génova,S,3051
ESC-2025-002325,9884227,Silver Bay II,NAV035,,pesca,mixta,Pescado fresco,33.5,0,2025-01-11 18:27:55,2025-01-11 18:38:59,2025-01-12 00:25:35,Abiyán,Ceuta,N,0
ESC-2025-000428,9296860,Delta Mar III,NAV007,M06,granel_liquido,carga,Crudo,9658.8,0,2025-01-11 19:50:16,2025-01-11 21:57:37,2025-01-13 22:09:50,Santa Cruz de Tenerife,Sines,S,0
ESC-2025-000303,9368390,Doña Spirit IV,NAV003,M01,contenedores,descarga,Contenedores,10771.6,821,2025-01-11 21:57:14,2025-01-11 23:51:45,2025-01-12 13:02:26,Hamburgo,Valencia,S,0
ESC-2025-004783,9484132,Costa Pride IV,NAV016,M01,contenedores,carga,Contenedores,8877.5,934,2025-01-11 23:20:05,2025-01-12 07:14:53,2025-01-13 05:10:34,Rotterdam,Nueva York,S,0
ESC-2025-000737,9068720,Silver Venture II,NAV030,M10,pesca,mixta,Pescado fresco,6.7,0,2025-01-12 10:22:36,2025-01-12 10:57:41,2025-01-12 17:41:05,Hamburgo,Dakar,S,0
ESC-2025-005674,9796822,Odiel Navigator,NAV022,M06,granel_liquido,descarga,Productos químicos,53280.4,0,2025-01-12 13:09:49,2025-01-12 21:17:00,2025-01-13 23:06:41,Santa Cruz de Tenerife,Sines,S,0
ESC-2025-003842,9556143,Southern Mar,NAV028,M11,carga_general,carga,Madera,7712.6,0,2025-01-12 15:12:23,2025-01-12 17:39:53,2025-01-14 01:19:16,Nueva York,Ceuta,S,0
ESC-2025-000757,9948346,Tinto Sol V,NAV020,M09,pasajeros,carga,Pasajeros,0.0,0,2025-01-12 16:27:27,2025-01-12 16:46:54,2025-01-12 23:46:39,Sines,Hamburgo,S,2620
ESC-2025-001530,9938640,Estrella Spirit I,NAV002,M11,carga_general,mixta,Maquinaria,9990.9,0,2025-01-12 22:35:47,2025-01-13 11:17:02,2025-01-14 13:52:01,Las Palmas,Le Havre,S,0
ESC-2025-003752,9826809,Delta Voyager,NAV034,M12,granel_liquido,mixta,GNL,51337.5,0,2025-01-12 23:54:39,2025-01-13 00:12:17,2025-01-13 21:20:05,Ceuta,Amberes,S,0
ESC-2025-001748,9544918,Luz Sol,NAV034,M06,granel_liquido,carga,Gasóleo,31754.8,0,2025-01-13 04:11:24,2025-01-13 08:58:44,2025-01-14 16:50:49,Dakar,Valencia,S,0
ESC-2025-002021,9842700,Cabo Carrier,NAV037,M09,pasajeros,mixta,Pasajeros,0.0,0,2025-01-13 08:52:47,2025-01-13 09:20:12,2025-01-13 23:25:46,Santos,Ceuta,S,2201
ESC-2025-004405,9520261,Nordic Express V,NAV017,M07,ro_ro,carga,Semirremolques,17456.3,0,2025-01-13 09:06:46,2025-01-13 13:04:42,2025-01-14 07:42:44,Ceuta,Houston,S,0
ESC-2025-002879,9626546,Southern Fortune,NAV008,M02,granel_solido,descarga,Pirita,15157.3,0,2025-01-13 11:09:10,13/01/2025 16:54,2025-01-16 06:33:10,Nueva York,Casablanca,S,0
ESC-2025-004147,9197583,Delta Venture,NAV007,M02,granel_solido,descarga,Clínker,19683.1,0,2025-01-13 15:50:53,2025-01-13 17:57:45,2025-01-15 09:25:29,Houston,Nueva York,S,0
ESC-2025-004201,9368223,Iberian Navigator,NAV010,M10,pesca,carga,Pescado fresco,79.5,0,2025-01-13 19:23:23,2025-01-13 19:39:02,2025-01-14 02:00:26,Casablanca,Casablanca,S,0
ESC-2025-002440,9154933,Iberian Star V,NAV009,M12,granel_liquido,carga,GNL,-40786.7,0,2025-01-13 23:50:28,2025-01-14 03:13:00,2025-01-15 16:35:26,Algeciras,Funchal,S,0
ESC-2025-001489,9595216,Southern Breeze I,NAV002,M07,ro_ro,descarga,Semirremolques,20201.9,0,2025-01-14 00:13:53,2025-01-14 00:45:21,2025-01-14 13:07:13,Ceuta,Valencia,S,0
ESC-2025-002805,9435818,Estrella Breeze,NAV033,M01,contenedores,mixta,Contenedores,11899.5,960,2025-01-14 03:35:05,2025-01-14 08:24:05,2025-01-14 21:08:18,Abiyán,Houston,S,0
ESC-2025-001637,9654488,Delta Sol,NAV035,M03,granel_solido,carga,Pirita,43837.5,0,2025-01-14 07:03:38,2025-01-14 23:23:44,2025-01-15 12:57:02,Génova,Hamburgo,S,0
ESC-2025-003993,9655248,Southern Pioneer I,NAV017,M06,granel_liquido,descarga,Ácido sulfúrico,12351.0,0,2025-01-14 13:33:53,2025-01-14 23:24:44,2025-01-16 17:04:41,Las Palmas,Funchal,S,0
ESC-2025-005253,9826108,Marisma Carrier,NAV005,M06,granel_liquido,descarga,Gasóleo,15718.4,0,2025-01-14 20:46:39,2025-01-14 21:27:12,2025-01-15 07:30:42,Rotterdam,Abiyán,S,0
ESC-2025-004923,9643192,Silver Breeze II,NAV013,M02,granel_solido,mixta,Fertilizantes,30733.3,0,2025-01-15 00:00:37,2025-01-15 04:49:26,2025-01-16 12:37:44,Lisboa,Ceuta,S,0
ESC-2025-002380,9540780,Odiel Trader V,NAV009,M12,granel_liquido,descarga,GNL,16801.7,0,2025-01-15 01:15:42,2025-01-15 13:52:31,2025-01-16 13:01:51,Hamburgo,Lisboa,S,0
ESC-2025-005793,9962445,Punta Marina IV,NAV029,M03,granel_solido,descarga,Concentrado de cobre,34140.4,0,2025-01-15 01:50:31,2025-01-15 05:33:03,2025-01-17 02:59:04,Sines,Valencia,S,0
ESC-2025-002537,9459709,Río Marina,NAV024,M06,granel_liquido,mixta,GNL,26431.6,0,2025-01-15 03:22:04,2025-01-15 13:24:05,2025-01-16 10:55:09,Lisboa,Rotterdam,S,0
ESC-2025-003337,9199622,Costa Pride,NAV033,M11,carga_general,mixta,Palés,5686.3,0,2025-01-15 04:27:16,2025-01-15 05:40:36,2025-01-15 23:37:17,Tánger Med,Houston,S,0
ESC-2025-002876,9361914,Cabo Marina,NAV037,M03,granel_solido,descarga,Cereal,21178.1,0,2025-01-15 06:37:17,2025-01-15 18:31:46,2025-01-18 04:12:30,Abiyán,Génova,S,0
ESC-2025-004679,9207558,Marisma Spirit III,NAV017,M12,granel_liquido,descarga,Gasóleo,17093.3,0,2025-01-15 06:49:55,2025-01-15 22:27:37,2025-01-17 02:28:14,Valencia,Valencia,S,0
ESC-2025-000720,9484132,Costa Pride IV,NAV016,M01,contenedores,carga,Contenedores,12091.1,953,2025-01-15 07:52:29,2025-01-15 09:47:31,2025-01-16 19:03:09,Abiyán,Santa Cruz de Tenerife,S,0
ESC-2025-001340,9826108,Marisma Carrier,NAV005,M04,granel_liquido,carga,Gasóleo,10603.3,0,2025-01-15 14:48:10,2025-01-15 17:34:02,2025-01-17 14:02:53,Dakar,Amberes,S,0
ESC-2025-002518,9444792,Blue Pride V,NAV012,M01,contenedores,carga,Contenedores,5011.8,498,2025-01-15 15:48:36,2025-01-16 07:07:52,2025-01-17 02:17:11,Nueva York,Santos,S,0
ESC-2025-003330,9661716,Aurora Horizon,NAV002,M05,granel_liquido,descarga,GNL,33154700.0,0,2025-01-15 19:00:30,2025-01-16 02:33:51,2025-01-17 01:50:32,Amberes,Houston,S,0
ESC-2025-005231,9202039,Luz Navigator,NAV033,M02,granel_solido,mixta,Pirita,32361.5,0,2025-01-15 19:47:43,2025-01-16 04:18:44,2025-01-17 22:01:31,Tánger Med,Houston,S,0
ESC-2025-000558,9272931,Southern Pioneer,NAV020,M02,granel_solido,mixta,Fertilizantes,33308.5,0,2025-01-16 01:36:37,2025-01-16 01:57:38,2025-01-17 06:37:27,Amberes,Hamburgo,S,0
ESC-2025-006119,9405186,Tinto Star II,NAV037,M01,contenedores,mixta,Contenedores,10721.9,1011,2025-01-16 05:04:54,2025-01-16 17:10:08,2025-01-17 04:13:53,Génova,Génova,S,0
ESC-2025-006166,9783588,Iberian Star,NAV025,M11,carga_general,carga,Madera,3275.1,0,2025-01-16 06:16:54,2025-01-16 21:37:27,2025-01-17 23:10:15,Rotterdam,Rotterdam,S,0
ESC-2025-002566,9387047,Doña Breeze III,NAV001,M03,granel_solido,descarga,Pirita,17892.7,0,2025-01-16 14:33:03,2025-01-17 20:03:16,2025-01-20 14:13:45,Génova,Houston,S,0
ESC-2025-003682,9857640,Silver Navigator I,NAV009,M06,granel_liquido,carga,Productos químicos,23388.1,0,2025-01-16 15:09:51,2025-01-16 19:05:29,2025-01-17 15:26:52,Rotterdam,Le Havre,S,0
ESC-2025-006463,9465851,Luz Glory IV,NAV008,M02,granel_solido,carga,Concentrado de cobre,21749.3,0,2025-01-16 18:46:06,2025-01-16 20:47:06,2025-01-18 17:56:03,Amberes,Tánger Med,S,0
ESC-2025-003840,9736327,Iberian Dawn,NAV033,M02,granel_solido,carga,Pirita,24974.7,0,2025-01-16 20:23:12,2025-01-17 02:07:58,2025-01-18 08:51:10,Le Havre,Ceuta,S,0
ESC-2025-005927,9331919,Costa Wave,NAV027,M01,contenedores,carga,Contenedores,9418.9,821,2025-01-17 00:52:10,2025-01-17 09:00:47,2025-01-18 11:18:56,Nueva York,Valencia,S,0
ESC-2025-002758,9195274,  AURORA SOL ,NAV006,M02,granel_solido,mixta,Fertilizantes,37669.4,0,2025-01-17 00:57:58,2025-01-17 12:20:37,2025-01-20 03:45:11,Hamburgo,Dakar,S,0
ESC-2025-000548,9500467,Odiel Marina,NAV034,M08,fruta_refrigerada,mixta,Cítricos,9741.6,0,2025-01-17 08:49:49,2025-01-17 10:19:16,2025-01-18 18:13:26,Funchal,Houston,S,0
ESC-2025-005625,9435818,Estrella Breeze,NAV033,M01,contenedores,mixta,Contenedores,5022.5,535,2025-01-17 08:55:50,2025-01-17 12:10:28,2025-01-18 15:02:14,Casablanca,Tánger Med,S,0
ESC-2025-005371,9922976,Río Horizon II,NAV034,M12,granel_liquido,carga,GNL,36477.7,0,2025-01-17 10:00:34,2025-01-17 11:33:42,2025-01-18 07:07:14,Funchal,Amberes,S,0
ESC-2025-001857,9663582,Delta Express IV,NAV026,M07,ro_ro,carga,Semirremolques,24556.2,0,2025-01-17 18:04:09,2025-01-17 22:13:47,2025-01-18 11:06:57,Houston,Rotterdam,S,0
ESC-2025-003478,9434072,Iberian Voyager,NAV015,M01,contenedores,descarga,Contenedores,8077.7,888,2025-01-17 18:27:48,2025-01-18 16:16:44,2025-01-19 05:55:31,Abiyán,Le Havre,S,0
ESC-2025-002504,9829746,Marisma Venture,NAV030,M06,granel_liquido,carga,Biocombustible,46213.7,0,2025-01-17 21:49:20,2025-01-18 07:38:36,2025-01-19 11:25:25,Génova,Amberes,S,0
ESC-2025-005302,9202039,Luz Navigator,NAV033,M02,granel_solido,descarga,Concentrado de cobre,16644.1,0,2025-01-18 00:55:44,2025-01-18 09:15:14,2025-01-20 05:20:17,Santos,Santa Cruz de Tenerife,S,0
ESC-2025-004036,9434072,Iberian Voyager,NAV015,M01,contenedores,carga,Contenedores,10946.3,1162,2025-01-18 03:00:00,2025-01-18 07:00:21,2025-01-19 01:45:28,Santa Cruz de Tenerife,Amberes,S,0
ESC-2025-005826,9750165,Golden Navigator,NAV014,M03,granel_solido,mixta,Concentrado de cobre,11330.4,0,2025-01-18 05:00:22,2025-01-18 08:42:54,2025-01-20 13:17:28,Las Palmas,Houston,S,0
ESC-2025-004794,9655248,Southern Pioneer I,NAV017,M12,granel_liquido,descarga,GNL,16532.1,0,2025-01-18 09:28:12,2025-01-18 17:51:08,2025-01-19 15:59:08,Hamburgo,Santa Cruz de Tenerife,S,0
ESC-2025-005379,9423853,Odiel Pioneer,NAV028,M05,granel_liquido,descarga,Biocombustible,17132.4,0,2025-01-18 10:57:25,2025-01-18 15:37:15,2025-01-18 17:37:15,Génova,Sines,S,0
ESC-2025-001513,9221920,Silver Bay,NAV020,M05,granel_liquido,descarga,Ácido sulfúrico,22436.2,0,2025-01-18 16:48:58,2025-01-19 07:34:13,2025-01-20 10:08:10,Le Havre,Funchal,S,0
ESC-2025-004238,9118238,Doña Glory,NAV006,M03,granel_solido,carga,Fertilizantes,30970.7,0,2025-01-18 20:27:52,2025-01-18 20:52:33,2025-01-21 15:25:14,Sines,Santa Cruz de Tenerife,S,0
ESC-2025-005137,9089059,Costa Voyager I,NAV035,M02,granel_solido,descarga,Clínker,29722.4,0,2025-01-19 00:47:34,2025-01-19 02:29:43,2025-01-20 06:38:20,Le Havre,Amberes,S,0
ESC-2025-000143,9272931,Southern Pioneer,NAV020,M03,granel_solido,mixta,Fertilizantes,38366.3,0,2025-01-19 02:07:03,2025-01-19 15:47:45,2025-01-21 07:20:58,Génova,Dakar,S,0
ESC-2025-002796,9488231,Atlantic Voyager,NAV033,M02,granel_solido,carga,Concentrado de cobre,14795.6,0,2025-01-19 06:26:56,2025-01-20 23:55:34,2025-01-23 01:46:47,Le Havre,Funchal,S,0
ESC-2025-006212,9745940,Punta Breeze I,NAV027,M05,granel_liquido,mixta,Gasóleo,40856.2,0,2025-01-19 10:47:02,2025-01-19 11:46:22,2025-01-20 12:00:33,Houston,Tánger Med,S,0
ESC-2025-001262,9444091,Nordic Dawn,NAV005,M06,granel_liquido,carga,Biocombustible,24062.4,0,2025-01-19 11:37:22,2025-01-19 16:36:42,2025-01-20 16:35:10,Le Havre,Algeciras,S,0
ESC-2025-001150,9060417,Estrella Venture,NAV025,M04,granel_liquido,carga,Gasóleo,6946.8,0,2025-01-19 16:32:55,2025-01-20 01:55:31,2025-01-22 00:38:33,Génova,Nueva York,S,0
ESC-2025-003467,9157973,Southern Bay,NAV004,M04,granel_liquido,carga,Productos químicos,30124.2,0,2025-01-19 16:46:20,2025-01-19 17:09:09,2025-01-21 16:34:58,Funchal,Tánger Med,S,0
ESC-2025-006217,9105396,Río Dawn,NAV006,M11,carga_general,mixta,Bobinas de acero,8215.6,0,2025-01-19 21:18:52,2025-01-20 03:31:47,2025-01-21 21:18:08,Rotterdam,Génova,S,0
ESC-2025-001766,9122916,Silver Breeze III,NAV040,M04,granel_liquido,mixta,Crudo,77720.2,0,2025-01-20 02:15:34,2025-01-20 13:07:44,2025-01-21 16:44:04,Abiyán,Amberes,S,0
ESC-2025-000111,9503445,Ocean Mar,NAV034,M05,granel_liquido,mixta,GNL,63159.1,0,2025-01-20 08:28:21,2025-01-21 00:57:24,2025-01-22 15:41:22,Amberes,Lisboa,S,0
ESC-2025-005727,9845685,Costa Fortune IV,NAV037,M11,carga_general,mixta,Madera,12214.5,0,2025-01-20 17:05:08,2025-01-20 23:35:42,2025-01-21 22:21:50,Hamburgo,Le Havre,S,0
ESC-2025-006352,9806017,Río Star,NAV027,M01,contenedores,descarga,Contenedores,10844.8,872,2025-01-20 19:16:49,2025-01-20 21:55:11,2025-01-22 03:41:50,Funchal,Santa Cruz de Tenerife,S,0
ESC-2025-003020,9643192,Silver Breeze II,NAV013,M03,granel_solido,descarga,Cereal,18223.7,0,2025-01-20 20:31:30,2025-01-21 00:51:50,2025-01-22 20:38:41,Houston,Le Havre,S,0
ESC-2025-005461,9406518,Tinto Voyager,NAV016,M12,granel_liquido,carga,Ácido sulfúrico,27744.5,0,2025-01-21 04:14:24,2025-01-21 14:15:53,2025-01-22 16:20:19,Valencia,Génova,S,0
ESC-2025-006247,9005211,Cabo Sol II,NAV039,M01,contenedores,mixta,Contenedores,8749.8,634,2025-01-21 07:35:22,21/01/2025 13:18,2025-01-22 08:39:26,Santa Cruz de Tenerife,Houston,S,0
ESC-2025-005577,9202039,Luz Navigator,NAV033,M03,granel_solido,descarga,Concentrado de cobre,28203.8,0,2025-01-21 07:37:36,2025-01-21 12:11:02,2025-01-22 18:49:04,Abiyán,Dakar,S,0
ESC-2025-004204,9957799,Río Sol,NAV006,M04,granel_liquido,descarga,Ácido sulfúrico,47314.8,0,2025-01-21 09:36:26,2025-01-21 23:08:48,2025-01-23 11:00:36,Tánger Med,Abiyán,S,0
ESC-2025-002764,9183415,Blue Horizon II,NAV014,M03,granel_solido,descarga,Fertilizantes,27584.8,0,2025-01-21 10:21:56,2025-01-21 18:41:21,2025-01-22 13:02:43,Nueva York,Houston,S,0
ESC-2025-002585,9321201,Estrella Voyager,NAV020,M01,contenedores,mixta,Contenedores,7726.6,698,2025-01-21 18:13:02,2025-01-21 18:25:12,2025-01-22 13:07:04,Dakar,Funchal,S,0
ESC-2025-003953,9157973,Southern Bay,NAV004,M06,granel_liquido,mixta,Productos químicos,30904.1,0,2025-01-22 07:26:16,2025-01-22 08:43:16,2025-01-23 11:23:36,Las Palmas,Santos,S,0
ESC-2025-004095,9445459,Costa Breeze,NAV018,M02,granel_solido,mixta,Pirita,28057.6,0,2025-01-22 08:28:28,2025-01-22 10:54:03,2025-01-24 12:25:49,Valencia,Amberes,S,0
ESC-2025-005377,9503445,Ocean Mar,NAV034,M04,granel_liquido,carga,Gasóleo,66328.8,0,2025-01-22 11:13:21,2025-01-22 20:20:52,2025-01-24 15:05:13,Amberes,Las Palmas,S,0
ESC-2025-004248,9133135,Punta Star III,NAV004,M06,granel_liquido,carga,GNL,25785.8,0,2025-01-22 13:45:27,2025-01-22 16:40:50,2025-01-23 22:14:17,Sines,Rotterdam,S,0
ESC-2025-000257,9782431,Iberian Wave,NAV016,M06,granel_liquido,mixta,Biocombustible,40042.1,0,2025-01-22 22:49:44,2025-01-23 03:42:15,2025-01-24 08:01:35,Nueva York,Amberes,S,0
ESC-2025-000836,9495507,Costa Bay,NAV040,M01,contenedores,mixta,Contenedores,14314.2,1128,2025-01-22 23:19:39,2025-01-23 02:46:22,2025-01-24 05:05:14,Santos,Santos,S,0
ESC-2025-005420,9429601,Marisma Spirit IV,NAV040,M02,granel_solido,descarga,Cereal,17613.1,0,2025-01-23 05:14:06,2025-01-23 23:13:49,2025-01-25 09:49:58,Ceuta,Nueva York,S,0
ESC-2025-003778,9556143,Southern Mar,NAV028,M11,carga_general,descarga,Bobinas de acero,7095.9,0,2025-01-23 14:29:09,2025-01-23 21:05:26,2025-01-24 21:05:14,Amberes,Houston,S,0
ESC-2025-004996,9017721,Delta Dawn,NAV030,M10,pesca,descarga,Pescado fresco,20.0,0,2025-01-23 16:31:37,2025-01-23 16:33:12,2025-01-24 00:01:19,Le Havre,Rotterdam,S,0
ESC-2025-000875,9634581,Luz Dawn V,NAV017,M04,granel_liquido,mixta,Productos químicos,5684.9,0,2025-01-23 18:58:27,2025-01-24 00:31:39,2025-01-24 20:41:54,Funchal,Nueva York,S,0
ESC-2025-004785,9507843,Iberian Express,NAV018,M11,carga_general,descarga,Madera,9010.6,0,2025-01-23 20:44:26,2025-01-23 22:08:54,2025-01-24 22:28:40,Ceuta,Amberes,S,0
ESC-2025-002712,9415882,Southern Star II,NAV016,M02,granel_solido,mixta,Cereal,29419.3,0,2025-01-23 20:45:33,2025-01-24 01:44:20,2025-01-26 10:02:38,Rotterdam,Le Havre,S,0
ESC-2025-006196,9948346,Tinto Sol V,NAV020,M09,pasajeros,carga,Pasajeros,0.0,0,2025-01-23 21:22:56,2025-01-23 21:49:42,2025-01-24 04:16:35,Sines,Ceuta,S,2548
ESC-2025-002825,9783588,  IBERIAN STAR ,NAV025,M11,carga_general,carga,Maquinaria,4845.4,0,2025-01-23 23:36:52,2025-01-24 02:35:54,2025-01-25 11:41:58,Abiyán,Lisboa,S,0
ESC-2025-005697,9312547,Punta Pride III,NAV030,M06,granel_liquido,mixta,Ácido sulfúrico,28531.1,0,2025-01-24 00:36:52,2025-01-24 04:01:30,2025-01-25 15:33:33,Funchal,Santos,S,0
ESC-2025-003590,9678460,Southern Spirit V,NAV033,M03,granel_solido,descarga,Pirita,31110.6,0,2025-01-24 03:46:05,2025-01-24 14:51:01,2025-01-25 18:50:10,Abiyán,Abiyán,S,0
ESC-2025-003824,9223904,Aurora Bay IV,NAV003,M04,granel_liquido,descarga,Ácido sulfúrico,32619.8,0,2025-01-24 06:33:30,2025-01-24 16:35:03,2025-01-25 04:56:11,Nueva York,Abiyán,S,0
ESC-2025-002620,9353993,Southern Horizon,NAV039,M05,granel_liquido,carga,Ácido sulfúrico,35458.9,0,2025-01-24 09:36:56,2025-01-25 03:08:24,2025-01-25 17:47:57,Le Havre,Funchal,S,0
ESC-2025-002962,9153252,Estrella Carrier,NAV007,M03,granel_solido,carga,Fertilizantes,14202.2,0,2025-01-24 14:49:15,2025-01-24 22:11:30,2025-01-26 16:49:24,Rotterdam,Algeciras,S,0
ESC-2025-002524,9057915,Blue Spirit,NAV028,M04,granel_liquido,mixta,GNL,16799.7,0,2025-01-24 17:05:16,2025-01-24 23:02:20,2025-01-26 05:14:32,Algeciras,Hamburgo,S,0
ESC-2025-000047,9444091,Nordic Dawn,NAV005,M12,granel_liquido,descarga,Biocombustible,14027.9,0,2025-01-25 01:33:49,2025-01-25 02:08:19,2025-01-26 12:27:18,Tánger Med,Funchal,S,0
ESC-2025-001010,9438004,Tinto Bay IV,NAV031,,granel_liquido,mixta,Productos químicos,56431.1,0,2025-01-25 13:42:58,2025-01-25 14:14:42,2025-01-26 14:37:19,Abiyán,Ceuta,S,0
ESC-2025-005072,9153252,Estrella Carrier,NAV007,M03,granel_solido,mixta,Clínker,23791.6,0,2025-01-25 15:51:09,2025-01-25 19:23:20,2025-01-28 14:42:53,Funchal,Génova,S,0
ESC-2025-005874,9218076,Doña Horizon,NAV012,M03,granel_solido,carga,Clínker,18572.8,0,2025-01-25 17:17:08,2025-01-26 02:00:17,2025-01-28 09:17:14,Santos,Rotterdam,S,0
ESC-2025-003517,9525699,Marisma Express I,NAV013,M11,carga_general,mixta,Bobinas de acero,4608.1,0,2025-01-25 21:58:51,2025-01-26 02:58:38,2025-01-27 08:51:56,Hamburgo,Ceuta,S,0
ESC-2025-005682,9118238,Doña Glory,NAV006,M02,granel_solido,descarga,Clínker,28507.9,0,2025-01-26 00:38:43,2025-01-26 03:00:33,2025-01-27 10:40:53,Hamburgo,Casablanca,S,0
ESC-2025-002415,9119517,Costa Venture II,NAV036,M03,granel_solido,mixta,Concentrado de cobre,28534.8,0,2025-01-26 01:43:35,2025-01-26 07:37:23,2025-01-28 21:12:19,Santos,Tánger Med,S,0
ESC-2025-003734,9296860,Delta Mar III,NAV007,M06,granel_liquido,mixta,GNL,6368.1,0,2025-01-26 04:43:56,2025-01-28 00:02:53,2025-01-29 07:17:46,Casablanca,Funchal,S,0
ESC-2025-001834,9484522,Río Wave IV,NAV019,M05,granel_liquido,carga,Biocombustible,32789.7,0,2025-01-26 07:08:17,2025-01-26 09:05:33,2025-01-27 04:15:47,Sines,Hamburgo,S,0
ESC-2025-002891,9157973,Southern Bay,NAV004,M12,granel_liquido,mixta,Gasóleo,33349.2,0,2025-01-26 09:01:32,2025-01-26 10:54:29,2025-01-27 09:06:27,Algeciras,Sines,S,0
ESC-2025-004481,9197583,Delta Venture,NAV007,M03,granel_solido,descarga,Concentrado de cobre,16966.5,0,2025-01-26 11:02:33,2025-01-26 13:23:13,2025-01-28 13:54:29,Lisboa,Amberes,S,0
ESC-2025-002425,9043055,Ocean Venture,NAV012,M10,pesca,carga,Pescado fresco,19.4,0,2025-01-26 13:30:53,2025-01-26 13:31:42,2025-01-26 19:25:19,Abiyán,Houston,N,0
ESC-2025-000708,9732890,Tinto Marina,NAV033,M05,granel_liquido,carga,Ácido sulfúrico,8535.5,0,2025-01-26 13:35:55,2025-01-26 16:56:37,2025-01-27 19:33:04,Rotterdam,Lisboa,S,0
ESC-2025-004887,9063160,Golden Trader,NAV034,M04,granel_liquido,mixta,Biocombustible,21801.9,0,2025-01-26 14:50:27,2025-01-26 15:13:25,2025-01-27 16:20:43,Dakar,Lisboa,S,0
ESC-2025-000483,9494670,Luz Fortune,NAV031,M07,ro_ro,carga,Semirremolques,22272.3,0,2025-01-26 15:58:21,2025-01-26 22:04:44,2025-01-27 06:10:50,Casablanca,Funchal,S,0
ESC-2025-003060,9145425,Costa Express,NAV032,M12,granel_liquido,carga,GNL,65514.6,0,2025-01-26 19:39:15,2025-01-26 23:50:45,2025-01-28 16:28:14,Santos,Hamburgo,S,0
ESC-2025-006159,9443229,Blue Dawn,NAV010,M04,granel_liquido,mixta,Crudo,38521.2,0,2025-01-26 21:31:25,2025-01-27 01:52:26,2025-01-28 05:54:48,Sines,Valencia,S,0
ESC-2025-001156,9467031,Cabo Star,NAV008,M11,carga_general,carga,Maquinaria,9242.4,0,2025-01-27 08:51:00,2025-01-27 20:49:28,2025-01-29 19:34:47,Nueva York,Amberes,S,0
ESC-2025-002401,9159373,Delta Star,NAV005,M01,contenedores,carga,Contenedores,18864.1,1495,2025-01-27 11:57:00,2025-01-28 02:40:49,2025-01-29 08:48:24,Rotterdam,Funchal,S,0
ESC-2025-004177,9947017,Aurora Breeze,NAV035,M12,granel_liquido,carga,Biocombustible,55593.1,0,2025-01-27 14:48:30,2025-01-28 06:31:04,2025-01-29 01:57:09,Abiyán,Abiyán,S,0
ESC-2025-001395,9126766,Silver Voyager,NAV007,M02,granel_solido,mixta,Fertilizantes,26900.6,0,2025-01-27 23:08:44,2025-01-28 06:09:29,2025-01-30 16:29:25,Casablanca,Las Palmas,S,0
ESC-2025-002838,9154567,Estrella Trader III,NAV025,M11,carga_general,mixta,Maquinaria,10725.0,0,2025-01-28 03:05:23,2025-01-28 10:40:58,2025-01-30 00:48:39,Hamburgo,Génova,S,0
ESC-2025-000872,9621766,Delta Trader IV,NAV006,M01,contenedores,carga,Contenedores,15026.1,1100,2025-01-28 03:55:06,2025-01-28 17:41:07,2025-01-29 18:17:16,Houston,Génova,S,0
ESC-2025-003359,9260483,Punta Navigator IV,NAV004,M12,granel_liquido,mixta,Crudo,86056.7,0,2025-01-28 06:59:02,2025-01-29 01:38:18,2025-01-30 15:50:24,Santa Cruz de Tenerife,Algeciras,S,0
ESC-2025-001285,9641912,Ocean Glory,NAV030,M03,granel_solido,mixta,Concentrado de cobre,21412.3,0,2025-01-28 07:10:49,2025-01-29 01:34:38,2025-01-31 20:30:41,Abiyán,Ceuta,S,0
ESC-2025-006030,9597721,Cabo Navigator,NAV038,M06,granel_liquido,mixta,Productos químicos,19292.6,0,2025-01-28 15:46:38,2025-01-29 15:52:42,2025-01-31 04:49:19,Ceuta,Houston,S,0
ESC-2025-005496,9376153,Río Wave,NAV031,M09,pasajeros,carga,Pasajeros,0.0,0,2025-01-28 17:47:57,2025-01-28 18:16:50,2025-01-29 05:16:54,Tánger Med,Funchal,S,2925
ESC-2025-001075,9042219,Marisma Trader,NAV015,M03,granel_solido,descarga,Clínker,12492.7,0,2025-01-28 19:44:59,2025-01-29 15:55:25,2025-02-02 08:25:09,Rotterdam,Houston,S,0
ESC-2025-006471,9260483,Punta Navigator IV,NAV004,M06,granel_liquido,descarga,Biocombustible,77400.8,0,2025-01-29 00:14:59,2025-01-29 04:39:17,2025-01-30 08:09:47,Casablanca,Génova,S,0
ESC-2025-005769,9093464,Iberian Sol,NAV004,M04,granel_liquido,mixta,Productos químicos,91074.0,0,2025-01-29 05:23:01,2025-01-29 08:51:52,2025-01-30 07:28:02,Las Palmas,Rotterdam,S,0
ESC-2025-004797,9448982,Estrella Spirit,NAV011,M06,granel_liquido,descarga,GNL,66664.2,0,2025-01-29 10:06:34,2025-01-29 20:30:17,2025-01-30 13:21:39,Rotterdam,Amberes,S,0
ESC-2025-004601,9397987,Tinto Express,NAV012,M01,contenedores,carga,Contenedores,15389.6,1275,2025-01-29 12:39:16,2025-01-30 00:44:29,2025-01-31 01:34:27,Valencia,Nueva York,S,0
ESC-2025-000930,9203722,Southern Voyager II,NAV034,M01,contenedores,carga,Contenedores,8966.3,977,2025-01-29 12:49:41,2025-01-29 13:12:57,2025-01-30 15:09:52,Las Palmas,Génova,S,0
ESC-2025-000426,9122916,Silver Breeze III,NAV040,M05,granel_liquido,mixta,Gasóleo,68594.6,0,2025-01-29 12:51:28,2025-01-30 12:21:06,2025-01-31 21:55:58,Génova,Nueva York,S,0
ESC-2025-003054,9199622,Costa Pride,NAV033,M11,carga_general,mixta,Maquinaria,5450.5,0,2025-01-29 12:56:01,2025-01-29 14:31:07,2025-01-30 17:25:16,Lisboa,Abiyán,S,0
ESC-2025-000122,9272931,Southern Pioneer,NAV020,M02,granel_solido,mixta,Pirita,20757.9,0,2025-01-30 00:02:47,2025-01-30 02:24:20,2025-01-31 20:03:06,Houston,Lisboa,S,0
ESC-2025-000803,9095888,Estrella Pioneer,NAV010,M03,granel_solido,carga,Cereal,36377.7,0,2025-01-30 02:20:13,2025-01-30 10:35:17,2025-02-01 02:41:06,Houston,Le Havre,S,0
ESC-2025-001325,9055943,Río Venture,NAV002,M03,granel_solido,descarga,Pirita,21620.6,0,2025-01-30 02:45:05,2025-01-30 13:04:25,2025-01-31 22:05:51,Dakar,Sines,S,0
ESC-2025-006372,9714111,Luz Pioneer,NAV003,M05,granel_liquido,descarga,Crudo,79067.3,0,2025-01-30 03:34:49,2025-01-30 04:19:00,2025-01-30 21:56:09,Lisboa,Amberes,S,0
ESC-2025-004924,9544918,Luz Sol,NAV034,M04,granel_liquido,carga,Gasóleo,25174.3,0,2025-01-30 04:07:35,2025-01-30 05:20:48,2025-01-31 03:04:05,Santos,Dakar,S,0
ESC-2025-004086,9603219,Aurora Spirit,NAV026,M10,pesca,carga,Pescado fresco,49.2,0,2025-01-30 08:06:52,30/01/2025 08:14,2025-01-30 13:22:16,Santa Cruz de Tenerife,Dakar,N,0
ESC-2025-001801,9060417,Estrella Venture,NAV025,M04,granel_liquido,descarga,Gasóleo,8192.7,0,2025-01-30 09:16:04,2025-01-30 09:20:31,2025-01-31 02:44:42,Ceuta,Tánger Med,S,0
ESC-2025-004342,9230268,Luz Express,NAV022,M01,contenedores,carga,Contenedores,8155.9,611,2025-01-30 09:47:50,2025-01-30 11:02:19,2025-01-30 23:34:17,Funchal,Algeciras,S,0
ESC-2025-002196,9459424,Luz Fortune IV,NAV028,M07,ro_ro,mixta,Vehículos,14257.2,0,2025-01-30 11:41:49,2025-01-30 14:18:13,2025-01-30 22:49:11,Amberes,Algeciras,S,0
ESC-2025-006454,9376153,Río Wave,NAV031,M09,pasajeros,mixta,Pasajeros,0.0,0,2025-01-30 15:01:07,2025-01-30 15:26:51,2025-01-31 01:28:06,Santa Cruz de Tenerife,Santos,S,3799
ESC-2025-005375,9263394,Odiel Horizon,NAV034,M10,pesca,carga,Pescado fresco,46.3,0,2025-01-30 16:30:58,2025-01-30 16:33:21,2025-01-30 22:31:49,Lisboa,Rotterdam,N,0
ESC-2025-005764,9438004,Tinto Bay IV,NAV031,M05,granel_liquido,descarga,Gasóleo,67848.5,0,2025-01-30 20:35:21,2025-01-31 04:05:23,2025-02-01 12:12:17,Génova,Tánger Med,S,0
ESC-2025-006093,9171371,Ocean Pioneer,NAV025,M03,granel_solido,mixta,Clínker,22717800.0,0,2025-01-30 22:56:01,2025-01-31 12:39:58,2025-02-03 13:05:59,Algeciras,Lisboa,S,0
ESC-2025-004128,9362786,Golden Pioneer,NAV005,M07,ro_ro,carga,Semirremolques,11959.3,0,2025-01-31 01:32:15,2025-01-31 04:56:51,2025-01-31 17:00:11,Algeciras,Hamburgo,S,0
ESC-2025-006167,9133135,Punta Star III,NAV004,M12,granel_liquido,mixta,Ácido sulfúrico,27473.1,0,2025-01-31 03:40:47,2025-01-31 04:24:02,2025-01-31 23:18:21,Abiyán,Houston,S,0
ESC-2025-003487,9578270,Marisma Bay,NAV035,M03,granel_solido,carga,Concentrado de cobre,10944.0,0,2025-01-31 04:55:50,2025-01-31 13:33:10,2025-02-01 20:19:33,Hamburgo,Valencia,S,0
ESC-2025-003776,9770531,Aurora Spirit III,NAV023,M01,contenedores,mixta,Contenedores,14527.0,1413,2025-01-31 06:21:59,2025-01-31 09:51:15,2025-02-01 01:20:25,Ceuta,Nueva York,S,0
ESC-2025-000599,9276406,Atlantic Dawn,NAV020,M11,carga_general,mixta,Maquinaria,7636.8,0,2025-01-31 07:34:54,2025-02-01 08:27:25,2025-02-02 05:04:34,Santa Cruz de Tenerife,Santa Cruz de Tenerife,S,0
ESC-2025-006292,9770684,Delta Pioneer,NAV005,M12,granel_liquido,mixta,Gasóleo,40651.8,0,2025-01-31 16:03:50,2025-01-31 20:36:56,2025-02-02 22:49:56,Nueva York,Lisboa,S,0
ESC-2025-004346,9042219,Marisma Trader,NAV015,M02,granel_solido,descarga,Cereal,18716.7,0,2025-01-31 17:14:17,2025-02-01 01:48:13,2025-02-02 22:26:00,Hamburgo,Abiyán,S,0
ESC-2025-000923,9243320,Golden Pride,NAV028,M06,granel_liquido,carga,Productos químicos,76107.9,0,2025-01-31 18:48:31,2025-01-31 23:59:30,2025-02-02 10:31:25,Génova,Santos,S,0
ESC-2025-002004,9444792,Blue Pride V,NAV012,,contenedores,descarga,Contenedores,9068.3,690,2025-01-31 20:55:46,2025-02-01 01:47:42,2025-02-01 23:25:31,Sines,Abiyán,S,0
ESC-2025-003879,9311490,Río Trader IV,NAV033,M10,pesca,carga,Pescado fresco,65.0,0,2025-01-31 21:32:51,2025-01-31 21:35:43,2025-02-01 03:36:17,Hamburgo,Lisboa,N,0
ESC-2025-002779,9423853,  ODIEL PIONEER ,NAV028,M12,granel_liquido,carga,Crudo,20490.3,0,2025-02-01 00:49:26,2025-02-01 03:53:57,2025-02-02 06:01:25,Rotterdam,Hamburgo,S,0
ESC-2025-004631,9912490,Río Pride,NAV037,M08,fruta_refrigerada,mixta,Cítricos,14964.3,0,2025-02-01 02:00:00,2025-02-01 02:36:53,2025-02-02 06:30:04,Tánger Med,Funchal,S,0
ESC-2025-001178,9912490,Río Pride,NAV037,M08,fruta_refrigerada,mixta,Fruta tropical,13362.1,0,2025-02-01 02:17:04,2025-02-01 07:18:25,2025-02-02 09:58:50,Tánger Med,Rotterdam,S,0
ESC-2025-001302,9895927,Cabo Express,NAV032,M04,granel_liquido,carga,Crudo,37979.7,0,2025-02-01 03:32:23,2025-02-01 04:45:27,2025-02-01 15:58:58,Santos,Funchal,S,0
ESC-2025-003081,9995674,Marisma Breeze,NAV029,M12,granel_liquido,mixta,Crudo,77544.0,0,2025-02-01 04:11:47,2025-02-01 09:25:18,2025-02-02 17:52:26,Santa Cruz de Tenerife,Lisboa,S,0
ESC-2025-006062,9806017,Río Star,NAV027,M01,contenedores,descarga,Contenedores,12439.5,1007,2025-02-01 04:40:24,2025-02-01 04:47:51,2025-02-02 03:19:26,Houston,Santa Cruz de Tenerife,S,0
ESC-2025-000096,9445459,Costa Breeze,NAV018,M03,granel_solido,carga,Fertilizantes,25827.0,0,2025-02-01 07:11:13,2025-02-02 01:43:48,2025-02-04 01:03:00,Funchal,Rotterdam,S,0
ESC-2025-000497,9323998,Odiel Mar I,NAV003,M08,fruta_refrigerada,mixta,Fruta tropical,16480.2,0,2025-02-01 10:12:43,2025-02-01 12:11:27,2025-02-02 19:28:38,Le Havre,Nueva York,S,0
ESC-2025-002564,9133135,Punta Star III,NAV004,M12,granel_liquido,carga,Gasóleo,36615.2,0,2025-02-01 14:12:28,2025-02-01 19:34:24,2025-02-03 02:33:36,Dakar,Houston,S,0
ESC-2025-001249,9416575,Punta Mar,NAV032,M10,pesca,mixta,Pescado fresco,78.3,0,2025-02-01 17:31:26,2025-02-01 17:43:17,2025-02-01 22:10:02,Casablanca,Dakar,S,0
ESC-2025-000714,9202039,Luz Navigator,NAV033,M03,granel_solido,carga,Fertilizantes,16906.9,0,2025-02-01 18:12:33,2025-02-02 12:26:38,2025-02-04 03:41:09,Le Havre,Houston,S,0
ESC-2025-003015,9871880,Costa Sol,NAV028,M05,granel_liquido,mixta,Biocombustible,67524.5,0,2025-02-01 18:34:56,2025-02-02 16:46:15,2025-02-04 01:03:46,Algeciras,Nueva York,S,0
ESC-2025-000275,9511143,Cabo Wave II,NAV023,M06,granel_liquido,mixta,Crudo,71052.3,0,2025-02-01 19:04:22,2025-02-01 19:40:15,2025-02-02 16:01:24,Le Havre,Sines,S,0
ESC-2025-000114,9075113,Delta Glory,NAV023,M06,granel_liquido,carga,Gasóleo,6726.2,0,2025-02-01 22:04:29,2025-02-02 11:15:03,2025-02-03 23:11:35,Génova,Dakar,S,0
ESC-2025-005331,9714111,Luz Pioneer,NAV003,M05,granel_liquido,descarga,GNL,65893.2,0,2025-02-02 00:40:46,2025-02-02 17:18:36,2025-02-04 01:06:40,Funchal,Funchal,S,0
ESC-2025-001510,9122916,Silver Breeze III,NAV040,M12,granel_liquido,mixta,Ácido sulfúrico,68441.7,0,2025-02-02 04:45:45,2025-02-02 06:11:10,2025-02-04 11:06:37,Santos,Rotterdam,S,0
ESC-2025-002730,9962445,Punta Marina IV,NAV029,M02,granel_solido,mixta,Clínker,41333.9,0,2025-02-02 10:13:00,2025-02-02 21:40:23,2025-02-05 04:40:19,Houston,Lisboa,S,0
ESC-2025-002411,9459424,Luz Fortune IV,NAV028,M07,ro_ro,mixta,Vehículos,12657.4,0,2025-02-02 11:51:59,2025-02-02 14:25:25,2025-02-03 04:32:23,Valencia,Abiyán,S,0
ESC-2025-006161,9531090,Iberian Marina,NAV031,,granel_solido,mixta,Fertilizantes,23334.6,0,2025-02-02 11:59:18,2025-02-02 14:55:41,2025-02-04 00:17:31,Génova,Rotterdam,S,0
ESC-2025-001177,9571296,Marisma Pioneer I,NAV031,M08,fruta_refrigerada,carga,Cítricos,12967.6,0,2025-02-02 14:00:00,2025-02-02 16:01:58,2025-02-03 19:37:11,Nueva York,Sines,S,0
ESC-2025-001946,9320221,Tinto Pride,NAV024,M08,fruta_refrigerada,carga,Fresa y frutos rojos,10876.5,0,2025-02-02 16:00:00,2025-02-02 23:02:16,2025-02-03 09:58:11,Abiyán,Houston,S,0
ESC-2025-003085,9597721,Cabo Navigator,NAV038,M05,granel_liquido,mixta,Ácido sulfúrico,33346.5,0,2025-02-02 16:49:45,2025-02-02 19:44:52,2025-02-04 12:10:58,Santa Cruz de Tenerife,Santos,S,0
ESC-2025-004767,9750165,Golden Navigator,NAV014,M02,granel_solido,mixta,Clínker,21697.4,0,2025-02-02 20:27:24,2025-02-03 03:09:54,2025-02-04 17:16:59,Valencia,Santos,S,0
ESC-2025-001382,9151632,Golden Trader V,NAV030,M05,granel_liquido,carga,Gasóleo,9333.9,0,2025-02-02 22:34:12,2025-02-03 12:38:00,2025-02-04 15:53:44,Rotterdam,Abiyán,S,0
ESC-2025-003570,9321201,Estrella Voyager,NAV020,M01,contenedores,mixta,Contenedores,13839.6,1127,2025-02-03 00:16:05,2025-02-03 08:18:59,2025-02-04 03:12:14,Abiyán,Ceuta,S,0
ESC-2025-002462,9097903,Odiel Carrier,NAV006,M05,granel_liquido,mixta,Ácido sulfúrico,17233.3,0,2025-02-03 00:16:58,2025-02-03 04:28:21,2025-02-04 05:03:50,Santos,Houston,S,0
ESC-2025-002787,9568330,Ocean Fortune,NAV026,M08,fruta_refrigerada,descarga,Fresa y frutos rojos,15837.8,0,2025-02-03 01:00:00,2025-02-03 01:18:10,2025-02-03 16:54:32,Lisboa,Abiyán,S,0
ESC-2025-001890,9151711,Delta Trader,NAV018,M08,fruta_refrigerada,mixta,Cítricos,17185.0,0,2025-02-03 02:00:00,2025-02-03 09:14:38,2025-02-04 20:53:27,Dakar,Abiyán,S,0
ESC-2025-004129,9641912,Ocean Glory,NAV030,M02,granel_solido,descarga,Clínker,20190.7,0,2025-02-03 02:46:00,2025-02-03 13:59:38,2025-02-05 17:17:43,Lisboa,Tánger Med,S,0
ESC-2025-003066,9341287,Luz Carrier,NAV009,M08,fruta_refrigerada,mixta,Fruta tropical,7931.9,0,2025-02-03 08:00:00,2025-02-03 08:16:33,2025-02-04 08:24:22,Lisboa,Funchal,S,0
ESC-2025-002293,9005211,Cabo Sol II,NAV039,M01,contenedores,carga,Contenedores,7690.3,774,2025-02-03 14:19:53,2025-02-03 17:37:41,2025-02-04 11:02:29,Sines,Abiyán,S,0
ESC-2025-005535,9183415,Blue Horizon II,NAV014,M03,granel_solido,carga,Clínker,29265.3,0,2025-02-03 16:17:49,2025-02-03 16:46:29,2025-02-05 11:11:44,Le Havre,Ceuta,S,0
ESC-2025-006470,9396517,Atlantic Voyager III,NAV035,M08,fruta_refrigerada,descarga,Fruta tropical,10488.9,0,2025-02-03 21:00:00,2025-02-03 22:52:57,2025-02-05 10:04:05,Santos,Funchal,S,0
ESC-2025-000035,9686780,Tinto Carrier V,NAV039,M03,granel_solido,carga,Concentrado de cobre,14773.7,0,2025-02-04 00:08:55,2025-02-04 10:44:36,2025-02-06 01:37:41,Hamburgo,Algeciras,S,0
ESC-2025-003088,9878230,Delta Sol I,NAV011,M08,fruta_refrigerada,mixta,Cítricos,8576.4,0,2025-02-04 01:00:00,2025-02-05 02:21:21,2025-02-06 10:56:19,Hamburgo,Amberes,S,0
ESC-2025-005125,9936604,Silver Star,NAV010,M08,fruta_refrigerada,descarga,Fruta tropical,17420.2,0,2025-02-04 03:00:00,2025-02-04 04:46:13,2025-02-05 11:21:40,Génova,Casablanca,S,0
ESC-2025-001731,9119517,Costa Venture II,NAV036,M02,granel_solido,carga,Fertilizantes,28683.5,0,2025-02-04 04:01:59,04/02/2025 15:50,2025-02-05 17:22:49,Houston,Santa Cruz de Tenerife,S,0
ESC-2025-002797,9444091,Nordic Dawn,NAV005,M12,granel_liquido,descarga,Ácido sulfúrico,19470.4,0,2025-02-04 04:20:06,2025-02-04 10:56:33,2025-02-05 19:16:33,Rotterdam,Amberes,S,0
ESC-2025-003393,9553086,Golden Bay,NAV029,M12,granel_liquido,mixta,Ácido sulfúrico,39392.9,0,2025-02-04 09:17:24,2025-02-04 10:28:37,2025-02-05 15:22:05,Santos,Santa Cruz de Tenerife,S,0
ESC-2025-004431,9126766,Silver Voyager,NAV007,M03,granel_solido,mixta,Cereal,30331.6,0,2025-02-04 11:43:33,2025-02-05 00:39:42,2025-02-06 09:00:24,Houston,Tánger Med,S,0
ESC-2025-006058,9396517,Atlantic Voyager III,NAV035,M08,fruta_refrigerada,descarga,Fresa y frutos rojos,8017.8,0,2025-02-04 12:00:00,2025-02-04 16:39:03,2025-02-05 23:17:49,Lisboa,Santos,S,0
ESC-2025-005825,9878369,Costa Horizon,NAV040,M08,fruta_refrigerada,mixta,Fresa y frutos rojos,14259.1,0,2025-02-04 13:00:00,2025-02-05 02:14:23,2025-02-05 21:23:10,Santos,Nueva York,S,0
ESC-2025-005698,9471769,Ocean Pride,NAV030,M11,carga_general,carga,Madera,4598.5,0,2025-02-04 23:25:58,2025-02-05 05:17:59,2025-02-06 13:41:05,Abiyán,Hamburgo,S,0
ESC-2025-001997,9460124,Estrella Bay,NAV021,M08,fruta_refrigerada,mixta,Fresa y frutos rojos,15539.9,0,2025-02-05 01:00:00,2025-02-05 13:02:59,2025-02-06 21:46:08,Rotterdam,Santos,S,0
ESC-2025-005505,9536624,Silver Star III,NAV012,M01,contenedores,mixta,Contenedores,10105.5,783,2025-02-05 02:42:18,2025-02-05 03:57:37,2025-02-05 13:42:41,Santa Cruz de Tenerife,Tánger Med,S,0
ESC-2025-005695,9683910,Tinto Marina IV,NAV036,M08,fruta_refrigerada,carga,Cítricos,10275.7,0,2025-02-05 06:31:57,2025-02-05 11:21:13,2025-02-07 04:34:18,Santa Cruz de Tenerife,Hamburgo,S,0
ESC-2025-002459,9721994,Cabo Pioneer,NAV031,M08,fruta_refrigerada,carga,Cítricos,6876.9,0,2025-02-05 09:04:38,2025-02-05 09:45:53,2025-02-06 19:00:48,Ceuta,Houston,S,0
ESC-2025-000050,9878369,Costa Horizon,NAV040,M08,fruta_refrigerada,descarga,Fruta tropical,9697.0,0,2025-02-05 10:00:00,2025-02-05 12:05:29,2025-02-06 19:46:55,Génova,Génova,S,0
ESC-2025-002999,9444792,Blue Pride V,NAV012,M01,contenedores,descarga,Contenedores,12348.2,1140,2025-02-05 16:32:28,2025-02-05 22:36:55,2025-02-06 09:16:02,Algeciras,Amberes,S,0
ESC-2025-006262,9947017,Aurora Breeze,NAV035,M12,granel_liquido,mixta,GNL,78907.7,0,2025-02-05 16:59:39,2025-02-05 17:52:40,2025-02-07 06:11:43,Dakar,Abiyán,S,0
ESC-2025-003803,9323998,Odiel Mar I,NAV003,M08,fruta_refrigerada,carga,Fresa y frutos rojos,16437.9,0,2025-02-05 17:00:00,2025-02-05 18:33:07,2025-02-06 22:41:28,Tánger Med,Valencia,S,0
ESC-2025-002051,9556143,Southern Mar,NAV028,M11,carga_general,mixta,Palés,10336.2,0,2025-02-05 21:23:42,2025-02-06 11:01:54,2025-02-07 22:11:14,Le Havre,Génova,S,0
ESC-2025-006376,9845685,Costa Fortune IV,NAV037,M11,carga_general,mixta,Bobinas de acero,11752.8,0,2025-02-05 22:57:13,2025-02-06 14:57:59,2025-02-07 12:11:48,Houston,Tánger Med,S,0
ESC-2025-005615,9368223,Iberian Navigator,NAV010,M10,pesca,descarga,Pescado fresco,19.2,0,2025-02-06 00:37:41,06/02/2025 00:41,2025-02-06 06:33:05,Abiyán,Lisboa,N,0
ESC-2025-002815,9929338,Tinto Venture I,NAV017,M05,granel_liquido,carga,Ácido sulfúrico,55499.4,0,2025-02-06 04:00:33,2025-02-07 07:39:42,2025-02-08 14:18:07,Valencia,Valencia,S,0
ESC-2025-001062,9005211,Cabo Sol II,NAV039,M01,contenedores,descarga,Contenedores,16441.1,1308,2025-02-06 04:34:11,2025-02-06 05:37:50,2025-02-07 14:35:38,Génova,Funchal,S,0
ESC-2025-004753,9492907,Ocean Star II,NAV037,M11,carga_general,descarga,Maquinaria,8940.6,0,2025-02-06 05:09:33,2025-02-06 08:36:35,2025-02-07 12:27:52,Santa Cruz de Tenerife,Valencia,S,0
ESC-2025-005508,9320221,Tinto Pride,NAV024,M08,fruta_refrigerada,mixta,Cítricos,10709.6,0,2025-02-06 06:00:00,2025-02-06 10:38:03,2025-02-07 17:12:07,Rotterdam,Le Havre,S,0
ESC-2025-001586,9990105,Blue Carrier V,NAV035,M02,granel_solido,mixta,Cereal,10063.1,0,2025-02-06 07:49:46,2025-02-06 11:06:36,2025-02-09 12:14:16,Le Havre,Tánger Med,S,0
ESC-2025-000674,9092329,Tinto Star,NAV017,M03,granel_solido,carga,Cereal,28413.1,0,2025-02-06 12:47:00,2025-02-06 16:57:44,2025-02-09 07:44:38,Valencia,Hamburgo,S,0
ESC-2025-003399,9151711,Delta Trader,NAV018,M08,fruta_refrigerada,carga,Fresa y frutos rojos,13803.4,0,2025-02-06 13:00:00,2025-02-06 23:26:56,2025-02-07 15:48:05,Le Havre,Sines,S,0
ESC-2025-000539,9448982,Estrella Spirit,NAV011,M04,granel_liquido,descarga,Biocombustible,69091.4,0,2025-02-06 15:20:29,2025-02-06 16:07:07,2025-02-07 13:49:42,Valencia,Algeciras,S,0
ESC-2025-002639,9429601,Marisma Spirit IV,NAV040,M03,granel_solido,mixta,Clínker,30058.7,0,2025-02-06 22:38:25,2025-02-07 02:00:31,2025-02-09 14:45:10,Dakar,Santos,S,0
ESC-2025-003052,9118032,Atlantic Horizon,NAV032,M02,granel_solido,mixta,Cereal,27824.6,0,2025-02-07 00:06:36,2025-02-07 01:49:49,2025-02-09 04:47:46,Rotterdam,Houston,S,0
ESC-2025-000367,9102112,Delta Spirit I,NAV035,M02,granel_solido,mixta,Clínker,11706.4,0,2025-02-07 00:11:43,2025-02-07 02:39:35,2025-02-09 09:25:29,Génova,Génova,S,0
ESC-2025-004626,9362786,Golden Pioneer,NAV005,M07,ro_ro,carga,Semirremolques,13027.9,0,2025-02-07 00:21:57,2025-02-07 02:55:32,2025-02-07 12:40:30,Algeciras,Las Palmas,S,0
ESC-2025-006268,9249049,Cabo Trader,NAV001,M08,fruta_refrigerada,mixta,Fresa y frutos rojos,10505.3,0,2025-02-07 04:00:00,2025-02-07 18:00:32,2025-02-09 02:08:41,Abiyán,Le Havre,S,0
ESC-2025-005753,9218076,Doña Horizon,NAV012,M02,granel_solido,carga,Cereal,19145.0,0,2025-02-07 05:50:18,2025-02-07 08:25:53,2025-02-09 07:38:07,Santa Cruz de Tenerife,Las Palmas,S,0
ESC-2025-005589,9423853,Odiel Pioneer,NAV028,M12,granel_liquido,carga,Ácido sulfúrico,26046.1,0,2025-02-07 06:10:30,2025-02-07 09:24:07,2025-02-08 14:39:52,Rotterdam,Rotterdam,S,0
ESC-2025-006132,9086382,Estrella Star V,NAV036,M06,granel_liquido,carga,Biocombustible,69372.1,0,2025-02-07 09:49:26,2025-02-07 23:24:08,2025-02-08 23:21:08,Nueva York,Tánger Med,S,0
ESC-2025-001120,9276638,Estrella Dawn,NAV008,M10,pesca,mixta,Pescado fresco,32.7,0,2025-02-07 09:58:06,2025-02-07 10:15:57,2025-02-07 14:42:01,Funchal,Lisboa,S,0
ESC-2025-001039,9482093,Southern Marina,NAV039,M05,granel_liquido,carga,GNL,28900.6,0,2025-02-07 13:58:56,2025-02-08 04:49:35,2025-02-09 18:15:55,Amberes,Casablanca,S,0
ESC-2025-004306,9438004,Tinto Bay IV,NAV031,M04,granel_liquido,descarga,Crudo,44872.1,0,2025-02-07 15:55:06,2025-02-07 19:56:20,2025-02-09 11:53:04,Valencia,Lisboa,S,0
ESC-2025-004675,9171371,Ocean Pioneer,NAV025,M03,granel_solido,mixta,Clínker,16301.1,0,2025-02-07 17:26:05,2025-02-08 16:51:14,2025-02-10 18:26:14,Tánger Med,Dakar,S,0
ESC-2025-006310,9164330,Tinto Trader III,NAV025,M01,contenedores,descarga,Contenedores,15077.3,1359,2025-02-07 17:31:29,2025-02-08 04:23:48,2025-02-09 10:19:59,Génova,Lisboa,S,0
ESC-2025-004068,9023079,Cabo Breeze V,NAV015,M08,fruta_refrigerada,mixta,Fresa y frutos rojos,5701.4,0,2025-02-07 21:30:57,2025-02-07 23:08:35,2025-02-09 05:37:07,Amberes,Houston,S,0
ESC-2025-003279,9311490,Río Trader IV,NAV033,M10,pesca,descarga,Pescado fresco,41.4,0,2025-02-08 02:05:25,2025-02-08 02:21:46,2025-02-08 09:39:34,Hamburgo,Nueva York,S,0
ESC-2025-005409,9173824,Doña Star,NAV004,M01,contenedores,mixta,Contenedores,9419.2,782,2025-02-08 03:12:30,2025-02-08 03:19:44,2025-02-09 13:57:01,Houston,Le Havre,S,0
ESC-2025-000220,9164330,Tinto Trader III,NAV025,M01,contenedores,descarga,Contenedores,11710.7,859,2025-02-08 05:10:22,2025-02-08 08:18:58,2025-02-09 17:46:26,Abiyán,Le Havre,S,0
ESC-2025-001832,9159373,Delta Star,NAV005,M01,contenedores,carga,Contenedores,5045.3,441,2025-02-08 05:18:03,2025-02-08 07:37:00,2025-02-09 05:27:37,Amberes,Le Havre,S,0
ESC-2025-000641,9276406,Atlantic Dawn,NAV020,M11,carga_general,mixta,Maquinaria,8491.9,0,2025-02-08 06:12:46,2025-02-08 09:21:22,2025-02-09 13:42:23,Funchal,Las Palmas,S,0
ESC-2025-000486,9476367,Nordic Venture,NAV030,M08,fruta_refrigerada,descarga,Fruta tropical,7669.5,0,2025-02-08 07:00:00,2025-02-08 09:20:25,2025-02-09 16:03:54,Funchal,Sines,S,0
ESC-2025-004865,9842700,Cabo Carrier,NAV037,M09,pasajeros,descarga,Pasajeros,0.0,0,2025-02-08 07:20:03,2025-02-08 07:20:16,2025-02-08 14:02:53,Amberes,Ceuta,S,2084
ESC-2025-006255,9571296,Marisma Pioneer I,NAV031,M08,fruta_refrigerada,descarga,Cítricos,13343.0,0,2025-02-08 09:05:25,2025-02-09 03:23:41,2025-02-09 20:24:22,Santa Cruz de Tenerife,Valencia,S,0
ESC-2025-004136,9434199,Estrella Pride II,NAV021,M04,granel_liquido,descarga,GNL,65815.4,0,2025-02-08 09:38:55,2025-02-08 18:59:57,2025-02-09 14:09:35,Algeciras,Tánger Med,S,0
ESC-2025-001260,9531090,Iberian Marina,NAV031,M02,granel_solido,carga,Pirita,12311.2,0,2025-02-08 09:58:16,2025-02-08 12:08:21,2025-02-10 02:41:27,Valencia,Nueva York,S,0
ESC-2025-001260,9531090,Iberian Marina,NAV031,M02,granel_solido,carga,Pirita,12311.2,0,2025-02-08 09:58:16,2025-02-08 12:08:21,2025-02-10 02:41:27,Valencia,Nueva York,S,0
ESC-2025-001362,9397987,Tinto Express,NAV012,M01,contenedores,descarga,Contenedores,13706.1,1161,2025-02-08 11:07:14,2025-02-08 12:44:27,2025-02-10 18:25:42,Génova,Génova,S,0
ESC-2025-005522,9173824,Doña Star,NAV004,M01,contenedores,descarga,Contenedores,14996.1,1342,2025-02-08 14:34:49,2025-02-08 23:58:51,2025-02-09 03:31:11,Casablanca,Lisboa,S,0
ESC-2025-000326,9320221,Tinto Pride,NAV024,M08,fruta_refrigerada,carga,Fruta tropical,6636.4,0,2025-02-08 16:00:00,2025-02-08 16:03:14,2025-02-10 04:35:43,Nueva York,Casablanca,S,0
ESC-2025-006490,9180633,Doña Carrier,NAV034,M05,granel_liquido,carga,Productos químicos,26862.6,0,2025-02-08 18:29:50,2025-02-08 21:49:40,2025-02-10 22:26:06,Lisboa,Rotterdam,S,0
ESC-2025-004758,9571296,Marisma Pioneer I,NAV031,M08,fruta_refrigerada,mixta,Fresa y frutos rojos,8012.2,0,2025-02-08 20:00:00,2025-02-08 22:42:12,2025-02-09 23:10:23,Lisboa,Valencia,S,0
ESC-2025-001246,9471769,Ocean Pride,NAV030,M11,carga_general,descarga,Maquinaria,9342.8,0,2025-02-08 20:48:56,2025-02-08 21:56:38,2025-02-10 18:10:08,Dakar,Sines,S,0
ESC-2025-001828,9323998,Odiel Mar I,NAV003,M08,fruta_refrigerada,mixta,Fresa y frutos rojos,14889.0,0,2025-02-08 21:00:00,2025-02-08 23:41:17,2025-02-10 11:20:37,Santos,Houston,S,0
ESC-2025-004833,9520261,Nordic Express V,NAV017,M07,ro_ro,mixta,Semirremolques,18181.3,0,2025-02-08 22:28:49,2025-02-08 22:30:43,2025-02-09 17:18:25,Tánger Med,Lisboa,S,0
ESC-2025-002894,9454072,Silver Dawn I,NAV036,M08,fruta_refrigerada,carga,Fruta tropical,11488.6,0,2025-02-09 02:00:00,2025-02-09 02:24:52,2025-02-11 00:45:25,Tánger Med,Dakar,S,0
ESC-2025-000576,9158094,Odiel Dawn,NAV006,M12,granel_liquido,mixta,Crudo,38526.3,0,2025-02-09 05:42:03,2025-02-09 11:42:27,2025-02-10 21:20:44,Santos,Funchal,S,0
ESC-2025-006312,9022130,Golden Spirit,NAV017,M08,fruta_refrigerada,mixta,Cítricos,13450.2,0,2025-02-09 10:00:00,09/02/2025 12:02,2025-02-11 00:09:13,Lisboa,Rotterdam,S,0
ESC-2025-003815,9500467,Odiel Marina,NAV034,M08,fruta_refrigerada,carga,Fresa y frutos rojos,14616.0,0,2025-02-09 11:00:00,2025-02-09 11:10:54,2025-02-10 04:42:01,Dakar,Nueva York,S,0
ESC-2025-005534,9770684,Delta Pioneer,NAV005,M04,granel_liquido,descarga,Gasóleo,20952.8,0,2025-02-09 11:35:24,2025-02-09 15:31:20,2025-02-11 10:50:48,Le Havre,Rotterdam,S,0
ESC-2025-004934,9540780,Odiel Trader V,NAV009,M12,granel_liquido,carga,Crudo,32878.8,0,2025-02-09 14:46:58,2025-02-09 20:11:05,2025-02-11 02:19:43,Génova,Sines,S,0
ESC-2025-006081,9171371,Ocean Pioneer,NAV025,M02,granel_solido,mixta,Cereal,22785.8,0,2025-02-09 16:15:24,2025-02-09 22:09:51,2025-02-12 14:31:31,Rotterdam,Rotterdam,S,0
ESC-2025-006072,9287900,Delta Spirit,NAV040,M07,ro_ro,carga,Vehículos,20437.9,0,2025-02-09 19:08:43,2025-02-10 00:11:46,2025-02-10 09:42:36,Houston,Funchal,S,0
ESC-2025-005129,9494670,Luz Fortune,NAV031,M07,ro_ro,mixta,Semirremolques,22100.6,0,2025-02-09 20:21:55,2025-02-09 22:29:57,2025-02-10 07:04:42,Valencia,Algeciras,S,0
ESC-2025-005027,9408011,Cabo Voyager,NAV021,M12,granel_liquido,descarga,Ácido sulfúrico,51512.3,0,2025-02-09 20:49:43,2025-02-09 22:55:03,2025-02-10 21:14:35,Rotterdam,Houston,S,0
ESC-2025-000142,9022130,Golden Spirit,NAV017,M08,fruta_refrigerada,mixta,Fruta tropical,13286.5,0,2025-02-09 21:00:00,2025-02-09 21:47:58,2025-02-11 08:07:15,Nueva York,Valencia,S,0
ESC-2025-003101,9484132,Costa Pride IV,NAV016,M01,contenedores,mixta,Contenedores,10277.8,889,2025-02-10 01:49:25,2025-02-10 06:06:02,2025-02-10 18:05:20,Génova,Houston,S,0
ESC-2025-000464,9952402,Punta Pioneer,NAV032,M10,pesca,descarga,Pescado fresco,-19.2,0,2025-02-10 03:58:48,2025-02-10 04:01:35,2025-02-10 06:01:35,Ceuta,Houston,S,0
ESC-2025-005645,9732890,Tinto Marina,NAV033,M12,granel_liquido,descarga,Biocombustible,13886.4,0,2025-02-10 04:12:24,2025-02-11 06:16:54,2025-02-13 09:30:55,Valencia,Le Havre,S,0
ESC-2025-000006,9683910,Tinto Marina IV,NAV036,M08,fruta_refrigerada,descarga,Fresa y frutos rojos,7934.7,0,2025-02-10 06:00:00,2025-02-10 08:03:39,2025-02-10 14:00:55,Le Havre,Rotterdam,S,0
ESC-2025-003288,9954656,Punta Sol II,NAV003,M08,fruta_refrigerada,carga,Fresa y frutos rojos,8085.9,0,2025-02-10 09:00:00,2025-02-10 13:42:35,2025-02-11 13:31:53,Nueva York,Lisboa,S,0
ESC-2025-003630,9678460,Southern Spirit V,NAV033,M02,granel_solido,descarga,Clínker,20232.6,0,2025-02-10 09:31:08,2025-02-10 14:28:38,2025-02-12 07:49:14,Dakar,Santos,S,0
ESC-2025-001536,9911094,Golden Carrier I,NAV021,M02,granel_solido,descarga,Cereal,52750.7,0,2025-02-10 10:33:42,2025-02-10 14:03:06,2025-02-12 15:02:42,Rotterdam,Tánger Med,S,0
ESC-2025-003029,9039896,Blue Breeze,NAV036,M06,granel_liquido,mixta,Gasóleo,21391.4,0,2025-02-10 12:34:02,2025-02-10 22:57:54,2025-02-12 15:07:16,Algeciras,Abiyán,S,0
ESC-2025-002579,9990105,Blue Carrier V,NAV035,M02,granel_solido,mixta,Cereal,16707.8,0,2025-02-10 16:02:59,2025-02-10 19:47:59,2025-02-13 13:08:25,Hamburgo,Valencia,S,0
ESC-2025-002003,9750165,Golden Navigator,NAV014,M02,granel_solido,descarga,Pirita,22223.7,0,2025-02-10 18:44:27,2025-02-10 22:38:27,2025-02-12 10:28:53,Funchal,Dakar,S,0
ESC-2025-004370,9884227,Silver Bay II,NAV035,M10,pesca,descarga,Pescado fresco,60.5,0,2025-02-10 19:12:49,2025-02-10 19:25:34,2025-02-10 21:25:34,Génova,Rotterdam,S,0
ESC-2025-001213,9574614,Aurora Mar V,NAV029,M01,contenedores,descarga,Contenedores,9222.1,940,2025-02-11 00:13:21,2025-02-11 08:58:27,2025-02-12 09:07:57,Sines,Santos,S,0
ESC-2025-005760,9460124,Estrella Bay,NAV021,M08,fruta_refrigerada,descarga,Fruta tropical,17127.8,0,2025-02-11 04:00:00,2025-02-11 04:47:06,2025-02-12 01:22:42,Amberes,Santos,S,0
ESC-2025-001829,9475662,Ocean Sol,NAV003,M12,granel_liquido,mixta,Ácido sulfúrico,37592.2,0,2025-02-11 05:25:54,11/02/2025 11:12,2025-02-12 13:52:51,Rotterdam,Houston,S,0
ESC-2025-001829,9475662,Ocean Sol,NAV003,M12,granel_liquido,mixta,Ácido sulfúrico,37592.2,0,2025-02-11 05:25:54,11/02/2025 11:12,2025-02-12 13:52:51,Rotterdam,Houston,S,0
ESC-2025-005998,9190901,Tinto Wave,NAV017,M11,carga_general,mixta,Maquinaria,10729.4,0,2025-02-11 12:29:54,2025-02-11 13:16:28,2025-02-13 09:37:58,Amberes,Rotterdam,S,0
ESC-2025-000552,9352119,Aurora Pioneer,NAV024,M04,granel_liquido,descarga,GNL,44730.3,0,2025-02-11 15:13:47,2025-02-11 18:28:49,2025-02-13 09:22:42,Algeciras,Houston,S,0
ESC-2025-000432,9416159,Silver Marina,NAV015,M08,fruta_refrigerada,mixta,Cítricos,4919.8,0,2025-02-11 16:12:31,2025-02-11 16:53:36,2025-02-12 18:56:09,Rotterdam,Tánger Med,S,0
ESC-2025-006054,9716602,Iberian Horizon III,NAV038,M11,carga_general,carga,Madera,5538.1,0,2025-02-11 20:00:12,2025-02-12 00:56:31,2025-02-12 13:35:12,Rotterdam,Santa Cruz de Tenerife,S,0
ESC-2025-004040,9391385,Blue Marina,NAV032,M08,fruta_refrigerada,mixta,Fresa y frutos rojos,7079.8,0,2025-02-11 21:00:00,2025-02-11 22:06:55,2025-02-13 03:08:55,Tánger Med,Le Havre,S,0
ESC-2025-002593,9426178,Delta Marina II,NAV023,M09,pasajeros,descarga,Pasajeros,0.0,0,2025-02-11 22:51:01,2025-02-11 23:04:55,2025-02-12 06:41:21,Houston,Tánger Med,S,3834
ESC-2025-004028,9396517,Atlantic Voyager III,NAV035,M08,fruta_refrigerada,descarga,Fresa y frutos rojos,8782.4,0,2025-02-12 04:00:00,12/02/2025 09:39,2025-02-13 10:19:06,Santos,Funchal,S,0
ESC-2025-001987,9736327,Iberian Dawn,NAV033,M02,granel_solido,mixta,Cereal,26866.0,0,2025-02-12 08:20:12,2025-02-12 19:14:42,2025-02-15 05:03:54,Las Palmas,Ceuta,S,0
ESC-2025-000711,9105396,Río Dawn,NAV006,M11,carga_general,descarga,Madera,11879.7,0,2025-02-12 11:50:37,2025-02-12 16:53:54,2025-02-14 03:17:03,Houston,Santa Cruz de Tenerife,S,0
ESC-2025-005087,9467031,Cabo Star,NAV008,M11,carga_general,descarga,Madera,8303.4,0,2025-02-12 13:24:20,2025-02-13 03:33:09,2025-02-14 15:36:24,Algeciras,Algeciras,S,0
ESC-2025-001697,9423853,Odiel Pioneer,NAV028,M04,granel_liquido,carga,Productos químicos,18648.2,0,2025-02-12 18:26:57,2025-02-12 21:11:23,2025-02-13 23:55:57,Funchal,Sines,S,0
ESC-2025-006453,9495507,Costa Bay,NAV040,M01,contenedores,descarga,Contenedores,12584.6,911,2025-02-12 23:46:55,2025-02-13 03:48:35,2025-02-14 17:52:23,Le Havre,Le Havre,S,0
ESC-2025-003619,9068720,Silver Venture II,NAV030,M10,pesca,carga,Pescado fresco,12.2,0,2025-02-13 01:12:23,2025-02-13 01:17:51,2025-02-13 05:02:44,Houston,Nueva York,S,0
ESC-2025-004451,9686780,Tinto Carrier V,NAV039,M02,granel_solido,carga,Clínker,14239.5,0,2025-02-13 03:48:22,2025-02-13 17:59:16,2025-02-15 01:33:49,Houston,Valencia,S,0
ESC-2025-002995,9369382,Southern Sol,NAV001,M05,granel_liquido,carga,Crudo,54506.6,0,2025-02-13 05:20:08,2025-02-13 07:32:34,2025-02-13 11:24:16,Génova,Génova,S,0
ESC-2025-001622,9093464,Iberian Sol,NAV004,M06,granel_liquido,mixta,Gasóleo,53792.7,0,2025-02-13 08:48:40,2025-02-13 15:49:17,2025-02-15 02:13:06,Casablanca,Génova,S,0
ESC-2025-003404,9236834,Aurora Fortune,NAV040,M06,granel_liquido,mixta,Ácido sulfúrico,61535.0,0,2025-02-13 12:40:04,2025-02-13 19:15:47,2025-02-15 12:35:19,Dakar,Amberes,S,0
ESC-2025-003178,9093220,Atlantic Trader,NAV010,M08,fruta_refrigerada,carga,Cítricos,7963.7,0,2025-02-13 14:15:00,2025-02-13 17:54:40,2025-02-14 19:21:04,Santa Cruz de Tenerife,Hamburgo,S,0
ESC-2025-000345,9845685,Costa Fortune IV,NAV037,M11,carga_general,descarga,Madera,12659.0,0,2025-02-13 14:40:15,2025-02-14 04:55:30,2025-02-15 19:53:08,Le Havre,Sines,S,0
ESC-2025-002645,9199622,Costa Pride,NAV033,M11,carga_general,carga,Maquinaria,6001.1,0,2025-02-13 15:30:13,2025-02-14 00:48:57,2025-02-15 02:53:47,Rotterdam,Houston,S,0
ESC-2025-002099,9158094,Odiel Dawn,NAV006,M04,granel_liquido,mixta,Productos químicos,38767.8,0,2025-02-13 16:12:03,2025-02-13 16:23:47,2025-02-15 09:33:17,Hamburgo,Santos,S,0
ESC-2025-001555,9122916,Silver Breeze III,NAV040,M05,granel_liquido,mixta,Productos químicos,52292.0,0,2025-02-13 22:03:41,2025-02-14 14:14:48,2025-02-16 02:40:09,Ceuta,Ceuta,S,0
ESC-2025-001555,9122916,Silver Breeze III,NAV040,M05,granel_liquido,mixta,Productos químicos,52292.0,0,2025-02-13 22:03:41,2025-02-14 14:14:48,2025-02-16 02:40:09,Ceuta,Ceuta,S,0
ESC-2025-001317,9492907,Ocean Star II,NAV037,M11,carga_general,carga,Madera,12273.6,0,2025-02-13 23:25:20,2025-02-14 05:27:23,2025-02-15 03:03:25,Génova,Algeciras,S,0
ESC-2025-000494,9514585,Iberian Voyager IV,NAV005,M01,contenedores,mixta,Contenedores,13321.4,1089,2025-02-14 00:23:25,2025-02-14 00:44:08,2025-02-14 15:02:17,Houston,Santos,S,0
ESC-2025-002687,9296860,Delta Mar III,NAV007,M12,granel_liquido,descarga,Ácido sulfúrico,10628.7,0,2025-02-14 03:23:21,2025-02-14 04:22:35,2025-02-15 12:15:08,Valencia,Funchal,S,0
ESC-2025-002575,9145425,Costa Express,NAV032,M06,granel_liquido,descarga,Crudo,59903.5,0,2025-02-14 07:22:32,2025-02-14 15:05:59,2025-02-16 10:23:57,Las Palmas,Rotterdam,S,0
ESC-2025-006043,9589475,Cabo Fortune,NAV007,M01,contenedores,carga,Contenedores,13151.0,999,2025-02-14 16:52:30,2025-02-15 07:25:21,2025-02-16 03:07:45,Ceuta,Valencia,S,0
ESC-2025-004038,9350628,Aurora Express,NAV028,M01,contenedores,carga,Contenedores,12763.1,991,2025-02-14 18:10:14,2025-02-15 03:23:29,2025-02-16 02:03:49,Dakar,Funchal,S,0
ESC-2025-004038,9350628,Aurora Express,NAV028,M01,contenedores,carga,Contenedores,12763.1,991,2025-02-14 18:10:14,2025-02-15 03:23:29,2025-02-16 02:03:49,Dakar,Funchal,S,0
ESC-2025-006124,9857640,Silver Navigator I,NAV009,M05,granel_liquido,descarga,Productos químicos,22331.9,0,2025-02-14 19:33:40,2025-02-14 20:31:55,2025-02-16 08:02:58,Santa Cruz de Tenerife,Funchal,S,0
ESC-2025-006348,9997361,Río Voyager III,NAV013,M02,granel_solido,carga,Fertilizantes,37519.4,0,2025-02-14 19:55:30,2025-02-15 06:09:25,2025-02-17 11:27:11,Ceuta,Le Havre,S,0
ESC-2025-003786,9438004,Tinto Bay IV,NAV031,M12,granel_liquido,mixta,Biocombustible,46906.9,0,2025-02-14 21:45:33,2025-02-15 01:37:15,2025-02-16 08:45:59,Hamburgo,Casablanca,S,0
ESC-2025-006411,9151711,Delta Trader,NAV018,M08,fruta_refrigerada,carga,Fruta tropical,15554.4,0,2025-02-14 22:00:00,2025-02-15 16:34:28,2025-02-16 19:35:39,Lisboa,Abiyán,S,0
ESC-2025-005600,9576337,Silver Glory,NAV006,M02,granel_solido,descarga,Concentrado de cobre,27661.4,0,2025-02-15 02:33:56,2025-02-15 09:48:10,2025-02-17 01:06:24,Santos,Santa Cruz de Tenerife,S,0
ESC-2025-005311,9445459,Costa Breeze,NAV018,M03,granel_solido,mixta,Cereal,17179.0,0,2025-02-15 03:20:56,2025-02-15 07:44:03,2025-02-16 18:23:46,Valencia,Hamburgo,S,0
ESC-2025-004722,9442380,Odiel Horizon II,NAV013,M06,granel_liquido,mixta,Crudo,93014.1,0,2025-02-15 05:24:25,2025-02-15 05:32:35,2025-02-16 16:05:03,Casablanca,Santos,S,0
ESC-2025-002310,9609550,Blue Navigator,NAV014,M07,ro_ro,carga,Vehículos,27627.9,0,2025-02-15 09:30:20,2025-02-15 11:13:52,2025-02-16 06:07:12,Funchal,Funchal,S,0
ESC-2025-005590,9263394,Odiel Horizon,NAV034,M10,pesca,mixta,Pescado fresco,18.7,0,2025-02-15 11:55:00,2025-02-15 11:56:27,2025-02-15 17:14:56,Casablanca,Tánger Med,S,0
ESC-2025-003372,9221920,Silver Bay,NAV020,M05,granel_liquido,mixta,Productos químicos,25422.5,0,2025-02-15 12:00:35,2025-02-15 17:18:28,2025-02-16 18:31:04,Santa Cruz de Tenerife,Génova,S,0
ESC-2025-005395,9911094,Golden Carrier I,NAV021,M03,granel_solido,carga,Pirita,33790.4,0,2025-02-15 15:02:26,2025-02-15 16:26:25,2025-02-17 19:44:03,Funchal,Funchal,S,0
ESC-2025-002653,9459709,Río Marina,NAV024,M12,granel_liquido,descarga,Crudo,31984.5,0,2025-02-15 15:37:03,2025-02-16 04:34:05,2025-02-16 20:23:42,Dakar,Funchal,S,0
ESC-2025-005275,9809253,Río Bay,NAV005,M03,granel_solido,mixta,Fertilizantes,12282.1,0,2025-02-15 17:17:52,2025-02-16 05:18:41,2025-02-17 03:40:18,Ceuta,Funchal,S,0
ESC-2025-004817,9708813,Doña Venture,NAV035,M04,granel_liquido,descarga,Ácido sulfúrico,48851.0,0,2025-02-15 17:43:47,2025-02-15 18:37:10,2025-02-17 08:30:24,Sines,Tánger Med,S,0
ESC-2025-001868,9954917,Luz Carrier II,NAV030,M07,ro_ro,mixta,Semirremolques,22677.6,0,2025-02-15 20:02:28,15/02/2025 20:06,2025-02-16 08:54:03,Sines,Le Havre,S,0
ESC-2025-005856,9158094,Odiel Dawn,NAV006,M06,granel_liquido,descarga,Ácido sulfúrico,39931.4,0,2025-02-15 20:34:52,2025-02-16 07:03:11,2025-02-18 00:34:27,Santos,Amberes,S,0
ESC-2025-000818,9829746,Marisma Venture,NAV030,M12,granel_liquido,carga,Gasóleo,61109.0,0,2025-02-15 21:42:12,2025-02-16 08:58:24,2025-02-18 01:50:28,Rotterdam,Santos,S,0
ESC-2025-001500,9460124,Estrella Bay,NAV021,M08,fruta_refrigerada,carga,Fruta tropical,11342.2,0,2025-02-16 00:00:00,2025-02-16 01:11:31,2025-02-16 09:27:21,Houston,Dakar,S,0
ESC-2025-004233,9578270,Marisma Bay,NAV035,M03,granel_solido,descarga,Fertilizantes,12464.9,0,2025-02-16 01:42:00,2025-02-16 16:48:47,2025-02-19 20:38:06,Amberes,Abiyán,S,0
ESC-2025-000719,9716602,Iberian Horizon III,NAV038,M11,carga_general,carga,Bobinas de acero,4486.8,0,2025-02-16 02:01:31,2025-02-16 02:30:50,2025-02-17 15:33:24,Sines,Le Havre,S,0
ESC-2025-003329,9576337,Silver Glory,NAV006,M02,granel_solido,carga,Cereal,29541.7,0,2025-02-16 12:37:30,2025-02-16 13:40:55,2025-02-18 20:31:42,Valencia,Hamburgo,S,0
ESC-2025-003470,9116591,Nordic Marina IV,NAV014,M01,contenedores,carga,Contenedores,-6338.4,510,2025-02-16 14:39:42,2025-02-16 15:57:17,2025-02-17 08:34:37,Abiyán,Génova,S,0
ESC-2025-006082,9492907,Ocean Star II,NAV037,M11,carga_general,carga,Madera,10778.8,0,2025-02-16 18:23:21,16/02/2025 23:02,2025-02-17 20:00:02,Hamburgo,Santa Cruz de Tenerife,S,0
ESC-2025-000070,9597721,Cabo Navigator,NAV038,M05,granel_liquido,carga,Biocombustible,34898.4,0,2025-02-16 18:37:21,2025-02-17 00:45:20,2025-02-18 03:18:28,Casablanca,Génova,S,0
ESC-2025-000048,9025699,Iberian Trader I,NAV001,M04,granel_liquido,descarga,Gasóleo,52042.6,0,2025-02-16 19:53:43,2025-02-16 21:25:31,2025-02-17 15:52:24,Amberes,Algeciras,S,0
ESC-2025-005159,9093220,Atlantic Trader,NAV010,M08,fruta_refrigerada,mixta,Fruta tropical,8185.3,0,2025-02-16 20:00:00,2025-02-17 01:31:16,2025-02-18 06:37:34,Santa Cruz de Tenerife,Santos,S,0
ESC-2025-003473,9131761,Southern Trader,NAV032,M07,ro_ro,carga,Semirremolques,21627.2,0,2025-02-16 23:24:09,2025-02-17 00:17:20,2025-02-17 13:31:54,Sines,Ceuta,S,0
ESC-2025-003554,9597721,Cabo Navigator,NAV038,M06,granel_liquido,mixta,Ácido sulfúrico,19596.8,0,2025-02-17 01:12:45,2025-02-17 02:37:57,2025-02-18 13:51:25,Ceuta,Santos,S,0
ESC-2025-003604,9957799,Río Sol,NAV006,M05,granel_liquido,carga,Productos químicos,55876.0,0,2025-02-17 05:51:51,2025-02-17 09:24:07,2025-02-18 19:57:36,Casablanca,Dakar,S,0
ESC-2025-004311,9055943,Río Venture,NAV002,M03,granel_solido,carga,Cereal,19937.4,0,2025-02-17 07:40:35,2025-02-18 03:56:42,2025-02-20 20:01:20,Sines,Génova,S,0
ESC-2025-001823,9249049,Cabo Trader,NAV001,M08,fruta_refrigerada,descarga,Cítricos,12377.6,0,2025-02-17 08:00:00,2025-02-17 13:11:01,2025-02-18 06:22:56,Dakar,Rotterdam,S,0
ESC-2025-003086,9633628,Blue Pride,NAV033,M01,contenedores,descarga,Contenedores,7162.1,743,2025-02-17 12:45:56,2025-02-17 13:51:54,2025-02-18 12:55:17,Hamburgo,Dakar,S,0
ESC-2025-006240,9936604,Silver Star,NAV010,M08,fruta_refrigerada,mixta,Fresa y frutos rojos,12897.0,0,2025-02-17 15:00:00,2025-02-18 01:34:33,2025-02-19 12:43:46,Sines,Ceuta,S,0
ESC-2025-005612,9055943,Río Venture,NAV002,M03,granel_solido,carga,Fertilizantes,36309.6,0,2025-02-17 16:21:51,2025-02-17 23:00:51,2025-02-19 08:49:06,Casablanca,Le Havre,S,0
ESC-2025-002382,9438004,Tinto Bay IV,NAV031,M05,granel_liquido,carga,Ácido sulfúrico,69205.5,0,2025-02-17 19:01:09,2025-02-18 10:34:43,2025-02-19 09:22:26,Santos,Rotterdam,S,0
ESC-2025-004739,9380283,Estrella Dawn IV,NAV029,M05,granel_liquido,mixta,Crudo,39328.9,0,2025-02-17 19:48:38,2025-02-17 23:25:43,2025-02-20 01:21:12,Casablanca,Nueva York,S,0
ESC-2025-000605,9256200,Luz Breeze,NAV009,M04,granel_liquido,carga,Productos químicos,35139.3,0,2025-02-17 22:38:38,2025-02-18 07:47:45,2025-02-19 11:02:52,Le Havre,Abiyán,S,0
ESC-2025-002156,9423853,Odiel Pioneer,NAV028,M06,granel_liquido,carga,Productos químicos,23124.3,0,2025-02-18 03:08:42,2025-02-18 05:35:45,2025-02-19 21:17:13,Abiyán,Santos,S,0
ESC-2025-000336,9369382,Southern Sol,NAV001,M06,granel_liquido,mixta,Gasóleo,39670.9,0,2025-02-18 03:44:04,2025-02-18 10:50:57,2025-02-19 18:59:59,Tánger Med,Santos,S,0
ESC-2025-003240,9665891,Atlantic Venture IV,NAV032,M10,pesca,carga,Pescado fresco,72.0,0,2025-02-18 05:14:54,2025-02-18 05:20:37,2025-02-18 09:25:10,Tánger Med,Ceuta,S,0
ESC-2025-002926,9351828,Iberian Spirit,NAV008,M05,granel_liquido,mixta,Crudo,21853.9,0,2025-02-18 12:48:52,2025-02-19 05:10:30,2025-02-19 23:53:48,Amberes,Casablanca,S,0
ESC-2025-002471,9829746,Marisma Venture,NAV030,M05,granel_liquido,descarga,Ácido sulfúrico,56911.4,0,2025-02-18 19:04:28,2025-02-18 20:38:41,2025-02-20 06:33:41,Génova,Santos,S,0
ESC-2025-004373,9765768,Cabo Pride I,NAV007,M05,granel_liquido,carga,GNL,76424.9,0,2025-02-18 19:58:48,2025-02-18 22:19:10,2025-02-20 07:57:47,Rotterdam,Algeciras,S,0
ESC-2025-002464,9229142,Marisma Spirit II,NAV013,M08,fruta_refrigerada,carga,Fresa y frutos rojos,14054.2,0,2025-02-18 23:00:00,2025-02-19 03:50:30,2025-02-20 10:02:46,Algeciras,Rotterdam,S,0
ESC-2025-000408,9783588,Iberian Star,NAV025,M11,carga_general,carga,Palés,5848.7,0,2025-02-18 23:31:43,2025-02-18 23:42:06,2025-02-20 07:22:09,Abiyán,Hamburgo,S,0
ESC-2025-000418,9465928,Southern Voyager,NAV003,M08,fruta_refrigerada,carga,Fruta tropical,3547.9,0,2025-02-19 00:00:00,2025-02-19 02:59:50,2025-02-19 09:13:29,Las Palmas,Casablanca,S,0
ESC-2025-003463,9683910,Tinto Marina IV,NAV036,M08,fruta_refrigerada,carga,Fruta tropical,10606.7,0,2025-02-19 00:00:00,2025-02-19 01:14:12,2025-02-19 20:03:43,Funchal,Amberes,S,0
ESC-2025-001166,9661716,Aurora Horizon,NAV002,M06,granel_liquido,mixta,GNL,46718.2,0,2025-02-19 00:53:12,19/02/2025 10:08,2025-02-20 10:15:09,Dakar,Lisboa,S,0
ESC-2025-001174,9770531,Aurora Spirit III,NAV023,M01,contenedores,descarga,Contenedores,11951.4,963,2025-02-19 02:25:49,2025-02-19 03:00:35,2025-02-20 00:43:06,Algeciras,Sines,S,0
ESC-2025-002631,9311490,Río Trader IV,NAV033,M10,pesca,descarga,Pescado fresco,75.5,0,2025-02-19 03:35:32,2025-02-19 04:13:05,2025-02-19 09:13:09,Houston,Valencia,N,0
ESC-2025-002839,9148130,Odiel Star II,NAV019,M04,granel_liquido,carga,Biocombustible,87946.9,0,2025-02-19 04:23:07,2025-02-19 05:32:28,2025-02-20 09:47:20,Rotterdam,Génova,S,0
ESC-2025-004605,9594248,Costa Fortune,NAV015,M03,granel_solido,descarga,Concentrado de cobre,20799.5,0,2025-02-19 06:12:50,2025-02-20 05:03:10,2025-02-21 19:03:20,Amberes,Tánger Med,S,0
ESC-2025-001023,9977737,Marisma Voyager,NAV033,M11,carga_general,mixta,Madera,5117.2,0,2025-02-19 08:27:13,2025-02-19 08:53:11,2025-02-21 03:55:41,Houston,Hamburgo,S,0
ESC-2025-005920,9643192,Silver Breeze II,NAV013,M02,granel_solido,descarga,Pirita,21857.0,0,2025-02-19 09:30:56,2025-02-20 15:27:56,2025-02-22 08:12:30,Houston,Sines,S,0
ESC-2025-004435,9603219,Aurora Spirit,NAV026,M10,pesca,mixta,Pescado fresco,7.7,0,2025-02-19 14:35:38,2025-02-19 14:39:05,2025-02-19 21:19:38,Las Palmas,Le Havre,N,0
ESC-2025-003141,9540780,Odiel Trader V,NAV009,M06,granel_liquido,carga,Productos químicos,28964.2,0,2025-02-19 18:29:47,2025-02-19 18:43:25,2025-02-21 12:23:09,Hamburgo,Santos,S,0
ESC-2025-005196,9656321,Punta Trader,NAV012,M05,granel_liquido,carga,Gasóleo,25279.6,0,2025-02-19 20:51:20,2025-02-19 21:33:43,2025-02-21 08:38:35,Le Havre,Génova,S,0
ESC-2025-006029,9367487,Ocean Fortune I,NAV009,M11,carga_general,mixta,Maquinaria,5574.4,0,2025-02-19 23:59:51,2025-02-20 02:08:08,2025-02-21 20:32:18,Amberes,Valencia,S,0
ESC-2025-002757,9997361,Río Voyager III,NAV013,M02,granel_solido,mixta,Fertilizantes,43035.6,0,2025-02-20 00:16:57,2025-02-20 14:08:32,2025-02-21 22:27:01,Las Palmas,Rotterdam,S,0
ESC-2025-005912,9093220,Atlantic Trader,NAV010,M08,fruta_refrigerada,descarga,Fruta tropical,4703.4,0,2025-02-20 02:00:00,2025-02-20 03:40:46,2025-02-21 14:21:14,Génova,Hamburgo,S,0
ESC-2025-003168,9520895,Río Spirit,NAV009,,granel_liquido,mixta,Productos químicos,60170.3,0,2025-02-20 02:01:31,2025-02-20 06:37:18,2025-02-21 14:47:29,Casablanca,Rotterdam,S,0
ESC-2025-001241,9507843,Iberian Express,NAV018,M11,carga_general,mixta,Maquinaria,12881.2,0,2025-02-20 03:13:13,2025-02-20 03:38:23,2025-02-22 22:40:15,Santos,Casablanca,S,0
ESC-2025-004272,9957799,Río Sol,NAV006,M05,granel_liquido,mixta,GNL,63785.7,0,2025-02-20 06:05:17,2025-02-20 08:38:56,2025-02-21 15:58:20,Le Havre,Casablanca,S,0
ESC-2025-000656,9417816,Golden Wave,NAV024,M07,ro_ro,carga,Semirremolques,18247.2,0,2025-02-20 06:59:00,2025-02-20 07:53:50,2025-02-20 18:36:46,Tánger Med,Le Havre,S,0
ESC-2025-002920,9321201,Estrella Voyager,NAV020,M01,contenedores,carga,Contenedores,8631.4,864,2025-02-20 08:50:44,2025-02-20 10:02:04,2025-02-21 01:46:37,Santa Cruz de Tenerife,Funchal,S,0
ESC-2025-001810,9142590,Doña Wave,NAV019,M12,granel_liquido,descarga,Productos químicos,35853.4,0,2025-02-20 14:35:36,2025-02-21 01:33:50,2025-02-22 08:02:34,Dakar,Sines,S,0
ESC-2025-001810,9142590,Doña Wave,NAV019,M12,granel_liquido,descarga,Productos químicos,35853.4,0,2025-02-20 14:35:36,2025-02-21 01:33:50,2025-02-22 08:02:34,Dakar,Sines,S,0
ESC-2025-001574,9260500,Southern Venture,NAV003,M01,contenedores,descarga,Contenedores,13366.6,1060,2025-02-20 16:29:57,2025-02-20 19:03:15,2025-02-22 00:33:46,Dakar,Abiyán,S,0
ESC-2025-004408,9634581,Luz Dawn V,NAV017,M12,granel_liquido,mixta,Gasóleo,7348.5,0,2025-02-20 17:28:06,2025-02-21 06:10:36,2025-02-21 23:24:42,Valencia,Funchal,S,0
ESC-2025-000525,9459424,Luz Fortune IV,NAV028,M07,ro_ro,carga,Vehículos,11482.5,0,2025-02-21 04:23:04,2025-02-21 09:07:24,2025-02-21 11:56:43,Santa Cruz de Tenerife,Lisboa,S,0
ESC-2025-004200,9633628,Blue Pride,NAV033,M01,contenedores,mixta,Contenedores,1978.0,161,2025-02-21 11:16:34,2025-02-21 12:39:33,2025-02-22 12:26:47,Rotterdam,Santos,S,0
ESC-2025-004637,9816622,Río Fortune,NAV010,M11,carga_general,descarga,Bobinas de acero,5937.5,0,2025-02-21 11:44:54,2025-02-21 18:03:13,2025-02-23 02:45:26,Génova,Dakar,S,0
ESC-2025-001820,9465928,Southern Voyager,NAV003,M08,fruta_refrigerada,carga,Fruta tropical,6289.4,0,2025-02-21 13:00:00,2025-02-21 13:33:29,2025-02-22 10:18:18,Santos,Lisboa,S,0
ESC-2025-001323,9203722,Southern Voyager II,NAV034,M01,contenedores,descarga,Contenedores,13914.8,1462,2025-02-21 16:51:42,2025-02-21 21:39:36,2025-02-22 09:59:14,Santos,Santa Cruz de Tenerife,S,0
ESC-2025-003205,9391385,Blue Marina,NAV032,M08,fruta_refrigerada,carga,Cítricos,5526.2,0,2025-02-21 19:00:00,2025-02-22 03:20:33,2025-02-22 18:25:41,Amberes,Tánger Med,S,0
ESC-2025-001339,9655248,Southern Pioneer I,NAV017,M05,granel_liquido,descarga,GNL,14975.5,0,2025-02-21 23:58:51,2025-02-22 00:08:07,2025-02-23 20:59:26,Génova,Amberes,S,0
ESC-2025-004391,9116034,Atlantic Fortune III,NAV019,M01,contenedores,descarga,Contenedores,4122.2,343,2025-02-22 01:33:49,2025-02-22 08:45:15,2025-02-23 07:17:18,Lisboa,Amberes,S,0
ESC-2025-002529,9116591,Nordic Marina IV,NAV014,M01,contenedores,mixta,Contenedores,7047.0,689,2025-02-22 05:48:45,2025-02-22 07:06:37,2025-02-23 13:43:11,Funchal,Casablanca,S,0
ESC-2025-001497,9022130,Golden Spirit,NAV017,M08,fruta_refrigerada,carga,Fresa y frutos rojos,10178.5,0,2025-02-22 09:00:00,2025-02-22 18:23:40,2025-02-23 09:07:11,Sines,Valencia,S,0
ESC-2025-003949,9471769,Ocean Pride,NAV030,M11,carga_general,carga,Madera,6864.3,0,2025-02-22 09:38:31,2025-02-22 20:30:53,2025-02-24 06:44:37,Génova,Hamburgo,S,0
ESC-2025-004590,9350628,Aurora Express,NAV028,M01,contenedores,mixta,Contenedores,12589.4,1020,2025-02-22 09:59:20,2025-02-23 03:03:47,2025-02-23 21:16:42,Houston,Valencia,S,0
ESC-2025-004590,9350628,Aurora Express,NAV028,M01,contenedores,mixta,Contenedores,12589.4,1020,2025-02-22 09:59:20,2025-02-23 03:03:47,2025-02-23 21:16:42,Houston,Valencia,S,0
ESC-2025-001897,9405186,Tinto Star II,NAV037,M01,contenedores,descarga,Contenedores,8504.9,822,2025-02-22 12:06:31,2025-02-22 21:43:54,2025-02-23 15:16:06,Abiyán,Rotterdam,S,0
ESC-2025-000541,9448982,Estrella Spirit,NAV011,M12,granel_liquido,descarga,Biocombustible,68391.0,0,2025-02-22 19:16:58,2025-02-22 21:07:48,2025-02-23 23:24:46,Hamburgo,Santa Cruz de Tenerife,S,0
ESC-2025-001049,9164330,Tinto Trader III,NAV025,M01,contenedores,carga,Contenedores,15125.6,1668,2025-02-22 20:48:33,2025-02-22 20:56:54,2025-02-23 22:04:31,Houston,Tánger Med,S,0
ESC-2025-004792,9912490,Río Pride,NAV037,M08,fruta_refrigerada,carga,Cítricos,12633.4,0,2025-02-22 21:00:00,2025-02-23 08:22:25,2025-02-24 19:00:15,Rotterdam,Génova,S,0
ESC-2025-002186,9857640,Silver Navigator I,NAV009,M05,granel_liquido,carga,Gasóleo,18879.6,0,2025-02-23 03:18:48,2025-02-23 10:29:55,2025-02-24 22:03:58,Funchal,Santa Cruz de Tenerife,S,0
ESC-2025-006069,9465851,Luz Glory IV,NAV008,M02,granel_solido,descarga,Concentrado de cobre,20431.5,0,2025-02-23 03:42:18,2025-02-23 05:20:18,2025-02-25 16:22:29,Ceuta,Sines,S,0
ESC-2025-000876,9435818,Estrella Breeze,NAV033,M01,contenedores,mixta,Contenedores,9414.9,811,2025-02-23 06:23:20,2025-02-23 08:09:08,2025-02-24 05:55:26,Sines,Casablanca,S,0
ESC-2025-005462,9093816,Costa Glory II,NAV006,M10,pesca,descarga,Pescado fresco,53.9,0,2025-02-23 07:45:18,2025-02-23 08:01:57,2025-02-23 12:26:17,Amberes,Santos,N,0
ESC-2025-003598,9438004,Tinto Bay IV,NAV031,M12,granel_liquido,carga,GNL,57708.1,0,2025-02-23 08:03:38,2025-02-23 08:43:59,2025-02-24 10:43:31,Houston,Houston,S,0
ESC-2025-005921,9195274,Aurora Sol,NAV006,M02,granel_solido,mixta,Concentrado de cobre,29966.6,0,2025-02-23 08:28:43,2025-02-23 12:48:27,2025-02-25 00:37:17,Sines,Lisboa,S,0
ESC-2025-002664,9083366,Cabo Spirit,NAV007,M08,fruta_refrigerada,descarga,Fruta tropical,7279.8,0,2025-02-23 09:00:00,2025-02-23 14:35:56,2025-02-24 05:29:21,Amberes,Dakar,S,0
ESC-2025-002664,9083366,Cabo Spirit,NAV007,M08,fruta_refrigerada,descarga,Fruta tropical,7279.8,0,2025-02-23 09:00:00,2025-02-23 14:35:56,2025-02-24 05:29:21,Amberes,Dakar,S,0
ESC-2025-000197,9634581,Luz Dawn V,NAV017,M12,granel_liquido,descarga,GNL,7630.6,0,2025-02-23 09:06:37,2025-02-23 12:48:22,2025-02-24 15:56:13,Nueva York,Dakar,S,0
ESC-2025-002803,9442732,Punta Venture,NAV025,M04,granel_liquido,descarga,Ácido sulfúrico,62239.6,0,2025-02-23 10:19:54,2025-02-23 11:15:15,2025-02-24 06:36:35,Rotterdam,Génova,S,0
ESC-2025-004742,9809253,Río Bay,NAV005,M02,granel_solido,carga,Concentrado de cobre,24786.0,0,2025-02-23 14:34:23,2025-02-23 16:37:37,2025-02-25 09:47:11,Funchal,Génova,S,0
ESC-2025-001293,9095888,Estrella Pioneer,NAV010,M03,granel_solido,descarga,Concentrado de cobre,33350.4,0,2025-02-23 22:32:18,2025-02-24 00:27:57,2025-02-26 01:55:55,Las Palmas,Nueva York,S,0
ESC-2025-001141,9434199,Estrella Pride II,NAV021,M12,granel_liquido,mixta,GNL,73819.3,0,2025-02-23 23:09:51,2025-02-24 01:18:14,2025-02-25 18:47:22,Abiyán,Casablanca,S,0
ESC-2025-001554,9467031,Cabo Star,NAV008,M11,carga_general,mixta,Maquinaria,8923.4,0,2025-02-23 23:21:33,2025-02-24 10:10:22,2025-02-25 17:28:44,Ceuta,Sines,S,0
ESC-2025-004761,9514585,Iberian Voyager IV,NAV005,M01,contenedores,descarga,Contenedores,18365400.0,1399,2025-02-24 01:26:48,2025-02-24 02:16:03,2025-02-24 11:48:11,Ceuta,Amberes,S,0
ESC-2025-003021,9102112,Delta Spirit I,NAV035,M03,granel_solido,mixta,Cereal,19099.3,0,2025-02-24 03:43:03,2025-02-24 04:04:10,2025-02-25 02:08:12,Le Havre,Casablanca,S,0
ESC-2025-004302,9641912,Ocean Glory,NAV030,M03,granel_solido,mixta,Fertilizantes,24843.6,0,2025-02-24 07:44:31,2025-02-24 19:16:39,2025-02-26 22:38:31,Amberes,Santos,S,0
ESC-2025-005325,9922976,Río Horizon II,NAV034,M12,granel_liquido,mixta,Crudo,17852.5,0,2025-02-24 08:03:12,2025-02-24 09:53:07,2025-02-25 18:23:34,Houston,Valencia,S,0
ESC-2025-002930,9459709,Río Marina,NAV024,M05,granel_liquido,mixta,Biocombustible,31097.2,0,2025-02-24 12:11:12,2025-02-24 13:41:44,2025-02-25 22:01:11,Funchal,Hamburgo,S,0
ESC-2025-002930,9459709,Río Marina,NAV024,M05,granel_liquido,mixta,Biocombustible,31097.2,0,2025-02-24 12:11:12,2025-02-24 13:41:44,2025-02-25 22:01:11,Funchal,Hamburgo,S,0
ESC-2025-003180,9217412,Costa Pride III,NAV014,M04,granel_liquido,descarga,Productos químicos,42281.6,0,2025-02-24 13:46:54,2025-02-24 21:56:05,2025-02-26 04:00:24,Hamburgo,Funchal,S,0
ESC-2025-000557,9655248,Southern Pioneer I,NAV017,M04,granel_liquido,mixta,Gasóleo,16165.7,0,2025-02-24 21:01:08,2025-02-25 02:29:28,2025-02-27 02:50:26,Santos,Rotterdam,S,0
ESC-2025-002618,9472995,Blue Trader,NAV028,M02,granel_solido,descarga,Clínker,40476.6,0,2025-02-24 22:44:24,2025-02-25 10:53:53,2025-02-27 11:34:25,Valencia,Houston,S,0
ESC-2025-001991,9929338,Tinto Venture I,NAV017,M04,granel_liquido,carga,GNL,68959.3,0,2025-02-24 23:07:47,2025-02-25 07:14:46,2025-02-26 08:27:41,Funchal,Ceuta,S,0
ESC-2025-005358,9844588,Delta Wave,NAV001,M01,contenedores,carga,Contenedores,7889.4,812,2025-02-24 23:29:25,2025-02-25 00:37:19,2025-02-25 11:42:05,Algeciras,Amberes,S,0
ESC-2025-005439,9371919,Southern Pride,NAV034,M11,carga_general,carga,Palés,5311.2,0,2025-02-25 00:46:55,2025-02-25 06:35:20,2025-02-26 14:40:28,Sines,Santos,S,0
ESC-2025-003904,9936604,Silver Star,NAV010,M08,fruta_refrigerada,carga,Fresa y frutos rojos,12407.2,0,2025-02-25 01:00:00,2025-02-25 04:40:02,2025-02-26 06:42:50,Las Palmas,Sines,S,0
ESC-2025-000479,9093220,Atlantic Trader,NAV010,M08,fruta_refrigerada,mixta,Fresa y frutos rojos,7655.2,0,2025-02-25 02:00:00,2025-02-25 02:12:20,2025-02-26 02:05:30,Génova,Amberes,S,0
ESC-2025-005763,9171371,  OCEAN PIONEER ,NAV025,M02,granel_solido,descarga,Clínker,24164.6,0,2025-02-25 03:33:13,2025-02-25 07:27:07,2025-02-27 13:18:59,Amberes,Houston,S,0
ESC-2025-000843,9954656,Punta Sol II,NAV003,M08,fruta_refrigerada,mixta,Fruta tropical,11773200.0,0,2025-02-25 07:35:12,2025-02-25 10:23:10,2025-02-25 23:19:26,Lisboa,Tánger Med,S,0
ESC-2025-002216,9936604,Silver Star,NAV010,M08,fruta_refrigerada,carga,Fresa y frutos rojos,14206.6,0,2025-02-25 08:00:00,2025-02-25 12:16:39,2025-02-26 10:53:17,Amberes,Génova,S,0
ESC-2025-006192,9180633,Doña Carrier,NAV034,M04,granel_liquido,carga,Crudo,21510.5,0,2025-02-25 09:39:07,2025-02-25 13:34:00,2025-02-26 17:08:19,Rotterdam,Abiyán,S,0
ESC-2025-002405,9093816,Costa Glory II,NAV006,M10,pesca,carga,Pescado fresco,58.0,0,2025-02-25 09:58:14,2025-02-25 10:09:19,2025-02-25 13:43:33,Casablanca,Valencia,N,0
ESC-2025-001336,9284635,Nordic Sol IV,NAV017,M02,granel_solido,carga,Clínker,14619.0,0,2025-02-25 10:27:47,2025-02-26 13:11:39,2025-02-28 11:20:46,Santa Cruz de Tenerife,Hamburgo,S,0
ESC-2025-004320,9574614,Aurora Mar V,NAV029,M01,contenedores,mixta,Contenedores,7961.5,603,2025-02-25 14:50:34,2025-02-25 15:07:22,2025-02-26 17:26:37,Génova,Funchal,S,0
ESC-2025-004579,9995674,Marisma Breeze,NAV029,M04,granel_liquido,carga,Gasóleo,56581.7,0,2025-02-25 21:46:33,2025-02-26 09:54:01,2025-02-26 22:14:14,Amberes,Sines,S,0
ESC-2025-002431,9093220,  ATLANTIC TRADER ,NAV010,M08,fruta_refrigerada,mixta,Cítricos,6793.3,0,2025-02-25 22:00:00,2025-02-25 22:36:04,2025-02-27 12:29:57,Dakar,Valencia,S,0
ESC-2025-000448,9864447,Iberian Dawn II,NAV008,,granel_solido,carga,Fertilizantes,22512.2,0,2025-02-26 05:42:57,2025-02-27 03:40:36,2025-02-28 21:05:41,Rotterdam,Lisboa,S,0
ESC-2025-006434,9419474,Ocean Glory I,NAV022,M11,carga_general,descarga,Madera,8687.2,0,2025-02-26 08:57:26,2025-02-26 15:19:35,2025-02-27 18:49:00,Algeciras,Las Palmas,S,0
ESC-2025-005847,9030022,Costa Fortune V,NAV007,M10,pesca,descarga,Pescado fresco,42.9,0,2025-02-26 11:00:15,2025-02-26 11:06:59,2025-02-26 17:36:38,Dakar,Santa Cruz de Tenerife,N,0
ESC-2025-005533,9643192,Silver Breeze II,NAV013,M03,granel_solido,carga,Cereal,21323.6,0,2025-02-26 11:05:02,2025-02-28 11:37:31,2025-03-02 00:59:49,Casablanca,Amberes,S,0
ESC-2025-005703,9195274,Aurora Sol,NAV006,M02,granel_solido,carga,Clínker,24749.8,0,2025-02-26 19:05:55,2025-02-27 01:37:04,2025-02-28 16:06:13,Santa Cruz de Tenerife,Sines,S,0
ESC-2025-002200,9683910,Tinto Marina IV,NAV036,M08,fruta_refrigerada,carga,Fruta tropical,10162.0,0,2025-02-27 05:00:00,2025-02-27 09:04:43,2025-02-28 14:51:46,Lisboa,Le Havre,S,0
ESC-2025-003799,9218076,Doña Horizon,NAV012,M03,granel_solido,mixta,Pirita,14449.9,0,2025-02-27 06:25:49,2025-02-27 14:24:33,2025-03-02 02:11:31,Ceuta,Santos,S,0
ESC-2025-002572,9708813,Doña Venture,NAV035,M05,granel_liquido,mixta,Ácido sulfúrico,52968.9,0,2025-02-27 06:26:40,2025-02-27 10:18:03,2025-02-28 17:37:48,Funchal,Dakar,S,0
ESC-2025-001965,9568330,Ocean Fortune,NAV026,M08,fruta_refrigerada,descarga,Fruta tropical,13604.1,0,2025-02-27 11:00:00,27/02/2025 18:39,2025-02-28 09:05:27,Funchal,Algeciras,S,0
ESC-2025-005190,9198757,Golden Breeze,NAV032,M10,pesca,mixta,Pescado fresco,14.9,0,2025-02-27 13:10:22,2025-02-27 13:11:40,2025-02-27 17:30:32,Abiyán,Sines,S,0
ESC-2025-002501,9396517,Atlantic Voyager III,NAV035,M08,fruta_refrigerada,descarga,Fresa y frutos rojos,8243.4,0,2025-02-27 16:13:21,2025-02-27 19:57:39,2025-02-28 10:02:35,Sines,Las Palmas,S,0
ESC-2025-006461,9311945,Blue Fortune III,NAV037,M10,pesca,carga,Pescado fresco,58.0,0,2025-02-27 22:18:19,2025-02-27 22:31:48,2025-02-28 04:16:37,Valencia,Las Palmas,N,0
ESC-2025-006013,9361641,Luz Pride,NAV024,M07,ro_ro,mixta,Vehículos,19794.1,0,2025-02-28 01:07:25,2025-02-28 03:28:37,2025-02-28 16:11:34,Santos,Génova,S,0
ESC-2025-006074,9412543,Estrella Sol,NAV033,M05,granel_liquido,mixta,Biocombustible,16810.7,0,2025-02-28 09:44:52,2025-02-28 14:03:46,2025-03-02 10:36:19,Las Palmas,Valencia,S,0
ESC-2025-004693,9878369,Costa Horizon,NAV040,M08,fruta_refrigerada,carga,Fresa y frutos rojos,13170.1,0,2025-02-28 11:00:00,2025-02-28 11:03:31,2025-03-01 08:34:09,Funchal,Funchal,S,0
ESC-2025-000777,9647021,Punta Pride,NAV035,M12,granel_liquido,mixta,Ácido sulfúrico,37419.2,0,2025-02-28 12:37:18,2025-02-28 13:43:26,2025-03-01 16:44:07,Amberes,Génova,S,0
ESC-2025-004057,9116034,Atlantic Fortune III,NAV019,M01,contenedores,mixta,Contenedores,10307.2,836,2025-02-28 19:50:50,2025-03-01 06:14:23,2025-03-02 02:43:19,Nueva York,Rotterdam,S,0
ESC-2025-003093,9878230,Delta Sol I,NAV011,M08,fruta_refrigerada,carga,Cítricos,10559.0,0,2025-02-28 22:00:00,2025-02-28 22:55:41,2025-03-02 02:31:56,Casablanca,Rotterdam,S,0
ESC-2025-000825,9331919,Costa Wave,NAV027,M01,contenedores,descarga,Contenedores,16829.7,1304,2025-03-01 00:01:08,2025-03-01 09:27:59,2025-03-02 22:43:50,Funchal,Santos,S,0
ESC-2025-002554,9444792,Blue Pride V,NAV012,M01,contenedores,descarga,Contenedores,10642.2,940,2025-03-01 02:21:27,2025-03-01 05:57:49,2025-03-01 22:48:06,Funchal,Hamburgo,S,0
ESC-2025-000940,9171371,Ocean Pioneer,NAV025,M03,granel_solido,descarga,Clínker,25071.5,0,2025-03-01 08:26:46,2025-03-01 13:32:57,2025-03-03 05:25:12,Le Havre,Nueva York,S,0
ESC-2025-005518,9495507,Costa Bay,NAV040,M01,contenedores,descarga,Contenedores,3863.4,276,2025-03-01 09:03:35,2025-03-01 09:42:16,2025-03-02 05:53:41,Casablanca,Valencia,S,0
ESC-2025-005120,9368390,Doña Spirit IV,NAV003,M01,contenedores,descarga,Contenedores,10413.0,1048,2025-03-01 09:21:46,01/03/2025 19:07,2025-03-02 10:47:42,Tánger Med,Lisboa,S,0
ESC-2025-006197,9207479,Punta Fortune,NAV034,M01,contenedores,descarga,Contenedores,12186.8,883,2025-03-01 15:37:43,2025-03-01 16:40:40,2025-03-02 08:02:53,Nueva York,Funchal,S,0
ESC-2025-002663,9093816,Costa Glory II,NAV006,M10,pesca,descarga,Pescado fresco,19.6,0,2025-03-01 16:47:25,2025-03-01 17:11:28,2025-03-02 00:02:47,Las Palmas,Casablanca,S,0
ESC-2025-001451,9514585,Iberian Voyager IV,NAV005,M01,contenedores,mixta,Contenedores,7504.4,549,2025-03-01 17:11:25,2025-03-01 20:09:02,2025-03-02 16:44:19,Tánger Med,Sines,S,0
ESC-2025-003677,9826809,Delta Voyager,NAV034,M05,granel_liquido,mixta,GNL,69938.5,0,2025-03-01 17:31:58,2025-03-01 21:22:09,2025-03-03 06:29:24,Nueva York,Santa Cruz de Tenerife,S,0
ESC-2025-006488,9894832,Luz Spirit,NAV008,M05,granel_liquido,descarga,Crudo,51766.0,0,2025-03-01 20:13:09,2025-03-01 22:06:42,2025-03-02 15:11:09,Hamburgo,Valencia,S,0
ESC-2025-005083,9472995,Blue Trader,NAV028,M02,granel_solido,mixta,Cereal,37452.8,0,2025-03-01 21:38:36,2025-03-02 06:28:25,2025-03-04 03:47:21,Sines,Houston,S,0
ESC-2025-002983,9514585,Iberian Voyager IV,NAV005,M01,contenedores,descarga,Contenedores,9505.0,825,2025-03-01 21:54:59,2025-03-02 00:10:10,2025-03-03 04:20:43,Ceuta,Abiyán,S,0
ESC-2025-004468,9500467,Odiel Marina,NAV034,M08,fruta_refrigerada,carga,Fruta tropical,10937.7,0,2025-03-01 23:00:00,2025-03-01 23:16:56,2025-03-02 09:29:58,Algeciras,Nueva York,S,0
ESC-2025-001614,9434199,Estrella Pride II,NAV021,M12,granel_liquido,mixta,Ácido sulfúrico,37882.9,0,2025-03-01 23:52:16,2025-03-02 09:16:34,2025-03-03 18:04:04,Houston,Ceuta,S,0
ESC-2025-003875,9708813,Doña Venture,NAV035,M06,granel_liquido,mixta,Productos químicos,60856.1,0,2025-03-02 00:00:26,2025-03-03 10:27:16,2025-03-04 19:22:37,Ceuta,Abiyán,S,0
ESC-2025-004755,9954656,Punta Sol II,NAV003,M08,fruta_refrigerada,carga,Cítricos,6206.5,0,2025-03-02 01:00:00,2025-03-02 01:04:09,2025-03-03 10:27:03,Tánger Med,Santos,S,0
ESC-2025-003572,9539145,Marisma Mar,NAV013,M08,fruta_refrigerada,carga,Cítricos,13414.8,0,2025-03-02 02:00:00,2025-03-02 07:29:59,2025-03-03 12:26:25,Funchal,Houston,S,0
ESC-2025-002378,9312547,Punta Pride III,NAV030,M05,granel_liquido,descarga,Gasóleo,28063.1,0,2025-03-02 05:34:41,2025-03-02 20:43:03,2025-03-04 03:09:31,Dakar,Le Havre,S,0
ESC-2025-002843,9514585,Iberian Voyager IV,NAV005,M01,contenedores,descarga,Contenedores,10078.9,783,2025-03-02 09:24:56,2025-03-02 16:25:57,2025-03-03 14:40:38,Amberes,Santa Cruz de Tenerife,S,0
ESC-2025-006180,9367487,Ocean Fortune I,NAV009,M11,carga_general,mixta,Madera,6898.6,0,2025-03-02 11:28:41,2025-03-02 12:41:24,2025-03-04 07:09:03,Valencia,Dakar,S,0
ESC-2025-003043,9142590,Doña Wave,NAV019,M06,granel_liquido,mixta,Productos químicos,31996.3,0,2025-03-02 17:59:46,2025-03-02 18:23:18,2025-03-03 16:25:55,Génova,Abiyán,S,0
ESC-2025-001874,9026564,Tinto Mar,NAV040,M06,granel_liquido,carga,GNL,37715.5,0,2025-03-02 18:38:21,03/03/2025 11:13,2025-03-05 03:43:43,Santa Cruz de Tenerife,Dakar,S,0
ESC-2025-005422,9171371,Ocean Pioneer,NAV025,M03,granel_solido,carga,Cereal,19246.2,0,2025-03-02 21:04:25,2025-03-03 10:23:46,2025-03-05 05:14:04,Houston,Dakar,S,0
ESC-2025-000057,9451410,Delta Bay,NAV002,M01,contenedores,descarga,Contenedores,9039.6,684,2025-03-03 01:02:14,2025-03-03 16:46:55,2025-03-04 10:40:03,Lisboa,Tánger Med,S,0
ESC-2025-005774,9371919,Southern Pride,NAV034,M11,carga_general,mixta,Palés,5249.3,0,2025-03-03 03:44:53,2025-03-03 19:36:18,2025-03-05 01:29:54,Génova,Hamburgo,S,0
ESC-2025-000951,9222869,Aurora Trader,NAV038,M01,contenedores,descarga,Contenedores,8547.6,620,2025-03-03 04:10:11,2025-03-03 07:38:24,2025-03-04 10:54:23,Lisboa,Hamburgo,S,0
ESC-2025-005605,9853620,Blue Express,NAV007,M11,carga_general,carga,Maquinaria,7907.9,0,2025-03-03 07:59:46,2025-03-03 09:20:19,2025-03-04 19:36:09,Funchal,Valencia,S,0
ESC-2025-002804,9816622,Río Fortune,NAV010,M11,carga_general,carga,Bobinas de acero,8388.0,0,2025-03-03 08:42:22,2025-03-03 17:13:30,2025-03-04 23:35:40,Hamburgo,Las Palmas,S,0
ESC-2025-001255,9655248,Southern Pioneer I,NAV017,M05,granel_liquido,mixta,Gasóleo,13556.9,0,2025-03-03 09:14:40,2025-03-03 09:57:08,2025-03-04 06:53:49,Hamburgo,Funchal,S,0
ESC-2025-003461,9952402,Punta Pioneer,NAV032,M10,pesca,carga,Pescado fresco,15.8,0,2025-03-03 14:14:47,2025-03-03 14:39:19,2025-03-03 21:49:11,Amberes,Génova,S,0
ESC-2025-004365,9465928,Southern Voyager,NAV003,M08,fruta_refrigerada,descarga,Fruta tropical,4234.7,0,2025-03-03 16:00:00,2025-03-03 17:18:36,2025-03-04 23:23:30,Houston,Sines,S,0
ESC-2025-000932,9514585,Iberian Voyager IV,NAV005,M01,contenedores,carga,Contenedores,16787.3,1436,2025-03-03 16:39:11,2025-03-03 17:39:20,2025-03-04 09:13:04,Abiyán,Santa Cruz de Tenerife,S,0
ESC-2025-006185,9118032,Atlantic Horizon,NAV032,M03,granel_solido,descarga,Cereal,30653.2,0,2025-03-03 18:22:24,2025-03-04 02:30:57,2025-03-05 19:58:33,Las Palmas,Valencia,S,0
ESC-2025-001492,9068720,Silver Venture II,NAV030,M10,pesca,carga,Pescado fresco,25.2,0,2025-03-03 21:01:47,2025-03-03 21:44:09,2025-03-04 02:09:58,Rotterdam,Nueva York,N,0
ESC-2025-000942,9655248,Southern Pioneer I,NAV017,M06,granel_liquido,mixta,Productos químicos,15033.9,0,2025-03-04 00:11:28,2025-03-04 02:06:13,2025-03-05 03:45:00,Génova,Santa Cruz de Tenerife,S,0
ESC-2025-000469,9954656,Punta Sol II,NAV003,M08,fruta_refrigerada,mixta,Fresa y frutos rojos,11155.6,0,2025-03-04 02:00:00,2025-03-04 06:56:23,2025-03-04 09:15:34,Funchal,Nueva York,S,0
ESC-2025-003829,9742132,Odiel Fortune,NAV010,M06,granel_liquido,mixta,GNL,19650.0,0,2025-03-04 02:15:56,04/03/2025 14:29,2025-03-05 08:22:23,Ceuta,Sines,S,0
ESC-2025-005677,9093464,Iberian Sol,NAV004,M04,granel_liquido,mixta,Biocombustible,78037.4,0,2025-03-04 02:47:44,2025-03-04 15:33:09,2025-03-05 07:27:19,Génova,Amberes,S,0
ESC-2025-000041,9569700,Costa Star,NAV006,M01,contenedores,mixta,Contenedores,10850.7,886,2025-03-04 03:14:42,2025-03-04 11:39:01,2025-03-05 18:09:23,Algeciras,Las Palmas,S,0
ESC-2025-003762,9416159,Silver Marina,NAV015,M08,fruta_refrigerada,mixta,Fresa y frutos rojos,3152.8,0,2025-03-04 07:00:00,2025-03-04 09:28:05,2025-03-05 16:24:50,Rotterdam,Funchal,S,0
ESC-2025-002329,9434072,Iberian Voyager,NAV015,M01,contenedores,mixta,Contenedores,11382.0,1001,2025-03-04 09:07:37,2025-03-04 15:33:04,2025-03-05 02:17:42,Le Havre,Amberes,S,0
ESC-2025-002058,9846483,Southern Horizon III,NAV019,M02,granel_solido,descarga,Clínker,42430.9,0,2025-03-04 14:40:27,2025-03-04 16:52:26,2025-03-06 08:43:44,Le Havre,Dakar,S,0
ESC-2025-002752,9938640,Estrella Spirit I,NAV002,M11,carga_general,mixta,Bobinas de acero,5592.1,0,2025-03-04 16:53:18,2025-03-04 20:45:01,2025-03-06 00:59:56,Casablanca,Nueva York,S,0
ESC-2025-006120,9484522,Río Wave IV,NAV019,M12,granel_liquido,carga,Productos químicos,50282.7,0,2025-03-04 16:54:44,2025-03-05 07:09:31,2025-03-06 17:35:03,Houston,Santa Cruz de Tenerife,S,0
ESC-2025-001679,9092329,Tinto Star,NAV017,M02,granel_solido,descarga,Concentrado de cobre,31914.9,0,2025-03-04 17:21:40,2025-03-05 01:12:39,2025-03-06 13:24:15,Tánger Med,Nueva York,S,0
ESC-2025-002235,9417816,Golden Wave,NAV024,M07,ro_ro,carga,Semirremolques,36323.2,0,2025-03-04 19:35:55,2025-03-04 20:28:38,2025-03-05 05:45:16,Tánger Med,Santos,S,0
ESC-2025-001969,9771195,Golden Venture I,NAV025,M06,granel_liquido,mixta,Gasóleo,65086.2,0,2025-03-04 20:25:30,2025-03-05 01:10:21,2025-03-06 05:00:39,Santos,Las Palmas,S,0
ESC-2025-004031,9022130,Golden Spirit,NAV017,M08,fruta_refrigerada,descarga,Fresa y frutos rojos,10461.2,0,2025-03-04 22:00:00,2025-03-04 22:11:10,2025-03-05 18:23:03,Le Havre,Ceuta,S,0
ESC-2025-003367,9484522,Río Wave IV,NAV019,M05,granel_liquido,descarga,GNL,33065.6,0,2025-03-05 00:06:29,2025-03-05 02:03:33,2025-03-06 17:40:43,Rotterdam,Le Havre,S,0
ESC-2025-002144,9716602,Iberian Horizon III,NAV038,M11,carga_general,descarga,Maquinaria,3541.9,0,2025-03-05 00:12:43,05/03/2025 00:57,2025-03-06 02:01:49,Rotterdam,Lisboa,S,0
ESC-2025-002714,9005211,Cabo Sol II,NAV039,M01,contenedores,descarga,Contenedores,8896.7,662,2025-03-05 00:16:54,2025-03-05 00:57:32,2025-03-05 23:58:50,Santa Cruz de Tenerife,Houston,S,0
ESC-2025-004810,9484132,Costa Pride IV,NAV016,M01,contenedores,mixta,Contenedores,7484.9,555,2025-03-05 11:34:30,2025-03-05 17:15:16,2025-03-07 07:26:11,Las Palmas,Algeciras,S,0
ESC-2025-003280,9434072,Iberian Voyager,NAV015,M01,contenedores,carga,Contenedores,13036.7,1026,2025-03-05 12:35:57,2025-03-05 23:46:26,2025-03-06 21:09:17,Hamburgo,Funchal,S,0
ESC-2025-002399,9195274,Aurora Sol,NAV006,M02,granel_solido,mixta,Cereal,39467.7,0,2025-03-05 13:37:21,2025-03-05 16:07:21,2025-03-08 06:55:42,Abiyán,Le Havre,S,0
ESC-2025-005309,9894832,Luz Spirit,NAV008,M06,granel_liquido,descarga,Crudo,35549.3,0,2025-03-05 14:21:28,2025-03-05 17:45:55,2025-03-07 02:22:34,Casablanca,Le Havre,S,0
ESC-2025-005866,9223904,Aurora Bay IV,NAV003,M04,granel_liquido,descarga,GNL,18795.1,0,2025-03-05 15:03:22,2025-03-05 16:31:50,2025-03-06 15:07:45,Abiyán,Houston,S,0
ESC-2025-003716,9223904,Aurora Bay IV,NAV003,M04,granel_liquido,descarga,Productos químicos,29905.6,0,2025-03-05 16:29:12,2025-03-05 19:18:12,2025-03-07 00:24:46,Casablanca,Lisboa,S,0
ESC-2025-001706,9503445,Ocean Mar,NAV034,M06,granel_liquido,carga,Crudo,40249.5,0,2025-03-05 16:58:34,2025-03-06 15:29:33,2025-03-07 03:04:47,Santos,Valencia,S,0
ESC-2025-002756,9118238,Doña Glory,NAV006,M03,granel_solido,mixta,Pirita,28725.6,0,2025-03-05 18:24:59,2025-03-05 23:04:31,2025-03-07 20:11:37,Génova,Rotterdam,S,0
ESC-2025-002482,9522908,Tinto Breeze III,NAV019,M08,fruta_refrigerada,carga,Fresa y frutos rojos,12339.4,0,2025-03-05 20:00:00,06/03/2025 00:33,2025-03-07 10:45:29,Lisboa,Le Havre,S,0
ESC-2025-003353,9513804,Silver Navigator,NAV010,M12,granel_liquido,mixta,Ácido sulfúrico,90111.2,0,2025-03-05 22:21:04,2025-03-05 22:38:20,2025-03-06 22:54:28,Abiyán,Abiyán,S,0
ESC-2025-001611,9597721,Cabo Navigator,NAV038,M06,granel_liquido,mixta,Biocombustible,23206.5,0,2025-03-05 23:36:19,2025-03-07 01:29:14,2025-03-08 00:23:28,Rotterdam,Nueva York,S,0
ESC-2025-004972,9367487,Ocean Fortune I,NAV009,M11,carga_general,descarga,Madera,6440.1,0,2025-03-05 23:50:27,2025-03-06 10:10:52,2025-03-06 22:27:46,Santos,Dakar,S,0
ESC-2025-000526,9571296,Marisma Pioneer I,NAV031,M08,fruta_refrigerada,carga,Fruta tropical,14755.1,0,2025-03-06 01:00:00,2025-03-06 01:57:00,2025-03-06 19:51:31,Dakar,Dakar,S,0
ESC-2025-006311,9665891,Atlantic Venture IV,NAV032,M10,pesca,descarga,Pescado fresco,79.9,0,2025-03-06 01:51:15,2025-03-06 02:24:15,2025-03-06 07:30:13,Le Havre,Algeciras,S,0
ESC-2025-000819,9023079,Cabo Breeze V,NAV015,M08,fruta_refrigerada,carga,Fruta tropical,6278.1,0,2025-03-06 02:21:57,2025-03-06 04:51:21,2025-03-06 20:29:42,Algeciras,Le Havre,S,0
ESC-2025-001424,9043055,Ocean Venture,NAV012,M10,pesca,mixta,Pescado fresco,33.0,0,2025-03-06 05:27:30,2025-03-06 05:34:51,2025-03-06 11:54:41,Tánger Med,Rotterdam,S,0
ESC-2025-003345,9539145,Marisma Mar,NAV013,M08,fruta_refrigerada,descarga,Fresa y frutos rojos,14002.8,0,2025-03-06 07:00:00,2025-03-06 13:58:52,2025-03-07 10:18:38,Valencia,Lisboa,S,0
ESC-2025-002490,9846483,Southern Horizon III,NAV019,M02,granel_solido,carga,Clínker,27159.3,0,2025-03-06 07:44:53,2025-03-06 08:09:53,2025-03-08 09:56:58,Santa Cruz de Tenerife,Amberes,S,0
ESC-2025-005093,9311945,Blue Fortune III,NAV037,M10,pesca,carga,Pescado fresco,9.8,0,2025-03-06 09:53:39,2025-03-06 09:55:17,2025-03-06 14:12:49,Nueva York,Lisboa,N,0
ESC-2025-004513,9164330,Tinto Trader III,NAV025,M01,contenedores,mixta,Contenedores,10936.5,925,2025-03-06 15:14:51,2025-03-06 18:48:33,2025-03-07 17:36:05,Tánger Med,Rotterdam,S,0
ESC-2025-004513,9164330,Tinto Trader III,NAV025,M01,contenedores,mixta,Contenedores,10936.5,925,2025-03-06 15:14:51,2025-03-06 18:48:33,2025-03-07 17:36:05,Tánger Med,Rotterdam,S,0
ESC-2025-000616,9822619,Ocean Bay,NAV002,M11,carga_general,mixta,Maquinaria,10433.5,0,2025-03-06 20:50:35,2025-03-07 03:56:37,2025-03-09 03:12:34,Santa Cruz de Tenerife,Casablanca,S,0
ESC-2025-000383,9736327,Iberian Dawn,NAV033,M03,granel_solido,mixta,Cereal,37002.6,0,2025-03-07 01:47:55,2025-03-08 07:01:25,2025-03-10 13:40:06,Dakar,Funchal,S,0
ESC-2025-005938,9587568,Río Pioneer I,NAV026,M02,granel_solido,mixta,Concentrado de cobre,15278.9,0,2025-03-07 02:30:19,2025-03-07 07:19:03,2025-03-09 18:49:49,Algeciras,Santos,S,0
ESC-2025-004543,9119517,Costa Venture II,NAV036,M03,granel_solido,mixta,Concentrado de cobre,30641.7,0,2025-03-07 11:56:40,2025-03-07 11:57:05,2025-03-08 21:29:17,Sines,Casablanca,S,0
ESC-2025-003096,9634581,Luz Dawn V,NAV017,M04,granel_liquido,mixta,Gasóleo,11330.5,0,2025-03-07 16:15:14,07/03/2025 20:01,2025-03-09 10:59:30,Génova,Santos,S,0
ESC-2025-003653,9022130,  GOLDEN SPIRIT ,NAV017,M08,fruta_refrigerada,descarga,Fresa y frutos rojos,9607.3,0,2025-03-07 19:00:00,2025-03-07 23:41:23,2025-03-08 13:34:05,Santa Cruz de Tenerife,Lisboa,S,0
ESC-2025-006344,9133135,Punta Star III,NAV004,M04,granel_liquido,descarga,Crudo,41700.6,0,2025-03-07 23:42:52,2025-03-08 00:48:57,2025-03-09 05:49:53,Dakar,Algeciras,S,0
ESC-2025-000244,9560857,Tinto Breeze,NAV019,M06,granel_liquido,mixta,Ácido sulfúrico,16538.7,0,2025-03-08 00:43:42,2025-03-08 07:53:53,2025-03-10 00:34:00,Valencia,Funchal,S,0
ESC-2025-002948,9118032,Atlantic Horizon,NAV032,M03,granel_solido,mixta,Concentrado de cobre,28196.3,0,2025-03-08 03:44:28,2025-03-08 06:32:02,2025-03-09 19:45:03,Houston,Tánger Med,S,0
ESC-2025-003771,9180516,Marisma Glory,NAV034,M06,granel_liquido,descarga,Productos químicos,61934.5,0,2025-03-08 06:11:10,2025-03-08 20:10:01,2025-03-10 09:54:26,Abiyán,Dakar,S,0
ESC-2025-004102,9513804,Silver Navigator,NAV010,M04,granel_liquido,carga,Productos químicos,91854.1,0,2025-03-08 07:08:56,2025-03-08 14:55:30,2025-03-10 06:55:31,Valencia,Sines,S,0
ESC-2025-000446,9600396,Estrella Pioneer V,NAV007,M10,pesca,descarga,Pescado fresco,78.6,0,2025-03-08 09:58:10,2025-03-08 10:00:26,2025-03-08 19:27:49,Amberes,Santa Cruz de Tenerife,N,0
ESC-2025-000781,9132703,Cabo Breeze,NAV019,M05,granel_liquido,carga,Biocombustible,64766.4,0,2025-03-08 12:26:50,2025-03-08 14:07:49,2025-03-10 12:04:44,Santa Cruz de Tenerife,Las Palmas,S,0
ESC-2025-004133,9609550,Blue Navigator,NAV014,M07,ro_ro,carga,Vehículos,17929.2,0,2025-03-08 13:06:44,2025-03-08 13:14:51,2025-03-09 00:36:24,Le Havre,Le Havre,S,0
ESC-2025-003075,9665891,Atlantic Venture IV,NAV032,M10,pesca,mixta,Pescado fresco,13.3,0,2025-03-08 14:44:53,2025-03-08 14:58:10,2025-03-09 00:40:30,Sines,Tánger Med,S,0
ESC-2025-005098,9513804,Silver Navigator,NAV010,M04,granel_liquido,descarga,Crudo,98213.3,0,2025-03-08 15:27:27,2025-03-08 15:31:35,2025-03-09 13:16:51,Algeciras,Algeciras,S,0
ESC-2025-004249,9643192,Silver Breeze II,NAV013,M03,granel_solido,descarga,Fertilizantes,34630.7,0,2025-03-08 16:19:29,2025-03-08 20:00:48,2025-03-11 08:07:27,Hamburgo,Abiyán,S,0
ESC-2025-000323,9089059,Costa Voyager I,NAV035,M03,granel_solido,mixta,Clínker,37654.6,0,2025-03-08 19:00:32,2025-03-09 04:05:20,2025-03-09 21:28:19,Amberes,Houston,S,0
ESC-2025-000323,9089059,Costa Voyager I,NAV035,M03,granel_solido,mixta,Clínker,37654.6,0,2025-03-08 19:00:32,2025-03-09 04:05:20,2025-03-09 21:28:19,Amberes,Houston,S,0
ESC-2025-002942,9514585,Iberian Voyager IV,NAV005,M01,contenedores,carga,Contenedores,20803.2,1552,2025-03-08 21:21:38,2025-03-08 22:33:52,2025-03-09 09:40:34,Valencia,Génova,S,0
ESC-2025-003167,9222869,Aurora Trader,NAV038,M01,contenedores,descarga,Contenedores,14959.3,1536,2025-03-08 22:11:39,2025-03-08 22:53:03,2025-03-09 12:47:30,Santa Cruz de Tenerife,Nueva York,S,0
ESC-2025-003129,9544918,Luz Sol,NAV034,M06,granel_liquido,carga,Biocombustible,36908.2,0,2025-03-08 23:29:45,2025-03-08 23:40:30,2025-03-09 04:33:52,Santa Cruz de Tenerife,Abiyán,S,0
ESC-2025-000614,9149469,Río Spirit IV,NAV036,M03,granel_solido,mixta,Fertilizantes,26420.1,0,2025-03-09 00:15:38,2025-03-10 10:17:03,2025-03-11 21:25:41,Le Havre,Ceuta,S,0
ESC-2025-002112,9521198,Blue Bay III,NAV036,M10,pesca,carga,Pescado fresco,58.4,0,2025-03-09 02:25:12,09/03/2025 02:25,2025-03-09 07:06:23,Santa Cruz de Tenerife,Dakar,S,0
ESC-2025-001259,9459709,Río Marina,NAV024,M06,granel_liquido,mixta,Biocombustible,22895.2,0,2025-03-09 02:56:52,2025-03-09 03:05:47,2025-03-10 05:13:31,Lisboa,Abiyán,S,0
ESC-2025-000949,9118032,Atlantic Horizon,NAV032,M02,granel_solido,carga,Cereal,28295.2,0,2025-03-09 03:39:27,2025-03-09 04:38:12,2025-03-10 15:15:01,Amberes,Santos,S,0
ESC-2025-002017,9684976,Marisma Sol III,NAV008,M05,granel_liquido,mixta,Gasóleo,20531.8,0,2025-03-09 05:59:17,2025-03-09 09:50:02,2025-03-10 15:51:23,Valencia,Santos,S,0
ESC-2025-006267,9391385,Blue Marina,NAV032,M08,fruta_refrigerada,carga,Cítricos,7956.6,0,2025-03-09 06:00:00,2025-03-09 07:02:28,2025-03-10 12:16:28,Lisboa,Le Havre,S,0
ESC-2025-005635,9416575,Punta Mar,NAV032,M10,pesca,descarga,Pescado fresco,28.1,0,2025-03-09 06:55:13,2025-03-09 07:18:36,2025-03-09 12:05:36,Santos,Génova,N,0
ESC-2025-004418,9488736,Aurora Carrier,NAV013,M06,granel_liquido,descarga,GNL,30959.3,0,2025-03-09 08:02:48,2025-03-09 15:15:11,2025-03-10 04:49:09,Génova,Rotterdam,S,0
ESC-2025-003430,9878230,Delta Sol I,NAV011,M08,fruta_refrigerada,mixta,Fresa y frutos rojos,8777.1,0,2025-03-09 15:00:00,2025-03-09 18:00:03,2025-03-10 21:37:08,Lisboa,Casablanca,S,0
ESC-2025-004961,9465928,Southern Voyager,NAV003,M08,fruta_refrigerada,mixta,Cítricos,3049.2,0,2025-03-09 19:00:00,2025-03-09 20:46:53,2025-03-10 06:59:26,Tánger Med,Hamburgo,S,0
ESC-2025-001670,9878230,Delta Sol I,NAV011,M08,fruta_refrigerada,descarga,Cítricos,10854.2,0,2025-03-09 20:00:00,2025-03-10 05:11:40,2025-03-10 21:48:58,Rotterdam,Santa Cruz de Tenerife,S,0
ESC-2025-001514,9043055,Ocean Venture,NAV012,M10,pesca,carga,Pescado fresco,12.0,0,2025-03-10 03:53:15,2025-03-10 04:02:00,2025-03-10 07:44:37,Las Palmas,Le Havre,S,0
ESC-2025-004006,9022130,Golden Spirit,NAV017,M08,fruta_refrigerada,mixta,Fresa y frutos rojos,12300.6,0,2025-03-10 09:00:00,2025-03-10 12:53:28,2025-03-11 05:36:43,Rotterdam,Funchal,S,0
ESC-2025-005266,9149469,Río Spirit IV,NAV036,M03,granel_solido,carga,Concentrado de cobre,37023.1,0,2025-03-10 10:57:47,2025-03-10 12:15:28,2025-03-12 11:08:32,Valencia,Tánger Med,S,0
ESC-2025-005292,9576337,Silver Glory,NAV006,M02,granel_solido,mixta,Concentrado de cobre,34820.5,0,2025-03-10 12:05:07,2025-03-11 02:37:01,2025-03-12 22:18:30,Funchal,Abiyán,S,0
ESC-2025-002105,9323998,Odiel Mar I,NAV003,M08,fruta_refrigerada,descarga,Fruta tropical,8714.4,0,2025-03-10 14:00:00,2025-03-10 17:57:50,2025-03-11 16:50:08,Santos,Dakar,S,0
ESC-2025-001799,9826809,Delta Voyager,NAV034,M06,granel_liquido,carga,GNL,44560.5,0,2025-03-10 18:07:57,2025-03-11 10:06:00,2025-03-12 13:40:47,Nueva York,Sines,S,0
ESC-2025-002958,9221920,Silver Bay,NAV020,M05,granel_liquido,carga,Gasóleo,30530.9,0,2025-03-10 20:47:19,2025-03-10 23:15:56,2025-03-12 15:17:44,Santos,Dakar,S,0
ESC-2025-005447,9764958,Silver Breeze,NAV040,M07,ro_ro,carga,Semirremolques,15851.5,0,2025-03-11 02:00:02,2025-03-11 05:57:32,2025-03-11 15:54:57,Algeciras,Funchal,S,0
ESC-2025-002478,9912490,Río Pride,NAV037,M08,fruta_refrigerada,mixta,Fresa y frutos rojos,7928.4,0,2025-03-11 03:00:00,2025-03-11 04:45:33,2025-03-12 11:32:31,Casablanca,Rotterdam,S,0
ESC-2025-003591,9571296,Marisma Pioneer I,NAV031,M08,fruta_refrigerada,descarga,Fruta tropical,13436.1,0,2025-03-11 03:00:00,2025-03-11 09:15:49,2025-03-12 06:56:16,Houston,Houston,S,0
ESC-2025-002195,9568330,Ocean Fortune,NAV026,M08,fruta_refrigerada,carga,Cítricos,10999.2,0,2025-03-11 04:00:00,11/03/2025 16:00,2025-03-12 20:47:07,Lisboa,Ceuta,S,0
ESC-2025-006187,9683910,Tinto Marina IV,NAV036,M08,fruta_refrigerada,mixta,Cítricos,11147.1,0,2025-03-11 05:00:00,2025-03-11 05:52:32,2025-03-12 00:13:11,Le Havre,Santos,S,0
ESC-2025-003536,9459709,Río Marina,NAV024,M04,granel_liquido,carga,GNL,28548.8,0,2025-03-11 05:37:27,2025-03-11 12:12:08,2025-03-12 01:33:15,Ceuta,Le Havre,S,0
ESC-2025-000651,9249049,Cabo Trader,NAV001,M08,fruta_refrigerada,carga,Fruta tropical,8518.5,0,2025-03-11 08:00:00,2025-03-11 08:46:31,2025-03-12 19:08:06,Tánger Med,Ceuta,S,0
ESC-2025-003291,9522908,Tinto Breeze III,NAV019,M08,fruta_refrigerada,mixta,Fresa y frutos rojos,10532.3,0,2025-03-11 11:00:00,2025-03-11 12:21:58,2025-03-12 10:29:50,Santos,Santos,S,0
ESC-2025-004658,9089059,Costa Voyager I,NAV035,M02,granel_solido,descarga,Cereal,28057.9,0,2025-03-11 12:26:19,2025-03-11 19:13:11,2025-03-12 20:03:13,Amberes,Sines,S,0
ESC-2025-005293,9350628,Aurora Express,NAV028,M01,contenedores,carga,Contenedores,6815.5,755,2025-03-11 13:00:11,2025-03-11 18:02:41,2025-03-12 11:40:53,Algeciras,Houston,S,0
ESC-2025-003233,9396517,Atlantic Voyager III,NAV035,M08,fruta_refrigerada,carga,Fruta tropical,12774.8,0,2025-03-11 15:43:03,2025-03-11 22:50:36,2025-03-13 13:31:53,Santa Cruz de Tenerife,Casablanca,S,0
ESC-2025-005939,9492907,Ocean Star II,NAV037,M11,carga_general,carga,Maquinaria,-9242.3,0,2025-03-11 19:43:18,2025-03-11 21:51:56,2025-03-13 20:33:27,Génova,Hamburgo,S,0
ESC-2025-001459,9362786,Golden Pioneer,NAV005,M07,ro_ro,descarga,Vehículos,9735.4,0,2025-03-11 22:17:26,2025-03-12 00:19:40,2025-03-12 10:57:43,Le Havre,Algeciras,S,0
ESC-2025-000461,9371919,Southern Pride,NAV034,M11,carga_general,descarga,Maquinaria,7114.5,0,2025-03-11 23:15:11,2025-03-12 04:32:16,2025-03-13 06:09:01,Hamburgo,Dakar,S,0
ESC-2025-002308,9954656,Punta Sol II,NAV003,,fruta_refrigerada,descarga,Cítricos,10975.9,0,2025-03-12 01:00:00,2025-03-12 08:02:49,2025-03-13 11:41:51,Le Havre,Génova,S,0
ESC-2025-004274,9352119,Aurora Pioneer,NAV024,,granel_liquido,descarga,Gasóleo,27354.5,0,2025-03-12 05:54:43,2025-03-12 21:22:07,2025-03-14 09:33:43,Lisboa,Abiyán,S,0
ESC-2025-002365,9537977,Luz Voyager V,NAV002,M02,granel_solido,carga,Fertilizantes,32742.2,0,2025-03-12 06:32:52,2025-03-12 07:54:45,2025-03-14 02:26:01,Valencia,Santos,S,0
ESC-2025-002147,9460124,Estrella Bay,NAV021,M08,fruta_refrigerada,carga,Fruta tropical,16079.7,0,2025-03-12 09:00:00,2025-03-12 12:44:31,2025-03-13 03:14:56,Amberes,Le Havre,S,0
ESC-2025-000600,9878369,Costa Horizon,NAV040,M08,fruta_refrigerada,descarga,Fresa y frutos rojos,14946.1,0,2025-03-12 10:00:00,2025-03-12 11:48:02,2025-03-13 14:25:09,Dakar,Funchal,S,0
ESC-2025-000705,9544918,Luz Sol,NAV034,M06,granel_liquido,descarga,Gasóleo,24282.2,0,2025-03-12 11:14:12,2025-03-12 16:21:19,2025-03-13 13:01:48,Algeciras,Ceuta,S,0
ESC-2025-004787,9977737,Marisma Voyager,NAV033,M11,carga_general,carga,Palés,4756.8,0,2025-03-12 11:16:01,2025-03-12 13:59:59,2025-03-13 14:38:47,Valencia,Valencia,S,0
ESC-2025-006144,9211444,Ocean Carrier,NAV014,M08,fruta_refrigerada,mixta,Fresa y frutos rojos,6503.5,0,2025-03-12 14:00:00,2025-03-12 17:48:42,2025-03-13 09:55:44,Hamburgo,Sines,S,0
ESC-2025-002424,9473468,Nordic Fortune,NAV029,M10,pesca,carga,Pescado fresco,-53.2,0,2025-03-12 14:47:20,2025-03-12 14:48:10,2025-03-12 17:56:20,Algeciras,Houston,N,0
ESC-2025-005213,9765768,Cabo Pride I,NAV007,M06,granel_liquido,mixta,Productos químicos,72536.6,0,2025-03-12 16:06:02,2025-03-12 17:01:25,2025-03-13 04:52:42,Tánger Med,Santa Cruz de Tenerife,S,0
ESC-2025-003275,9445459,Costa Breeze,NAV018,M02,granel_solido,carga,Fertilizantes,20735.6,0,2025-03-13 01:31:40,2025-03-14 02:36:34,2025-03-16 12:18:54,Lisboa,Santos,S,0
ESC-2025-003318,9571296,Marisma Pioneer I,NAV031,M08,fruta_refrigerada,mixta,Fruta tropical,14203.8,0,2025-03-13 04:00:00,2025-03-13 11:17:08,2025-03-14 16:02:10,Rotterdam,Houston,S,0
ESC-2025-005449,9543823,Aurora Mar IV,NAV036,M03,granel_solido,descarga,Concentrado de cobre,33810.7,0,2025-03-13 04:30:10,2025-03-13 12:46:43,2025-03-15 12:09:13,Dakar,Santos,S,0
ESC-2025-004955,9368223,Iberian Navigator,NAV010,M10,pesca,carga,Pescado fresco,63.0,0,2025-03-13 06:33:17,2025-03-13 06:36:34,2025-03-13 11:39:31,Rotterdam,Abiyán,N,0
ESC-2025-001885,9514585,Iberian Voyager IV,NAV005,M01,contenedores,carga,Contenedores,5315.5,533,2025-03-13 10:21:35,2025-03-13 20:34:08,2025-03-15 08:33:35,Rotterdam,Lisboa,S,0
ESC-2025-003750,9845685,Costa Fortune IV,NAV037,M11,carga_general,descarga,Bobinas de acero,9705.7,0,2025-03-13 11:10:24,2025-03-13 11:23:30,2025-03-14 17:27:01,Amberes,Rotterdam,S,0
ESC-2025-000996,9663582,Delta Express IV,NAV026,M07,ro_ro,descarga,Semirremolques,15719.9,0,2025-03-13 16:29:17,2025-03-13 18:57:37,2025-03-14 06:17:53,Tánger Med,Rotterdam,S,0
ESC-2025-002247,9211444,Ocean Carrier,NAV014,M08,fruta_refrigerada,descarga,Fruta tropical,6074.3,0,2025-03-13 17:00:00,2025-03-13 18:48:25,2025-03-14 21:16:43,Abiyán,Génova,S,0
ESC-2025-002963,9867126,Aurora Wave I,NAV002,M07,ro_ro,descarga,Vehículos,30813.3,0,2025-03-13 22:28:41,2025-03-14 01:14:36,2025-03-14 09:24:00,Casablanca,Funchal,S,0
ESC-2025-001496,9680669,Estrella Fortune,NAV029,M07,ro_ro,mixta,Vehículos,11857.5,0,2025-03-14 00:43:44,2025-03-14 01:05:31,2025-03-14 21:32:15,Dakar,Amberes,S,0
ESC-2025-004890,9683910,Tinto Marina IV,NAV036,M08,fruta_refrigerada,mixta,Cítricos,13270.6,0,2025-03-14 01:00:00,2025-03-14 09:09:32,2025-03-14 22:29:40,Valencia,Houston,S,0
ESC-2025-001848,9190901,Tinto Wave,NAV017,M11,carga_general,descarga,Madera,12738.2,0,2025-03-14 01:02:48,2025-03-14 01:49:55,2025-03-14 20:22:31,Rotterdam,Dakar,S,0
ESC-2025-005290,9745940,Punta Breeze I,NAV027,M06,granel_liquido,descarga,Biocombustible,37787.7,0,2025-03-14 03:16:59,2025-03-14 11:04:21,2025-03-15 20:51:45,Valencia,Sines,S,0
ESC-2025-004981,9043055,Ocean Venture,NAV012,M10,pesca,carga,Pescado fresco,40.3,0,2025-03-14 04:37:28,2025-03-14 04:49:13,2025-03-14 11:48:56,Nueva York,Dakar,S,0
ESC-2025-004572,9122916,Silver Breeze III,NAV040,M05,granel_liquido,carga,Ácido sulfúrico,81568.0,0,2025-03-14 17:47:33,2025-03-14 19:02:12,2025-03-16 10:40:33,Abiyán,Algeciras,S,0
ESC-2025-003257,9947017,Aurora Breeze,NAV035,M06,granel_liquido,descarga,Crudo,42323800.0,0,2025-03-14 20:27:23,2025-03-14 23:00:28,2025-03-16 05:29:09,Le Havre,Amberes,S,0
ESC-2025-000305,9654488,Delta Sol,NAV035,M03,granel_solido,descarga,Clínker,54069.9,0,2025-03-14 20:56:52,2025-03-16 01:28:10,2025-03-17 16:21:18,Abiyán,Abiyán,S,0
ESC-2025-005715,9194256,Costa Glory,NAV015,M07,ro_ro,mixta,Semirremolques,10545.8,0,2025-03-15 01:48:45,2025-03-15 02:58:16,2025-03-15 17:28:52,Las Palmas,Valencia,S,0
ESC-2025-000667,9321201,Estrella Voyager,NAV020,M01,contenedores,mixta,Contenedores,4320.5,368,2025-03-15 02:23:44,2025-03-15 04:53:56,2025-03-16 05:30:02,Dakar,Houston,S,0
ESC-2025-004918,9320221,Tinto Pride,NAV024,M08,fruta_refrigerada,mixta,Cítricos,7398.8,0,2025-03-15 05:00:00,2025-03-15 16:25:35,2025-03-16 23:41:40,Santos,Santa Cruz de Tenerife,S,0
ESC-2025-004267,9465057,Costa Pride I,NAV004,M11,carga_general,mixta,Palés,6626.1,0,2025-03-15 10:00:38,2025-03-15 11:39:14,2025-03-16 09:45:57,Hamburgo,Houston,S,0
ESC-2025-004214,9796822,Odiel Navigator,NAV022,M04,granel_liquido,descarga,Productos químicos,44482.2,0,2025-03-15 11:49:45,2025-03-15 21:57:44,2025-03-17 17:17:16,Dakar,Rotterdam,S,0
ESC-2025-005103,9216286,Odiel Voyager,NAV031,M02,granel_solido,carga,Clínker,18591.2,0,2025-03-15 15:36:24,2025-03-16 02:21:02,2025-03-19 06:11:36,Le Havre,Valencia,S,0
ESC-2025-006129,9520261,Nordic Express V,NAV017,M07,ro_ro,descarga,Vehículos,14034.8,0,2025-03-15 15:56:35,2025-03-15 16:41:18,2025-03-16 06:32:54,Santos,Abiyán,S,0
ESC-2025-000235,9732890,Tinto Marina,NAV033,M12,granel_liquido,mixta,Gasóleo,10998.2,0,2025-03-15 16:25:35,2025-03-15 17:51:54,2025-03-16 10:07:36,Lisboa,Houston,S,0
ESC-2025-000776,9331919,Costa Wave,NAV027,M01,contenedores,mixta,Contenedores,14820.3,1360,2025-03-15 19:29:26,2025-03-15 21:26:59,2025-03-16 16:57:08,Valencia,Lisboa,S,0
ESC-2025-003974,9621766,Delta Trader IV,NAV006,M01,contenedores,carga,Contenedores,8067.8,687,2025-03-15 21:04:19,2025-03-15 22:19:52,2025-03-16 11:25:07,Houston,Rotterdam,S,0
ESC-2025-002068,9105396,Río Dawn,NAV006,M11,carga_general,mixta,Palés,13169.2,0,2025-03-15 21:37:11,2025-03-15 21:53:57,2025-03-16 12:34:38,Génova,Algeciras,S,0
ESC-2025-004832,9425693,Tinto Bay I,NAV002,M08,fruta_refrigerada,mixta,Fruta tropical,6847.3,0,2025-03-16 00:00:00,2025-03-16 02:24:06,2025-03-17 03:54:10,Tánger Med,Casablanca,S,0
ESC-2025-004263,9587568,Río Pioneer I,NAV026,M02,granel_solido,carga,Cereal,17556.8,0,2025-03-16 02:08:39,2025-03-16 02:10:49,2025-03-16 21:45:00,Nueva York,Nueva York,S,0
ESC-2025-004967,9368223,Iberian Navigator,NAV010,M10,pesca,descarga,Pescado fresco,32.1,0,2025-03-16 14:21:38,16/03/2025 16:03,2025-03-17 01:02:21,Rotterdam,Funchal,S,0
ESC-2025-001057,9525699,Marisma Express I,NAV013,M11,carga_general,descarga,Palés,4078.8,0,2025-03-17 00:37:12,2025-03-17 14:34:02,2025-03-18 22:52:55,Las Palmas,Abiyán,S,0
ESC-2025-001515,9202039,Luz Navigator,NAV033,M03,granel_solido,mixta,Fertilizantes,33229.8,0,2025-03-17 01:05:52,2025-03-17 01:50:00,2025-03-18 15:13:42,Nueva York,Houston,S,0
ESC-2025-005101,9355367,Delta Navigator I,NAV012,M01,contenedores,mixta,Contenedores,11296.6,860,2025-03-17 04:06:17,2025-03-17 07:05:38,2025-03-17 23:27:31,Algeciras,Génova,S,0
ESC-2025-000455,9118032,Atlantic Horizon,NAV032,M03,granel_solido,carga,Pirita,34020.0,0,2025-03-17 05:21:21,17/03/2025 23:57,2025-03-19 23:22:13,Le Havre,Funchal,S,0
ESC-2025-001214,9589475,Cabo Fortune,NAV007,M01,contenedores,mixta,Contenedores,9168.5,802,2025-03-17 06:31:03,2025-03-17 06:35:07,2025-03-18 06:14:16,Sines,Funchal,S,0
ESC-2025-000911,9643192,Silver Breeze II,NAV013,M02,granel_solido,mixta,Cereal,31091.0,0,2025-03-17 07:34:09,2025-03-17 15:48:20,2025-03-20 00:45:08,Valencia,Hamburgo,S,0
ESC-2025-002108,9634581,Luz Dawn V,NAV017,M04,granel_liquido,carga,Productos químicos,7892.7,0,2025-03-17 09:07:03,2025-03-17 11:31:37,2025-03-18 12:50:55,Sines,Abiyán,S,0
ESC-2025-004383,9544918,Luz Sol,NAV034,M05,granel_liquido,carga,GNL,29244.8,0,2025-03-17 12:55:19,2025-03-17 13:50:14,2025-03-17 22:47:51,Las Palmas,Nueva York,S,0
ESC-2025-005428,9376153,Río Wave,NAV031,M09,pasajeros,mixta,Pasajeros,0.0,0,2025-03-17 13:42:04,2025-03-17 15:03:38,2025-03-18 02:57:03,Amberes,Santos,S,2622
ESC-2025-005428,9376153,Río Wave,NAV031,M09,pasajeros,mixta,Pasajeros,0.0,0,2025-03-17 13:42:04,2025-03-17 15:03:38,2025-03-18 02:57:03,Amberes,Santos,S,2622
ESC-2025-001282,9083366,Cabo Spirit,NAV007,M08,fruta_refrigerada,carga,Cítricos,7548.2,0,2025-03-17 14:00:00,2025-03-18 10:13:39,2025-03-19 00:32:35,Houston,Hamburgo,S,0
ESC-2025-005257,9434199,Estrella Pride II,NAV021,M04,granel_liquido,carga,Gasóleo,39905.4,0,2025-03-17 15:19:33,2025-03-17 22:47:49,2025-03-19 15:43:05,Abiyán,Casablanca,S,0
ESC-2025-001067,9609550,Blue Navigator,NAV014,M07,ro_ro,mixta,Semirremolques,30944.4,0,2025-03-17 16:47:17,2025-03-17 18:32:36,2025-03-18 11:17:01,Tánger Med,Hamburgo,S,0
ESC-2025-000518,9936604,Silver Star,NAV010,M08,fruta_refrigerada,descarga,Fruta tropical,9447.9,0,2025-03-17 18:05:39,2025-03-18 01:13:23,2025-03-18 21:27:37,Ceuta,Santa Cruz de Tenerife,S,0
ESC-2025-002622,9145425,Costa Express,NAV032,M05,granel_liquido,descarga,Biocombustible,85777.8,0,2025-03-18 07:32:38,2025-03-19 04:28:39,2025-03-20 03:44:40,Ceuta,Dakar,S,0
ESC-2025-001952,9745940,Punta Breeze I,NAV027,M12,granel_liquido,carga,Biocombustible,38377.8,0,2025-03-18 10:11:39,2025-03-18 12:20:53,2025-03-19 19:49:08,Houston,Dakar,S,0
ESC-2025-002120,9105396,Río Dawn,NAV006,M11,carga_general,descarga,Palés,10234.4,0,2025-03-18 11:05:29,2025-03-19 00:10:08,2025-03-19 16:00:19,Lisboa,Santos,S,0
ESC-2025-005459,9023079,Cabo Breeze V,NAV015,M08,fruta_refrigerada,descarga,Fruta tropical,10004.7,0,2025-03-18 12:00:00,2025-03-19 07:00:26,2025-03-20 01:12:08,Génova,Funchal,S,0
ESC-2025-001099,9102112,Delta Spirit I,NAV035,M03,granel_solido,carga,Clínker,11294.9,0,2025-03-18 12:50:45,2025-03-18 14:29:59,2025-03-20 09:08:13,Nueva York,Santa Cruz de Tenerife,S,0
ESC-2025-001523,9355458,Southern Spirit II,NAV010,M05,granel_liquido,carga,Ácido sulfúrico,17026.0,0,2025-03-18 14:17:58,2025-03-18 15:16:21,2025-03-20 05:27:17,Rotterdam,Valencia,S,0
ESC-2025-001079,9089059,Costa Voyager I,NAV035,M03,granel_solido,mixta,Pirita,37261.6,0,2025-03-18 15:06:44,2025-03-18 21:50:33,2025-03-21 20:22:12,Ceuta,Houston,S,0
ESC-2025-000186,9539145,Marisma Mar,NAV013,M08,fruta_refrigerada,carga,Fresa y frutos rojos,13197.4,0,2025-03-18 18:00:00,2025-03-18 21:30:03,2025-03-20 04:21:10,Dakar,Santos,S,0
ESC-2025-001541,9569700,Costa Star,NAV006,M01,contenedores,mixta,Contenedores,16005.8,1334,2025-03-18 18:16:16,19/03/2025 01:25,2025-03-20 05:19:06,Santa Cruz de Tenerife,Rotterdam,S,0
ESC-2025-004268,9282584,Atlantic Pioneer,NAV008,M07,ro_ro,mixta,Vehículos,11518.8,0,2025-03-18 19:05:51,2025-03-18 20:33:27,2025-03-19 15:28:34,Santa Cruz de Tenerife,Dakar,S,0
ESC-2025-000317,9058751,Río Voyager,NAV009,M05,granel_liquido,carga,Gasóleo,33492.9,0,2025-03-18 22:58:35,2025-03-19 01:26:11,2025-03-20 00:51:03,Abiyán,Dakar,S,0
ESC-2025-004735,9276406,Atlantic Dawn,NAV020,M11,carga_general,mixta,Palés,12817.2,0,2025-03-19 01:43:27,2025-03-19 03:58:32,2025-03-20 02:36:41,Hamburgo,Le Havre,S,0
ESC-2025-004376,9878230,Delta Sol I,NAV011,M08,fruta_refrigerada,carga,Fresa y frutos rojos,9826.4,0,2025-03-19 02:00:00,2025-03-19 12:14:07,2025-03-20 20:29:49,Amberes,Ceuta,S,0
ESC-2025-005228,9503445,Ocean Mar,NAV034,M05,granel_liquido,descarga,Crudo,48404.7,0,2025-03-19 02:20:50,2025-03-19 14:58:19,2025-03-20 17:31:38,Houston,Dakar,S,0
ESC-2025-001196,9043055,Ocean Venture,NAV012,M10,pesca,carga,Pescado fresco,20.9,0,2025-03-19 03:30:44,2025-03-19 03:33:37,2025-03-19 11:41:40,Hamburgo,Dakar,S,0
ESC-2025-000480,9183415,Blue Horizon II,NAV014,M03,granel_solido,descarga,Clínker,38775.7,0,2025-03-19 03:58:30,2025-03-19 16:21:51,2025-03-21 10:24:10,Hamburgo,Tánger Med,S,0
ESC-2025-006205,9944625,Blue Fortune,NAV019,M09,pasajeros,descarga,Pasajeros,0.0,0,2025-03-19 04:44:39,2025-03-19 04:46:55,2025-03-19 06:46:55,Rotterdam,Houston,S,3824
ESC-2025-000083,9948346,Tinto Sol V,NAV020,M09,pasajeros,carga,Pasajeros,0.0,0,2025-03-19 05:42:58,2025-03-19 05:47:23,2025-03-19 13:02:14,Ceuta,Hamburgo,S,3581
ESC-2025-000021,9871880,Costa Sol,NAV028,M12,granel_liquido,carga,Gasóleo,32182.0,0,2025-03-19 11:28:17,2025-03-19 14:22:32,2025-03-20 12:44:14,Nueva York,Génova,S,0
ESC-2025-006080,9438004,Tinto Bay IV,NAV031,M06,granel_liquido,carga,Crudo,85735.6,0,2025-03-19 12:03:11,2025-03-19 17:42:30,2025-03-21 05:17:51,Le Havre,Funchal,S,0
ESC-2025-001929,9092329,Tinto Star,NAV017,M02,granel_solido,descarga,Concentrado de cobre,33031.9,0,2025-03-19 15:50:24,2025-03-19 20:21:55,2025-03-21 11:00:55,Génova,Houston,S,0
ESC-2025-001805,9878369,Costa Horizon,NAV040,M08,fruta_refrigerada,descarga,Fresa y frutos rojos,13217.0,0,2025-03-19 16:00:00,2025-03-19 18:50:08,2025-03-20 18:12:09,Rotterdam,Nueva York,S,0
ESC-2025-003173,9216286,Odiel Voyager,NAV031,M02,granel_solido,descarga,Pirita,29180.6,0,2025-03-19 16:29:18,2025-03-20 02:34:43,2025-03-22 12:22:33,Hamburgo,Tánger Med,S,0
ESC-2025-001417,9614294,Punta Express,NAV032,M03,granel_solido,descarga,Pirita,17128.8,0,2025-03-19 22:48:09,2025-03-20 07:53:36,2025-03-22 19:39:42,Rotterdam,Algeciras,S,0
ESC-2025-006209,9227118,Silver Sol,NAV013,M03,granel_solido,mixta,Fertilizantes,34872.2,0,2025-03-20 04:42:10,2025-03-20 13:03:30,2025-03-23 18:29:59,Amberes,Santos,S,0
ESC-2025-001858,9207479,Punta Fortune,NAV034,,contenedores,descarga,Contenedores,10498.1,1115,2025-03-20 05:57:38,2025-03-20 10:47:56,2025-03-20 23:43:37,Hamburgo,Nueva York,S,0
ESC-2025-004236,9391385,Blue Marina,NAV032,M08,fruta_refrigerada,descarga,Fresa y frutos rojos,6707.0,0,2025-03-20 14:22:59,2025-03-20 21:03:36,2025-03-21 17:26:56,Santos,Houston,S,0
ESC-2025-005114,9765768,  CABO PRIDE I ,NAV007,M04,granel_liquido,mixta,Biocombustible,58552.6,0,2025-03-20 17:31:09,2025-03-21 16:39:26,2025-03-23 14:16:59,Lisboa,Lisboa,S,0
ESC-2025-003200,9236834,Aurora Fortune,NAV040,M05,granel_liquido,carga,Gasóleo,73453.0,0,2025-03-20 17:47:48,2025-03-21 02:50:55,2025-03-22 02:53:07,Valencia,Algeciras,S,0
ESC-2025-005894,9063160,Golden Trader,NAV034,M12,granel_liquido,descarga,Ácido sulfúrico,29933.3,0,2025-03-20 18:11:15,2025-03-21 17:58:07,2025-03-23 01:26:40,Houston,Rotterdam,S,0
ESC-2025-005766,9704348,Punta Glory,NAV002,M08,fruta_refrigerada,descarga,Fruta tropical,10252.0,0,2025-03-20 19:00:00,2025-03-21 19:01:48,2025-03-22 12:44:18,Sines,Santa Cruz de Tenerife,S,0
ESC-2025-003942,9643192,Silver Breeze II,NAV013,M03,granel_solido,carga,Cereal,30625.5,0,2025-03-20 20:13:14,2025-03-21 02:21:28,2025-03-23 07:21:00,Hamburgo,Valencia,S,0
ESC-2025-005788,9522908,Tinto Breeze III,NAV019,M08,fruta_refrigerada,carga,Fruta tropical,12183.9,0,2025-03-21 01:00:00,2025-03-21 04:43:40,2025-03-21 14:25:31,Génova,Abiyán,S,0
ESC-2025-004264,9442380,Odiel Horizon II,NAV013,M06,granel_liquido,descarga,GNL,58976.0,0,2025-03-21 04:46:10,2025-03-21 07:56:23,2025-03-23 01:12:10,Amberes,Sines,S,0
ESC-2025-004494,9058751,Río Voyager,NAV009,,granel_liquido,descarga,Gasóleo,36162.8,0,2025-03-21 05:03:11,2025-03-21 08:00:51,2025-03-22 22:28:31,Génova,Ceuta,S,0
ESC-2025-002578,9912490,Río Pride,NAV037,M08,fruta_refrigerada,descarga,Fresa y frutos rojos,12253.9,0,2025-03-21 09:00:00,2025-03-22 01:41:00,2025-03-23 08:59:28,Algeciras,Valencia,S,0
ESC-2025-005091,9484132,Costa Pride IV,NAV016,M01,contenedores,mixta,Contenedores,13722.6,1199,2025-03-21 10:17:55,2025-03-21 15:04:14,2025-03-22 12:17:53,Hamburgo,Algeciras,S,0
ESC-2025-004930,9154567,Estrella Trader III,NAV025,M11,carga_general,carga,Maquinaria,7553.8,0,2025-03-21 13:13:12,2025-03-21 22:52:28,2025-03-23 09:43:41,Lisboa,Hamburgo,S,0
ESC-2025-002080,9683910,Tinto Marina IV,NAV036,M08,fruta_refrigerada,descarga,Fruta tropical,13414.7,0,2025-03-21 20:00:00,2025-03-21 20:38:39,2025-03-23 03:04:51,Valencia,Lisboa,S,0
ESC-2025-004307,9867126,Aurora Wave I,NAV002,M07,ro_ro,carga,Vehículos,19702.7,0,2025-03-21 20:38:56,2025-03-21 22:52:40,2025-03-22 11:57:16,Amberes,Ceuta,S,0
ESC-2025-003809,9203722,Southern Voyager II,NAV034,M01,contenedores,carga,Contenedores,7857.3,697,2025-03-21 21:22:56,2025-03-22 08:19:33,2025-03-23 05:37:52,Rotterdam,Sines,S,0
ESC-2025-003374,9704348,Punta Glory,NAV002,M08,fruta_refrigerada,descarga,Fresa y frutos rojos,11548.2,0,2025-03-22 01:00:00,2025-03-22 04:22:09,2025-03-23 00:03:19,Tánger Med,Le Havre,S,0
ESC-2025-004715,9425693,Tinto Bay I,NAV002,M08,fruta_refrigerada,mixta,Cítricos,7789.6,0,2025-03-22 02:00:00,2025-03-22 03:48:49,2025-03-23 07:56:02,Hamburgo,Lisboa,S,0
ESC-2025-003247,9787974,Marisma Star,NAV026,M05,granel_liquido,mixta,Ácido sulfúrico,69315.8,0,2025-03-22 02:02:35,2025-03-22 22:08:16,2025-03-23 03:43:24,Valencia,Abiyán,S,0
ESC-2025-005131,9222869,Aurora Trader,NAV038,M01,contenedores,carga,Contenedores,13417.4,1087,2025-03-22 03:07:29,2025-03-22 09:35:28,2025-03-23 05:07:32,Algeciras,Amberes,S,0
ESC-2025-003732,9145425,Costa Express,NAV032,M12,granel_liquido,mixta,Biocombustible,85456.5,0,2025-03-22 04:37:07,2025-03-22 05:29:54,2025-03-24 00:30:11,Hamburgo,Nueva York,S,0
ESC-2025-005073,9878230,Delta Sol I,NAV011,M08,fruta_refrigerada,mixta,Fresa y frutos rojos,11462.6,0,2025-03-22 08:00:00,2025-03-22 11:54:20,2025-03-23 16:23:28,Santa Cruz de Tenerife,Amberes,S,0
ESC-2025-005725,9578270,Marisma Bay,NAV035,M03,granel_solido,mixta,Pirita,18319.9,0,2025-03-22 08:10:44,2025-03-22 18:03:56,2025-03-23 20:22:18,Nueva York,Rotterdam,S,0
ESC-2025-004350,9132703,Cabo Breeze,NAV019,M05,granel_liquido,descarga,Crudo,40089.0,0,2025-03-22 08:33:08,2025-03-22 11:53:04,2025-03-23 13:49:16,Valencia,Valencia,S,0
ESC-2025-000134,9093464,Iberian Sol,NAV004,M05,granel_liquido,descarga,Gasóleo,92657.2,0,2025-03-22 11:20:07,2025-03-22 18:55:45,2025-03-24 18:25:44,Le Havre,Rotterdam,S,0
ESC-2025-003736,9063160,Golden Trader,NAV034,M04,granel_liquido,mixta,GNL,31889.7,0,2025-03-22 11:30:44,2025-03-23 00:45:04,2025-03-23 21:33:52,Funchal,Amberes,S,0
ESC-2025-003736,9063160,Golden Trader,NAV034,M04,granel_liquido,mixta,GNL,31889.7,0,2025-03-22 11:30:44,2025-03-23 00:45:04,2025-03-23 21:33:52,Funchal,Amberes,S,0
ESC-2025-000347,9544918,Luz Sol,NAV034,M05,granel_liquido,carga,GNL,24460.1,0,2025-03-22 17:07:59,2025-03-23 06:05:47,2025-03-24 17:37:55,Tánger Med,Nueva York,S,0
ESC-2025-002078,9355458,Southern Spirit II,NAV010,M04,granel_liquido,carga,Biocombustible,10143.0,0,2025-03-22 17:30:30,2025-03-22 22:18:59,2025-03-24 05:21:02,Dakar,Tánger Med,S,0
ESC-2025-006128,9228526,Silver Navigator V,NAV039,M03,granel_solido,descarga,Concentrado de cobre,46621.1,0,2025-03-22 18:17:51,2025-03-23 21:29:24,2025-03-25 05:41:20,Hamburgo,Lisboa,S,0
ESC-2025-002049,9131761,Southern Trader,NAV032,M07,ro_ro,carga,Semirremolques,23672.2,0,2025-03-23 09:36:13,2025-03-23 10:42:43,2025-03-24 01:53:29,Ceuta,Amberes,S,0
ESC-2025-004622,9442732,Punta Venture,NAV025,M04,granel_liquido,mixta,Gasóleo,76039.7,0,2025-03-23 10:57:39,2025-03-23 13:28:20,2025-03-25 00:27:04,Casablanca,Ceuta,S,0
ESC-2025-002203,9621766,Delta Trader IV,NAV006,M01,contenedores,mixta,Contenedores,2800.5,235,2025-03-23 11:34:07,2025-03-23 13:21:21,2025-03-24 18:46:50,Abiyán,Funchal,S,0
ESC-2025-005876,9625803,Costa Marina,NAV026,M06,granel_liquido,mixta,Gasóleo,73109.3,0,2025-03-23 13:13:29,2025-03-23 19:53:37,2025-03-25 08:29:30,Génova,Hamburgo,S,0
ESC-2025-005646,9494670,Luz Fortune,NAV031,M07,ro_ro,carga,Semirremolques,14745.3,0,2025-03-23 13:31:31,2025-03-23 14:36:18,2025-03-24 00:27:21,Houston,Le Havre,S,0
ESC-2025-003112,9990105,Blue Carrier V,NAV035,M03,granel_solido,mixta,Concentrado de cobre,19925.1,0,2025-03-23 16:24:49,2025-03-24 03:22:55,2025-03-26 14:53:20,Las Palmas,Amberes,S,0
ESC-2025-003861,9609550,Blue Navigator,NAV014,M07,ro_ro,carga,Vehículos,28038.2,0,2025-03-23 16:36:55,2025-03-23 17:39:07,2025-03-24 01:13:58,Génova,Valencia,S,0
ESC-2025-004039,9151711,Delta Trader,NAV018,M08,fruta_refrigerada,carga,Fresa y frutos rojos,14602700.0,0,2025-03-24 01:00:00,2025-03-24 02:03:40,2025-03-25 04:59:46,Houston,Santos,S,0
ESC-2025-004016,9119555,Iberian Breeze,NAV010,M05,granel_liquido,carga,Gasóleo,56930.1,0,2025-03-24 02:11:43,2025-03-24 05:32:21,2025-03-24 20:10:26,Valencia,Santos,S,0
ESC-2025-005226,9342255,Blue Fortune II,NAV034,M03,granel_solido,descarga,Cereal,27129.8,0,2025-03-24 02:13:33,2025-03-24 03:55:59,2025-03-26 09:55:28,Casablanca,Génova,S,0
ESC-2025-003214,9355367,Delta Navigator I,NAV012,M01,contenedores,mixta,Contenedores,3648.1,390,2025-03-24 02:38:18,2025-03-24 04:15:47,2025-03-25 05:35:38,Dakar,Lisboa,S,0
ESC-2025-006302,9434709,Silver Express,NAV014,M12,granel_liquido,descarga,Crudo,59662.2,0,2025-03-24 04:20:31,2025-03-24 04:56:10,2025-03-24 22:15:00,Casablanca,Hamburgo,S,0
ESC-2025-004361,9387047,Doña Breeze III,NAV001,M02,granel_solido,descarga,Fertilizantes,26594.5,0,2025-03-24 08:03:44,2025-03-24 16:57:26,2025-03-26 06:10:06,Génova,Sines,S,0
ESC-2025-003687,9844588,Delta Wave,NAV001,M01,contenedores,mixta,Contenedores,9017.3,726,2025-03-24 11:10:02,2025-03-24 19:50:35,2025-03-25 19:05:41,Génova,Lisboa,S,0
ESC-2025-006296,9042219,Marisma Trader,NAV015,M03,granel_solido,descarga,Clínker,11214.9,0,2025-03-24 11:25:21,2025-03-25 06:22:56,2025-03-28 07:23:14,Abiyán,Le Havre,S,0
ESC-2025-006046,9434199,Estrella Pride II,NAV021,M12,granel_liquido,mixta,Productos químicos,50040.6,0,2025-03-24 12:28:43,2025-03-24 15:07:05,2025-03-26 07:29:11,Santos,Génova,S,0
ESC-2025-006269,9686780,Tinto Carrier V,NAV039,M03,granel_solido,mixta,Pirita,11836.5,0,2025-03-24 12:29:37,2025-03-25 00:35:37,2025-03-27 02:20:09,Houston,Houston,S,0
ESC-2025-005031,9158094,Odiel Dawn,NAV006,M04,granel_liquido,descarga,GNL,37057.1,0,2025-03-24 13:55:03,2025-03-24 16:57:42,2025-03-26 02:00:25,Santa Cruz de Tenerife,Las Palmas,S,0
ESC-2025-005132,9093220,Atlantic Trader,NAV010,M08,fruta_refrigerada,descarga,Fresa y frutos rojos,7984.9,0,2025-03-24 14:00:00,2025-03-24 14:16:56,2025-03-25 20:16:08,Houston,Santa Cruz de Tenerife,S,0
ESC-2025-003245,9361641,Luz Pride,NAV024,M07,ro_ro,descarga,Semirremolques,12203.6,0,2025-03-24 14:52:57,2025-03-24 21:41:42,2025-03-25 04:23:16,Funchal,Abiyán,S,0
ESC-2025-001617,9119517,Costa Venture II,NAV036,M03,granel_solido,carga,Pirita,19164.4,0,2025-03-24 17:35:54,2025-03-25 01:21:06,2025-03-26 09:44:20,Valencia,Dakar,S,0
ESC-2025-004683,9568330,Ocean Fortune,NAV026,M08,fruta_refrigerada,mixta,Fruta tropical,14848.6,0,2025-03-25 00:00:00,2025-03-25 07:17:34,2025-03-26 14:45:55,Rotterdam,Hamburgo,S,0
ESC-2025-003340,9556143,Southern Mar,NAV028,M11,carga_general,mixta,Bobinas de acero,10909.1,0,2025-03-25 00:29:22,2025-03-25 02:31:51,2025-03-26 11:31:28,Tánger Med,Lisboa,S,0
ESC-2025-005373,9443229,Blue Dawn,NAV010,M06,granel_liquido,carga,Ácido sulfúrico,-30412.2,0,2025-03-25 02:33:58,2025-03-25 11:44:22,2025-03-27 12:38:38,Las Palmas,Valencia,S,0
ESC-2025-002658,9871880,Costa Sol,NAV028,M12,granel_liquido,mixta,GNL,54116.7,0,2025-03-25 02:43:01,26/03/2025 00:01,2025-03-27 06:33:04,Tánger Med,Las Palmas,S,0
ESC-2025-006103,9500467,  ODIEL MARINA ,NAV034,M08,fruta_refrigerada,mixta,Fruta tropical,9970.7,0,2025-03-25 07:00:00,2025-03-25 09:38:24,2025-03-25 23:58:06,Algeciras,Rotterdam,S,0
ESC-2025-003158,9093220,Atlantic Trader,NAV010,M08,fruta_refrigerada,carga,Fruta tropical,8378.5,0,2025-03-25 08:00:00,2025-03-25 12:04:04,2025-03-27 00:10:19,Le Havre,Le Havre,S,0
ESC-2025-005310,9536624,Silver Star III,NAV012,M01,contenedores,carga,Contenedores,9365.8,821,2025-03-25 09:41:29,2025-03-25 11:16:52,2025-03-26 13:39:59,Valencia,Valencia,S,0
ESC-2025-006032,9878230,Delta Sol I,NAV011,M08,fruta_refrigerada,mixta,Cítricos,8891.9,0,2025-03-25 13:00:00,2025-03-25 15:37:05,2025-03-26 22:30:00,Funchal,Sines,S,0
ESC-2025-000882,9609550,Blue Navigator,NAV014,M07,ro_ro,descarga,Semirremolques,33415.5,0,2025-03-25 16:19:59,2025-03-25 20:16:57,2025-03-26 05:10:18,Abiyán,Rotterdam,S,0
ESC-2025-000860,9392119,Odiel Voyager II,NAV025,M07,ro_ro,descarga,Semirremolques,27842.4,0,2025-03-25 18:11:09,2025-03-25 20:09:20,2025-03-26 15:41:52,Las Palmas,Sines,S,0
ESC-2025-002437,9708813,Doña Venture,NAV035,M06,granel_liquido,carga,Ácido sulfúrico,54627.1,0,2025-03-25 18:24:10,2025-03-25 20:24:05,2025-03-27 02:45:11,Dakar,Santos,S,0
ESC-2025-001610,9520895,Río Spirit,NAV009,M06,granel_liquido,mixta,GNL,58790.5,0,2025-03-25 19:04:11,2025-03-26 12:31:28,2025-03-27 05:57:31,Houston,Lisboa,S,0
ESC-2025-002489,9075113,Delta Glory,NAV023,M12,granel_liquido,mixta,Ácido sulfúrico,7565.8,0,2025-03-25 21:43:00,2025-03-25 22:26:21,2025-03-27 00:30:45,Sines,Hamburgo,S,0
ESC-2025-004104,9223904,Aurora Bay IV,NAV003,M06,granel_liquido,carga,Crudo,24581.2,0,2025-03-26 04:00:19,2025-03-26 17:43:21,2025-03-27 22:17:59,Tánger Med,Génova,S,0
ESC-2025-003984,9576337,Silver Glory,NAV006,M02,granel_solido,carga,Clínker,40586.4,0,2025-03-26 05:19:15,2025-03-26 10:46:54,2025-03-28 21:47:06,Le Havre,Rotterdam,S,0
ESC-2025-003276,9093464,Iberian Sol,NAV004,M04,granel_liquido,carga,Gasóleo,47860200.0,0,2025-03-26 06:54:34,2025-03-26 06:55:13,2025-03-28 02:23:58,Casablanca,Casablanca,S,0
ESC-2025-004906,9842700,Cabo Carrier,NAV037,M09,pasajeros,descarga,Pasajeros,0.0,0,2025-03-26 12:41:04,2025-03-26 12:49:34,2025-03-26 19:42:35,Dakar,Le Havre,S,2356
ESC-2025-001257,9738167,Silver Venture,NAV013,M09,pasajeros,carga,Pasajeros,0.0,0,2025-03-26 13:49:13,2025-03-26 14:21:48,2025-03-27 02:11:01,Le Havre,Rotterdam,S,3953
ESC-2025-005469,9351828,Iberian Spirit,NAV008,M06,granel_liquido,descarga,Productos químicos,16219.9,0,2025-03-26 14:00:56,2025-03-26 21:47:12,2025-03-28 02:46:08,Valencia,Casablanca,S,0
ESC-2025-000931,9844588,Delta Wave,NAV001,M01,contenedores,descarga,Contenedores,3774.1,326,2025-03-26 14:47:11,2025-03-26 14:48:07,2025-03-27 16:40:52,Génova,Rotterdam,S,0
ESC-2025-003939,9647021,Punta Pride,NAV035,M04,granel_liquido,carga,Ácido sulfúrico,71472.0,0,2025-03-26 15:32:38,2025-03-26 21:36:55,2025-03-27 22:51:46,Abiyán,Algeciras,S,0
ESC-2025-002707,9272931,Southern Pioneer,NAV020,M02,granel_solido,carga,Clínker,37943.3,0,2025-03-26 17:37:50,2025-03-26 23:05:49,2025-03-28 05:24:19,Ceuta,Funchal,S,0
ESC-2025-005564,9990105,Blue Carrier V,NAV035,M02,granel_solido,descarga,Fertilizantes,17045.8,0,2025-03-26 22:18:09,2025-03-27 03:49:21,2025-03-28 16:05:21,Dakar,Santa Cruz de Tenerife,S,0
ESC-2025-005308,9355458,Southern Spirit II,NAV010,M06,granel_liquido,carga,Biocombustible,14036.3,0,2025-03-27 02:27:22,2025-03-27 19:41:35,2025-03-28 17:45:14,Rotterdam,Las Palmas,S,0
ESC-2025-005328,9467031,Cabo Star,NAV008,M11,carga_general,carga,Palés,-12356.6,0,2025-03-27 05:27:50,2025-03-27 15:39:34,2025-03-29 05:02:42,Santos,Génova,S,0
ESC-2025-005357,9353993,Southern Horizon,NAV039,M06,granel_liquido,carga,Biocombustible,66915.6,0,2025-03-27 08:48:00,2025-03-27 22:49:09,2025-03-28 06:42:27,Houston,Nueva York,S,0
ESC-2025-003188,9594248,Costa Fortune,NAV015,M02,granel_solido,carga,Clínker,28545.8,0,2025-03-27 10:55:31,2025-03-27 23:17:18,2025-03-30 02:22:51,Sines,Algeciras,S,0
ESC-2025-003381,9603219,Aurora Spirit,NAV026,M10,pesca,carga,Pescado fresco,33.6,0,2025-03-27 19:01:22,2025-03-27 19:19:54,2025-03-27 23:39:10,Las Palmas,Lisboa,S,0
ESC-2025-005390,9287900,Delta Spirit,NAV040,M07,ro_ro,mixta,Vehículos,20458.8,0,2025-03-27 19:15:49,2025-03-27 23:28:30,2025-03-28 12:25:48,Houston,Houston,S,0
ESC-2025-004822,9203722,Southern Voyager II,NAV034,M01,contenedores,mixta,Contenedores,12945.4,1173,2025-03-27 20:06:46,2025-03-28 02:56:29,2025-03-28 19:59:47,Funchal,Sines,S,0
ESC-2025-004685,9626546,Southern Fortune,NAV008,M02,granel_solido,mixta,Fertilizantes,28356.8,0,2025-03-27 22:59:50,2025-03-28 06:28:24,2025-03-30 01:43:18,Rotterdam,Abiyán,S,0
ESC-2025-001345,9093816,Costa Glory II,NAV006,M10,pesca,descarga,Pescado fresco,24.5,0,2025-03-28 03:41:08,2025-03-28 03:43:05,2025-03-28 10:11:17,Hamburgo,Hamburgo,N,0
ESC-2025-002285,9484522,Río Wave IV,NAV019,M05,granel_liquido,carga,Gasóleo,44570.2,0,2025-03-28 11:39:36,2025-03-28 14:55:54,2025-03-30 00:59:54,Tánger Med,Nueva York,S,0
ESC-2025-002208,9060417,Estrella Venture,NAV025,M04,granel_liquido,carga,Gasóleo,6009.6,0,2025-03-28 13:29:05,2025-03-29 03:45:21,2025-03-30 01:10:36,Nueva York,Hamburgo,S,0
ESC-2025-005489,9216286,Odiel Voyager,NAV031,M02,granel_solido,descarga,Clínker,25733.4,0,2025-03-28 13:37:28,2025-03-29 04:01:36,2025-03-30 20:54:12,Las Palmas,Casablanca,S,0
ESC-2025-004247,9438004,Tinto Bay IV,NAV031,M12,granel_liquido,descarga,Biocombustible,41969.5,0,2025-03-28 16:18:29,2025-03-28 23:26:14,2025-03-30 13:07:58,Nueva York,Rotterdam,S,0
ESC-2025-000813,9771195,Golden Venture I,NAV025,M04,granel_liquido,descarga,Productos químicos,56374.3,0,2025-03-28 18:31:42,2025-03-29 15:29:46,2025-03-30 18:25:23,Le Havre,Sines,S,0
ESC-2025-006219,9738167,Silver Venture,NAV013,M09,pasajeros,mixta,Pasajeros,0.0,0,2025-03-28 23:20:35,2025-03-29 00:54:41,2025-03-29 12:30:43,Sines,Houston,S,2783
ESC-2025-002426,9284635,Nordic Sol IV,NAV017,M03,granel_solido,mixta,Cereal,20083.0,0,2025-03-29 00:31:50,2025-03-29 16:51:16,2025-03-31 07:00:39,Amberes,Valencia,S,0
ESC-2025-000627,9230268,  LUZ EXPRESS ,NAV022,M01,contenedores,descarga,Contenedores,12347.1,944,2025-03-29 03:40:34,2025-03-29 06:47:04,2025-03-30 05:43:29,Houston,Génova,S,0
ESC-2025-002636,9465057,Costa Pride I,NAV004,M11,carga_general,mixta,Maquinaria,4555.6,0,2025-03-29 03:51:52,2025-03-29 06:29:49,2025-03-30 14:10:44,Santos,Algeciras,S,0
ESC-2025-003434,9017721,Delta Dawn,NAV030,M10,pesca,carga,Pescado fresco,18.4,0,2025-03-29 04:47:22,2025-03-29 05:00:32,2025-03-29 14:43:13,Tánger Med,Houston,S,0
ESC-2025-006493,9042219,  MARISMA TRADER ,NAV015,M03,granel_solido,descarga,Fertilizantes,19289.3,0,2025-03-29 10:27:03,2025-03-30 00:58:57,2025-04-01 09:48:45,Santos,Funchal,S,0
ESC-2025-002992,9159373,Delta Star,NAV005,M01,contenedores,carga,Contenedores,23866.2,1761,2025-03-29 12:03:56,2025-03-29 14:23:56,2025-03-31 01:30:17,Casablanca,Hamburgo,S,0
ESC-2025-001785,9026564,  TINTO MAR ,NAV040,M04,granel_liquido,carga,Ácido sulfúrico,30350.9,0,2025-03-29 13:18:16,2025-03-30 00:53:05,2025-03-31 05:24:45,Sines,Valencia,S,0
ESC-2025-000755,9042219,Marisma Trader,NAV015,M03,granel_solido,descarga,Pirita,16771.2,0,2025-03-29 17:32:01,2025-03-29 19:48:35,2025-04-01 07:01:51,Lisboa,Tánger Med,S,0
ESC-2025-003196,9683910,Tinto Marina IV,NAV036,M08,fruta_refrigerada,carga,Fresa y frutos rojos,9099.5,0,2025-03-29 19:11:46,2025-03-30 04:39:22,2025-03-30 20:47:11,Algeciras,Funchal,S,0
ESC-2025-003683,9276406,Atlantic Dawn,NAV020,M11,carga_general,carga,Maquinaria,12578.8,0,2025-03-30 00:39:31,30/03/2025 08:10,2025-03-31 12:54:31,Algeciras,Lisboa,S,0
ESC-2025-000987,9647021,Punta Pride,NAV035,M04,granel_liquido,carga,Crudo,55376.3,0,2025-03-30 04:18:19,2025-03-30 04:50:54,2025-03-31 18:36:21,Ceuta,Lisboa,S,0
ESC-2025-003342,9594248,Costa Fortune,NAV015,M02,granel_solido,carga,Fertilizantes,35820.0,0,2025-03-30 08:42:23,2025-03-30 08:48:04,2025-04-01 01:47:29,Le Havre,Sines,S,0
ESC-2025-005013,9141546,  BLUE EXPRESS I ,NAV037,M06,granel_liquido,descarga,Biocombustible,37082.1,0,2025-03-30 11:25:03,2025-03-30 13:43:19,2025-03-31 22:17:04,Santa Cruz de Tenerife,Santos,S,0
ESC-2025-006137,9641912,Ocean Glory,NAV030,M03,granel_solido,descarga,Pirita,29964.5,0,2025-03-30 14:32:05,2025-03-30 19:55:51,2025-04-01 01:36:10,Rotterdam,Amberes,S,0
ESC-2025-002690,9438004,Tinto Bay IV,NAV031,M05,granel_liquido,descarga,Biocombustible,52844.5,0,2025-03-30 18:18:23,2025-03-31 00:41:29,2025-03-31 14:09:41,Algeciras,Tánger Med,S,0
ESC-2025-006232,9126132,Atlantic Venture,NAV018,M04,granel_liquido,carga,Productos químicos,30857.1,0,2025-03-30 23:51:47,2025-03-31 04:30:17,2025-04-01 14:05:44,Ceuta,Sines,S,0
ESC-2025-001725,9995674,Marisma Breeze,NAV029,M05,granel_liquido,mixta,GNL,51556.2,0,2025-03-31 03:34:27,2025-04-01 01:27:39,2025-04-02 05:22:16,Las Palmas,Santos,S,0
ESC-2025-001525,9845685,Costa Fortune IV,NAV037,M11,carga_general,descarga,Bobinas de acero,10129.9,0,2025-03-31 04:35:10,2025-03-31 07:02:28,2025-04-01 17:13:32,Abiyán,Las Palmas,S,0
ESC-2025-003269,9194256,Costa Glory,NAV015,M07,ro_ro,descarga,Semirremolques,19404.2,0,2025-03-31 08:57:21,2025-03-31 11:45:24,2025-04-01 01:10:13,Le Havre,Santa Cruz de Tenerife,S,0
ESC-2025-004556,9884227,Silver Bay II,NAV035,M10,pesca,mixta,Pescado fresco,61.5,0,2025-03-31 09:37:04,2025-03-31 09:39:56,2025-03-31 15:30:17,Lisboa,Abiyán,N,0
ESC-2025-001400,9367487,Ocean Fortune I,NAV009,M11,carga_general,carga,Palés,5431.9,0,2025-03-31 10:26:55,2025-03-31 12:50:12,2025-04-02 01:11:22,Amberes,Hamburgo,S,0
ESC-2025-000019,9783588,Iberian Star,NAV025,M11,carga_general,carga,Madera,4281.8,0,2025-03-31 18:39:06,2025-04-01 12:19:57,2025-04-02 12:21:37,Amberes,Algeciras,S,0
ESC-2025-001118,9243320,Golden Pride,NAV028,M06,granel_liquido,descarga,Productos químicos,42890100.0,0,2025-03-31 23:14:39,2025-04-01 10:37:05,2025-04-02 01:19:11,Le Havre,Dakar,S,0
ESC-2025-000683,9243320,Golden Pride,NAV028,M04,granel_liquido,descarga,Gasóleo,74069.4,0,2025-03-31 23:22:47,2025-04-01 04:02:02,2025-04-02 00:05:35,Amberes,Algeciras,S,0
ESC-2025-004449,9438004,Tinto Bay IV,NAV031,M06,granel_liquido,carga,Productos químicos,86684.5,0,2025-04-01 00:04:07,2025-04-01 02:06:23,2025-04-02 06:30:41,Nueva York,Rotterdam,S,0
ESC-2025-005019,9625803,Costa Marina,NAV026,M06,granel_liquido,descarga,Crudo,71511.6,0,2025-04-01 00:04:54,2025-04-01 10:13:52,2025-04-02 21:21:22,Santa Cruz de Tenerife,Algeciras,S,0
ESC-2025-000043,9270531,Tinto Dawn,NAV012,M12,granel_liquido,mixta,Crudo,69937.3,0,2025-04-01 03:16:01,2025-04-01 14:02:39,2025-04-02 16:26:20,Lisboa,Tánger Med,S,0
ESC-2025-002906,9199622,Costa Pride,NAV033,M11,carga_general,mixta,Palés,3330.5,0,2025-04-01 05:04:16,2025-04-01 14:23:13,2025-04-02 21:54:38,Le Havre,Valencia,S,0
ESC-2025-004994,9560857,Tinto Breeze,NAV019,M12,granel_liquido,carga,Ácido sulfúrico,24032.6,0,2025-04-01 09:11:49,2025-04-01 11:53:32,2025-04-02 19:43:40,Funchal,Algeciras,S,0
ESC-2025-004337,9171371,Ocean Pioneer,NAV025,M02,granel_solido,carga,Cereal,23863.6,0,2025-04-01 11:58:47,2025-04-01 15:10:04,2025-04-03 07:45:11,Sines,Las Palmas,S,0
ESC-2025-002647,9929338,Tinto Venture I,NAV017,M12,granel_liquido,carga,Productos químicos,86710.9,0,2025-04-01 14:24:46,2025-04-01 19:00:16,2025-04-03 02:20:11,Nueva York,Amberes,S,0
ESC-2025-000645,9665891,Atlantic Venture IV,NAV032,M10,pesca,carga,Pescado fresco,43.7,0,2025-04-01 15:04:52,2025-04-01 15:04:59,2025-04-01 19:10:37,Nueva York,Rotterdam,S,0
ESC-2025-002187,9844588,  DELTA WAVE ,NAV001,M01,contenedores,descarga,Contenedores,14931.9,1250,2025-04-01 17:00:03,2025-04-03 03:02:46,2025-04-04 04:28:36,Rotterdam,Le Havre,S,0
ESC-2025-000498,9116034,Atlantic Fortune III,NAV019,M01,contenedores,descarga,Contenedores,17361.0,1580,2025-04-02 02:58:12,2025-04-02 04:51:23,2025-04-02 21:17:43,Houston,Houston,S,0
ESC-2025-003561,9922976,Río Horizon II,NAV034,M06,granel_liquido,descarga,Biocombustible,27078.1,0,2025-04-02 06:38:05,2025-04-02 18:24:59,2025-04-04 02:05:47,Santos,Hamburgo,S,0
ESC-2025-003577,9320221,Tinto Pride,NAV024,M08,fruta_refrigerada,carga,Fruta tropical,5882.0,0,2025-04-02 11:00:00,2025-04-02 14:25:30,2025-04-03 18:31:47,Rotterdam,Dakar,S,0
ESC-2025-003819,9507843,Iberian Express,NAV018,M11,carga_general,descarga,Bobinas de acero,7455.9,0,2025-04-02 12:19:21,2025-04-02 12:53:32,2025-04-04 00:21:09,Santos,Le Havre,S,0
ESC-2025-004624,9568330,Ocean Fortune,NAV026,M08,fruta_refrigerada,mixta,Fresa y frutos rojos,12126.5,0,2025-04-02 13:38:07,2025-04-02 13:51:05,2025-04-03 13:52:02,Ceuta,Rotterdam,S,0
ESC-2025-000812,9423853,Odiel Pioneer,NAV028,M12,granel_liquido,descarga,Gasóleo,26911.7,0,2025-04-02 14:03:48,2025-04-02 17:56:04,2025-04-04 02:36:40,Casablanca,Las Palmas,S,0
ESC-2025-004341,9520261,Nordic Express V,NAV017,M07,ro_ro,carga,Semirremolques,22707.2,0,2025-04-02 15:54:16,2025-04-02 16:55:04,2025-04-03 08:10:02,Dakar,Dakar,S,0
ESC-2025-001888,9023079,Cabo Breeze V,NAV015,M08,fruta_refrigerada,descarga,Fresa y frutos rojos,7361.9,0,2025-04-03 00:00:00,2025-04-03 00:51:57,2025-04-04 01:40:57,Sines,Funchal,S,0
ESC-2025-003139,9536624,Silver Star III,NAV012,M01,contenedores,mixta,Contenedores,3560.1,287,2025-04-03 03:12:10,2025-04-03 03:27:56,2025-04-03 20:13:33,Funchal,Casablanca,S,0
ESC-2025-005479,9809253,Río Bay,NAV005,M03,granel_solido,descarga,Concentrado de cobre,15306.7,0,2025-04-03 03:33:55,2025-04-03 06:15:34,2025-04-05 13:09:45,Houston,Tánger Med,S,0
ESC-2025-000080,9105396,Río Dawn,NAV006,M11,carga_general,carga,Palés,7916.6,0,2025-04-03 04:02:43,2025-04-03 11:59:26,2025-04-04 16:19:43,Las Palmas,Ceuta,S,0
ESC-2025-004482,9997361,Río Voyager III,NAV013,M03,granel_solido,carga,Clínker,38523.6,0,2025-04-03 06:20:54,2025-04-03 18:55:00,2025-04-05 16:42:04,Funchal,Sines,S,0
ESC-2025-002357,9228526,Silver Navigator V,NAV039,M03,granel_solido,descarga,Pirita,55546.2,0,2025-04-03 08:10:55,2025-04-03 08:25:55,2025-04-05 05:26:00,Génova,Génova,S,0
ESC-2025-002357,9228526,Silver Navigator V,NAV039,M03,granel_solido,descarga,Pirita,55546.2,0,2025-04-03 08:10:55,2025-04-03 08:25:55,2025-04-05 05:26:00,Génova,Génova,S,0
ESC-2025-006343,9842700,Cabo Carrier,NAV037,M09,pasajeros,carga,Pasajeros,0.0,0,2025-04-03 10:35:19,2025-04-03 10:50:23,2025-04-03 20:41:48,Lisboa,Rotterdam,S,4138
ESC-2025-000613,9350628,Aurora Express,NAV028,M01,contenedores,mixta,Contenedores,8445.8,799,2025-04-03 12:19:36,2025-04-03 14:04:01,2025-04-04 18:56:44,Sines,Génova,S,0
ESC-2025-002367,9164330,Tinto Trader III,NAV025,M01,contenedores,descarga,Contenedores,12499.2,1153,2025-04-03 16:57:57,03/04/2025 21:07,2025-04-04 22:06:28,Valencia,Abiyán,S,0
ESC-2025-001701,9911094,Golden Carrier I,NAV021,M02,granel_solido,descarga,Pirita,27641.6,0,2025-04-03 18:28:08,2025-04-04 02:27:23,2025-04-05 18:55:29,Las Palmas,Santa Cruz de Tenerife,S,0
ESC-2025-003769,9944625,Blue Fortune,NAV019,M09,pasajeros,mixta,Pasajeros,0.0,0,2025-04-03 19:53:03,2025-04-03 20:23:23,2025-04-04 05:50:35,Rotterdam,Le Havre,S,2228
ESC-2025-003239,9560857,Tinto Breeze,NAV019,M12,granel_liquido,descarga,Crudo,29863.4,0,2025-04-03 21:31:59,2025-04-04 04:19:09,2025-04-05 04:57:59,Nueva York,Nueva York,S,0
ESC-2025-006427,9430090,Odiel Mar,NAV035,M02,granel_solido,descarga,Fertilizantes,15326.8,0,2025-04-03 21:54:31,2025-04-04 05:22:59,2025-04-06 15:15:03,Algeciras,Rotterdam,S,0
ESC-2025-004815,9543823,Aurora Mar IV,NAV036,M03,granel_solido,mixta,Clínker,53811.6,0,2025-04-04 08:12:45,2025-04-05 10:43:27,2025-04-06 08:01:12,Santa Cruz de Tenerife,Houston,S,0
ESC-2025-003025,9495507,Costa Bay,NAV040,M01,contenedores,carga,Contenedores,9447.5,884,2025-04-04 08:36:42,2025-04-04 09:28:56,2025-04-04 23:26:52,Casablanca,Lisboa,S,0
ESC-2025-001578,9154567,Estrella Trader III,NAV025,M11,carga_general,descarga,Madera,11282.9,0,2025-04-04 10:51:59,2025-04-04 11:37:18,2025-04-05 23:51:04,Valencia,Casablanca,S,0
ESC-2025-005214,9086382,Estrella Star V,NAV036,M12,granel_liquido,carga,Productos químicos,66757.6,0,2025-04-04 11:50:58,2025-04-05 01:35:44,2025-04-06 12:38:17,Funchal,Dakar,S,0
ESC-2025-001488,9938640,Estrella Spirit I,NAV002,M11,carga_general,descarga,Madera,6826.1,0,2025-04-04 13:28:18,2025-04-04 14:59:37,2025-04-05 14:12:24,Amberes,Nueva York,S,0
ESC-2025-001612,9434199,Estrella Pride II,NAV021,M05,granel_liquido,carga,GNL,49108.4,0,2025-04-04 17:22:34,2025-04-05 03:48:45,2025-04-05 21:34:48,Génova,Houston,S,0
ESC-2025-002295,9936604,Silver Star,NAV010,M08,fruta_refrigerada,descarga,Fresa y frutos rojos,13687.8,0,2025-04-04 20:14:04,2025-04-04 21:50:17,2025-04-05 15:35:36,Valencia,Dakar,S,0
ESC-2025-001797,9770531,Aurora Spirit III,NAV023,M01,contenedores,mixta,Contenedores,11056.4,959,2025-04-05 00:03:46,2025-04-05 07:19:41,2025-04-06 02:16:04,Hamburgo,Sines,S,0
ESC-2025-002024,9494670,Luz Fortune,NAV031,M07,ro_ro,descarga,Vehículos,27098.1,0,2025-04-05 00:40:14,2025-04-05 02:54:10,2025-04-05 10:33:17,Houston,Ceuta,S,0
ESC-2025-003105,9025699,Iberian Trader I,NAV001,M04,granel_liquido,mixta,Biocombustible,57666.7,0,2025-04-05 02:45:56,2025-04-05 16:40:04,2025-04-06 23:25:33,Santa Cruz de Tenerife,Dakar,S,0
ESC-2025-002124,9270531,Tinto Dawn,NAV012,M12,granel_liquido,mixta,Productos químicos,68579.2,0,2025-04-05 05:15:55,2025-04-05 12:21:22,2025-04-06 20:33:13,Le Havre,Funchal,S,0
ESC-2025-005675,9434072,Iberian Voyager,NAV015,M01,contenedores,mixta,Contenedores,7435.8,557,2025-04-05 06:50:44,2025-04-05 07:57:17,2025-04-06 07:33:46,Abiyán,Rotterdam,S,0
ESC-2025-001678,9249049,Cabo Trader,NAV001,M08,fruta_refrigerada,descarga,Fresa y frutos rojos,8582.4,0,2025-04-05 09:00:00,2025-04-05 11:50:41,2025-04-06 09:42:21,Tánger Med,Casablanca,S,0
ESC-2025-005061,9026564,Tinto Mar,NAV040,M06,granel_liquido,carga,GNL,24878.8,0,2025-04-05 12:57:59,2025-04-05 21:56:01,2025-04-07 05:14:01,Lisboa,Rotterdam,S,0
ESC-2025-003603,9948346,Tinto Sol V,NAV020,M09,pasajeros,carga,Pasajeros,0.0,0,2025-04-05 13:03:01,2025-04-05 13:36:37,2025-04-06 00:05:25,Hamburgo,Nueva York,S,1922
ESC-2025-005791,9434199,Estrella Pride II,NAV021,M05,granel_liquido,descarga,GNL,45347.1,0,2025-04-05 14:01:54,2025-04-05 19:47:13,2025-04-07 01:49:10,Amberes,Lisboa,S,0
ESC-2025-000847,9454072,Silver Dawn I,NAV036,M08,fruta_refrigerada,descarga,Fresa y frutos rojos,13703.9,0,2025-04-05 15:36:40,2025-04-06 03:39:57,2025-04-07 14:53:34,Rotterdam,Hamburgo,S,0
ESC-2025-002877,9578270,Marisma Bay,NAV035,M03,granel_solido,mixta,Pirita,10439.8,0,2025-04-05 16:45:15,2025-04-06 12:07:57,2025-04-09 01:03:44,Tánger Med,Amberes,S,0
ESC-2025-005145,9467031,Cabo Star,NAV008,M11,carga_general,descarga,Palés,7726.3,0,2025-04-06 00:49:20,2025-04-06 02:44:10,2025-04-06 21:48:13,Ceuta,Santa Cruz de Tenerife,S,0
ESC-2025-006052,9276406,Atlantic Dawn,NAV020,M11,carga_general,descarga,Palés,12412.9,0,2025-04-06 04:04:19,2025-04-06 16:16:17,2025-04-08 08:00:39,Algeciras,Nueva York,S,0
ESC-2025-002354,9898084,Marisma Fortune,NAV013,M06,granel_liquido,descarga,Productos químicos,54641.5,0,2025-04-06 06:23:54,2025-04-07 09:13:50,2025-04-08 19:12:56,Sines,Lisboa,S,0
ESC-2025-003622,9423853,Odiel Pioneer,NAV028,M05,granel_liquido,descarga,GNL,24789.2,0,2025-04-06 06:38:58,2025-04-06 18:17:05,2025-04-08 09:12:25,Algeciras,Tánger Med,S,0
ESC-2025-001365,9183415,Blue Horizon II,NAV014,M02,granel_solido,mixta,Concentrado de cobre,24537.7,0,2025-04-06 10:07:47,2025-04-07 07:03:39,2025-04-09 05:40:59,Lisboa,Valencia,S,0
ESC-2025-003179,9023079,Cabo Breeze V,NAV015,M08,fruta_refrigerada,mixta,Fruta tropical,9204.0,0,2025-04-06 11:00:00,2025-04-06 11:09:35,2025-04-07 08:59:14,Santa Cruz de Tenerife,Algeciras,S,0
ESC-2025-002733,9948346,Tinto Sol V,NAV020,M09,pasajeros,descarga,Pasajeros,0.0,0,2025-04-06 14:03:44,2025-04-06 14:32:37,2025-04-06 23:30:13,Génova,Ceuta,S,973
ESC-2025-005174,9004516,Costa Spirit,NAV028,M04,granel_liquido,mixta,GNL,27183.0,0,2025-04-06 14:50:13,2025-04-06 20:15:51,2025-04-07 19:18:44,Amberes,Santos,S,0
ESC-2025-003212,9484132,  COSTA PRIDE IV ,NAV016,M01,contenedores,descarga,Contenedores,5621.0,602,2025-04-06 18:04:25,2025-04-07 04:21:16,2025-04-08 04:16:17,Dakar,Valencia,S,0
ESC-2025-004305,9550230,Nordic Carrier,NAV011,M11,carga_general,descarga,Bobinas de acero,4692.1,0,2025-04-07 00:16:30,2025-04-07 02:00:28,2025-04-08 21:16:35,Sines,Las Palmas,S,0
ESC-2025-004740,9884227,Silver Bay II,NAV035,M10,pesca,carga,Pescado fresco,48.2,0,2025-04-07 03:38:36,2025-04-07 03:55:15,2025-04-07 09:01:45,Casablanca,Lisboa,N,0
ESC-2025-000846,9663582,Delta Express IV,NAV026,M07,ro_ro,carga,Vehículos,14814.6,0,2025-04-07 03:55:37,2025-04-07 06:31:38,2025-04-07 19:53:39,Nueva York,Tánger Med,S,0
ESC-2025-004602,9574614,Aurora Mar V,NAV029,M01,contenedores,mixta,Contenedores,11188.8,859,2025-04-07 04:25:26,2025-04-07 12:50:05,2025-04-08 12:20:59,Abiyán,Las Palmas,S,0
ESC-2025-001723,9249049,Cabo Trader,NAV001,M08,fruta_refrigerada,carga,Cítricos,6379.4,0,2025-04-07 05:00:00,2025-04-07 12:34:46,2025-04-08 17:14:46,Dakar,Sines,S,0
ESC-2025-005412,9721994,Cabo Pioneer,NAV031,M08,fruta_refrigerada,descarga,Fruta tropical,5491.1,0,2025-04-07 08:00:00,2025-04-07 08:21:35,2025-04-08 05:59:31,Houston,Sines,S,0
ESC-2025-005081,9323998,Odiel Mar I,NAV003,M08,fruta_refrigerada,carga,Fresa y frutos rojos,9741.7,0,2025-04-07 09:59:10,2025-04-08 05:25:00,2025-04-09 20:57:32,Valencia,Génova,S,0
ESC-2025-000226,9589475,Cabo Fortune,NAV007,M01,contenedores,descarga,Contenedores,8923.7,768,2025-04-07 12:13:32,2025-04-07 14:00:08,2025-04-08 11:37:16,Dakar,Funchal,S,0
ESC-2025-001051,9249049,Cabo Trader,NAV001,M08,fruta_refrigerada,carga,Fresa y frutos rojos,9254.4,0,2025-04-07 22:00:00,2025-04-07 23:22:38,2025-04-08 07:49:50,Abiyán,Abiyán,S,0
ESC-2025-005165,9025699,  IBERIAN TRADER I ,NAV001,M04,granel_liquido,mixta,Crudo,52450.1,0,2025-04-07 22:59:33,2025-04-08 03:08:59,2025-04-09 13:52:39,Santos,Funchal,S,0
ESC-2025-002079,9093220,Atlantic Trader,NAV010,M08,fruta_refrigerada,descarga,Fresa y frutos rojos,7347.5,0,2025-04-08 05:00:00,2025-04-08 06:09:29,2025-04-08 22:43:13,Génova,Sines,S,0
ESC-2025-001147,9376153,Río Wave,NAV031,M09,pasajeros,descarga,Pasajeros,0.0,0,2025-04-08 06:58:53,2025-04-08 07:18:02,2025-04-08 19:08:07,Algeciras,Valencia,S,3746
ESC-2025-002538,9912490,Río Pride,NAV037,M08,fruta_refrigerada,carga,Fruta tropical,12296.6,0,2025-04-08 08:00:00,2025-04-08 08:36:02,2025-04-09 11:50:45,Tánger Med,Algeciras,S,0
ESC-2025-005274,9569700,Costa Star,NAV006,M01,contenedores,descarga,Contenedores,4447.1,483,2025-04-08 11:44:44,2025-04-08 12:51:02,2025-04-09 09:08:06,Ceuta,Tánger Med,S,0
ESC-2025-000768,9176761,Cabo Pride,NAV014,M01,contenedores,descarga,Contenedores,7520.5,800,2025-04-08 12:06:05,2025-04-08 12:55:00,2025-04-09 01:49:00,Houston,Funchal,S,0
ESC-2025-004608,9211444,Ocean Carrier,NAV014,M08,fruta_refrigerada,carga,Fresa y frutos rojos,8400.7,0,2025-04-08 12:16:48,2025-04-08 14:05:35,2025-04-09 17:55:00,Le Havre,Algeciras,S,0
ESC-2025-002535,9553086,Golden Bay,NAV029,M05,granel_liquido,descarga,Ácido sulfúrico,70718.1,0,2025-04-08 13:15:04,2025-04-08 23:18:00,2025-04-10 02:23:11,Nueva York,Santa Cruz de Tenerife,S,0
ESC-2025-004027,9614294,Punta Express,NAV032,M03,granel_solido,descarga,Cereal,17071.3,0,2025-04-08 14:07:00,2025-04-09 02:28:18,2025-04-11 04:09:03,Lisboa,Hamburgo,S,0
ESC-2025-005028,9154933,Iberian Star V,NAV009,M04,granel_liquido,mixta,Biocombustible,44352.4,0,2025-04-08 14:50:52,2025-04-08 21:53:40,2025-04-10 18:13:47,Algeciras,Hamburgo,S,0
ESC-2025-003872,9216286,Odiel Voyager,NAV031,M03,granel_solido,mixta,Concentrado de cobre,24943.8,0,2025-04-08 23:56:20,2025-04-10 00:57:20,2025-04-12 03:39:34,Le Havre,Amberes,S,0
ESC-2025-000056,9396517,Atlantic Voyager III,NAV035,M08,fruta_refrigerada,mixta,Fresa y frutos rojos,8770.1,0,2025-04-09 01:00:00,2025-04-09 01:59:07,2025-04-10 03:06:42,Houston,Hamburgo,S,0
ESC-2025-003420,9418834,Costa Navigator V,NAV035,M03,granel_solido,carga,Pirita,46213.0,0,2025-04-09 01:18:47,2025-04-09 02:52:24,2025-04-10 14:13:57,Rotterdam,Casablanca,S,0
ESC-2025-003324,9392119,Odiel Voyager II,NAV025,M07,ro_ro,mixta,Semirremolques,24573.0,0,2025-04-09 03:47:19,2025-04-09 06:15:15,2025-04-09 01:15:15,Algeciras,Houston,S,0
ESC-2025-000560,9083366,Cabo Spirit,NAV007,M08,fruta_refrigerada,carga,Fresa y frutos rojos,5338.4,0,2025-04-09 12:00:00,2025-04-09 15:43:14,2025-04-11 09:12:29,Sines,Ceuta,S,0
ESC-2025-003733,9962445,Punta Marina IV,NAV029,M02,granel_solido,mixta,Cereal,27601.4,0,2025-04-09 12:06:31,2025-04-09 15:03:09,2025-04-12 03:50:03,Le Havre,Tánger Med,S,0
ESC-2025-001404,9898084,Marisma Fortune,NAV013,M12,granel_liquido,descarga,Biocombustible,83378.0,0,2025-04-09 12:37:31,2025-04-09 17:26:53,2025-04-10 21:47:35,Santos,Casablanca,S,0
ESC-2025-005849,9118032,Atlantic Horizon,NAV032,M02,granel_solido,mixta,Cereal,19076.5,0,2025-04-09 13:02:46,2025-04-09 16:39:26,2025-04-11 17:19:00,Casablanca,Ceuta,S,0
ESC-2025-005548,9086382,Estrella Star V,NAV036,M05,granel_liquido,mixta,Productos químicos,96676.8,0,2025-04-09 13:59:35,2025-04-09 22:54:51,2025-04-11 03:56:33,Funchal,Funchal,S,0
ESC-2025-004223,9260500,Southern Venture,NAV003,M01,contenedores,mixta,Contenedores,4677.3,345,2025-04-09 16:06:54,2025-04-09 16:29:40,2025-04-11 02:36:07,Dakar,Génova,S,0
ESC-2025-004621,9416575,Punta Mar,NAV032,M10,pesca,carga,Pescado fresco,17.8,0,2025-04-09 17:45:38,2025-04-09 17:58:03,2025-04-10 01:57:36,Génova,Dakar,S,0
ESC-2025-002856,9361641,Luz Pride,NAV024,M07,ro_ro,carga,Vehículos,17918.1,0,2025-04-09 19:33:52,2025-04-09 21:59:41,2025-04-09 23:59:41,Santa Cruz de Tenerife,Hamburgo,S,0
ESC-2025-000532,9721994,Cabo Pioneer,NAV031,M08,fruta_refrigerada,descarga,Fresa y frutos rojos,6598.9,0,2025-04-09 22:00:00,2025-04-10 05:22:40,2025-04-11 09:06:37,Las Palmas,Amberes,S,0
ESC-2025-001153,9093464,Iberian Sol,NAV004,M04,granel_liquido,carga,Biocombustible,80739.8,0,2025-04-10 06:24:32,2025-04-10 07:06:03,2025-04-11 22:21:12,Algeciras,Hamburgo,S,0
ESC-2025-004443,9842700,Cabo Carrier,NAV037,M09,pasajeros,carga,Pasajeros,0.0,0,2025-04-10 07:59:57,2025-04-10 08:07:06,2025-04-10 17:56:08,Santa Cruz de Tenerife,Lisboa,S,2275
ESC-2025-006227,9936135,Luz Dawn,NAV008,M03,granel_solido,carga,Pirita,28869.2,0,2025-04-10 08:20:15,2025-04-10 14:55:06,2025-04-12 20:08:00,Ceuta,Abiyán,S,0
ESC-2025-001410,9878369,Costa Horizon,NAV040,M08,fruta_refrigerada,mixta,Fresa y frutos rojos,9176.5,0,2025-04-10 13:58:49,2025-04-10 18:19:16,2025-04-11 04:56:24,Santos,Ceuta,S,0
ESC-2025-001783,9222869,Aurora Trader,NAV038,M01,contenedores,descarga,Contenedores,7864.1,590,2025-04-10 14:41:26,2025-04-10 16:26:13,2025-04-11 10:55:34,Le Havre,Algeciras,S,0
ESC-2025-002909,9844588,Delta Wave,NAV001,M01,contenedores,mixta,Contenedores,15745.3,1361,2025-04-10 21:10:06,2025-04-11 04:35:52,2025-04-11 22:37:48,Dakar,Abiyán,S,0
ESC-2025-003830,9105396,Río Dawn,NAV006,M11,carga_general,mixta,Maquinaria,11505.7,0,2025-04-10 21:41:59,2025-04-11 03:36:56,2025-04-12 21:56:47,Algeciras,Houston,S,0
ESC-2025-000947,9704348,Punta Glory,NAV002,M08,fruta_refrigerada,carga,Fruta tropical,10545.1,0,2025-04-10 22:00:00,2025-04-10 22:57:03,2025-04-12 18:37:24,Houston,Algeciras,S,0
ESC-2025-005367,9408011,Cabo Voyager,NAV021,M06,granel_liquido,carga,Ácido sulfúrico,31201.6,0,2025-04-10 22:11:59,2025-04-11 01:52:53,2025-04-12 17:11:13,Valencia,Funchal,S,0
ESC-2025-005080,9189512,Silver Spirit,NAV028,M03,granel_solido,mixta,Fertilizantes,13795.9,0,2025-04-11 03:41:00,2025-04-11 18:12:33,2025-04-13 20:06:08,Las Palmas,Nueva York,S,0
ESC-2025-000718,9367487,Ocean Fortune I,NAV009,M11,carga_general,mixta,Bobinas de acero,7525.4,0,2025-04-11 04:37:10,2025-04-11 06:23:51,2025-04-12 01:33:48,Rotterdam,Nueva York,S,0
ESC-2025-005877,9218076,Doña Horizon,NAV012,M03,granel_solido,descarga,Fertilizantes,16550.2,0,2025-04-11 05:57:32,2025-04-11 21:41:59,2025-04-13 21:14:38,Houston,Santos,S,0
ESC-2025-005289,9043055,Ocean Venture,NAV012,M10,pesca,mixta,Pescado fresco,68.9,0,2025-04-11 08:34:04,2025-04-11 08:45:47,2025-04-11 15:45:09,Amberes,Valencia,S,0
ESC-2025-002844,9017721,Delta Dawn,NAV030,M10,pesca,carga,Pescado fresco,24.5,0,2025-04-11 08:47:15,2025-04-11 08:48:50,2025-04-11 17:26:29,Las Palmas,Génova,N,0
ESC-2025-006099,9473468,Nordic Fortune,NAV029,M10,pesca,carga,Pescado fresco,29.4,0,2025-04-11 09:17:48,2025-04-11 09:23:52,2025-04-11 15:36:30,Houston,Casablanca,N,0
ESC-2025-000024,9183415,Blue Horizon II,NAV014,M02,granel_solido,descarga,Pirita,25227.6,0,2025-04-11 13:12:32,2025-04-11 18:15:05,2025-04-14 03:47:31,Rotterdam,Le Havre,S,0
ESC-2025-000604,9912490,Río Pride,NAV037,M08,fruta_refrigerada,mixta,Fruta tropical,13691.8,0,2025-04-11 13:22:08,2025-04-11 17:20:01,2025-04-13 05:45:58,Algeciras,Santos,S,0
ESC-2025-001151,9511143,Cabo Wave II,NAV023,M04,granel_liquido,mixta,Ácido sulfúrico,56508.1,0,2025-04-11 14:17:20,2025-04-11 14:22:26,2025-04-12 22:31:08,Las Palmas,Santa Cruz de Tenerife,S,0
ESC-2025-003823,9568330,Ocean Fortune,NAV026,M08,fruta_refrigerada,carga,Cítricos,10567.5,0,2025-04-11 17:47:00,2025-04-11 18:28:03,2025-04-12 10:39:32,Ceuta,Funchal,S,0
ESC-2025-005559,9353993,Southern Horizon,NAV039,M12,granel_liquido,descarga,Crudo,57262.0,0,2025-04-11 18:35:45,2025-04-12 03:11:55,2025-04-13 07:38:08,Dakar,Funchal,S,0
ESC-2025-003126,9634581,Luz Dawn V,NAV017,M12,granel_liquido,carga,Productos químicos,10524.2,0,2025-04-11 20:23:14,2025-04-12 00:42:11,2025-04-13 14:50:43,Rotterdam,Rotterdam,S,0
ESC-2025-000441,9476367,Nordic Venture,NAV030,M08,fruta_refrigerada,carga,Cítricos,14646.7,0,2025-04-11 22:00:00,2025-04-12 03:36:01,2025-04-13 14:53:17,Funchal,Algeciras,S,0
ESC-2025-000064,9716602,Iberian Horizon III,NAV038,M11,carga_general,carga,Palés,4200.6,0,2025-04-12 02:05:38,2025-04-12 09:02:07,2025-04-13 09:20:28,Abiyán,Amberes,S,0
ESC-2025-003501,9924003,Odiel Mar II,NAV015,M06,granel_liquido,mixta,Productos químicos,34204.4,0,2025-04-12 06:39:33,2025-04-12 12:08:13,2025-04-14 09:00:55,Le Havre,Rotterdam,S,0
ESC-2025-004566,9434709,Silver Express,NAV014,M04,granel_liquido,carga,Crudo,36413.8,0,2025-04-12 08:39:41,2025-04-12 08:54:39,2025-04-13 15:07:26,Rotterdam,Nueva York,S,0
ESC-2025-002990,9093816,Costa Glory II,NAV006,M10,pesca,descarga,Pescado fresco,68.3,0,2025-04-12 16:33:54,2025-04-12 16:53:44,2025-04-13 00:10:05,Le Havre,Las Palmas,S,0
ESC-2025-004870,9600396,Estrella Pioneer V,NAV007,M10,pesca,carga,Pescado fresco,20.8,0,2025-04-12 16:42:58,2025-04-12 16:53:29,2025-04-12 22:50:44,Valencia,Le Havre,N,0
ESC-2025-004788,9708813,Doña Venture,NAV035,M04,granel_liquido,carga,Gasóleo,64425.7,0,2025-04-12 20:03:03,2025-04-12 20:35:57,2025-04-13 21:01:02,Lisboa,Algeciras,S,0
ESC-2025-001240,9962445,Punta Marina IV,NAV029,M02,granel_solido,descarga,Concentrado de cobre,50502.7,0,2025-04-13 00:29:35,2025-04-13 04:11:14,2025-04-16 16:26:15,Ceuta,Funchal,S,0
ESC-2025-001638,9476367,Nordic Venture,NAV030,M08,fruta_refrigerada,carga,Cítricos,10941.5,0,2025-04-13 02:00:00,2025-04-13 03:22:02,2025-04-14 01:13:47,Abiyán,Abiyán,S,0
ESC-2025-002753,9525699,Marisma Express I,NAV013,M11,carga_general,mixta,Palés,5786.4,0,2025-04-13 06:23:19,2025-04-13 06:52:43,2025-04-14 02:25:12,Nueva York,Tánger Med,S,0
ESC-2025-005899,9539145,Marisma Mar,NAV013,M08,fruta_refrigerada,descarga,Cítricos,9151.0,0,2025-04-13 07:00:00,2025-04-13 09:51:26,2025-04-14 02:39:17,Algeciras,Dakar,S,0
ESC-2025-004846,9717199,Doña Express,NAV017,M10,pesca,carga,Pescado fresco,6.4,0,2025-04-13 08:57:45,2025-04-13 09:14:39,2025-04-13 14:58:04,Ceuta,Casablanca,N,0
ESC-2025-004330,9465928,Southern Voyager,NAV003,M08,fruta_refrigerada,mixta,Fruta tropical,4828.8,0,2025-04-13 19:08:15,2025-04-14 02:58:05,2025-04-14 17:55:38,Houston,Funchal,S,0
ESC-2025-001048,9484132,Costa Pride IV,NAV016,M01,contenedores,mixta,Contenedores,5803.3,539,2025-04-13 21:05:09,2025-04-13 21:30:55,2025-04-14 18:16:39,Lisboa,Le Havre,S,0
ESC-2025-000356,9625803,Costa Marina,NAV026,M05,granel_liquido,carga,Crudo,46896.4,0,2025-04-13 21:54:35,2025-04-14 21:10:02,2025-04-16 00:20:11,Amberes,Santa Cruz de Tenerife,S,0
ESC-2025-006353,9465928,Southern Voyager,NAV003,M08,fruta_refrigerada,mixta,Fruta tropical,5916.0,0,2025-04-13 22:00:00,2025-04-14 07:06:42,2025-04-15 14:11:59,Algeciras,Abiyán,S,0
ESC-2025-003127,9842700,Cabo Carrier,NAV037,M09,pasajeros,mixta,Pasajeros,0.0,0,2025-04-14 00:58:10,2025-04-14 01:34:03,2025-04-14 08:47:00,Tánger Med,Rotterdam,S,2798
ESC-2025-000519,9568330,Ocean Fortune,NAV026,M08,fruta_refrigerada,mixta,Fruta tropical,14137.1,0,2025-04-14 02:00:00,2025-04-14 05:14:28,2025-04-14 21:17:39,Le Havre,Tánger Med,S,0
ESC-2025-003743,9320221,Tinto Pride,NAV024,M08,fruta_refrigerada,carga,Cítricos,11593.0,0,2025-04-14 04:00:00,2025-04-14 04:57:27,2025-04-14 16:34:40,Amberes,Amberes,S,0
ESC-2025-003516,9368223,Iberian Navigator,NAV010,M10,pesca,carga,Pescado fresco,39.0,0,2025-04-14 05:27:47,2025-04-14 06:11:53,2025-04-14 12:16:01,Sines,Houston,S,0
ESC-2025-004255,9867126,Aurora Wave I,NAV002,M07,ro_ro,descarga,Semirremolques,17095.5,0,2025-04-14 05:45:03,2025-04-14 05:45:14,2025-04-14 17:58:19,Santa Cruz de Tenerife,Sines,S,0
ESC-2025-000699,9445459,Costa Breeze,NAV018,M02,granel_solido,mixta,Fertilizantes,14354.0,0,2025-04-14 06:16:28,2025-04-14 15:40:12,2025-04-16 06:07:00,Casablanca,Nueva York,S,0
ESC-2025-002083,9842700,  CABO CARRIER ,NAV037,M09,pasajeros,descarga,Pasajeros,0.0,0,2025-04-14 08:12:43,2025-04-14 09:08:41,2025-04-14 19:41:58,Génova,Las Palmas,S,1536
ESC-2025-001534,9587568,Río Pioneer I,NAV026,M03,granel_solido,descarga,Pirita,15515.7,0,2025-04-14 08:47:36,2025-04-14 09:26:32,2025-04-16 05:55:56,Tánger Med,Lisboa,S,0
ESC-2025-001534,9587568,Río Pioneer I,NAV026,M03,granel_solido,descarga,Pirita,15515.7,0,2025-04-14 08:47:36,2025-04-14 09:26:32,2025-04-16 05:55:56,Tánger Med,Lisboa,S,0
ESC-2025-004782,9368390,Doña Spirit IV,NAV003,M01,contenedores,carga,Contenedores,6109.9,554,2025-04-14 11:25:40,2025-04-14 13:35:31,2025-04-15 03:06:54,Dakar,Le Havre,S,0
ESC-2025-001252,9571296,Marisma Pioneer I,NAV031,M08,fruta_refrigerada,mixta,Cítricos,9087.1,0,2025-04-14 14:00:00,2025-04-14 20:12:08,2025-04-16 03:07:41,Santa Cruz de Tenerife,Nueva York,S,0
ESC-2025-004368,9126766,Silver Voyager,NAV007,M03,granel_solido,mixta,Pirita,25593.0,0,2025-04-14 14:52:29,2025-04-14 18:23:25,2025-04-16 21:08:36,Algeciras,Hamburgo,S,0
ESC-2025-006274,9912490,Río Pride,NAV037,M08,fruta_refrigerada,carga,Cítricos,8968.9,0,2025-04-14 19:00:00,2025-04-14 19:23:18,2025-04-16 03:14:35,Génova,Funchal,S,0
ESC-2025-005085,9093816,Costa Glory II,NAV006,M10,pesca,descarga,Pescado fresco,25.7,0,2025-04-14 19:24:04,2025-04-14 19:33:00,2025-04-14 23:04:47,Lisboa,Nueva York,N,0
ESC-2025-006027,9574614,Aurora Mar V,NAV029,M01,contenedores,mixta,Contenedores,7736.5,605,2025-04-14 19:32:17,2025-04-15 04:10:35,2025-04-16 00:34:18,Las Palmas,Funchal,S,0
ESC-2025-003896,9157973,Southern Bay,NAV004,M04,granel_liquido,carga,Biocombustible,25858.8,0,2025-04-14 20:43:41,2025-04-15 05:49:32,2025-04-16 09:45:01,Lisboa,Amberes,S,0
ESC-2025-000286,9654488,Delta Sol,NAV035,M02,granel_solido,descarga,Fertilizantes,34203.7,0,2025-04-14 20:59:27,2025-04-14 21:44:41,2025-04-15 13:06:38,Abiyán,Santos,S,0
ESC-2025-005187,9023079,Cabo Breeze V,NAV015,M08,fruta_refrigerada,carga,Fruta tropical,10368.5,0,2025-04-15 00:00:00,2025-04-15 11:41:23,2025-04-16 03:00:05,Ceuta,Ceuta,S,0
ESC-2025-000990,9621766,Delta Trader IV,NAV006,M01,contenedores,carga,Contenedores,15920.0,1215,2025-04-15 00:28:45,2025-04-15 05:23:39,2025-04-15 23:30:34,Las Palmas,Amberes,S,0
ESC-2025-002807,9025699,Iberian Trader I,NAV001,M12,granel_liquido,carga,GNL,57626.5,0,2025-04-15 08:07:09,2025-04-16 04:41:13,2025-04-17 12:34:31,Ceuta,Algeciras,S,0
ESC-2025-003219,9614294,Punta Express,NAV032,M03,granel_solido,descarga,Pirita,25088.4,0,2025-04-15 09:25:15,2025-04-15 09:28:43,2025-04-17 15:42:52,Rotterdam,Casablanca,S,0
ESC-2025-004105,9116034,Atlantic Fortune III,NAV019,M01,contenedores,mixta,Contenedores,12418.5,1167,2025-04-15 12:52:45,2025-04-15 12:56:22,2025-04-16 16:41:37,Santos,Santos,S,0
ESC-2025-004105,9116034,Atlantic Fortune III,NAV019,M01,contenedores,mixta,Contenedores,12418.5,1167,2025-04-15 12:52:45,2025-04-15 12:56:22,2025-04-16 16:41:37,Santos,Santos,S,0
ESC-2025-006202,9230438,Nordic Star IV,NAV030,M01,contenedores,mixta,Contenedores,4913.9,516,2025-04-15 13:53:07,2025-04-15 19:33:56,2025-04-16 05:55:04,Dakar,Dakar,S,0
ESC-2025-003905,9578270,Marisma Bay,NAV035,M02,granel_solido,descarga,Clínker,21042.7,0,2025-04-15 18:48:03,2025-04-15 23:22:39,2025-04-17 20:46:25,Le Havre,Sines,S,0
ESC-2025-004728,9260500,Southern Venture,NAV003,M01,contenedores,descarga,Contenedores,7228.8,741,2025-04-15 20:41:22,2025-04-15 21:24:04,2025-04-17 13:45:34,Sines,Tánger Med,S,0
ESC-2025-003936,9296860,Delta Mar III,NAV007,M04,granel_liquido,carga,Ácido sulfúrico,9685.8,0,2025-04-15 20:59:12,2025-04-16 03:28:21,2025-04-17 22:30:06,Santa Cruz de Tenerife,Valencia,S,0
ESC-2025-003797,9148104,Marisma Pride,NAV010,M10,pesca,carga,Pescado fresco,8.8,0,2025-04-16 00:02:18,2025-04-16 00:03:25,2025-04-16 04:01:17,Amberes,Rotterdam,N,0
ESC-2025-004388,9156204,Silver Glory III,NAV021,M03,granel_solido,descarga,Pirita,31419800.0,0,2025-04-16 01:35:55,2025-04-16 05:02:15,2025-04-17 19:18:02,Abiyán,Dakar,S,0
ESC-2025-005506,9406518,Tinto Voyager,NAV016,M05,granel_liquido,carga,Productos químicos,28120.1,0,2025-04-16 02:10:28,2025-04-16 02:20:11,2025-04-17 08:43:22,Santa Cruz de Tenerife,Lisboa,S,0
ESC-2025-000580,9151711,Delta Trader,NAV018,M08,fruta_refrigerada,carga,Fruta tropical,11886.3,0,2025-04-16 06:00:00,2025-04-16 10:01:37,2025-04-17 08:45:37,Houston,Funchal,S,0
ESC-2025-000052,9454072,Silver Dawn I,NAV036,M08,fruta_refrigerada,descarga,Cítricos,8175.3,0,2025-04-16 08:00:00,2025-04-16 13:03:38,2025-04-17 20:22:12,Casablanca,Las Palmas,S,0
ESC-2025-005596,9845685,Costa Fortune IV,NAV037,M11,carga_general,mixta,Maquinaria,10199.8,0,2025-04-16 09:55:43,2025-04-16 12:14:19,2025-04-18 04:54:05,Santos,Santos,S,0
ESC-2025-005748,9198757,Golden Breeze,NAV032,M10,pesca,carga,Pescado fresco,24.3,0,2025-04-16 15:32:22,2025-04-16 15:58:46,2025-04-16 21:58:58,Nueva York,Valencia,S,0
ESC-2025-004515,9355367,Delta Navigator I,NAV012,M01,contenedores,mixta,Contenedores,11633.9,1288,2025-04-16 18:52:02,2025-04-17 03:34:01,2025-04-17 23:47:51,Santos,Dakar,S,0
ESC-2025-003267,9132703,Cabo Breeze,NAV019,M04,granel_liquido,descarga,Gasóleo,41786.4,0,2025-04-16 21:11:32,2025-04-17 08:32:10,2025-04-18 23:15:47,Amberes,Nueva York,S,0
ESC-2025-000491,9092329,Tinto Star,NAV017,M02,granel_solido,descarga,Cereal,51611.0,0,2025-04-16 21:12:55,2025-04-16 23:09:22,2025-04-19 01:02:03,Casablanca,Casablanca,S,0
ESC-2025-001277,9544918,Luz Sol,NAV034,M06,granel_liquido,descarga,Biocombustible,23389.5,0,2025-04-16 23:27:34,17/04/2025 02:42,2025-04-18 16:02:13,Ceuta,Dakar,S,0
ESC-2025-004180,9587568,Río Pioneer I,NAV026,M03,granel_solido,mixta,Cereal,15338.9,0,2025-04-17 02:44:56,2025-04-18 03:56:42,2025-04-19 22:14:04,Funchal,Génova,S,0
ESC-2025-001055,9625803,Costa Marina,NAV026,M12,granel_liquido,carga,Gasóleo,89497.8,0,2025-04-17 04:28:57,2025-04-17 16:07:25,2025-04-19 15:47:14,Funchal,Génova,S,0
ESC-2025-006170,9550230,Nordic Carrier,NAV011,M11,carga_general,carga,Maquinaria,5319.3,0,2025-04-17 08:07:37,2025-04-17 09:10:16,2025-04-18 11:12:22,Génova,Amberes,S,0
ESC-2025-003451,9864447,Iberian Dawn II,NAV008,M03,granel_solido,mixta,Concentrado de cobre,18974.1,0,2025-04-17 10:22:29,2025-04-17 18:50:47,2025-04-18 20:39:00,Tánger Med,Rotterdam,S,0
ESC-2025-002337,9222869,  AURORA TRADER ,NAV038,M01,contenedores,descarga,Contenedores,7393.8,544,2025-04-17 11:14:19,2025-04-17 12:55:07,2025-04-18 21:38:53,Ceuta,Santos,S,0
ESC-2025-005861,9495507,Costa Bay,NAV040,M01,contenedores,carga,Contenedores,8836.3,920,2025-04-17 12:27:04,2025-04-17 12:45:47,2025-04-18 17:59:37,Valencia,Génova,S,0
ESC-2025-003218,9571296,Marisma Pioneer I,NAV031,M08,fruta_refrigerada,descarga,Fruta tropical,10721.5,0,2025-04-17 14:00:00,2025-04-17 21:30:51,2025-04-18 20:13:01,Funchal,Amberes,S,0
ESC-2025-001046,9249049,Cabo Trader,NAV001,M08,fruta_refrigerada,carga,Fresa y frutos rojos,12465.4,0,2025-04-17 19:00:00,2025-04-17 19:17:06,2025-04-18 11:28:53,Santos,Rotterdam,S,0
ESC-2025-005407,9997361,Río Voyager III,NAV013,M03,granel_solido,descarga,Fertilizantes,28621.6,0,2025-04-17 20:26:29,2025-04-17 22:57:15,2025-04-20 17:24:48,Santos,Génova,S,0
ESC-2025-004009,9944625,Blue Fortune,NAV019,M09,pasajeros,carga,Pasajeros,0.0,0,2025-04-17 20:47:20,2025-04-17 21:01:20,2025-04-18 05:41:51,Algeciras,Dakar,S,3908
ESC-2025-001719,9952402,Punta Pioneer,NAV032,M10,pesca,carga,Pescado fresco,33.7,0,2025-04-17 23:09:57,2025-04-17 23:15:47,2025-04-18 04:55:49,Rotterdam,Dakar,N,0
ESC-2025-002819,9284635,Nordic Sol IV,NAV017,M02,granel_solido,descarga,Concentrado de cobre,13765.2,0,2025-04-18 00:05:14,2025-04-18 11:04:27,2025-04-20 13:07:56,Sines,Dakar,S,0
ESC-2025-002981,9775373,Tinto Bay III,NAV012,M08,fruta_refrigerada,mixta,Fresa y frutos rojos,3628.1,0,2025-04-18 03:00:00,2025-04-18 06:29:05,2025-04-19 07:47:53,Santos,Nueva York,S,0
ESC-2025-004580,9594248,Costa Fortune,NAV015,M03,granel_solido,mixta,Concentrado de cobre,21715.3,0,2025-04-18 09:37:59,2025-04-18 12:32:20,2025-04-20 08:58:09,Le Havre,Funchal,S,0
ESC-2025-005148,9220328,Odiel Carrier II,NAV022,M03,granel_solido,mixta,Clínker,22994.5,0,2025-04-18 09:52:01,2025-04-18 11:16:07,2025-04-19 20:22:32,Lisboa,Le Havre,S,0
ESC-2025-003871,9176761,Cabo Pride,NAV014,M01,contenedores,carga,Contenedores,9987.1,801,2025-04-18 10:54:27,2025-04-18 13:33:10,2025-04-19 09:33:15,Algeciras,Hamburgo,S,0
ESC-2025-000228,9770684,Delta Pioneer,NAV005,M05,granel_liquido,mixta,Productos químicos,34941.9,0,2025-04-18 11:04:32,2025-04-18 15:12:40,2025-04-19 23:43:56,Hamburgo,Las Palmas,S,0
ESC-2025-004414,9704348,Punta Glory,NAV002,M08,fruta_refrigerada,descarga,Fruta tropical,11555.1,0,2025-04-18 12:00:00,2025-04-18 15:53:46,2025-04-19 10:48:25,Génova,Amberes,S,0
ESC-2025-004384,9154933,Iberian Star V,NAV009,M04,granel_liquido,carga,Gasóleo,26426.6,0,2025-04-18 16:14:20,2025-04-18 19:25:48,2025-04-20 12:53:31,Valencia,Funchal,S,0
ESC-2025-005647,9160126,Río Marina V,NAV008,M12,granel_liquido,mixta,Crudo,28419.7,0,2025-04-18 17:22:18,2025-04-19 06:56:00,2025-04-20 20:39:57,Dakar,Santa Cruz de Tenerife,S,0
ESC-2025-003852,9806017,Río Star,NAV027,M01,contenedores,mixta,Contenedores,12879.2,1156,2025-04-18 19:38:00,2025-04-18 21:10:12,2025-04-20 00:04:28,Génova,Le Havre,S,0
ESC-2025-003008,9867126,Aurora Wave I,NAV002,M07,ro_ro,mixta,Semirremolques,34524.1,0,2025-04-19 01:40:50,19/04/2025 02:15,2025-04-19 13:01:36,Las Palmas,Santos,S,0
ESC-2025-004285,9097903,Odiel Carrier,NAV006,M12,granel_liquido,mixta,Crudo,20558.7,0,2025-04-19 06:37:39,2025-04-19 08:24:21,2025-04-20 14:09:28,Dakar,Amberes,S,0
ESC-2025-002621,9994606,Nordic Venture III,NAV037,M02,granel_solido,mixta,Cereal,52895.9,0,2025-04-19 09:28:02,2025-04-19 13:47:27,2025-04-21 16:36:23,Génova,Tánger Med,S,0
ESC-2025-005142,9977737,Marisma Voyager,NAV033,M11,carga_general,carga,Palés,4598.5,0,2025-04-19 15:01:39,2025-04-19 17:37:49,2025-04-20 12:28:43,Santa Cruz de Tenerife,Tánger Med,S,0
ESC-2025-005871,9133135,Punta Star III,NAV004,M04,granel_liquido,mixta,Gasóleo,31401.5,0,2025-04-19 16:29:03,2025-04-19 22:27:01,2025-04-21 04:03:57,Lisboa,Algeciras,S,0
ESC-2025-004596,9416575,Punta Mar,NAV032,M10,pesca,mixta,Pescado fresco,49.5,0,2025-04-19 17:24:37,2025-04-19 17:29:45,2025-04-19 23:11:41,Nueva York,Santa Cruz de Tenerife,S,0
ESC-2025-004929,9417816,Golden Wave,NAV024,M07,ro_ro,descarga,Vehículos,36198.0,0,2025-04-19 17:32:29,2025-04-19 21:31:16,2025-04-20 10:21:46,Génova,Sines,S,0
ESC-2025-001312,9131761,Southern Trader,NAV032,M07,ro_ro,descarga,Vehículos,21591.5,0,2025-04-19 20:48:23,2025-04-19 22:54:48,2025-04-20 09:51:20,Santos,Amberes,S,0
ESC-2025-006405,9924003,Odiel Mar II,NAV015,M12,granel_liquido,descarga,Productos químicos,32254.8,0,2025-04-20 02:05:16,2025-04-20 04:02:44,2025-04-21 09:14:33,Funchal,Lisboa,S,0
ESC-2025-001983,9633628,Blue Pride,NAV033,M01,contenedores,carga,Contenedores,12065.7,1079,2025-04-20 02:35:00,2025-04-20 12:41:49,2025-04-21 05:39:53,Algeciras,Algeciras,S,0
ESC-2025-005347,9311945,Blue Fortune III,NAV037,M10,pesca,mixta,Pescado fresco,79.0,0,2025-04-20 03:01:12,2025-04-20 03:06:33,2025-04-20 09:52:26,Abiyán,Funchal,S,0
ESC-2025-003115,9459709,Río Marina,NAV024,M06,granel_liquido,descarga,GNL,41389.7,0,2025-04-20 04:38:03,2025-04-20 05:05:25,2025-04-21 13:23:24,Génova,Abiyán,S,0
ESC-2025-000191,9417816,Golden Wave,NAV024,M07,ro_ro,mixta,Vehículos,35751.4,0,2025-04-20 07:48:27,2025-04-20 08:10:03,2025-04-20 12:25:17,Santos,Tánger Med,S,0
ESC-2025-000200,9775373,Tinto Bay III,NAV012,M08,fruta_refrigerada,descarga,Cítricos,5359.6,0,2025-04-20 08:00:00,2025-04-20 19:56:34,2025-04-21 17:44:32,Funchal,Santos,S,0
ESC-2025-006250,9148104,Marisma Pride,NAV010,M10,pesca,descarga,Pescado fresco,36500.0,0,2025-04-20 08:23:51,2025-04-20 08:52:23,2025-04-20 10:53:43,Lisboa,Valencia,N,0
ESC-2025-001798,9678460,Southern Spirit V,NAV033,M02,granel_solido,mixta,Concentrado de cobre,23929.8,0,2025-04-20 08:42:06,2025-04-20 13:50:50,2025-04-22 13:31:29,Ceuta,Dakar,S,0
ESC-2025-000030,9539145,Marisma Mar,NAV013,M08,fruta_refrigerada,descarga,Cítricos,11149.3,0,2025-04-20 10:00:00,2025-04-20 11:29:40,2025-04-21 14:46:53,Houston,Nueva York,S,0
ESC-2025-000473,9641912,Ocean Glory,NAV030,M02,granel_solido,descarga,Pirita,24681.1,0,2025-04-20 11:48:55,2025-04-20 13:57:56,2025-04-23 01:51:54,Ceuta,Santos,S,0
ESC-2025-004111,9894832,Luz Spirit,NAV008,M06,granel_liquido,descarga,Ácido sulfúrico,43911.6,0,2025-04-20 12:28:18,2025-04-20 21:37:14,2025-04-21 19:26:31,Amberes,Rotterdam,S,0
ESC-2025-000646,9853620,  BLUE EXPRESS ,NAV007,M11,carga_general,carga,Maquinaria,12303.5,0,2025-04-20 13:56:31,2025-04-20 14:07:45,2025-04-22 00:41:28,Santa Cruz de Tenerife,Valencia,S,0
ESC-2025-003874,9936135,Luz Dawn,NAV008,M03,granel_solido,carga,Clínker,17399.1,0,2025-04-20 20:43:28,2025-04-21 04:49:39,2025-04-23 03:06:30,Ceuta,Nueva York,S,0
ESC-2025-002528,9321201,Estrella Voyager,NAV020,M01,contenedores,descarga,Contenedores,11692.9,1157,2025-04-20 21:03:05,2025-04-20 23:30:29,2025-04-21 03:12:48,Santa Cruz de Tenerife,Santos,S,0
ESC-2025-000306,9093464,Iberian Sol,NAV004,M06,granel_liquido,carga,Gasóleo,69114.4,0,2025-04-20 21:31:11,2025-04-21 01:59:26,2025-04-21 21:09:09,Abiyán,Funchal,S,0
ESC-2025-004843,9995674,Marisma Breeze,NAV029,M05,granel_liquido,carga,Crudo,55843.8,0,2025-04-20 21:51:43,2025-04-21 10:24:09,2025-04-22 00:57:26,Dakar,Casablanca,S,0
ESC-2025-004025,9507843,Iberian Express,NAV018,M11,carga_general,mixta,Palés,6533.0,0,2025-04-21 01:26:47,2025-04-21 02:34:07,2025-04-22 10:22:58,Algeciras,Tánger Med,S,0
ESC-2025-003351,9550230,Nordic Carrier,NAV011,M11,carga_general,descarga,Bobinas de acero,2682.8,0,2025-04-21 06:48:32,2025-04-21 14:39:08,2025-04-23 06:11:37,Hamburgo,Funchal,S,0
ESC-2025-004436,9641912,Ocean Glory,NAV030,M03,granel_solido,descarga,Pirita,29115.7,0,2025-04-21 07:08:23,2025-04-21 18:34:36,2025-04-23 15:30:25,Santos,Valencia,S,0
ESC-2025-006176,9419474,Ocean Glory I,NAV022,M11,carga_general,descarga,Bobinas de acero,7228.5,0,2025-04-21 09:11:31,2025-04-21 16:11:29,2025-04-23 08:45:49,Funchal,Valencia,S,0
ESC-2025-004404,9434199,Estrella Pride II,NAV021,M05,granel_liquido,carga,Biocombustible,41017.3,0,2025-04-21 11:12:53,2025-04-21 15:05:01,2025-04-22 23:52:59,Lisboa,Tánger Med,S,0
ESC-2025-002260,9553086,Golden Bay,NAV029,M04,granel_liquido,carga,Ácido sulfúrico,64607.5,0,2025-04-21 16:16:40,2025-04-22 02:09:11,2025-04-23 15:38:14,Algeciras,Dakar,S,0
ESC-2025-003659,9323998,Odiel Mar I,NAV003,M08,fruta_refrigerada,carga,Fruta tropical,8406.0,0,2025-04-21 18:00:00,2025-04-21 19:15:46,2025-04-22 22:49:40,Santos,Lisboa,S,0
ESC-2025-004799,9683910,Tinto Marina IV,NAV036,M08,fruta_refrigerada,carga,Fresa y frutos rojos,11766.3,0,2025-04-21 22:00:00,2025-04-22 03:07:29,2025-04-23 06:53:13,Hamburgo,Rotterdam,S,0
ESC-2025-003444,9944625,Blue Fortune,NAV019,M09,pasajeros,descarga,Pasajeros,0.0,0,2025-04-21 22:29:32,2025-04-21 22:42:57,2025-04-22 03:17:18,Algeciras,Santos,S,2006
ESC-2025-004662,9952402,Punta Pioneer,NAV032,M10,pesca,descarga,Pescado fresco,8.5,0,2025-04-22 05:36:33,2025-04-22 06:10:32,2025-04-22 08:16:21,Nueva York,Amberes,N,0
ESC-2025-003563,9520895,Río Spirit,NAV009,M04,granel_liquido,descarga,Ácido sulfúrico,91697.8,0,2025-04-22 09:17:47,2025-04-22 15:27:28,2025-04-23 11:43:45,Santos,Rotterdam,S,0
ESC-2025-001418,9086382,Estrella Star V,NAV036,M12,granel_liquido,carga,GNL,76887.9,0,2025-04-23 00:55:07,2025-04-23 14:28:06,2025-04-24 23:11:45,Houston,Santa Cruz de Tenerife,S,0
ESC-2025-005520,9194256,Costa Glory,NAV015,M07,ro_ro,carga,Vehículos,11065.3,0,2025-04-23 06:52:05,2025-04-23 08:39:55,2025-04-23 23:35:51,Santa Cruz de Tenerife,Casablanca,S,0
ESC-2025-002402,9397987,Tinto Express,NAV012,M01,contenedores,descarga,Contenedores,3283.4,363,2025-04-23 10:47:44,2025-04-23 18:57:48,2025-04-24 09:32:06,Le Havre,Houston,S,0
ESC-2025-001207,9738167,Silver Venture,NAV013,M09,pasajeros,descarga,Pasajeros,0.0,0,2025-04-23 18:06:51,2025-04-23 18:43:03,2025-04-24 04:38:11,Lisboa,Lisboa,S,3094
ESC-2025-003634,9260500,Southern Venture,NAV003,M01,contenedores,descarga,Contenedores,11283.8,1217,2025-04-23 20:41:30,2025-04-24 06:32:05,2025-04-25 03:09:19,Valencia,Abiyán,S,0
ESC-2025-003338,9844588,Delta Wave,NAV001,M01,contenedores,mixta,Contenedores,8534.3,873,2025-04-23 21:57:51,2025-04-24 01:55:35,2025-04-24 22:24:17,Santos,Ceuta,S,0
ESC-2025-003735,9369382,Southern Sol,NAV001,M12,granel_liquido,descarga,Gasóleo,57282.6,0,2025-04-24 00:44:13,2025-04-24 06:27:03,2025-04-25 06:16:09,Valencia,Las Palmas,S,0
ESC-2025-001795,9482093,Southern Marina,NAV039,M05,granel_liquido,mixta,Crudo,16022.9,0,2025-04-24 05:46:10,2025-04-24 06:47:09,2025-04-25 14:12:54,Nueva York,Santos,S,0
ESC-2025-002516,9320221,Tinto Pride,NAV024,M08,fruta_refrigerada,carga,Cítricos,9873.0,0,2025-04-24 06:00:00,2025-04-24 07:03:04,2025-04-25 20:05:42,Dakar,Tánger Med,S,0
ESC-2025-003728,9341287,Luz Carrier,NAV009,M08,fruta_refrigerada,carga,Fresa y frutos rojos,7340.1,0,2025-04-24 08:00:00,2025-04-24 13:25:32,2025-04-26 08:02:34,Rotterdam,Houston,S,0
ESC-2025-002706,9438004,Tinto Bay IV,NAV031,M04,granel_liquido,mixta,Biocombustible,58903.4,0,2025-04-24 15:22:19,2025-04-24 20:19:35,2025-04-26 14:59:50,Le Havre,Abiyán,S,0
ESC-2025-006258,9276638,Estrella Dawn,NAV008,M10,pesca,mixta,Pescado fresco,76.4,0,2025-04-24 15:24:27,2025-04-24 15:29:09,2025-04-24 21:20:33,Lisboa,Lisboa,S,0
ESC-2025-001587,9556143,Southern Mar,NAV028,M11,carga_general,carga,Palés,8423.1,0,2025-04-24 16:32:25,24/04/2025 18:17,2025-04-26 14:41:34,Valencia,Houston,S,0
ESC-2025-002042,9202039,Luz Navigator,NAV033,M03,granel_solido,descarga,Concentrado de cobre,17034.8,0,2025-04-24 17:06:20,2025-04-25 12:52:04,2025-04-27 13:16:47,Casablanca,Valencia,S,0
ESC-2025-001056,9476367,Nordic Venture,NAV030,M08,fruta_refrigerada,mixta,Cítricos,8404.3,0,2025-04-24 18:00:00,2025-04-24 19:30:42,2025-04-25 15:50:00,Tánger Med,Le Havre,S,0
ESC-2025-000716,9236834,Aurora Fortune,NAV040,M05,granel_liquido,carga,Biocombustible,66028.7,0,2025-04-24 20:54:47,2025-04-25 06:55:07,2025-04-26 11:49:39,Santos,Le Havre,S,0
ESC-2025-006173,9473468,Nordic Fortune,NAV029,M10,pesca,mixta,Pescado fresco,64.3,0,2025-04-24 21:13:40,2025-04-24 21:15:50,2025-04-25 04:32:07,Nueva York,Funchal,N,0
ESC-2025-000467,9151632,Golden Trader V,NAV030,M12,granel_liquido,descarga,Crudo,13179.2,0,2025-04-24 22:37:02,2025-04-25 08:33:24,2025-04-26 14:14:40,Rotterdam,Sines,S,0
ESC-2025-003513,9556313,Punta Bay,NAV018,M11,carga_general,carga,Bobinas de acero,9725.9,0,2025-04-24 23:45:21,2025-04-25 00:31:05,2025-04-26 07:01:51,Tánger Med,Las Palmas,S,0
ESC-2025-001751,9391385,Blue Marina,NAV032,M08,fruta_refrigerada,carga,Cítricos,7132.3,0,2025-04-25 00:00:00,2025-04-25 04:12:51,2025-04-26 18:48:42,Amberes,Sines,S,0
ESC-2025-004107,9097903,Odiel Carrier,NAV006,M05,granel_liquido,carga,GNL,15186.1,0,2025-04-25 04:06:01,2025-04-26 01:46:39,2025-04-26 20:25:59,Hamburgo,Algeciras,S,0
ESC-2025-003294,9513804,  SILVER NAVIGATOR ,NAV010,M06,granel_liquido,mixta,Gasóleo,47744.0,0,2025-04-25 04:19:11,2025-04-25 04:36:46,2025-04-26 18:28:19,Las Palmas,Rotterdam,S,0
ESC-2025-004250,9098672,Punta Dawn,NAV035,M05,granel_liquido,descarga,GNL,47909.0,0,2025-04-25 08:00:32,2025-04-25 08:30:39,2025-04-26 14:27:20,Le Havre,Valencia,S,0
ESC-2025-001280,9936604,Silver Star,NAV010,M08,fruta_refrigerada,mixta,Fruta tropical,12500.4,0,2025-04-25 08:36:30,2025-04-25 08:58:30,2025-04-26 21:37:23,Nueva York,Lisboa,S,0
ESC-2025-006301,9030022,Costa Fortune V,NAV007,M10,pesca,descarga,Pescado fresco,19.1,0,2025-04-25 09:37:55,2025-04-25 09:45:31,2025-04-25 15:51:30,Houston,Nueva York,S,0
ESC-2025-005514,9311945,Blue Fortune III,NAV037,M10,pesca,carga,Pescado fresco,19.4,0,2025-04-25 12:11:20,2025-04-25 12:14:01,2025-04-25 21:00:09,Le Havre,Valencia,N,0
ESC-2025-004692,9569700,Costa Star,NAV006,M01,contenedores,carga,Contenedores,11717.4,1168,2025-04-25 14:20:54,2025-04-25 17:52:28,2025-04-26 16:51:20,Hamburgo,Génova,S,0
ESC-2025-002064,9957799,Río Sol,NAV006,M04,granel_liquido,descarga,Productos químicos,63221.6,0,2025-04-25 15:31:37,2025-04-25 23:05:08,2025-04-26 21:22:35,Ceuta,Casablanca,S,0
ESC-2025-004114,9853620,Blue Express,NAV007,M11,carga_general,carga,Maquinaria,8131.9,0,2025-04-25 15:37:46,2025-04-26 13:44:45,2025-04-28 03:08:00,Houston,Funchal,S,0
ESC-2025-001009,9282584,Atlantic Pioneer,NAV008,M07,ro_ro,carga,Vehículos,13399.6,0,2025-04-25 16:22:31,2025-04-25 16:46:43,2025-04-26 03:08:49,Nueva York,Funchal,S,0
ESC-2025-002659,9641912,Ocean Glory,NAV030,M02,granel_solido,descarga,Cereal,20827.9,0,2025-04-25 17:02:15,2025-04-25 18:36:30,2025-04-27 08:22:58,Nueva York,Lisboa,S,0
ESC-2025-000800,9097903,Odiel Carrier,NAV006,M05,granel_liquido,mixta,Biocombustible,13407.6,0,2025-04-25 18:27:11,2025-04-25 23:49:17,2025-04-27 04:18:02,Lisboa,Casablanca,S,0
ESC-2025-001558,9448982,Estrella Spirit,NAV011,M05,granel_liquido,carga,Crudo,49535.7,0,2025-04-25 19:57:53,2025-04-26 00:25:24,2025-04-27 02:12:48,Le Havre,Le Havre,S,0
ESC-2025-005481,9391385,Blue Marina,NAV032,M08,fruta_refrigerada,descarga,Cítricos,7921.1,0,2025-04-26 00:33:00,2025-04-26 04:31:10,2025-04-27 12:01:00,Sines,Dakar,S,0
ESC-2025-004212,9153252,Estrella Carrier,NAV007,M03,granel_solido,mixta,Cereal,16347.2,0,2025-04-26 05:54:32,2025-04-26 18:22:05,2025-04-29 03:33:53,Abiyán,Hamburgo,S,0
ESC-2025-003071,9276638,Estrella Dawn,NAV008,M10,pesca,mixta,Pescado fresco,5.8,0,2025-04-26 06:29:46,2025-04-26 07:59:37,2025-04-26 13:02:26,Houston,Funchal,S,0
ESC-2025-002355,9312547,Punta Pride III,NAV030,M06,granel_liquido,carga,Biocombustible,22029.9,0,2025-04-26 06:31:17,2025-04-27 00:50:05,2025-04-27 23:58:50,Le Havre,Valencia,S,0
ESC-2025-002161,9222869,Aurora Trader,NAV038,M01,contenedores,mixta,Contenedores,8442.5,703,2025-04-26 09:25:31,2025-04-26 14:17:38,2025-04-27 19:22:15,Santos,Valencia,S,0
ESC-2025-006276,9218076,Doña Horizon,NAV012,M03,granel_solido,mixta,Concentrado de cobre,23078.0,0,2025-04-26 10:06:55,2025-04-26 12:19:08,2025-04-28 02:32:48,Sines,Tánger Med,S,0
ESC-2025-003072,9571296,Marisma Pioneer I,NAV031,M08,fruta_refrigerada,mixta,Fruta tropical,16368.8,0,2025-04-26 11:25:39,2025-04-26 13:06:37,2025-04-27 17:34:48,Valencia,Algeciras,S,0
ESC-2025-005242,9051777,Tinto Mar V,NAV029,M06,granel_liquido,mixta,Biocombustible,7577.6,0,2025-04-26 19:16:58,2025-04-27 12:10:57,2025-04-28 01:43:24,Ceuta,Sines,S,0
ESC-2025-000642,9386237,Cabo Venture,NAV038,M07,ro_ro,mixta,Vehículos,31538.0,0,2025-04-26 20:52:34,26/04/2025 20:55,2025-04-27 05:25:31,Le Havre,Las Palmas,S,0
ESC-2025-006338,9202039,Luz Navigator,NAV033,M02,granel_solido,descarga,Clínker,33113.0,0,2025-04-26 21:58:56,2025-04-27 03:33:52,2025-04-27 23:29:05,Casablanca,Valencia,S,0
ESC-2025-000203,9661716,Aurora Horizon,NAV002,M06,granel_liquido,descarga,Productos químicos,37177.3,0,2025-04-26 23:27:12,2025-04-27 03:47:30,2025-04-28 00:34:48,Amberes,Sines,S,0
ESC-2025-003650,9411939,Golden Breeze III,NAV010,M07,ro_ro,carga,Semirremolques,11996.6,0,2025-04-27 01:09:46,2025-04-27 02:04:44,2025-04-27 12:24:04,Abiyán,Algeciras,S,0
ESC-2025-003650,9411939,Golden Breeze III,NAV010,M07,ro_ro,carga,Semirremolques,11996.6,0,2025-04-27 01:09:46,2025-04-27 02:04:44,2025-04-27 12:24:04,Abiyán,Algeciras,S,0
ESC-2025-000251,9954656,Punta Sol II,NAV003,M08,fruta_refrigerada,descarga,Fresa y frutos rojos,6234.9,0,2025-04-27 02:00:00,2025-04-27 04:00:46,2025-04-28 04:47:55,Dakar,Nueva York,S,0
ESC-2025-002728,9704348,Punta Glory,NAV002,M08,fruta_refrigerada,carga,Fruta tropical,17281.2,0,2025-04-27 02:00:00,2025-04-27 09:25:21,2025-04-28 10:32:28,Casablanca,Casablanca,S,0
ESC-2025-002873,9683910,Tinto Marina IV,NAV036,M08,fruta_refrigerada,descarga,Cítricos,10990.8,0,2025-04-27 02:00:00,2025-04-27 08:33:41,2025-04-28 04:49:40,Tánger Med,Houston,S,0
ESC-2025-005805,9600396,Estrella Pioneer V,NAV007,M10,pesca,mixta,Pescado fresco,73.9,0,2025-04-27 04:24:14,2025-04-27 04:34:51,2025-04-27 06:43:00,Algeciras,Casablanca,S,0
ESC-2025-005350,9249049,Cabo Trader,NAV001,M08,fruta_refrigerada,mixta,Fresa y frutos rojos,11467.2,0,2025-04-27 06:00:00,2025-04-27 08:47:39,2025-04-28 16:02:05,Funchal,Sines,S,0
ESC-2025-000986,9714111,Luz Pioneer,NAV003,M12,granel_liquido,mixta,Ácido sulfúrico,72292.2,0,2025-04-27 11:33:56,2025-04-27 15:15:54,2025-04-28 14:39:01,Sines,Abiyán,S,0
ESC-2025-001631,9270531,Tinto Dawn,NAV012,M04,granel_liquido,carga,GNL,48238.2,0,2025-04-27 15:40:31,2025-04-27 23:05:15,2025-04-28 13:40:32,Funchal,Dakar,S,0
ESC-2025-001173,9476367,Nordic Venture,NAV030,M08,fruta_refrigerada,mixta,Fresa y frutos rojos,11185.9,0,2025-04-27 18:00:00,2025-04-28 00:41:59,2025-04-28 22:15:23,Casablanca,Hamburgo,S,0
ESC-2025-006320,9721994,Cabo Pioneer,NAV031,M08,fruta_refrigerada,mixta,Cítricos,5724.3,0,2025-04-28 00:00:00,2025-04-28 13:18:53,2025-04-29 16:22:40,Dakar,Amberes,S,0
ESC-2025-000579,9864447,Iberian Dawn II,NAV008,M03,granel_solido,mixta,Fertilizantes,16983.8,0,2025-04-28 01:41:47,2025-04-28 16:58:33,2025-04-30 06:16:02,Las Palmas,Nueva York,S,0
ESC-2025-005460,9086382,Estrella Star V,NAV036,M04,granel_liquido,mixta,Productos químicos,56079600.0,0,2025-04-28 03:13:18,2025-04-28 06:16:00,2025-04-29 13:44:10,Le Havre,Sines,S,0
ESC-2025-003621,9732890,Tinto Marina,NAV033,M04,granel_liquido,mixta,GNL,12215.7,0,2025-04-28 08:25:49,2025-04-28 12:47:36,2025-04-30 01:29:46,Casablanca,Tánger Med,S,0
ESC-2025-001192,9406518,Tinto Voyager,NAV016,M05,granel_liquido,mixta,GNL,33488.8,0,2025-04-28 12:39:42,2025-04-28 13:12:04,2025-04-29 19:01:55,Abiyán,Amberes,S,0
ESC-2025-005654,9878230,Delta Sol I,NAV011,M08,fruta_refrigerada,carga,Fruta tropical,9810.2,0,2025-04-28 14:00:00,2025-04-29 00:30:12,2025-04-29 17:21:32,Santa Cruz de Tenerife,Valencia,S,0
ESC-2025-002817,9183415,Blue Horizon II,NAV014,M02,granel_solido,mixta,Cereal,35118.9,0,2025-04-28 15:37:16,2025-04-28 23:50:16,2025-04-30 08:28:50,Génova,Nueva York,S,0
ESC-2025-004627,9911094,Golden Carrier I,NAV021,M03,granel_solido,mixta,Concentrado de cobre,40294.3,0,2025-04-28 16:30:22,2025-04-29 01:18:07,2025-05-01 15:45:41,Tánger Med,Nueva York,S,0
ESC-2025-003022,9217412,Costa Pride III,NAV014,M12,granel_liquido,mixta,Crudo,44402.8,0,2025-04-28 18:13:09,2025-04-29 02:05:49,2025-04-30 01:44:57,Amberes,Santos,S,0
ESC-2025-005036,9571296,Marisma Pioneer I,NAV031,M08,fruta_refrigerada,descarga,Cítricos,13172.6,0,2025-04-28 18:26:28,2025-04-28 23:36:59,2025-04-29 22:50:14,Rotterdam,Santa Cruz de Tenerife,S,0
ESC-2025-001387,9842700,Cabo Carrier,NAV037,M09,pasajeros,descarga,Pasajeros,0.0,0,2025-04-28 18:40:06,2025-04-28 19:01:01,2025-04-29 04:04:13,Lisboa,Casablanca,S,3952
ESC-2025-005446,9472995,Blue Trader,NAV028,M03,granel_solido,mixta,Pirita,27494.6,0,2025-04-28 19:43:53,2025-04-29 00:58:34,2025-05-01 19:55:13,Santa Cruz de Tenerife,Santos,S,0
ESC-2025-002924,9284635,Nordic Sol IV,NAV017,M03,granel_solido,carga,Concentrado de cobre,20675.3,0,2025-04-28 20:57:31,2025-04-28 23:28:49,2025-05-01 02:55:11,Abiyán,Rotterdam,S,0
ESC-2025-006482,9416575,Punta Mar,NAV032,M10,pesca,descarga,Pescado fresco,48.3,0,2025-04-28 21:56:19,2025-04-28 22:01:54,2025-04-29 00:51:07,Algeciras,Abiyán,S,0
ESC-2025-002667,9977737,Marisma Voyager,NAV033,M11,carga_general,mixta,Palés,7100.5,0,2025-04-29 00:47:08,2025-04-29 01:47:51,2025-04-29 18:06:15,Dakar,Houston,S,0
ESC-2025-003574,9321201,Estrella Voyager,NAV020,M01,contenedores,descarga,Contenedores,15132.3,1279,2025-04-29 06:16:32,2025-04-29 17:34:27,2025-04-30 10:42:35,Dakar,Amberes,S,0
ESC-2025-006437,9459424,Luz Fortune IV,NAV028,M07,ro_ro,descarga,Semirremolques,16529.1,0,2025-04-29 10:01:19,2025-04-29 10:40:07,2025-04-29 21:30:01,Houston,Lisboa,S,0
ESC-2025-001920,9548768,Aurora Trader II,NAV029,M02,granel_solido,descarga,Concentrado de cobre,26611.7,0,2025-04-29 13:35:58,2025-04-29 20:19:38,2025-04-30 13:39:42,Santa Cruz de Tenerife,Hamburgo,S,0
ESC-2025-003227,9924003,Odiel Mar II,NAV015,M06,granel_liquido,mixta,GNL,25506.7,0,2025-04-29 14:29:55,2025-04-29 18:06:16,2025-04-30 19:39:10,Santa Cruz de Tenerife,Algeciras,S,0
ESC-2025-006388,9183415,Blue Horizon II,NAV014,M03,granel_solido,mixta,Pirita,29219.1,0,2025-04-29 17:57:15,2025-04-30 00:02:39,2025-05-03 09:13:21,Amberes,Le Havre,S,0
ESC-2025-001728,9962445,Punta Marina IV,NAV029,M03,granel_solido,carga,Pirita,54635.4,0,2025-04-29 21:12:35,2025-04-29 22:00:13,2025-05-01 08:33:33,Tánger Med,Houston,S,0
ESC-2025-000967,9845685,Costa Fortune IV,NAV037,M11,carga_general,mixta,Bobinas de acero,13587.2,0,2025-04-29 22:48:41,2025-04-30 04:31:05,2025-05-01 08:04:11,Abiyán,Nueva York,S,0
ESC-2025-000581,9641912,Ocean Glory,NAV030,M03,granel_solido,carga,Clínker,23272.3,0,2025-04-30 02:15:01,2025-04-30 13:16:50,2025-05-03 12:20:21,Funchal,Dakar,S,0
ESC-2025-005026,9055943,Río Venture,NAV002,M02,granel_solido,mixta,Cereal,28678.1,0,2025-04-30 02:31:48,2025-04-30 03:24:48,2025-05-02 21:44:09,Abiyán,Sines,S,0
ESC-2025-004798,9936604,Silver Star,NAV010,M08,fruta_refrigerada,mixta,Cítricos,15848.5,0,2025-04-30 08:13:25,30/04/2025 12:58,2025-05-01 07:48:56,Las Palmas,Sines,S,0
ESC-2025-001188,9434199,Estrella Pride II,NAV021,M05,granel_liquido,mixta,GNL,49622.8,0,2025-04-30 11:26:08,2025-04-30 12:50:19,2025-05-01 15:19:41,Tánger Med,Le Havre,S,0
ESC-2025-003789,9148104,Marisma Pride,NAV010,M10,pesca,descarga,Pescado fresco,57.6,0,2025-04-30 11:43:57,2025-04-30 11:54:53,2025-04-30 17:32:46,Funchal,Le Havre,N,0
ESC-2025-000382,9122916,Silver Breeze III,NAV040,M05,granel_liquido,carga,Gasóleo,79749.3,0,2025-04-30 19:30:31,2025-04-30 21:05:11,2025-05-02 16:28:24,Funchal,Casablanca,S,0
ESC-2025-003468,9647021,Punta Pride,NAV035,M04,granel_liquido,carga,Biocombustible,51918.8,0,2025-04-30 21:29:20,2025-05-01 00:03:03,2025-05-02 01:52:39,Génova,Nueva York,S,0
ESC-2025-003723,9118238,Doña Glory,NAV006,M03,granel_solido,mixta,Fertilizantes,29042.6,0,2025-04-30 23:27:47,2025-05-02 14:32:05,2025-05-06 13:55:07,Casablanca,Sines,S,0
ESC-2025-003610,9287900,  DELTA SPIRIT ,NAV040,M07,ro_ro,carga,Semirremolques,21732.7,0,2025-05-01 06:55:03,2025-05-01 11:07:43,2025-05-01 13:09:58,Santos,Algeciras,S,0
ESC-2025-004668,9521198,Blue Bay III,NAV036,M10,pesca,descarga,Pescado fresco,68.4,0,2025-05-01 09:32:25,2025-05-01 09:36:44,2025-05-01 15:50:01,Nueva York,Amberes,N,0
ESC-2025-005828,9543823,Aurora Mar IV,NAV036,M02,granel_solido,mixta,Pirita,40335.4,0,2025-05-01 09:52:39,2025-05-01 17:54:46,2025-05-04 08:08:23,Las Palmas,Dakar,S,0
ESC-2025-002267,9595216,Southern Breeze I,NAV002,M07,ro_ro,mixta,Semirremolques,29446.4,0,2025-05-01 19:26:30,2025-05-01 20:27:49,2025-05-02 10:05:38,Santos,Hamburgo,S,0
ESC-2025-001903,9503445,Ocean Mar,NAV034,M12,granel_liquido,carga,Ácido sulfúrico,71549.0,0,2025-05-02 04:10:11,2025-05-02 11:29:35,2025-05-03 20:07:14,Valencia,Tánger Med,S,0
ESC-2025-002833,9211444,Ocean Carrier,NAV014,M08,fruta_refrigerada,descarga,Fruta tropical,11392.4,0,2025-05-02 04:43:34,2025-05-02 10:40:55,2025-05-03 08:34:39,Nueva York,Lisboa,S,0
ESC-2025-001268,9148104,Marisma Pride,NAV010,M10,pesca,descarga,Pescado fresco,42.3,0,2025-05-02 06:46:58,2025-05-02 07:39:59,2025-05-02 15:19:11,Sines,Amberes,N,0
ESC-2025-001380,9350628,Aurora Express,NAV028,M01,contenedores,mixta,Contenedores,9795.6,940,2025-05-02 09:44:45,2025-05-02 12:00:43,2025-05-04 01:11:18,Valencia,Le Havre,S,0
ESC-2025-002030,9857640,Silver Navigator I,NAV009,M12,granel_liquido,carga,GNL,23780.3,0,2025-05-02 14:02:02,2025-05-03 05:07:05,2025-05-04 15:25:25,Valencia,Santa Cruz de Tenerife,S,0
ESC-2025-000612,9320221,Tinto Pride,NAV024,M08,fruta_refrigerada,descarga,Fresa y frutos rojos,7091.2,0,2025-05-02 16:00:00,2025-05-02 16:20:02,2025-05-03 22:39:49,Sines,Ceuta,S,0
ESC-2025-006105,9125293,Nordic Bay,NAV020,M06,granel_liquido,carga,Productos químicos,47726.1,0,2025-05-02 18:44:58,2025-05-02 20:02:49,2025-05-03 12:03:02,Nueva York,Abiyán,S,0
ESC-2025-000406,9438004,Tinto Bay IV,NAV031,M05,granel_liquido,descarga,Biocombustible,58338.1,0,2025-05-02 19:20:43,2025-05-02 23:36:38,2025-05-04 11:01:21,Lisboa,Algeciras,S,0
ESC-2025-004795,9948346,Tinto Sol V,NAV020,M09,pasajeros,carga,Pasajeros,0.0,0,2025-05-02 21:57:11,2025-05-02 21:57:52,2025-05-03 03:25:31,Dakar,Funchal,S,2421
ESC-2025-001659,9387047,Doña Breeze III,NAV001,M02,granel_solido,descarga,Concentrado de cobre,31263.4,0,2025-05-02 22:08:31,2025-05-03 01:59:35,2025-05-05 22:01:38,Lisboa,Houston,S,0
ESC-2025-005790,9451410,Delta Bay,NAV002,M01,contenedores,mixta,Contenedores,9915.5,801,2025-05-02 23:34:44,03/05/2025 00:10,2025-05-03 23:43:12,Algeciras,Nueva York,S,0
ESC-2025-002369,9068720,Silver Venture II,NAV030,M10,pesca,carga,Pescado fresco,42.3,0,2025-05-02 23:37:39,2025-05-03 00:00:17,2025-05-03 04:42:19,Casablanca,Algeciras,N,0
ESC-2025-001883,9312547,Punta Pride III,NAV030,M05,granel_liquido,mixta,Gasóleo,33120.2,0,2025-05-03 07:35:22,2025-05-03 10:53:21,2025-05-04 05:00:51,Tánger Med,Lisboa,S,0
ESC-2025-004019,9058751,Río Voyager,NAV009,M06,granel_liquido,carga,Ácido sulfúrico,26657.6,0,2025-05-03 14:39:32,04/05/2025 00:09,2025-05-05 17:59:16,Ceuta,Rotterdam,S,0
ESC-2025-004677,9520895,Río Spirit,NAV009,M12,granel_liquido,descarga,Productos químicos,69894.1,0,2025-05-03 18:29:23,04/05/2025 04:48,2025-05-05 09:10:53,Abiyán,Rotterdam,S,0
ESC-2025-005383,9083366,Cabo Spirit,NAV007,M08,fruta_refrigerada,mixta,Fresa y frutos rojos,5216.3,0,2025-05-03 21:00:00,2025-05-03 21:35:33,2025-05-05 08:37:51,Lisboa,Santos,S,0
ESC-2025-003576,9132703,Cabo Breeze,NAV019,M04,granel_liquido,mixta,Biocombustible,46225.2,0,2025-05-03 22:05:00,2025-05-04 07:24:04,2025-05-06 00:50:31,Las Palmas,Santos,S,0
ESC-2025-003366,9665891,Atlantic Venture IV,NAV032,M10,pesca,carga,Pescado fresco,32.9,0,2025-05-04 06:06:34,2025-05-04 06:07:27,2025-05-04 14:55:27,Hamburgo,Ceuta,N,0
ESC-2025-003754,9068720,Silver Venture II,NAV030,M10,pesca,descarga,Pescado fresco,77.8,0,2025-05-04 06:09:16,2025-05-04 06:10:02,2025-05-04 12:32:24,Tánger Med,Nueva York,S,0
ESC-2025-005980,9154567,Estrella Trader III,NAV025,M11,carga_general,mixta,Maquinaria,8072.0,0,2025-05-04 11:07:05,2025-05-04 12:29:18,2025-05-05 20:29:12,Sines,Valencia,S,0
ESC-2025-004237,9448982,Estrella Spirit,NAV011,M06,granel_liquido,descarga,Biocombustible,46341.6,0,2025-05-04 13:01:39,2025-05-04 19:28:30,2025-05-05 23:59:23,Ceuta,Rotterdam,S,0
ESC-2025-004687,9948346,Tinto Sol V,NAV020,M09,pasajeros,carga,Pasajeros,0.0,0,2025-05-04 14:00:41,04/05/2025 14:08,2025-05-04 22:21:00,Lisboa,Hamburgo,S,3494
ESC-2025-001022,9256200,Luz Breeze,NAV009,M04,granel_liquido,mixta,Biocombustible,47190.5,0,2025-05-04 17:30:49,2025-05-04 19:37:33,2025-05-05 19:59:43,Amberes,Algeciras,S,0
ESC-2025-003431,9270531,Tinto Dawn,NAV012,M04,granel_liquido,carga,Ácido sulfúrico,48243.2,0,2025-05-04 17:38:59,2025-05-05 03:57:20,2025-05-06 09:00:33,Algeciras,Las Palmas,S,0
ESC-2025-001315,9643192,Silver Breeze II,NAV013,M03,granel_solido,carga,Cereal,25990.3,0,2025-05-04 19:59:44,2025-05-05 06:26:18,2025-05-07 03:56:24,Ceuta,Sines,S,0
ESC-2025-003581,9488736,Aurora Carrier,NAV013,M12,granel_liquido,descarga,Productos químicos,44663.8,0,2025-05-04 21:55:22,2025-05-04 23:33:03,2025-05-06 17:00:31,Funchal,Sines,S,0
ESC-2025-006355,9770684,Delta Pioneer,NAV005,M05,granel_liquido,carga,Ácido sulfúrico,24008.6,0,2025-05-04 22:40:12,2025-05-05 03:38:57,2025-05-06 12:57:21,Valencia,Santa Cruz de Tenerife,S,0
ESC-2025-001305,9556143,Southern Mar,NAV028,M11,carga_general,descarga,Bobinas de acero,11165.2,0,2025-05-04 23:11:27,2025-05-05 02:11:16,2025-05-06 09:03:18,Funchal,Le Havre,S,0
ESC-2025-005627,9864447,Iberian Dawn II,NAV008,M02,granel_solido,descarga,Cereal,21330.9,0,2025-05-05 03:53:17,2025-05-05 16:52:14,2025-05-06 13:41:49,Lisboa,Funchal,S,0
ESC-2025-002184,9525699,Marisma Express I,NAV013,M11,carga_general,carga,Maquinaria,4421.7,0,2025-05-05 04:41:16,2025-05-06 10:14:04,2025-05-07 07:16:29,Funchal,Abiyán,S,0
ESC-2025-002184,9525699,Marisma Express I,NAV013,M11,carga_general,carga,Maquinaria,4421.7,0,2025-05-05 04:41:16,2025-05-06 10:14:04,2025-05-07 07:16:29,Funchal,Abiyán,S,0
ESC-2025-003753,9022130,Golden Spirit,NAV017,M08,fruta_refrigerada,descarga,Cítricos,14325.0,0,2025-05-05 05:00:00,2025-05-05 05:05:49,2025-05-05 17:43:21,Abiyán,Santos,S,0
ESC-2025-006410,9809253,Río Bay,NAV005,M03,granel_solido,carga,Pirita,11539.4,0,2025-05-05 06:56:40,2025-05-06 01:34:34,2025-05-07 19:55:09,Casablanca,Nueva York,S,0
ESC-2025-002735,9352119,Aurora Pioneer,NAV024,M06,granel_liquido,mixta,Productos químicos,28110.6,0,2025-05-05 08:04:04,2025-05-06 07:24:14,2025-05-07 06:18:09,Abiyán,Tánger Med,S,0
ESC-2025-005259,9419474,Ocean Glory I,NAV022,M11,carga_general,carga,Bobinas de acero,10058.5,0,2025-05-05 08:53:00,2025-05-05 12:50:57,2025-05-06 19:34:54,Ceuta,Las Palmas,S,0
ESC-2025-000248,9118032,Atlantic Horizon,NAV032,M02,granel_solido,carga,Cereal,33527.8,0,2025-05-05 12:41:42,2025-05-05 18:13:59,2025-05-06 11:16:50,Génova,Las Palmas,S,0
ESC-2025-003981,9770684,Delta Pioneer,NAV005,M04,granel_liquido,descarga,Crudo,38822.2,0,2025-05-05 17:23:48,2025-05-06 12:58:51,2025-05-08 04:10:53,Las Palmas,Lisboa,S,0
ESC-2025-006101,9513804,Silver Navigator,NAV010,M12,granel_liquido,mixta,GNL,53133.0,0,2025-05-05 19:07:09,2025-05-05 21:20:21,2025-05-06 19:14:37,Rotterdam,Lisboa,S,0
ESC-2025-000087,9148104,Marisma Pride,NAV010,M10,pesca,mixta,Pescado fresco,23.4,0,2025-05-05 19:42:27,2025-05-05 19:51:45,2025-05-06 01:40:17,Santos,Lisboa,S,0
ESC-2025-002335,9217412,Costa Pride III,NAV014,M06,granel_liquido,carga,Productos químicos,62572.2,0,2025-05-05 21:47:21,2025-05-06 04:25:44,2025-05-07 09:14:32,Lisboa,Dakar,S,0
ESC-2025-005819,9936604,Silver Star,NAV010,M08,fruta_refrigerada,descarga,Cítricos,9267.3,0,2025-05-06 03:00:00,06/05/2025 04:12,2025-05-07 09:44:45,Nueva York,Algeciras,S,0
ESC-2025-005751,9587568,Río Pioneer I,NAV026,M03,granel_solido,descarga,Cereal,9622.9,0,2025-05-06 03:54:41,2025-05-06 08:14:18,2025-05-08 16:42:50,Santos,Santa Cruz de Tenerife,S,0
ESC-2025-004615,9176761,Cabo Pride,NAV014,M01,contenedores,descarga,Contenedores,3684.3,360,2025-05-06 04:43:59,2025-05-06 20:38:18,2025-05-07 17:48:49,Sines,Lisboa,S,0
ESC-2025-005123,9119517,Costa Venture II,NAV036,M02,granel_solido,carga,Cereal,18572.7,0,2025-05-06 06:29:05,2025-05-06 10:56:03,2025-05-09 10:16:18,Funchal,Lisboa,S,0
ESC-2025-002327,9151711,Delta Trader,NAV018,M08,fruta_refrigerada,carga,Cítricos,9668.3,0,2025-05-06 09:00:00,2025-05-06 09:04:37,2025-05-06 20:30:47,Amberes,Rotterdam,S,0
ESC-2025-000210,9912490,Río Pride,NAV037,M08,fruta_refrigerada,carga,Fruta tropical,15647.6,0,2025-05-06 10:00:00,2025-05-06 10:41:09,2025-05-07 14:45:38,Le Havre,Rotterdam,S,0
ESC-2025-006067,9093464,Iberian Sol,NAV004,M12,granel_liquido,carga,Productos químicos,71782.4,0,2025-05-06 10:26:37,2025-05-06 16:24:22,2025-05-07 13:36:53,Ceuta,Sines,S,0
ESC-2025-004432,9736327,Iberian Dawn,NAV033,M02,granel_solido,descarga,Cereal,22731.6,0,2025-05-06 11:24:12,2025-05-06 18:40:24,2025-05-08 23:14:04,Hamburgo,Amberes,S,0
ESC-2025-001299,9465928,Southern Voyager,NAV003,M08,fruta_refrigerada,carga,Fruta tropical,5796.6,0,2025-05-06 15:00:00,2025-05-06 16:39:49,2025-05-08 07:55:12,Le Havre,Rotterdam,S,0
ESC-2025-006489,9154567,Estrella Trader III,NAV025,M11,carga_general,descarga,Madera,10835.3,0,2025-05-06 16:21:27,2025-05-06 18:35:06,2025-05-07 11:44:02,Le Havre,Dakar,S,0
ESC-2025-001511,9704348,Punta Glory,NAV002,M08,fruta_refrigerada,mixta,Cítricos,11311.3,0,2025-05-06 18:00:00,2025-05-07 07:14:23,2025-05-08 06:05:43,Las Palmas,Sines,S,0
ESC-2025-001304,9444792,Blue Pride V,NAV012,M01,contenedores,mixta,Contenedores,2805.8,286,2025-05-06 20:22:36,2025-05-07 07:11:26,2025-05-08 07:51:46,Algeciras,Tánger Med,S,0
ESC-2025-001643,9536624,Silver Star III,NAV012,M01,contenedores,carga,Contenedores,13097.1,1287,2025-05-06 22:06:43,2025-05-06 22:19:10,2025-05-07 15:18:55,Santa Cruz de Tenerife,Houston,S,0
ESC-2025-005565,9068720,Silver Venture II,NAV030,M10,pesca,descarga,Pescado fresco,58.5,0,2025-05-06 22:07:45,2025-05-06 22:25:37,2025-05-07 04:48:53,Houston,Génova,S,0
ESC-2025-002086,9938640,Estrella Spirit I,NAV002,M11,carga_general,descarga,Madera,5475.1,0,2025-05-06 22:19:14,2025-05-07 10:18:08,2025-05-09 01:37:29,Lisboa,Santos,S,0
ESC-2025-004922,9683910,Tinto Marina IV,NAV036,M08,fruta_refrigerada,mixta,Fruta tropical,12538.5,0,2025-05-06 23:00:00,2025-05-07 00:06:09,2025-05-08 12:35:42,Funchal,Ceuta,S,0
ESC-2025-002273,9647021,Punta Pride,NAV035,M05,granel_liquido,carga,Productos químicos,61771.6,0,2025-05-07 06:30:38,2025-05-07 15:59:49,2025-05-08 13:34:51,Funchal,Santa Cruz de Tenerife,S,0
ESC-2025-002031,9434072,Iberian Voyager,NAV015,M01,contenedores,carga,Contenedores,10410.2,780,2025-05-07 16:35:37,2025-05-07 22:38:11,2025-05-08 15:17:55,Tánger Med,Las Palmas,S,0
ESC-2025-003624,9119517,Costa Venture II,NAV036,M02,granel_solido,carga,Cereal,27336.5,0,2025-05-07 19:35:42,2025-05-07 19:47:09,2025-05-08 22:33:35,Hamburgo,Abiyán,S,0
ESC-2025-002372,9957799,Río Sol,NAV006,M06,granel_liquido,carga,Crudo,39811.4,0,2025-05-07 19:53:42,2025-05-07 22:08:40,2025-05-08 21:40:58,Rotterdam,Génova,S,0
ESC-2025-004287,9603192,Odiel Spirit,NAV036,M07,ro_ro,carga,Vehículos,26626.6,0,2025-05-08 01:06:10,2025-05-08 02:52:04,2025-05-08 15:01:32,Las Palmas,Amberes,S,0
ESC-2025-002904,9954917,Luz Carrier II,NAV030,M07,ro_ro,descarga,Semirremolques,12644.7,0,2025-05-08 02:10:08,2025-05-08 06:10:22,2025-05-08 17:39:59,Hamburgo,Abiyán,S,0
ESC-2025-001649,9626546,Southern Fortune,NAV008,M02,granel_solido,mixta,Clínker,21934.1,0,2025-05-08 05:17:57,2025-05-08 11:15:11,2025-05-10 22:04:43,Génova,Le Havre,S,0
ESC-2025-003540,9023079,Cabo Breeze V,NAV015,M08,fruta_refrigerada,carga,Cítricos,8667.7,0,2025-05-08 09:00:00,2025-05-08 11:05:05,2025-05-09 18:31:14,Sines,Santa Cruz de Tenerife,S,0
ESC-2025-001096,9141546,Blue Express I,NAV037,M12,granel_liquido,carga,Productos químicos,37874.7,0,2025-05-08 10:05:52,2025-05-08 19:20:17,2025-05-10 02:29:08,Houston,Funchal,S,0
ESC-2025-002098,9380283,Estrella Dawn IV,NAV029,M05,granel_liquido,mixta,Biocombustible,48717.6,0,2025-05-08 10:47:15,2025-05-08 12:16:54,2025-05-09 15:59:32,Lisboa,Amberes,S,0
ESC-2025-005333,9068720,Silver Venture II,NAV030,,pesca,descarga,Pescado fresco,66.5,0,2025-05-08 12:12:17,2025-05-08 12:15:01,2025-05-08 19:48:29,Sines,Génova,N,0
ESC-2025-001762,9683910,Tinto Marina IV,NAV036,M08,fruta_refrigerada,mixta,Fruta tropical,13459.2,0,2025-05-08 14:00:00,2025-05-08 15:08:53,2025-05-10 00:00:58,Génova,Funchal,S,0
ESC-2025-002397,9211444,Ocean Carrier,NAV014,M08,fruta_refrigerada,descarga,Fruta tropical,10791.4,0,2025-05-08 19:00:00,2025-05-08 20:14:28,2025-05-09 14:15:34,Las Palmas,Valencia,S,0
ESC-2025-006053,9507843,Iberian Express,NAV018,M11,carga_general,descarga,Palés,10611.9,0,2025-05-08 19:54:29,2025-05-09 01:20:12,2025-05-10 04:38:25,Ceuta,Hamburgo,S,0
ESC-2025-003128,9391385,Blue Marina,NAV032,M08,fruta_refrigerada,descarga,Fruta tropical,5938.3,0,2025-05-08 20:00:00,2025-05-09 06:43:36,2025-05-10 13:55:12,Las Palmas,Ceuta,S,0
ESC-2025-000101,9476367,Nordic Venture,NAV030,M08,fruta_refrigerada,mixta,Fruta tropical,15147.7,0,2025-05-08 23:00:00,2025-05-09 10:09:44,2025-05-11 05:01:35,Las Palmas,Lisboa,S,0
ESC-2025-002854,9426178,Delta Marina II,NAV023,M09,pasajeros,mixta,Pasajeros,0.0,0,2025-05-08 23:11:16,2025-05-08 23:33:49,2025-05-09 08:24:32,Las Palmas,Houston,S,2081
ESC-2025-003537,9228526,Silver Navigator V,NAV039,M03,granel_solido,descarga,Concentrado de cobre,29806.2,0,2025-05-09 03:05:23,2025-05-09 10:02:11,2025-05-11 05:13:14,Las Palmas,Rotterdam,S,0
ESC-2025-000375,9119517,Costa Venture II,NAV036,M02,granel_solido,carga,Clínker,15679.2,0,2025-05-09 03:54:07,2025-05-09 05:37:05,2025-05-11 22:28:41,Las Palmas,Las Palmas,S,0
ESC-2025-002417,9684976,Marisma Sol III,NAV008,M06,granel_liquido,descarga,GNL,20711.2,0,2025-05-09 05:20:45,2025-05-09 10:00:54,2025-05-10 21:01:57,Dakar,Algeciras,S,0
ESC-2025-002973,9878230,Delta Sol I,NAV011,M08,fruta_refrigerada,descarga,Fruta tropical,12505.2,0,2025-05-09 09:00:00,09/05/2025 09:42,2025-05-10 05:02:23,Génova,Sines,S,0
ESC-2025-004689,9721994,Cabo Pioneer,NAV031,M08,fruta_refrigerada,descarga,Fresa y frutos rojos,3814.8,0,2025-05-09 10:06:44,09/05/2025 14:15,2025-05-10 23:45:36,Amberes,Rotterdam,S,0
ESC-2025-002009,9952402,Punta Pioneer,NAV032,M10,pesca,carga,Pescado fresco,40.9,0,2025-05-09 12:43:05,2025-05-09 13:04:41,2025-05-09 21:06:25,Funchal,Las Palmas,S,0
ESC-2025-006092,9425693,Tinto Bay I,NAV002,,fruta_refrigerada,mixta,Cítricos,6561.7,0,2025-05-09 15:00:00,2025-05-10 16:40:51,2025-05-11 21:21:11,Sines,Nueva York,S,0
ESC-2025-005478,9341287,Luz Carrier,NAV009,M08,fruta_refrigerada,mixta,Cítricos,5886.6,0,2025-05-10 03:00:00,2025-05-10 03:54:53,2025-05-11 09:12:07,Houston,Santa Cruz de Tenerife,S,0
ESC-2025-002404,9522908,Tinto Breeze III,NAV019,M08,fruta_refrigerada,mixta,Fresa y frutos rojos,10153900.0,0,2025-05-10 05:00:00,2025-05-10 05:36:12,2025-05-12 06:22:06,Funchal,Nueva York,S,0
ESC-2025-005312,9924003,Odiel Mar II,NAV015,M06,granel_liquido,descarga,GNL,17255.2,0,2025-05-10 06:25:27,2025-05-10 21:52:43,2025-05-12 01:12:38,Las Palmas,Le Havre,S,0
ESC-2025-003770,9189512,Silver Spirit,NAV028,M02,granel_solido,mixta,Cereal,14977.3,0,2025-05-10 19:16:25,2025-05-11 04:27:53,2025-05-13 11:37:23,Lisboa,Le Havre,S,0
ESC-2025-002881,9495507,Costa Bay,NAV040,M01,contenedores,mixta,Contenedores,14619.5,1194,2025-05-10 21:13:51,2025-05-10 21:44:35,2025-05-11 05:59:26,Hamburgo,Lisboa,S,0
ESC-2025-003053,9416575,Punta Mar,NAV032,M10,pesca,descarga,Pescado fresco,42.9,0,2025-05-11 08:38:07,2025-05-11 08:39:08,2025-05-11 14:19:12,Tánger Med,Valencia,S,0
ESC-2025-004246,9368390,Doña Spirit IV,NAV003,M01,contenedores,carga,Contenedores,5138.8,481,2025-05-11 10:20:37,2025-05-11 13:15:29,2025-05-12 19:23:19,Abiyán,Lisboa,S,0
ESC-2025-004925,9230438,Nordic Star IV,NAV030,M01,contenedores,mixta,Contenedores,12874.3,1174,2025-05-11 10:35:53,2025-05-11 12:05:26,2025-05-12 08:24:58,Génova,Las Palmas,S,0
ESC-2025-006284,9895927,Cabo Express,NAV032,M05,granel_liquido,mixta,GNL,36216.8,0,2025-05-11 11:45:05,2025-05-11 20:36:10,2025-05-13 03:18:15,Tánger Med,Santos,S,0
ESC-2025-000919,9416159,Silver Marina,NAV015,M08,fruta_refrigerada,mixta,Fresa y frutos rojos,3445.6,0,2025-05-11 12:00:00,2025-05-11 12:14:17,2025-05-12 14:50:53,Tánger Med,Sines,S,0
ESC-2025-004167,9990105,Blue Carrier V,NAV035,M02,granel_solido,mixta,Fertilizantes,17176.3,0,2025-05-11 20:43:07,2025-05-11 22:16:14,2025-05-14 06:17:57,Tánger Med,Amberes,S,0
ESC-2025-003032,9544918,Luz Sol,NAV034,M05,granel_liquido,descarga,Biocombustible,31232.2,0,2025-05-12 02:24:38,2025-05-12 09:08:21,2025-05-13 19:14:46,Le Havre,Sines,S,0
ESC-2025-001994,9661716,Aurora Horizon,NAV002,M12,granel_liquido,descarga,Crudo,45655.2,0,2025-05-12 02:28:09,2025-05-12 07:46:13,2025-05-13 15:15:22,Algeciras,Sines,S,0
ESC-2025-000230,9589475,Cabo Fortune,NAV007,M01,contenedores,mixta,Contenedores,4300.5,430,2025-05-12 11:32:48,2025-05-12 14:47:50,2025-05-13 17:28:17,Las Palmas,Casablanca,S,0
ESC-2025-000318,9554494,Tinto Wave IV,NAV004,M07,ro_ro,mixta,Semirremolques,34085.9,0,2025-05-12 15:39:58,2025-05-12 15:42:04,2025-05-13 07:03:55,Las Palmas,Rotterdam,S,0
ESC-2025-006429,9745940,Punta Breeze I,NAV027,M04,granel_liquido,descarga,Gasóleo,47359.2,0,2025-05-12 16:28:01,12/05/2025 22:35,2025-05-14 03:58:56,Funchal,Lisboa,S,0
ESC-2025-000686,9796822,Odiel Navigator,NAV022,M12,granel_liquido,mixta,Productos químicos,70315.8,0,2025-05-12 16:35:05,2025-05-13 04:54:26,2025-05-14 05:36:37,Lisboa,Dakar,S,0
ESC-2025-000125,9361641,Luz Pride,NAV024,M07,ro_ro,carga,Vehículos,21255.7,0,2025-05-12 18:00:38,2025-05-12 21:42:27,2025-05-13 10:25:19,Hamburgo,Le Havre,S,0
ESC-2025-004766,9260483,Punta Navigator IV,NAV004,M12,granel_liquido,carga,Crudo,90953.6,0,2025-05-12 19:39:38,2025-05-12 22:07:40,2025-05-14 05:48:24,Abiyán,Funchal,S,0
ESC-2025-004427,9495507,Costa Bay,NAV040,M01,contenedores,carga,Contenedores,8282.7,774,2025-05-13 00:37:57,2025-05-13 13:53:31,2025-05-14 02:18:54,Las Palmas,Houston,S,0
ESC-2025-004217,9194256,Costa Glory,NAV015,M07,ro_ro,descarga,Semirremolques,18431.1,0,2025-05-13 04:40:18,2025-05-13 04:50:25,2025-05-13 17:32:33,Ceuta,Amberes,S,0
ESC-2025-004117,9160126,Río Marina V,NAV008,M06,granel_liquido,descarga,Gasóleo,28312.5,0,2025-05-13 05:53:36,2025-05-13 23:25:00,2025-05-14 14:53:20,Santos,Sines,S,0
ESC-2025-001700,9846483,Southern Horizon III,NAV019,M02,granel_solido,mixta,Fertilizantes,39238.5,0,2025-05-13 06:18:38,2025-05-13 09:47:34,2025-05-15 04:09:57,Sines,Casablanca,S,0
ESC-2025-000489,9495507,Costa Bay,NAV040,M01,contenedores,descarga,Contenedores,4113.9,415,2025-05-13 07:03:22,2025-05-13 11:39:25,2025-05-14 11:04:10,Santa Cruz de Tenerife,Abiyán,S,0
ESC-2025-003856,9119517,Costa Venture II,NAV036,M03,granel_solido,carga,Concentrado de cobre,21882.3,0,2025-05-13 09:23:43,2025-05-13 10:50:42,2025-05-15 22:29:41,Ceuta,Génova,S,0
ESC-2025-006023,9460124,Estrella Bay,NAV021,M08,fruta_refrigerada,mixta,Cítricos,12744.1,0,2025-05-13 13:00:00,13/05/2025 18:23,2025-05-14 14:19:29,Ceuta,Las Palmas,S,0
ESC-2025-003710,9068720,Silver Venture II,NAV030,M10,pesca,mixta,Pescado fresco,35.0,0,2025-05-13 14:33:31,2025-05-13 14:52:36,2025-05-13 22:21:37,Santos,Génova,N,0
ESC-2025-005917,9878230,Delta Sol I,NAV011,,fruta_refrigerada,mixta,Fruta tropical,10675.3,0,2025-05-13 15:00:00,2025-05-13 17:29:30,2025-05-14 18:51:11,Funchal,Abiyán,S,0
ESC-2025-000161,9626546,Southern Fortune,NAV008,M03,granel_solido,descarga,Concentrado de cobre,13903.6,0,2025-05-13 15:10:10,2025-05-13 22:03:00,2025-05-16 05:52:42,Abiyán,Houston,S,0
ESC-2025-006078,9717199,Doña Express,NAV017,M10,pesca,descarga,Pescado fresco,49.7,0,2025-05-13 16:52:38,2025-05-13 17:04:35,2025-05-14 00:13:59,Lisboa,Valencia,S,0
ESC-2025-001184,9230438,Nordic Star IV,NAV030,M01,contenedores,carga,Contenedores,9216.1,727,2025-05-13 19:17:03,2025-05-14 10:02:03,2025-05-15 15:54:40,Santos,Santos,S,0
ESC-2025-002116,9131761,Southern Trader,NAV032,M07,ro_ro,carga,Vehículos,19130.8,0,2025-05-13 22:04:55,2025-05-13 22:45:05,2025-05-14 16:39:12,Funchal,Nueva York,S,0
ESC-2025-005767,9867126,Aurora Wave I,NAV002,M07,ro_ro,carga,Semirremolques,35149.2,0,2025-05-14 04:46:12,2025-05-14 14:26:54,2025-05-15 02:43:09,Abiyán,Génova,S,0
ESC-2025-004229,9055943,Río Venture,NAV002,M02,granel_solido,mixta,Cereal,22959.5,0,2025-05-14 05:36:09,2025-05-14 08:21:43,2025-05-16 13:49:49,Sines,Santos,S,0
ESC-2025-003255,9745940,Punta Breeze I,NAV027,M04,granel_liquido,carga,GNL,51781.9,0,2025-05-14 08:40:53,14/05/2025 13:41,2025-05-15 23:31:18,Amberes,Génova,S,0
ESC-2025-005398,9386237,Cabo Venture,NAV038,M07,ro_ro,carga,Vehículos,32749.5,0,2025-05-14 12:12:58,2025-05-14 13:45:14,2025-05-15 08:34:21,Amberes,Abiyán,S,0
ESC-2025-000554,9229142,Marisma Spirit II,NAV013,M08,fruta_refrigerada,carga,Fresa y frutos rojos,7698.5,0,2025-05-14 12:23:26,2025-05-14 12:53:37,2025-05-15 19:20:05,Funchal,Algeciras,S,0
ESC-2025-001441,9151711,Delta Trader,NAV018,M08,fruta_refrigerada,descarga,Cítricos,9015.6,0,2025-05-14 18:00:00,2025-05-14 21:24:16,2025-05-15 11:12:51,Rotterdam,Rotterdam,S,0
ESC-2025-005354,9116591,Nordic Marina IV,NAV014,M01,contenedores,descarga,Contenedores,7020.8,732,2025-05-14 18:13:50,2025-05-15 18:26:03,2025-05-16 13:39:22,Santos,Algeciras,S,0
ESC-2025-003350,9425693,Tinto Bay I,NAV002,M08,fruta_refrigerada,descarga,Fresa y frutos rojos,7026.7,0,2025-05-14 23:00:00,2025-05-15 00:18:58,2025-05-15 18:07:06,Dakar,Algeciras,S,0
ESC-2025-000693,9023079,Cabo Breeze V,NAV015,M08,fruta_refrigerada,mixta,Fruta tropical,7370.3,0,2025-05-15 00:00:00,2025-05-15 01:24:28,2025-05-16 02:47:57,Houston,Abiyán,S,0
ESC-2025-003231,9416575,Punta Mar,NAV032,M10,pesca,carga,Pescado fresco,37.4,0,2025-05-15 00:09:58,2025-05-15 00:17:25,2025-05-15 06:42:02,Las Palmas,Amberes,N,0
ESC-2025-005364,9351828,Iberian Spirit,NAV008,M12,granel_liquido,descarga,Ácido sulfúrico,20120.3,0,2025-05-15 02:38:08,2025-05-15 09:41:20,2025-05-16 07:55:13,Casablanca,Houston,S,0
ESC-2025-004466,9030022,Costa Fortune V,NAV007,M10,pesca,mixta,Pescado fresco,61.1,0,2025-05-15 05:39:12,2025-05-15 05:57:05,2025-05-15 09:26:00,Valencia,Ceuta,N,0
ESC-2025-001852,9857640,Silver Navigator I,NAV009,M12,granel_liquido,descarga,Biocombustible,20913.5,0,2025-05-15 05:55:08,2025-05-15 08:19:28,2025-05-16 13:20:00,Valencia,Las Palmas,S,0
ESC-2025-001072,9395252,Ocean Breeze,NAV013,M04,granel_liquido,descarga,Crudo,71493.4,0,2025-05-15 07:25:11,2025-05-15 17:01:13,2025-05-16 20:36:14,Sines,Hamburgo,S,0
ESC-2025-001276,9005211,Cabo Sol II,NAV039,M01,contenedores,carga,Contenedores,9541.5,1007,2025-05-15 08:24:19,2025-05-15 09:22:41,2025-05-16 14:12:14,Tánger Med,Houston,S,0
ESC-2025-001504,9929338,Tinto Venture I,NAV017,M05,granel_liquido,descarga,Productos químicos,101962.0,0,2025-05-15 08:45:03,2025-05-16 14:30:12,2025-05-17 14:44:58,Le Havre,Houston,S,0
ESC-2025-003761,9142590,Doña Wave,NAV019,M06,granel_liquido,carga,Crudo,28690.7,0,2025-05-15 15:11:32,2025-05-15 23:40:13,2025-05-16 18:43:47,Abiyán,Ceuta,S,0
ESC-2025-005344,9451410,Delta Bay,NAV002,M01,contenedores,descarga,Contenedores,15614.1,1353,2025-05-15 17:06:01,2025-05-15 17:54:02,2025-05-16 15:39:46,Lisboa,Abiyán,S,0
ESC-2025-002117,9957799,Río Sol,NAV006,M12,granel_liquido,descarga,Crudo,65868.7,0,2025-05-15 19:29:15,2025-05-15 23:53:00,2025-05-17 06:28:43,Algeciras,Santos,S,0
ESC-2025-003171,9371919,Southern Pride,NAV034,M11,carga_general,mixta,Palés,6513.6,0,2025-05-16 02:28:01,2025-05-16 02:55:40,2025-05-17 07:58:43,Sines,Le Havre,S,0
ESC-2025-002598,9362786,Golden Pioneer,NAV005,M07,ro_ro,carga,Vehículos,10806.2,0,2025-05-16 04:33:53,2025-05-16 05:10:18,2025-05-16 16:43:29,Hamburgo,Hamburgo,S,0
ESC-2025-006203,9022130,Golden Spirit,NAV017,M08,fruta_refrigerada,mixta,Fruta tropical,13764.6,0,2025-05-16 07:16:17,2025-05-16 09:33:41,2025-05-18 08:08:10,Amberes,Valencia,S,0
ESC-2025-005811,9435818,Estrella Breeze,NAV033,M01,contenedores,descarga,Contenedores,7537.9,645,2025-05-16 07:16:35,2025-05-16 13:44:21,2025-05-17 21:07:43,Génova,Casablanca,S,0
ESC-2025-003402,9270531,Tinto Dawn,NAV012,M12,granel_liquido,descarga,Crudo,42234.0,0,2025-05-16 11:45:26,2025-05-16 17:34:44,2025-05-17 09:58:25,Ceuta,Valencia,S,0
ESC-2025-001337,9846483,Southern Horizon III,NAV019,,granel_solido,descarga,Cereal,42790.5,0,2025-05-16 18:29:53,2025-05-17 02:55:50,2025-05-18 19:07:39,Funchal,Tánger Med,S,0
ESC-2025-003848,9796822,Odiel Navigator,NAV022,M04,granel_liquido,carga,Ácido sulfúrico,53941.7,0,2025-05-16 20:10:53,2025-05-16 20:31:59,2025-05-17 22:07:15,Le Havre,Sines,S,0
ESC-2025-003354,9425693,Tinto Bay I,NAV002,M08,fruta_refrigerada,descarga,Fresa y frutos rojos,5993.8,0,2025-05-16 22:00:00,2025-05-17 00:34:24,2025-05-18 00:41:17,Dakar,Nueva York,S,0
ESC-2025-001449,9380283,Estrella Dawn IV,NAV029,M04,granel_liquido,mixta,Biocombustible,46117.4,0,2025-05-17 05:59:19,2025-05-17 19:24:37,2025-05-19 09:44:49,Ceuta,Le Havre,S,0
ESC-2025-004889,9296860,Delta Mar III,NAV007,M06,granel_liquido,descarga,Productos químicos,8283.1,0,2025-05-17 06:59:53,2025-05-17 10:32:19,2025-05-19 01:12:59,Le Havre,Tánger Med,S,0
ESC-2025-001746,9912490,Río Pride,NAV037,M08,fruta_refrigerada,mixta,Cítricos,16314.8,0,2025-05-17 08:00:00,2025-05-17 16:12:24,2025-05-19 07:02:54,Le Havre,Le Havre,S,0
ESC-2025-002814,9093464,Iberian Sol,NAV004,M05,granel_liquido,descarga,Ácido sulfúrico,83796.6,0,2025-05-17 08:30:54,2025-05-17 09:07:57,2025-05-18 10:14:38,Génova,Algeciras,S,0
ESC-2025-000300,9148104,Marisma Pride,NAV010,M10,pesca,descarga,Pescado fresco,57.6,0,2025-05-17 16:28:54,17/05/2025 16:33,2025-05-17 22:14:35,Casablanca,Santa Cruz de Tenerife,S,0
ESC-2025-001722,9603219,Aurora Spirit,NAV026,M10,pesca,mixta,Pescado fresco,64.3,0,2025-05-17 20:52:08,2025-05-17 20:52:09,2025-05-18 04:39:43,Dakar,Santos,S,0
ESC-2025-001765,9503445,Ocean Mar,NAV034,M06,granel_liquido,carga,Crudo,67806.0,0,2025-05-17 21:43:07,2025-05-17 22:49:39,2025-05-19 18:05:31,Lisboa,Santos,S,0
ESC-2025-006384,9492907,Ocean Star II,NAV037,M11,carga_general,carga,Palés,11508.2,0,2025-05-17 23:42:24,2025-05-18 03:40:38,2025-05-20 09:01:48,Dakar,Algeciras,S,0
ESC-2025-005869,9954656,Punta Sol II,NAV003,M08,fruta_refrigerada,carga,Cítricos,7794.9,0,2025-05-18 03:00:00,2025-05-18 05:34:59,2025-05-19 19:12:52,Sines,Ceuta,S,0
ESC-2025-006277,9977737,Marisma Voyager,NAV033,M11,carga_general,mixta,Maquinaria,3780.0,0,2025-05-18 05:08:59,2025-05-18 06:31:19,2025-05-19 17:15:56,Rotterdam,Rotterdam,S,0
ESC-2025-004895,9323998,Odiel Mar I,NAV003,M08,fruta_refrigerada,descarga,Fruta tropical,11701.1,0,2025-05-18 06:00:00,2025-05-18 10:17:22,2025-05-19 20:55:59,Le Havre,Rotterdam,S,0
ESC-2025-002166,9844588,Delta Wave,NAV001,M01,contenedores,carga,Contenedores,12100.0,1063,2025-05-18 06:55:31,2025-05-18 07:23:53,2025-05-19 04:36:52,Rotterdam,Rotterdam,S,0
ESC-2025-002606,9342255,Blue Fortune II,NAV034,M03,granel_solido,carga,Fertilizantes,26199.4,0,2025-05-18 10:15:55,19/05/2025 00:14,2025-05-20 22:23:04,Algeciras,Hamburgo,S,0
ESC-2025-002547,9197583,Delta Venture,NAV007,M03,granel_solido,mixta,Fertilizantes,22761.6,0,2025-05-18 10:28:35,2025-05-18 10:44:44,2025-05-20 06:42:52,Abiyán,Amberes,S,0
ESC-2025-006346,9116034,Atlantic Fortune III,NAV019,,contenedores,mixta,Contenedores,16772.5,1423,2025-05-18 11:45:57,2025-05-18 14:28:31,2025-05-19 14:34:06,Rotterdam,Casablanca,S,0
ESC-2025-003908,9603192,Odiel Spirit,NAV036,M07,ro_ro,carga,Vehículos,17004.3,0,2025-05-18 17:09:19,2025-05-18 18:20:33,2025-05-19 06:49:53,Santos,Lisboa,S,0
ESC-2025-004523,9444091,Nordic Dawn,NAV005,M04,granel_liquido,mixta,Biocombustible,20453.0,0,2025-05-18 18:50:36,2025-05-19 00:10:29,2025-05-20 03:04:17,Amberes,Valencia,S,0
ESC-2025-005204,9507843,Iberian Express,NAV018,M11,carga_general,descarga,Madera,9859.9,0,2025-05-18 20:56:09,18/05/2025 21:56,2025-05-20 01:43:27,Casablanca,Las Palmas,S,0
ESC-2025-003689,9093220,Atlantic Trader,NAV010,M08,fruta_refrigerada,descarga,Cítricos,6523.4,0,2025-05-18 21:00:00,2025-05-19 12:38:07,2025-05-20 10:52:32,Abiyán,Las Palmas,S,0
ESC-2025-005735,9846483,Southern Horizon III,NAV019,M03,granel_solido,mixta,Fertilizantes,33787.4,0,2025-05-18 23:18:00,2025-05-19 14:25:52,2025-05-21 23:26:07,Valencia,Abiyán,S,0
ESC-2025-006160,9189512,Silver Spirit,NAV028,M03,granel_solido,mixta,Clínker,20282.2,0,2025-05-19 00:53:30,2025-05-19 04:41:49,2025-05-20 23:30:30,Dakar,Hamburgo,S,0
ESC-2025-005385,9341287,Luz Carrier,NAV009,M08,fruta_refrigerada,mixta,Cítricos,5787.8,0,2025-05-19 04:00:00,2025-05-19 07:35:22,2025-05-20 14:49:25,Tánger Med,Ceuta,S,0
ESC-2025-005201,9954917,Luz Carrier II,NAV030,M07,ro_ro,descarga,Semirremolques,14625.9,0,2025-05-19 06:16:20,2025-05-19 09:21:18,2025-05-19 20:41:34,Rotterdam,Rotterdam,S,0
ESC-2025-002454,9352119,Aurora Pioneer,NAV024,M12,granel_liquido,descarga,Biocombustible,-28897.3,0,2025-05-19 07:59:18,2025-05-19 16:00:38,2025-05-20 19:01:27,Hamburgo,Casablanca,S,0
ESC-2025-004100,9260500,Southern Venture,NAV003,M01,contenedores,carga,Contenedores,11601.0,957,2025-05-19 08:32:37,2025-05-19 21:44:38,2025-05-20 16:30:24,Santa Cruz de Tenerife,Rotterdam,S,0
ESC-2025-001258,9089059,Costa Voyager I,NAV035,M02,granel_solido,carga,Clínker,21229.9,0,2025-05-19 09:31:24,2025-05-19 21:14:25,2025-05-21 13:24:52,Las Palmas,Tánger Med,S,0
ESC-2025-000746,9543823,Aurora Mar IV,NAV036,M03,granel_solido,descarga,Clínker,52648.5,0,2025-05-19 15:34:51,2025-05-19 21:52:31,2025-05-22 01:21:45,Génova,Lisboa,S,0
ESC-2025-003241,9775373,Tinto Bay III,NAV012,M08,fruta_refrigerada,descarga,Fruta tropical,4760.0,0,2025-05-19 16:00:00,2025-05-19 17:08:04,2025-05-20 19:16:20,Lisboa,Algeciras,S,0
ESC-2025-003745,9500467,Odiel Marina,NAV034,M08,fruta_refrigerada,mixta,Cítricos,11984.4,0,2025-05-19 16:00:00,2025-05-19 22:09:03,2025-05-20 14:53:28,Valencia,Algeciras,S,0
ESC-2025-001803,9119555,Iberian Breeze,NAV010,M06,granel_liquido,descarga,Gasóleo,52633.6,0,2025-05-19 21:20:01,2025-05-20 08:39:51,2025-05-21 08:35:06,Santos,Houston,S,0
ESC-2025-006168,9846483,Southern Horizon III,NAV019,M02,granel_solido,carga,Fertilizantes,25544.8,0,2025-05-19 23:38:45,2025-05-20 03:39:01,2025-05-19 21:39:01,Rotterdam,Le Havre,S,0
ESC-2025-006199,9647021,Punta Pride,NAV035,M04,granel_liquido,mixta,Ácido sulfúrico,42043.1,0,2025-05-19 23:44:38,2025-05-20 00:47:10,2025-05-21 12:20:51,Casablanca,Santa Cruz de Tenerife,S,0
ESC-2025-001996,9417816,Golden Wave,NAV024,M07,ro_ro,carga,Vehículos,21319.4,0,2025-05-19 23:47:19,2025-05-20 01:04:15,2025-05-20 13:47:24,Hamburgo,Amberes,S,0
ESC-2025-004126,9475662,Ocean Sol,NAV003,M05,granel_liquido,carga,Biocombustible,44563.6,0,2025-05-20 02:19:07,2025-05-20 02:22:33,2025-05-21 07:58:17,Génova,Ceuta,S,0
ESC-2025-005610,9058751,Río Voyager,NAV009,M04,granel_liquido,carga,Ácido sulfúrico,21436.7,0,2025-05-20 08:30:07,20/05/2025 19:10,2025-05-21 14:21:55,Casablanca,Valencia,S,0
ESC-2025-004680,9023079,Cabo Breeze V,NAV015,,fruta_refrigerada,carga,Cítricos,5324.3,0,2025-05-20 09:00:00,2025-05-20 12:37:03,2025-05-21 14:33:09,Casablanca,Valencia,S,0
ESC-2025-000051,9133135,Punta Star III,NAV004,M05,granel_liquido,mixta,Biocombustible,27211.0,0,2025-05-20 10:02:28,2025-05-20 11:57:16,2025-05-20 21:51:17,Sines,Génova,S,0
ESC-2025-000583,9898084,Marisma Fortune,NAV013,M04,granel_liquido,descarga,Crudo,71920.2,0,2025-05-20 10:26:42,2025-05-20 15:27:40,2025-05-21 18:14:32,Nueva York,Santa Cruz de Tenerife,S,0
ESC-2025-003714,9994606,Nordic Venture III,NAV037,M02,granel_solido,mixta,Concentrado de cobre,43160.8,0,2025-05-20 15:43:16,2025-05-21 03:04:31,2025-05-22 14:06:47,Lisboa,Dakar,S,0
ESC-2025-005267,9571296,Marisma Pioneer I,NAV031,M08,fruta_refrigerada,mixta,Cítricos,12856.1,0,2025-05-20 20:18:55,2025-05-20 20:33:57,2025-05-21 17:52:24,Nueva York,Abiyán,S,0
ESC-2025-003641,9954656,Punta Sol II,NAV003,M08,fruta_refrigerada,carga,Fruta tropical,10285.0,0,2025-05-21 01:00:00,2025-05-21 03:37:55,2025-05-22 05:46:10,Funchal,Abiyán,S,0
ESC-2025-006016,9465851,Luz Glory IV,NAV008,M02,granel_solido,descarga,Pirita,39646.2,0,2025-05-21 03:02:44,2025-05-21 13:17:21,2025-05-23 10:51:42,Amberes,Sines,S,0
ESC-2025-004516,9543823,Aurora Mar IV,NAV036,M03,granel_solido,mixta,Pirita,33074.9,0,2025-05-21 03:26:28,2025-05-21 14:36:00,2025-05-24 13:29:32,Las Palmas,Rotterdam,S,0
ESC-2025-002162,9569700,Costa Star,NAV006,M01,contenedores,carga,Contenedores,14893.2,1358,2025-05-21 05:17:23,2025-05-21 18:47:50,2025-05-22 04:09:56,Nueva York,Funchal,S,0
ESC-2025-004508,9448982,Estrella Spirit,NAV011,M06,granel_liquido,descarga,Crudo,60680.0,0,2025-05-21 05:39:39,2025-05-21 10:31:15,2025-05-22 20:04:39,Funchal,Nueva York,S,0
ESC-2025-003166,9944625,Blue Fortune,NAV019,M09,pasajeros,carga,Pasajeros,0.0,0,2025-05-21 07:32:24,2025-05-21 07:49:34,2025-05-21 13:26:09,Rotterdam,Abiyán,S,4058
ESC-2025-005335,9962445,Punta Marina IV,NAV029,M03,granel_solido,carga,Cereal,53321.6,0,2025-05-21 08:46:11,2025-05-21 10:47:05,2025-05-23 13:56:52,Santos,Houston,S,0
ESC-2025-003285,9276638,Estrella Dawn,NAV008,M10,pesca,carga,Pescado fresco,71.6,0,2025-05-21 12:40:28,2025-05-21 12:42:51,2025-05-21 19:54:39,Abiyán,Algeciras,N,0
ESC-2025-003170,9228526,Silver Navigator V,NAV039,M02,granel_solido,carga,Pirita,32437.9,0,2025-05-21 14:26:42,2025-05-21 16:49:36,2025-05-23 13:20:53,Hamburgo,Algeciras,S,0
ESC-2025-001420,9391385,Blue Marina,NAV032,M08,fruta_refrigerada,descarga,Fresa y frutos rojos,4843.7,0,2025-05-21 16:00:00,2025-05-21 19:37:13,2025-05-23 01:02:52,Génova,Tánger Med,S,0
ESC-2025-000533,9507843,Iberian Express,NAV018,M11,carga_general,mixta,Bobinas de acero,10705.4,0,2025-05-21 22:17:22,2025-05-21 23:15:10,2025-05-23 03:30:02,Lisboa,Casablanca,S,0
ESC-2025-004744,9312547,Punta Pride III,NAV030,M06,granel_liquido,mixta,Gasóleo,26378.4,0,2025-05-21 23:21:02,2025-05-22 04:12:11,2025-05-23 03:32:04,Santa Cruz de Tenerife,Rotterdam,S,0
ESC-2025-002230,9256200,Luz Breeze,NAV009,M04,granel_liquido,carga,Crudo,37113.9,0,2025-05-22 00:15:51,2025-05-22 02:52:04,2025-05-23 17:57:18,Hamburgo,Nueva York,S,0
ESC-2025-005883,9197583,Delta Venture,NAV007,M03,granel_solido,carga,Cereal,17232.8,0,2025-05-22 02:37:24,2025-05-22 02:46:24,2025-05-24 07:25:25,Casablanca,Las Palmas,S,0
ESC-2025-003979,9444792,Blue Pride V,NAV012,M01,contenedores,descarga,Contenedores,6883.1,588,2025-05-22 03:21:54,2025-05-22 13:26:24,2025-05-23 12:37:53,Algeciras,Houston,S,0
ESC-2025-004497,9098672,Punta Dawn,NAV035,M05,granel_liquido,carga,Productos químicos,39442.9,0,2025-05-22 04:27:00,2025-05-22 08:14:02,2025-05-23 03:20:00,Sines,Hamburgo,S,0
ESC-2025-001251,9732890,Tinto Marina,NAV033,M05,granel_liquido,descarga,GNL,12494.9,0,2025-05-22 08:23:09,2025-05-22 18:45:08,2025-05-23 21:47:12,Houston,Génova,S,0
ESC-2025-004707,9211444,Ocean Carrier,NAV014,M08,fruta_refrigerada,descarga,Cítricos,5991.3,0,2025-05-22 10:00:00,2025-05-22 11:09:23,2025-05-23 08:01:21,Le Havre,Tánger Med,S,0
ESC-2025-005429,9476367,Nordic Venture,NAV030,M08,fruta_refrigerada,carga,Fresa y frutos rojos,13598.3,0,2025-05-22 10:00:00,2025-05-22 13:54:01,2025-05-23 12:31:03,Valencia,Nueva York,S,0
ESC-2025-005734,9434072,Iberian Voyager,NAV015,M01,contenedores,carga,Contenedores,3794.0,292,2025-05-22 12:25:11,2025-05-23 19:56:43,2025-05-24 14:13:30,Santa Cruz de Tenerife,Las Palmas,S,0
ESC-2025-004170,9954917,Luz Carrier II,NAV030,M07,ro_ro,descarga,Vehículos,11105.2,0,2025-05-22 13:41:26,2025-05-22 13:51:47,2025-05-22 23:00:18,Sines,Abiyán,S,0
ESC-2025-001567,9425693,Tinto Bay I,NAV002,M08,fruta_refrigerada,carga,Fruta tropical,7629.4,0,2025-05-22 14:00:00,2025-05-22 14:10:24,2025-05-23 10:37:36,Santa Cruz de Tenerife,Santa Cruz de Tenerife,S,0
ESC-2025-001080,9023079,Cabo Breeze V,NAV015,M08,fruta_refrigerada,mixta,Fresa y frutos rojos,7188.2,0,2025-05-23 01:00:00,2025-05-23 05:05:31,2025-05-24 14:50:12,Le Havre,Nueva York,S,0
ESC-2025-001355,9796822,Odiel Navigator,NAV022,M12,granel_liquido,descarga,Productos químicos,85628.4,0,2025-05-23 02:15:15,2025-05-23 04:30:02,2025-05-24 18:52:48,Génova,Santos,S,0
ESC-2025-003825,9171371,Ocean Pioneer,NAV025,M02,granel_solido,mixta,Clínker,15646.8,0,2025-05-23 11:13:45,2025-05-23 14:24:01,2025-05-26 01:24:12,Hamburgo,Génova,S,0
ESC-2025-003825,9171371,Ocean Pioneer,NAV025,M02,granel_solido,mixta,Clínker,15646.8,0,2025-05-23 11:13:45,2025-05-23 14:24:01,2025-05-26 01:24:12,Hamburgo,Génova,S,0
ESC-2025-002279,9770684,Delta Pioneer,NAV005,M06,granel_liquido,carga,Gasóleo,30943.7,0,2025-05-23 15:08:49,2025-05-24 06:13:23,2025-05-24 23:16:19,Le Havre,Tánger Med,S,0
ESC-2025-000319,9878230,Delta Sol I,NAV011,M08,fruta_refrigerada,descarga,Fresa y frutos rojos,12275.9,0,2025-05-23 19:00:00,2025-05-23 21:50:34,2025-05-24 07:02:48,Funchal,Santa Cruz de Tenerife,S,0
ESC-2025-005232,9435818,Estrella Breeze,NAV033,M01,contenedores,mixta,Contenedores,5958.1,471,2025-05-23 20:27:59,2025-05-24 00:18:04,2025-05-25 00:39:59,Génova,Houston,S,0
ESC-2025-000821,9221920,Silver Bay,NAV020,M04,granel_liquido,carga,Biocombustible,22599.6,0,2025-05-24 00:30:41,2025-05-24 01:29:03,2025-05-25 08:01:47,Génova,Le Havre,S,0
ESC-2025-005987,9569700,Costa Star,NAV006,M01,contenedores,descarga,Contenedores,11198.7,873,2025-05-24 04:10:01,2025-05-24 06:45:12,2025-05-25 05:21:26,Sines,Ceuta,S,0
ESC-2025-006178,9405186,Tinto Star II,NAV037,M01,contenedores,mixta,Contenedores,11665.5,1032,2025-05-24 05:36:18,2025-05-24 08:54:18,2025-05-25 20:47:22,Funchal,Santos,S,0
ESC-2025-003690,9944625,Blue Fortune,NAV019,M09,pasajeros,descarga,Pasajeros,0.0,0,2025-05-24 08:48:19,2025-05-24 09:13:12,2025-05-24 18:40:39,Génova,Funchal,S,4075
ESC-2025-004532,9426178,Delta Marina II,NAV023,M09,pasajeros,mixta,Pasajeros,0.0,0,2025-05-24 14:17:54,2025-05-24 14:38:10,2025-05-24 23:50:28,Houston,Santa Cruz de Tenerife,S,3269
ESC-2025-001826,9183415,Blue Horizon II,NAV014,M03,granel_solido,descarga,Cereal,38686.2,0,2025-05-24 15:19:59,2025-05-24 16:56:38,2025-05-28 00:37:25,Rotterdam,Houston,S,0
ESC-2025-004913,9990105,Blue Carrier V,NAV035,M02,granel_solido,carga,Clínker,15644.1,0,2025-05-24 17:29:58,2025-05-24 18:47:38,2025-05-27 01:31:27,Valencia,Sines,S,0
ESC-2025-001668,9647021,Punta Pride,NAV035,M05,granel_liquido,mixta,Productos químicos,54996.3,0,2025-05-24 18:22:22,2025-05-24 21:24:18,2025-05-26 07:34:37,Le Havre,Santa Cruz de Tenerife,S,0
ESC-2025-006339,9626546,Southern Fortune,NAV008,M02,granel_solido,mixta,Pirita,23439.3,0,2025-05-25 01:04:42,2025-05-25 04:17:38,2025-05-26 14:51:54,Houston,Houston,S,0
ESC-2025-002674,9459424,Luz Fortune IV,NAV028,M07,ro_ro,descarga,Semirremolques,9349.1,0,2025-05-25 02:00:39,2025-05-25 02:04:09,2025-05-25 11:19:32,Rotterdam,Hamburgo,S,0
ESC-2025-004997,9195274,Aurora Sol,NAV006,M03,granel_solido,descarga,Cereal,34212.7,0,2025-05-25 02:09:13,2025-05-25 02:20:28,2025-05-26 18:49:14,Génova,Funchal,S,0
ESC-2025-005800,9369382,Southern Sol,NAV001,M12,granel_liquido,mixta,Ácido sulfúrico,54808.3,0,2025-05-25 06:10:18,2025-05-25 09:54:39,2025-05-26 03:05:00,Abiyán,Nueva York,S,0
ESC-2025-003493,9938640,Estrella Spirit I,NAV002,M11,carga_general,carga,Bobinas de acero,9425.3,0,2025-05-25 08:26:26,2025-05-25 12:21:05,2025-05-26 20:41:00,Algeciras,Ceuta,S,0
ESC-2025-000775,9118032,Atlantic Horizon,NAV032,M03,granel_solido,descarga,Pirita,21273.4,0,2025-05-25 09:43:27,2025-05-25 14:17:24,2025-05-27 15:30:58,Lisboa,Valencia,S,0
ESC-2025-002864,9796822,Odiel Navigator,NAV022,M12,granel_liquido,mixta,Gasóleo,59931.0,0,2025-05-25 09:48:48,2025-05-25 09:48:54,2025-05-26 16:56:16,Santos,Valencia,S,0
ESC-2025-001973,9197583,Delta Venture,NAV007,M02,granel_solido,descarga,Fertilizantes,13457.8,0,2025-05-25 15:07:41,2025-05-26 00:00:29,2025-05-28 14:21:03,Santos,Funchal,S,0
ESC-2025-002727,9272931,Southern Pioneer,NAV020,M03,granel_solido,descarga,Concentrado de cobre,23877.7,0,2025-05-25 15:17:58,2025-05-25 15:25:54,2025-05-27 14:41:55,Casablanca,Tánger Med,S,0
ESC-2025-006366,9086382,Estrella Star V,NAV036,M06,granel_liquido,mixta,Biocombustible,90305.3,0,2025-05-25 17:33:50,2025-05-25 21:56:33,2025-05-27 09:29:50,Génova,Houston,S,0
ESC-2025-004392,9218076,Doña Horizon,NAV012,M03,granel_solido,mixta,Pirita,20096.8,0,2025-05-26 00:33:30,2025-05-26 06:21:29,2025-05-28 00:56:16,Casablanca,Tánger Med,S,0
ESC-2025-000337,9397987,Tinto Express,NAV012,M01,contenedores,carga,Contenedores,2402.5,231,2025-05-26 02:08:05,2025-05-26 03:12:03,2025-05-26 19:40:22,Lisboa,Dakar,S,0
ESC-2025-000668,9157973,Southern Bay,NAV004,M06,granel_liquido,carga,Gasóleo,25681.1,0,2025-05-26 06:25:02,2025-05-26 09:09:14,2025-05-27 05:11:27,Funchal,Ceuta,S,0
ESC-2025-003555,9207558,Marisma Spirit III,NAV017,M05,granel_liquido,mixta,Productos químicos,30352.7,0,2025-05-26 11:36:28,2025-05-27 06:20:01,2025-05-28 01:23:27,Hamburgo,Houston,S,0
ESC-2025-002495,9745940,Punta Breeze I,NAV027,M05,granel_liquido,mixta,Gasóleo,39380.7,0,2025-05-26 13:09:35,2025-05-26 13:14:23,2025-05-27 04:11:05,Sines,Le Havre,S,0
ESC-2025-000315,9484522,Río Wave IV,NAV019,M04,granel_liquido,carga,Crudo,53557.6,0,2025-05-26 13:40:49,2025-05-27 00:58:08,2025-05-28 12:04:45,Hamburgo,Génova,S,0
ESC-2025-004559,9063160,Golden Trader,NAV034,M04,granel_liquido,mixta,Biocombustible,41920.3,0,2025-05-26 14:11:30,2025-05-26 20:31:06,2025-05-28 12:36:19,Dakar,Ceuta,S,0
ESC-2025-001774,9355458,Southern Spirit II,NAV010,M04,granel_liquido,mixta,Crudo,12637.5,0,2025-05-26 15:33:37,2025-05-26 16:06:41,2025-05-27 04:50:36,Valencia,Santa Cruz de Tenerife,S,0
ESC-2025-000508,9102112,Delta Spirit I,NAV035,M03,granel_solido,carga,Pirita,17545.2,0,2025-05-26 16:55:53,2025-05-27 02:35:40,2025-05-29 01:53:15,Houston,Las Palmas,S,0
ESC-2025-000790,9500467,Odiel Marina,NAV034,M08,fruta_refrigerada,carga,Fruta tropical,10113.3,0,2025-05-26 17:00:00,2025-05-27 00:54:56,2025-05-28 03:36:34,Amberes,Santa Cruz de Tenerife,S,0
ESC-2025-003098,9576337,Silver Glory,NAV006,M02,granel_solido,carga,Cereal,20096.3,0,2025-05-26 20:54:05,2025-05-27 09:23:17,2025-05-30 17:25:27,Algeciras,Nueva York,S,0
ESC-2025-000283,9093220,Atlantic Trader,NAV010,M08,fruta_refrigerada,descarga,Cítricos,8906.5,0,2025-05-26 22:00:05,2025-05-26 22:50:10,2025-05-27 12:48:47,Sines,Santa Cruz de Tenerife,S,0
ESC-2025-002339,9473468,Nordic Fortune,NAV029,M10,pesca,mixta,Pescado fresco,79.3,0,2025-05-26 22:59:25,2025-05-26 22:59:53,2025-05-27 02:31:57,Houston,Sines,N,0
ESC-2025-003924,9282584,Atlantic Pioneer,NAV008,M07,ro_ro,carga,Vehículos,9310.2,0,2025-05-26 23:18:02,27/05/2025 01:24,2025-05-27 11:48:32,Dakar,Hamburgo,S,0
ESC-2025-001818,9434072,Iberian Voyager,NAV015,M01,contenedores,mixta,Contenedores,11387.7,1141,2025-05-27 00:32:25,2025-05-27 03:21:38,2025-05-28 09:16:04,Tánger Med,Amberes,S,0
ESC-2025-003349,9442732,Punta Venture,NAV025,M12,granel_liquido,carga,Gasóleo,51167.4,0,2025-05-27 03:05:36,2025-05-27 07:53:20,2025-05-28 20:26:22,Valencia,Santa Cruz de Tenerife,S,0
ESC-2025-000413,9126766,Silver Voyager,NAV007,M03,granel_solido,carga,Clínker,30065.4,0,2025-05-27 07:14:12,2025-05-27 09:21:40,2025-05-29 19:52:20,Amberes,Hamburgo,S,0
ESC-2025-001144,9270531,Tinto Dawn,NAV012,M06,granel_liquido,descarga,Productos químicos,60036.7,0,2025-05-27 09:12:16,2025-05-27 11:18:37,2025-05-28 22:15:31,Lisboa,Algeciras,S,0
ESC-2025-001478,9118238,Doña Glory,NAV006,M02,granel_solido,descarga,Concentrado de cobre,25028.3,0,2025-05-27 12:56:06,2025-05-27 22:32:19,2025-05-29 02:02:44,Dakar,Sines,S,0
ESC-2025-001297,9954656,Punta Sol II,NAV003,M08,fruta_refrigerada,mixta,Fresa y frutos rojos,9052.0,0,2025-05-27 14:00:00,2025-05-27 14:49:03,2025-05-29 00:11:36,Algeciras,Abiyán,S,0
ESC-2025-001684,9764958,Silver Breeze,NAV040,M07,ro_ro,descarga,Vehículos,11579.8,0,2025-05-27 15:25:47,2025-05-27 15:54:24,2025-05-28 05:48:35,Houston,Hamburgo,S,0
ESC-2025-005016,9867126,Aurora Wave I,NAV002,M07,ro_ro,descarga,Vehículos,36598.6,0,2025-05-27 17:43:00,2025-05-27 23:25:42,2025-05-28 13:42:50,Casablanca,Rotterdam,S,0
ESC-2025-005802,9522908,Tinto Breeze III,NAV019,M08,fruta_refrigerada,carga,Fruta tropical,7612.3,0,2025-05-27 20:45:07,2025-05-28 00:45:13,2025-05-28 23:58:08,Valencia,Nueva York,S,0
ESC-2025-001358,9228526,Silver Navigator V,NAV039,M03,granel_solido,descarga,Fertilizantes,32773.2,0,2025-05-27 22:05:37,2025-05-28 06:30:37,2025-05-30 04:26:02,Tánger Med,Algeciras,S,0
ESC-2025-003816,9154933,Iberian Star V,NAV009,M05,granel_liquido,carga,Gasóleo,42970.0,0,2025-05-28 02:06:29,2025-05-28 23:57:51,2025-05-30 09:11:36,Santa Cruz de Tenerife,Algeciras,S,0
ESC-2025-001816,9522908,Tinto Breeze III,NAV019,M08,fruta_refrigerada,carga,Fresa y frutos rojos,13407.1,0,2025-05-28 04:00:00,2025-05-28 10:56:08,2025-05-29 15:44:10,Abiyán,Amberes,S,0
ESC-2025-000046,9451410,Delta Bay,NAV002,M01,contenedores,carga,Contenedores,12191.3,918,2025-05-28 07:02:35,2025-05-28 09:15:55,2025-05-29 08:32:41,Santos,Tánger Med,S,0
ESC-2025-003065,9369382,Southern Sol,NAV001,M04,granel_liquido,mixta,Productos químicos,51283.7,0,2025-05-28 09:01:35,2025-05-28 19:42:52,2025-05-30 21:36:32,Santos,Ceuta,S,0
ESC-2025-005544,9426178,Delta Marina II,NAV023,M09,pasajeros,carga,Pasajeros,0.0,0,2025-05-28 12:56:01,2025-05-28 13:19:37,2025-05-28 16:48:23,Sines,Las Palmas,S,1584
ESC-2025-001169,9256200,Luz Breeze,NAV009,M06,granel_liquido,mixta,Productos químicos,43079.5,0,2025-05-28 13:13:15,2025-05-28 16:21:32,2025-05-30 05:15:54,Le Havre,Las Palmas,S,0
ESC-2025-004380,9391385,Blue Marina,NAV032,M08,fruta_refrigerada,mixta,Fruta tropical,6993.6,0,2025-05-28 14:00:00,2025-05-28 20:35:16,2025-05-29 10:54:39,Santos,Sines,S,0
ESC-2025-000106,9270531,Tinto Dawn,NAV012,M04,granel_liquido,mixta,Ácido sulfúrico,74209.1,0,2025-05-28 14:00:24,2025-05-28 17:06:38,2025-05-28 23:47:32,Nueva York,Santa Cruz de Tenerife,S,0
ESC-2025-000824,9507843,Iberian Express,NAV018,M11,carga_general,carga,Madera,8481.5,0,2025-05-28 20:22:25,2025-05-28 22:28:47,2025-05-29 21:03:04,Casablanca,Lisboa,S,0
ESC-2025-001505,9473468,Nordic Fortune,NAV029,M10,pesca,mixta,Pescado fresco,29.0,0,2025-05-29 03:08:14,2025-05-29 03:22:09,2025-05-29 10:23:01,Valencia,Le Havre,S,0
ESC-2025-000124,9270531,Tinto Dawn,NAV012,M04,granel_liquido,mixta,GNL,45144.1,0,2025-05-29 04:51:17,2025-05-29 08:49:13,2025-05-30 22:33:20,Santos,Le Havre,S,0
ESC-2025-005916,9924003,Odiel Mar II,NAV015,M06,granel_liquido,mixta,Gasóleo,16481.2,0,2025-05-29 07:01:10,2025-05-29 13:13:13,2025-05-30 09:09:24,Funchal,Le Havre,S,0
ESC-2025-004951,9494670,Luz Fortune,NAV031,M07,ro_ro,descarga,Semirremolques,21947.7,0,2025-05-29 10:00:38,2025-05-29 10:30:38,2025-05-30 02:40:51,Dakar,Le Havre,S,0
ESC-2025-006472,9754288,Marisma Horizon V,NAV026,M06,granel_liquido,mixta,Gasóleo,33906.6,0,2025-05-29 16:55:23,2025-05-30 00:16:13,2025-05-31 06:21:59,Hamburgo,Houston,S,0
ESC-2025-003835,9708813,Doña Venture,NAV035,M12,granel_liquido,carga,Gasóleo,55239.1,0,2025-05-29 17:01:26,2025-05-29 18:38:58,2025-05-30 23:58:17,Hamburgo,Le Havre,S,0
ESC-2025-001626,9367487,Ocean Fortune I,NAV009,M11,carga_general,carga,Palés,6735.2,0,2025-05-29 20:33:19,2025-05-29 21:20:05,2025-05-31 02:29:16,Valencia,Las Palmas,S,0
ESC-2025-003864,9540780,Odiel Trader V,NAV009,M05,granel_liquido,carga,Ácido sulfúrico,26771.5,0,2025-05-30 00:20:27,2025-05-30 00:49:01,2025-05-31 17:09:41,Houston,Algeciras,S,0
ESC-2025-001845,9426178,Delta Marina II,NAV023,M09,pasajeros,mixta,Pasajeros,0.0,0,2025-05-30 05:12:03,2025-05-30 05:25:41,2025-05-30 14:10:33,Santa Cruz de Tenerife,Valencia,S,2347
ESC-2025-005288,9641912,Ocean Glory,NAV030,M03,granel_solido,mixta,Fertilizantes,21323.2,0,2025-05-30 06:36:58,2025-05-30 19:11:02,2025-06-01 11:34:38,Génova,Tánger Med,S,0
ESC-2025-001265,9098672,Punta Dawn,NAV035,M12,granel_liquido,descarga,Productos químicos,33879.3,0,2025-05-30 08:07:32,2025-05-31 01:08:34,2025-05-31 18:00:52,Funchal,Nueva York,S,0
ESC-2025-001669,9997361,Río Voyager III,NAV013,M03,granel_solido,mixta,Clínker,32527.5,0,2025-05-30 13:38:07,2025-05-30 15:55:06,2025-06-02 05:24:45,Las Palmas,Casablanca,S,0
ESC-2025-002633,9594248,Costa Fortune,NAV015,M03,granel_solido,carga,Concentrado de cobre,32934.0,0,2025-05-30 20:33:23,2025-05-31 05:03:09,2025-06-02 03:12:59,Le Havre,Lisboa,S,0
ESC-2025-004284,9386237,Cabo Venture,NAV038,M07,ro_ro,mixta,Vehículos,18532.9,0,2025-05-30 23:33:15,2025-05-31 00:57:36,2025-05-31 16:12:58,Funchal,Casablanca,S,0
ESC-2025-004562,9116591,Nordic Marina IV,NAV014,M01,contenedores,mixta,Contenedores,7187.6,585,2025-05-31 04:23:22,2025-05-31 10:55:39,2025-06-01 06:43:16,Hamburgo,Funchal,S,0
ESC-2025-003222,9665891,Atlantic Venture IV,NAV032,M10,pesca,descarga,Pescado fresco,58.6,0,2025-05-31 05:03:55,2025-05-31 05:16:34,2025-05-31 12:20:30,Nueva York,Génova,N,0
ESC-2025-004970,9716602,Iberian Horizon III,NAV038,M11,carga_general,descarga,Madera,5468.5,0,2025-05-31 05:22:46,2025-06-01 06:27:06,2025-06-03 00:08:37,Ceuta,Valencia,S,0
ESC-2025-003836,9116591,Nordic Marina IV,NAV014,M01,contenedores,descarga,Contenedores,3702.2,405,2025-05-31 05:39:14,2025-05-31 06:37:14,2025-06-01 02:13:04,Ceuta,Hamburgo,S,0
ESC-2025-003836,9116591,Nordic Marina IV,NAV014,M01,contenedores,descarga,Contenedores,3702.2,405,2025-05-31 05:39:14,2025-05-31 06:37:14,2025-06-01 02:13:04,Ceuta,Hamburgo,S,0
ESC-2025-006390,9342255,Blue Fortune II,NAV034,M03,granel_solido,carga,Concentrado de cobre,25258.0,0,2025-05-31 07:07:32,2025-05-31 18:09:54,2025-06-02 11:20:52,Las Palmas,Le Havre,S,0
ESC-2025-001493,9216286,Odiel Voyager,NAV031,M03,granel_solido,mixta,Cereal,32488.5,0,2025-05-31 10:48:40,2025-05-31 23:31:04,2025-06-03 09:36:43,Tánger Med,Amberes,S,0
ESC-2025-002028,9364722,Aurora Glory II,NAV023,M04,granel_liquido,mixta,Crudo,6290.9,0,2025-05-31 10:59:15,2025-05-31 11:23:23,2025-06-02 12:00:16,Ceuta,Funchal,S,0
ESC-2025-003921,9046928,Río Navigator,NAV010,M06,granel_liquido,mixta,Biocombustible,44265.9,0,2025-05-31 11:05:01,2025-05-31 21:18:53,2025-06-02 07:19:04,Casablanca,Las Palmas,S,0
ESC-2025-002640,9844588,Delta Wave,NAV001,M01,contenedores,descarga,Contenedores,10474.8,771,2025-05-31 16:44:26,2025-05-31 17:34:02,2025-06-01 16:16:52,Le Havre,Casablanca,S,0
ESC-2025-004789,9634581,Luz Dawn V,NAV017,M05,granel_liquido,descarga,Biocombustible,5646.8,0,2025-05-31 18:10:01,2025-05-31 20:25:06,2025-06-02 10:50:46,Lisboa,Tánger Med,S,0
ESC-2025-002908,9494670,Luz Fortune,NAV031,M07,ro_ro,mixta,Semirremolques,25838.7,0,2025-05-31 18:47:05,2025-05-31 18:52:09,2025-06-01 07:29:53,Valencia,Funchal,S,0
ESC-2025-004823,9270531,Tinto Dawn,NAV012,M06,granel_liquido,descarga,Ácido sulfúrico,57427.6,0,2025-05-31 21:10:59,01/06/2025 00:23,2025-06-02 13:07:15,Sines,Tánger Med,S,0
ESC-2025-004552,9236834,Aurora Fortune,NAV040,M12,granel_liquido,carga,Gasóleo,50800.4,0,2025-05-31 21:26:09,2025-06-01 03:02:50,2025-06-02 21:56:46,Ceuta,Dakar,S,0
ESC-2025-003514,9025699,Iberian Trader I,NAV001,M12,granel_liquido,mixta,Ácido sulfúrico,75088.8,0,2025-05-31 23:06:09,2025-06-01 01:27:53,2025-06-02 09:13:39,Santa Cruz de Tenerife,Funchal,S,0
ESC-2025-000188,9603192,Odiel Spirit,NAV036,M07,ro_ro,descarga,Vehículos,18981.3,0,2025-05-31 23:09:58,2025-06-01 00:14:17,2025-06-01 07:52:24,Valencia,Abiyán,S,0
ESC-2025-000762,9331919,Costa Wave,NAV027,M01,contenedores,descarga,Contenedores,7919.3,728,2025-06-01 00:59:09,2025-06-01 04:17:14,2025-06-02 01:32:34,Ceuta,Las Palmas,S,0
ESC-2025-000700,9284635,Nordic Sol IV,NAV017,M02,granel_solido,descarga,Pirita,21431.0,0,2025-06-01 06:59:14,2025-06-01 08:36:52,2025-06-04 12:30:11,Génova,Dakar,S,0
ESC-2025-003965,9126766,Silver Voyager,NAV007,M03,granel_solido,carga,Concentrado de cobre,22700.1,0,2025-06-01 10:00:01,2025-06-01 15:11:36,2025-06-03 18:20:00,Valencia,Abiyán,S,0
ESC-2025-003720,9434072,Iberian Voyager,NAV015,M01,contenedores,mixta,Contenedores,8425.8,765,2025-06-01 13:48:21,2025-06-02 14:08:26,2025-06-03 18:46:17,Casablanca,Abiyán,S,0
ESC-2025-001865,9770531,Aurora Spirit III,NAV023,M01,contenedores,mixta,Contenedores,18245.5,1515,2025-06-01 14:17:42,2025-06-01 15:12:59,2025-06-03 03:09:31,Rotterdam,Houston,S,0
ESC-2025-001180,9093464,Iberian Sol,NAV004,M04,granel_liquido,descarga,Gasóleo,99169.8,0,2025-06-01 19:28:57,2025-06-01 22:52:37,2025-06-03 04:22:17,Santos,Algeciras,S,0
ESC-2025-006024,9550230,Nordic Carrier,NAV011,M11,carga_general,carga,Bobinas de acero,3721.7,0,2025-06-01 21:57:21,2025-06-02 00:00:30,2025-06-03 13:15:16,Abiyán,Valencia,S,0
ESC-2025-004269,9023079,Cabo Breeze V,NAV015,M08,fruta_refrigerada,mixta,Cítricos,5702.7,0,2025-06-01 22:07:55,2025-06-01 22:20:31,2025-06-02 23:43:04,Casablanca,Funchal,S,0
ESC-2025-000324,9371919,Southern Pride,NAV034,M11,carga_general,carga,Madera,5535.1,0,2025-06-01 22:15:33,2025-06-02 05:22:33,2025-06-03 07:07:26,Dakar,Santa Cruz de Tenerife,S,0
ESC-2025-006200,9046928,Río Navigator,NAV010,M12,granel_liquido,carga,Gasóleo,83247900.0,0,2025-06-02 00:11:13,2025-06-02 01:18:53,2025-06-03 09:45:00,Amberes,Dakar,S,0
ESC-2025-003148,9750165,Golden Navigator,NAV014,M03,granel_solido,mixta,Clínker,13847.0,0,2025-06-02 00:38:13,2025-06-02 17:43:35,2025-06-04 21:28:34,Sines,Valencia,S,0
ESC-2025-000505,9132703,Cabo Breeze,NAV019,M05,granel_liquido,carga,GNL,56859.7,0,2025-06-02 04:11:24,2025-06-02 10:25:44,2025-06-03 06:55:07,Nueva York,Funchal,S,0
ESC-2025-002231,9465057,Costa Pride I,NAV004,M11,carga_general,carga,Palés,7292.1,0,2025-06-02 05:15:21,2025-06-02 07:49:16,2025-06-03 12:52:37,Sines,Abiyán,S,0
ESC-2025-004022,9198757,Golden Breeze,NAV032,M10,pesca,descarga,Pescado fresco,77.8,0,2025-06-02 23:20:06,2025-06-02 23:33:27,2025-06-03 05:34:08,Casablanca,Lisboa,N,0
ESC-2025-003122,9194256,Costa Glory,NAV015,M07,ro_ro,mixta,Semirremolques,18751.0,0,2025-06-03 01:36:35,2025-06-03 02:22:39,2025-06-03 12:12:26,Abiyán,Nueva York,S,0
ESC-2025-003160,9633628,Blue Pride,NAV033,M01,contenedores,mixta,Contenedores,8096.8,733,2025-06-03 07:23:17,2025-06-03 09:39:30,2025-06-04 06:03:45,Santos,Funchal,S,0
ESC-2025-001608,9228526,Silver Navigator V,NAV039,M03,granel_solido,descarga,Clínker,51193.3,0,2025-06-03 09:15:02,2025-06-03 09:23:04,2025-06-05 05:46:09,Santa Cruz de Tenerife,Dakar,S,0
ESC-2025-004764,9603219,Aurora Spirit,NAV026,M10,pesca,descarga,Pescado fresco,53.5,0,2025-06-03 09:20:51,2025-06-03 09:22:14,2025-06-03 14:04:01,Abiyán,Sines,S,0
ESC-2025-003628,9158094,Odiel Dawn,NAV006,M05,granel_liquido,descarga,Crudo,39577.1,0,2025-06-03 10:01:45,03/06/2025 14:01,2025-06-04 13:38:55,Algeciras,Houston,S,0
ESC-2025-001974,9272931,Southern Pioneer,NAV020,M03,granel_solido,descarga,Fertilizantes,35764.9,0,2025-06-03 10:05:30,2025-06-03 11:11:28,2025-06-05 03:20:41,Génova,Ceuta,S,0
ESC-2025-006428,9342255,Blue Fortune II,NAV034,M03,granel_solido,descarga,Clínker,32112.4,0,2025-06-03 10:17:35,2025-06-04 15:36:42,2025-06-06 04:45:32,Dakar,Le Havre,S,0
ESC-2025-000837,9118238,Doña Glory,NAV006,M02,granel_solido,carga,Concentrado de cobre,-36482.6,0,2025-06-03 11:54:32,2025-06-03 22:01:20,2025-06-07 00:09:17,Amberes,Dakar,S,0
ESC-2025-000793,9465057,Costa Pride I,NAV004,M11,carga_general,carga,Maquinaria,5225.2,0,2025-06-03 12:45:37,2025-06-03 17:10:39,2025-06-05 04:39:05,Ceuta,Hamburgo,S,0
ESC-2025-002082,9406518,Tinto Voyager,NAV016,M04,granel_liquido,descarga,Productos químicos,22667.0,0,2025-06-03 15:32:40,2025-06-03 18:12:45,2025-06-05 00:05:36,Nueva York,Le Havre,S,0
ESC-2025-005949,9051777,Tinto Mar V,NAV029,M12,granel_liquido,mixta,GNL,10371.9,0,2025-06-03 23:58:40,2025-06-04 04:59:24,2025-06-05 09:37:03,Hamburgo,Le Havre,S,0
ESC-2025-006377,9948346,Tinto Sol V,NAV020,M09,pasajeros,carga,Pasajeros,0.0,0,2025-06-04 00:04:30,2025-06-04 00:47:47,2025-06-04 10:10:07,Abiyán,Rotterdam,S,1453
ESC-2025-002043,9663582,Delta Express IV,NAV026,M07,ro_ro,descarga,Vehículos,21583.4,0,2025-06-04 00:16:12,2025-06-04 04:35:07,2025-06-04 16:08:28,Hamburgo,Las Palmas,S,0
ESC-2025-005492,9270531,Tinto Dawn,NAV012,M04,granel_liquido,mixta,Ácido sulfúrico,51494.1,0,2025-06-04 01:14:19,2025-06-04 07:35:01,2025-06-05 03:57:06,Casablanca,Lisboa,S,0
ESC-2025-001202,9548768,Aurora Trader II,NAV029,M02,granel_solido,carga,Pirita,36956.8,0,2025-06-04 04:17:34,2025-06-04 11:11:17,2025-06-06 16:40:45,Tánger Med,Santos,S,0
ESC-2025-000146,9376153,Río Wave,NAV031,M09,pasajeros,descarga,Pasajeros,0.0,0,2025-06-04 07:46:57,2025-06-04 07:53:02,2025-06-04 17:20:20,Lisboa,Las Palmas,S,3458
ESC-2025-003062,9418834,Costa Navigator V,NAV035,M02,granel_solido,descarga,Cereal,38982.9,0,2025-06-04 08:11:00,2025-06-04 09:19:36,2025-06-07 02:49:40,Génova,Abiyán,S,0
ESC-2025-001446,9118238,Doña Glory,NAV006,M02,granel_solido,descarga,Cereal,39200.4,0,2025-06-04 13:41:08,2025-06-04 17:57:33,2025-06-05 18:32:46,Hamburgo,Santa Cruz de Tenerife,S,0
ESC-2025-003494,9355367,Delta Navigator I,NAV012,M01,contenedores,mixta,Contenedores,6140.2,521,2025-06-04 14:59:45,2025-06-04 16:09:20,2025-06-05 23:09:40,Valencia,Houston,S,0
ESC-2025-003079,9276406,Atlantic Dawn,NAV020,M11,carga_general,descarga,Maquinaria,8569.7,0,2025-06-04 16:32:00,2025-06-04 19:18:16,2025-06-05 16:36:02,Valencia,Casablanca,S,0
ESC-2025-004790,9025699,Iberian Trader I,NAV001,M04,granel_liquido,mixta,Crudo,54709.9,0,2025-06-04 18:16:04,2025-06-06 05:23:54,2025-06-07 18:53:40,Nueva York,Nueva York,S,0
ESC-2025-003208,9878369,Costa Horizon,NAV040,M08,fruta_refrigerada,descarga,Cítricos,15536.3,0,2025-06-05 00:19:58,2025-06-05 03:09:47,2025-06-05 12:13:15,Algeciras,Génova,S,0
ESC-2025-006431,9156204,Silver Glory III,NAV021,M03,granel_solido,carga,Fertilizantes,42381.9,0,2025-06-05 03:21:20,2025-06-05 05:50:04,2025-06-06 18:38:00,Santa Cruz de Tenerife,Génova,S,0
ESC-2025-000215,9355458,Southern Spirit II,NAV010,M06,granel_liquido,mixta,Ácido sulfúrico,8615.9,0,2025-06-05 03:50:24,2025-06-05 07:58:18,2025-06-06 01:01:29,Santa Cruz de Tenerife,Valencia,S,0
ESC-2025-004162,9263394,Odiel Horizon,NAV034,M10,pesca,mixta,Pescado fresco,30.1,0,2025-06-05 04:32:58,2025-06-05 04:33:46,2025-06-05 00:33:46,Santa Cruz de Tenerife,Hamburgo,S,0
ESC-2025-002741,9536624,Silver Star III,NAV012,M01,contenedores,descarga,Contenedores,4771.6,341,2025-06-05 04:43:38,2025-06-05 06:09:41,2025-06-06 13:02:43,Santos,Amberes,S,0
ESC-2025-000361,9132703,Cabo Breeze,NAV019,M05,granel_liquido,mixta,Gasóleo,57316.2,0,2025-06-05 06:41:37,2025-06-05 08:57:21,2025-06-05 23:37:57,Nueva York,Ceuta,S,0
ESC-2025-005268,9521198,Blue Bay III,NAV036,M10,pesca,mixta,Pescado fresco,69.1,0,2025-06-05 08:31:49,2025-06-05 08:36:41,2025-06-05 13:24:12,Houston,Funchal,N,0
ESC-2025-003009,9005211,Cabo Sol II,NAV039,M01,contenedores,descarga,Contenedores,12474.6,1222,2025-06-05 12:31:05,2025-06-05 12:51:33,2025-06-06 06:45:25,Amberes,Funchal,S,0
ESC-2025-002632,9194256,Costa Glory,NAV015,M07,ro_ro,mixta,Vehículos,18277.3,0,2025-06-05 13:23:05,2025-06-05 15:24:42,2025-06-06 01:39:16,Santa Cruz de Tenerife,Rotterdam,S,0
ESC-2025-003224,9609550,Blue Navigator,NAV014,M07,ro_ro,carga,Vehículos,18262.6,0,2025-06-05 14:08:40,2025-06-05 15:38:58,2025-06-06 03:43:28,Santa Cruz de Tenerife,Casablanca,S,0
ESC-2025-003097,9770531,Aurora Spirit III,NAV023,M01,contenedores,mixta,Contenedores,7185.5,747,2025-06-05 14:19:47,05/06/2025 15:49,2025-06-06 06:51:45,Nueva York,Hamburgo,S,0
ESC-2025-005234,9677117,Iberian Pride,NAV017,M02,granel_solido,mixta,Clínker,20496.6,0,2025-06-05 16:12:16,2025-06-05 20:00:21,2025-06-08 03:54:47,Ceuta,Houston,S,0
ESC-2025-005831,9954917,  LUZ CARRIER II ,NAV030,M07,ro_ro,descarga,Semirremolques,20839.1,0,2025-06-05 16:18:11,2025-06-05 16:41:44,2025-06-06 09:56:13,Amberes,Funchal,S,0
ESC-2025-000553,9195274,Aurora Sol,NAV006,M02,granel_solido,descarga,Concentrado de cobre,33934.7,0,2025-06-05 16:41:56,2025-06-05 21:49:26,2025-06-08 06:23:48,Las Palmas,Santos,S,0
ESC-2025-006414,9948346,Tinto Sol V,NAV020,M09,pasajeros,descarga,Pasajeros,0.0,0,2025-06-05 16:51:21,2025-06-05 16:51:50,2025-06-05 23:50:45,Amberes,Dakar,S,1521
ESC-2025-001553,9484522,Río Wave IV,NAV019,M12,granel_liquido,carga,Ácido sulfúrico,32383.4,0,2025-06-05 20:24:35,2025-06-07 10:40:07,2025-06-08 06:06:46,Algeciras,Casablanca,S,0
ESC-2025-001374,9227118,Silver Sol,NAV013,M02,granel_solido,carga,Concentrado de cobre,22022.3,0,2025-06-05 20:59:02,2025-06-06 02:57:25,2025-06-08 14:26:57,Funchal,Hamburgo,S,0
ESC-2025-003541,9537977,Luz Voyager V,NAV002,M02,granel_solido,mixta,Fertilizantes,27168.1,0,2025-06-06 00:09:26,2025-06-06 08:45:07,2025-06-07 07:59:20,Funchal,Santa Cruz de Tenerife,S,0
ESC-2025-001025,9159373,Delta Star,NAV005,M01,contenedores,descarga,Contenedores,8498.4,770,2025-06-06 01:02:41,2025-06-06 04:33:07,2025-06-07 10:26:48,Valencia,Houston,S,0
ESC-2025-000001,9418834,Costa Navigator V,NAV035,M03,granel_solido,mixta,Pirita,28771.7,0,2025-06-06 02:17:05,2025-06-06 03:59:31,2025-06-07 21:42:10,Santa Cruz de Tenerife,Dakar,S,0
ESC-2025-000458,9131761,Southern Trader,NAV032,M07,ro_ro,descarga,Semirremolques,34004.8,0,2025-06-06 04:11:47,2025-06-06 09:04:36,2025-06-06 17:57:53,Funchal,Sines,S,0
ESC-2025-005495,9465851,Luz Glory IV,NAV008,M03,granel_solido,carga,Clínker,21093.6,0,2025-06-06 04:52:35,2025-06-06 16:15:14,2025-06-08 02:38:23,Santos,Nueva York,S,0
ESC-2025-004364,9331919,Costa Wave,NAV027,M01,contenedores,mixta,Contenedores,6006.2,641,2025-06-06 05:01:53,2025-06-06 12:11:35,2025-06-07 03:35:17,Houston,Amberes,S,0
ESC-2025-004234,9350628,Aurora Express,NAV028,M01,contenedores,mixta,Contenedores,6436.0,688,2025-06-06 07:23:46,2025-06-06 10:05:04,2025-06-07 05:44:41,Hamburgo,Lisboa,S,0
ESC-2025-003708,9430090,Odiel Mar,NAV035,M03,granel_solido,mixta,Fertilizantes,19515.2,0,2025-06-06 08:52:10,2025-06-06 09:27:08,2025-06-09 01:33:45,Génova,Casablanca,S,0
ESC-2025-001134,9495507,Costa Bay,NAV040,M01,contenedores,descarga,Contenedores,13401.9,1143,2025-06-06 12:30:28,2025-06-06 13:31:48,2025-06-06 07:31:48,Houston,Valencia,S,0
ESC-2025-005683,9677117,Iberian Pride,NAV017,M02,granel_solido,carga,Fertilizantes,21405.9,0,2025-06-06 14:40:49,2025-06-07 11:07:14,2025-06-07 08:07:14,Santos,Dakar,S,0
ESC-2025-003912,9194256,Costa Glory,NAV015,M07,ro_ro,carga,Vehículos,18787.4,0,2025-06-06 18:18:23,2025-06-06 18:56:24,2025-06-07 05:33:32,Houston,Lisboa,S,0
ESC-2025-000388,9114634,Aurora Bay,NAV040,M01,contenedores,descarga,Contenedores,12854.4,1423,2025-06-06 18:50:57,2025-06-06 20:58:47,2025-06-07 21:22:06,Las Palmas,Amberes,S,0
ESC-2025-005425,9287900,Delta Spirit,NAV040,M07,ro_ro,carga,Semirremolques,19175.4,0,2025-06-06 21:27:08,2025-06-06 22:35:07,2025-06-07 08:17:26,Génova,Nueva York,S,0
ESC-2025-003436,9488231,Atlantic Voyager,NAV033,M03,granel_solido,descarga,Pirita,21860.0,0,2025-06-06 21:51:52,2025-06-07 08:38:01,2025-06-09 11:57:44,Santos,Dakar,S,0
ESC-2025-001242,9030022,Costa Fortune V,NAV007,M10,pesca,mixta,Pescado fresco,52.0,0,2025-06-06 22:44:22,2025-06-06 22:57:06,2025-06-07 05:04:32,Algeciras,Casablanca,N,0
ESC-2025-005541,9133135,Punta Star III,NAV004,M12,granel_liquido,mixta,Crudo,33608.7,0,2025-06-07 06:04:42,2025-06-07 16:00:28,2025-06-08 12:38:20,Hamburgo,Génova,S,0
ESC-2025-002541,9738167,Silver Venture,NAV013,M09,pasajeros,mixta,Pasajeros,0.0,0,2025-06-07 06:29:22,2025-06-07 06:39:04,2025-06-07 14:54:33,Ceuta,Nueva York,S,2132
ESC-2025-002755,9320221,Tinto Pride,NAV024,M08,fruta_refrigerada,mixta,Cítricos,7053.3,0,2025-06-07 07:09:19,2025-06-07 07:25:34,2025-06-08 15:16:52,Casablanca,Le Havre,S,0
ESC-2025-004270,9230268,Luz Express,NAV022,M01,contenedores,mixta,Contenedores,16305.4,1168,2025-06-07 16:50:31,2025-06-07 16:54:40,2025-06-08 07:27:15,Génova,Algeciras,S,0
ESC-2025-002248,9331919,Costa Wave,NAV027,M01,contenedores,mixta,Contenedores,6681.5,601,2025-06-07 18:16:33,2025-06-08 02:24:51,2025-06-08 16:23:58,Amberes,Casablanca,S,0
ESC-2025-002589,9465928,Southern Voyager,NAV003,M08,fruta_refrigerada,carga,Fresa y frutos rojos,5312.5,0,2025-06-07 22:33:40,2025-06-07 22:37:33,2025-06-08 19:20:16,Lisboa,Santa Cruz de Tenerife,S,0
ESC-2025-001593,9243320,Golden Pride,NAV028,M06,granel_liquido,carga,Crudo,78996.6,0,2025-06-07 23:09:39,2025-06-08 01:13:32,2025-06-09 15:05:03,Funchal,Hamburgo,S,0
ESC-2025-004148,9218076,Doña Horizon,NAV012,M02,granel_solido,descarga,Pirita,20921.7,0,2025-06-08 07:16:51,2025-06-08 07:41:01,2025-06-09 11:42:01,Abiyán,Houston,S,0
ESC-2025-005108,9227118,Silver Sol,NAV013,M03,granel_solido,carga,Cereal,21514.2,0,2025-06-08 10:37:37,2025-06-08 16:49:07,2025-06-10 09:37:50,Ceuta,Ceuta,S,0
ESC-2025-004475,9132703,Cabo Breeze,NAV019,M05,granel_liquido,descarga,GNL,54950.1,0,2025-06-08 13:18:22,2025-06-09 08:05:24,2025-06-11 02:16:20,Las Palmas,Casablanca,S,0
ESC-2025-006163,9361641,Luz Pride,NAV024,M07,ro_ro,descarga,Vehículos,20888.4,0,2025-06-08 13:33:54,2025-06-08 15:02:04,2025-06-09 02:57:47,Algeciras,Lisboa,S,0
ESC-2025-005264,9556313,Punta Bay,NAV018,M11,carga_general,carga,Palés,6449.3,0,2025-06-08 17:34:05,2025-06-08 22:35:55,2025-06-10 14:18:19,Abiyán,Algeciras,S,0
ESC-2025-000097,9158094,Odiel Dawn,NAV006,M05,granel_liquido,carga,Productos químicos,35818.4,0,2025-06-08 19:18:15,2025-06-08 19:28:48,2025-06-10 08:07:09,Hamburgo,Génova,S,0
ESC-2025-001953,9202039,Luz Navigator,NAV033,M03,granel_solido,carga,Cereal,34969.5,0,2025-06-08 19:44:57,2025-06-09 02:56:56,2025-06-10 15:27:16,Le Havre,Funchal,S,0
ESC-2025-000953,9844588,Delta Wave,NAV001,M01,contenedores,descarga,Contenedores,9259.7,717,2025-06-09 01:08:26,2025-06-09 01:21:25,2025-06-09 23:59:38,Lisboa,Santos,S,0
ESC-2025-004917,9190901,Tinto Wave,NAV017,M11,carga_general,descarga,Maquinaria,12021.4,0,2025-06-09 01:21:02,2025-06-09 08:07:35,2025-06-10 17:04:32,Génova,Santa Cruz de Tenerife,S,0
ESC-2025-004900,9548768,Aurora Trader II,NAV029,M02,granel_solido,descarga,Cereal,29940.2,0,2025-06-09 04:37:30,2025-06-09 09:15:23,2025-06-10 10:37:15,Rotterdam,Abiyán,S,0
ESC-2025-000709,9276406,Atlantic Dawn,NAV020,M11,carga_general,descarga,Bobinas de acero,7709.2,0,2025-06-09 05:21:00,2025-06-09 13:05:34,2025-06-10 23:04:04,Casablanca,Nueva York,S,0
ESC-2025-005816,9311945,Blue Fortune III,NAV037,M10,pesca,mixta,Pescado fresco,47.3,0,2025-06-09 05:51:13,2025-06-09 05:58:47,2025-06-09 10:54:20,Dakar,Tánger Med,S,0
ESC-2025-005862,9149469,Río Spirit IV,NAV036,M03,granel_solido,mixta,Clínker,32920.9,0,2025-06-09 07:39:27,2025-06-09 10:38:34,2025-06-12 06:21:33,Sines,Las Palmas,S,0
ESC-2025-002921,9088330,Southern Fortune I,NAV003,M04,granel_liquido,mixta,GNL,75838.2,0,2025-06-09 07:47:04,2025-06-10 03:06:02,2025-06-11 12:32:15,Lisboa,Tánger Med,S,0
ESC-2025-005020,9826809,Delta Voyager,NAV034,M04,granel_liquido,descarga,Productos químicos,72356.5,0,2025-06-09 12:15:01,2025-06-10 04:05:31,2025-06-11 10:14:47,Génova,Santa Cruz de Tenerife,S,0
ESC-2025-005951,9164330,Tinto Trader III,NAV025,M01,contenedores,carga,Contenedores,14542.2,1161,2025-06-09 13:58:42,09/06/2025 19:43,2025-06-11 01:06:55,Abiyán,Lisboa,S,0
ESC-2025-005933,9148104,Marisma Pride,NAV010,M10,pesca,mixta,Pescado fresco,8.6,0,2025-06-09 15:17:35,2025-06-09 15:18:09,2025-06-09 18:16:28,Funchal,Nueva York,S,0
ESC-2025-004008,9603192,Odiel Spirit,NAV036,M07,ro_ro,descarga,Semirremolques,22297.7,0,2025-06-09 17:32:08,2025-06-09 18:11:50,2025-06-10 06:46:41,Lisboa,Hamburgo,S,0
ESC-2025-005873,9459709,Río Marina,NAV024,M12,granel_liquido,mixta,Gasóleo,36293.1,0,2025-06-09 17:41:01,2025-06-09 23:18:27,2025-06-11 08:54:54,Funchal,Hamburgo,S,0
ESC-2025-001288,9603192,Odiel Spirit,NAV036,M07,ro_ro,carga,Semirremolques,19570.0,0,2025-06-09 19:43:12,2025-06-09 21:54:06,2025-06-10 08:38:57,Santa Cruz de Tenerife,Génova,S,0
ESC-2025-003989,9149469,Río Spirit IV,NAV036,M02,granel_solido,carga,Concentrado de cobre,21995.4,0,2025-06-09 20:24:15,2025-06-10 11:11:57,2025-06-11 15:32:43,Houston,Dakar,S,0
ESC-2025-005034,9948346,Tinto Sol V,NAV020,M09,pasajeros,mixta,Pasajeros,0.0,0,2025-06-10 00:11:26,2025-06-10 01:00:09,2025-06-10 08:02:16,Sines,Funchal,S,2705
ESC-2025-002713,9387047,Doña Breeze III,NAV001,M03,granel_solido,descarga,Fertilizantes,34200.7,0,2025-06-10 05:18:20,2025-06-10 10:29:32,2025-06-11 19:51:16,Lisboa,Tánger Med,S,0
ESC-2025-001956,9948346,Tinto Sol V,NAV020,M09,pasajeros,descarga,Pasajeros,0.0,0,2025-06-10 10:05:25,2025-06-10 10:06:15,2025-06-10 23:46:11,Valencia,Funchal,S,4140
ESC-2025-005225,9276406,Atlantic Dawn,NAV020,M11,carga_general,carga,Palés,13314.0,0,2025-06-10 19:19:28,2025-06-12 01:23:42,2025-06-13 10:22:23,Funchal,Nueva York,S,0
ESC-2025-001879,9211444,Ocean Carrier,NAV014,M08,fruta_refrigerada,mixta,Fresa y frutos rojos,6057.6,0,2025-06-10 20:40:51,2025-06-10 21:12:55,2025-06-11 21:39:07,Amberes,Santos,S,0
ESC-2025-005588,9311490,Río Trader IV,NAV033,,pesca,mixta,Pescado fresco,49.3,0,2025-06-10 21:52:41,2025-06-10 22:02:13,2025-06-11 05:27:12,Rotterdam,Le Havre,N,0
ESC-2025-006464,9912490,Río Pride,NAV037,M08,fruta_refrigerada,carga,Fresa y frutos rojos,15164.3,0,2025-06-11 00:42:34,2025-06-11 01:20:56,2025-06-11 13:57:29,Ceuta,Génova,S,0
ESC-2025-005841,9276406,Atlantic Dawn,NAV020,M11,carga_general,mixta,Palés,6761.9,0,2025-06-11 01:44:49,2025-06-11 02:59:50,2025-06-12 17:08:58,Hamburgo,Génova,S,0
ESC-2025-002141,9459424,Luz Fortune IV,NAV028,M07,ro_ro,mixta,Semirremolques,11305.0,0,2025-06-11 02:21:53,2025-06-11 02:34:06,2025-06-11 16:58:45,Santos,Santa Cruz de Tenerife,S,0
ESC-2025-004499,9361914,Cabo Marina,NAV037,M02,granel_solido,mixta,Fertilizantes,12200.4,0,2025-06-11 07:18:00,2025-06-11 17:06:12,2025-06-12 19:52:11,Amberes,Ceuta,S,0
ESC-2025-005875,9263394,Odiel Horizon,NAV034,M10,pesca,carga,Pescado fresco,9.2,0,2025-06-11 16:26:52,2025-06-11 16:27:27,2025-06-11 19:56:41,Santa Cruz de Tenerife,Dakar,S,0
ESC-2025-002613,9042219,Marisma Trader,NAV015,M03,granel_solido,carga,Cereal,15447.5,0,2025-06-11 20:10:08,2025-06-12 02:45:27,2025-06-14 14:19:46,Houston,Santos,S,0
ESC-2025-002795,9495507,Costa Bay,NAV040,M01,contenedores,descarga,Contenedores,3656.8,370,2025-06-12 07:37:28,2025-06-12 08:24:02,2025-06-13 12:38:03,Lisboa,Casablanca,S,0
ESC-2025-004442,9149469,Río Spirit IV,NAV036,M02,granel_solido,descarga,Cereal,23955.1,0,2025-06-12 08:08:17,2025-06-12 12:33:40,2025-06-13 19:37:56,Abiyán,Le Havre,S,0
ESC-2025-001208,9126766,Silver Voyager,NAV007,M03,granel_solido,descarga,Pirita,16744.9,0,2025-06-12 09:40:06,2025-06-12 10:19:04,2025-06-14 14:10:30,Santa Cruz de Tenerife,Abiyán,S,0
ESC-2025-000166,9754288,  MARISMA HORIZON V ,NAV026,M06,granel_liquido,mixta,GNL,37413.4,0,2025-06-12 09:57:15,2025-06-12 12:44:48,2025-06-13 22:00:35,Ceuta,Hamburgo,S,0
ESC-2025-003162,9589475,Cabo Fortune,NAV007,M01,contenedores,descarga,Contenedores,7054.7,531,2025-06-12 12:33:21,2025-06-12 14:23:44,2025-06-13 05:21:45,Santos,Abiyán,S,0
ESC-2025-002627,9594248,Costa Fortune,NAV015,M03,granel_solido,descarga,Fertilizantes,25984.3,0,2025-06-12 19:38:53,2025-06-13 06:52:48,2025-06-14 22:24:01,Le Havre,Tánger Med,S,0
ESC-2025-005979,9376153,Río Wave,NAV031,M09,pasajeros,mixta,Pasajeros,0.0,0,2025-06-12 21:11:10,2025-06-12 21:35:34,2025-06-13 12:25:11,Rotterdam,Génova,S,3142
ESC-2025-006020,9944625,Blue Fortune,NAV019,M09,pasajeros,mixta,Pasajeros,0.0,0,2025-06-12 21:19:07,12/06/2025 21:50,2025-06-13 03:06:23,Casablanca,Tánger Med,S,1595
ESC-2025-003303,9495507,Costa Bay,NAV040,M01,contenedores,mixta,Contenedores,7759.0,801,2025-06-13 07:59:56,2025-06-13 13:29:52,2025-06-14 13:04:27,Valencia,Nueva York,S,0
ESC-2025-004940,9867126,Aurora Wave I,NAV002,M07,ro_ro,descarga,Semirremolques,20675.1,0,2025-06-13 08:30:53,2025-06-13 11:34:40,2025-06-14 00:39:41,Santa Cruz de Tenerife,Valencia,S,0
ESC-2025-006333,9473468,Nordic Fortune,NAV029,M10,pesca,mixta,Pescado fresco,55.4,0,2025-06-13 08:36:21,2025-06-13 08:45:43,2025-06-13 15:31:13,Génova,Valencia,S,0
ESC-2025-001664,9133135,Punta Star III,NAV004,M04,granel_liquido,descarga,Crudo,36277.1,0,2025-06-13 08:40:48,2025-06-14 00:20:40,2025-06-15 10:53:30,Dakar,Sines,S,0
ESC-2025-002228,9643192,Silver Breeze II,NAV013,M03,granel_solido,descarga,Cereal,19533.9,0,2025-06-13 10:19:08,2025-06-13 19:24:04,2025-06-16 00:10:48,Sines,Houston,S,0
ESC-2025-001781,9095888,Estrella Pioneer,NAV010,M02,granel_solido,mixta,Clínker,22489.8,0,2025-06-13 14:08:32,2025-06-13 16:45:27,2025-06-15 05:27:22,Hamburgo,Funchal,S,0
ESC-2025-001028,9603192,Odiel Spirit,NAV036,M07,ro_ro,carga,Semirremolques,27090.6,0,2025-06-13 14:25:39,2025-06-13 20:06:42,2025-06-14 06:48:04,Casablanca,Algeciras,S,0
ESC-2025-002762,9520261,  NORDIC EXPRESS V ,NAV017,M07,ro_ro,carga,Semirremolques,11479.4,0,2025-06-13 14:55:07,2025-06-13 15:14:22,2025-06-14 07:11:04,Lisboa,Santos,S,0
ESC-2025-004419,9312547,Punta Pride III,NAV030,M12,granel_liquido,mixta,Gasóleo,27998.6,0,2025-06-13 19:03:10,2025-06-14 02:55:22,2025-06-15 10:21:57,Las Palmas,Santos,S,0
ESC-2025-001482,9654488,Delta Sol,NAV035,M02,granel_solido,descarga,Concentrado de cobre,46846.6,0,2025-06-13 21:51:18,2025-06-14 10:56:57,2025-06-16 02:50:31,Casablanca,Sines,S,0
ESC-2025-005820,9228526,Silver Navigator V,NAV039,M02,granel_solido,descarga,Fertilizantes,52800.3,0,2025-06-13 23:16:31,2025-06-14 05:56:19,2025-06-16 03:13:47,Hamburgo,Génova,S,0
ESC-2025-005516,9408011,Cabo Voyager,NAV021,M04,granel_liquido,carga,GNL,48683.4,0,2025-06-13 23:21:11,2025-06-14 19:09:51,2025-06-16 07:03:59,Algeciras,Casablanca,S,0
ESC-2025-004863,9180516,Marisma Glory,NAV034,M04,granel_liquido,mixta,GNL,61454.5,0,2025-06-14 00:53:26,2025-06-14 06:36:44,2025-06-15 09:35:11,Tánger Med,Hamburgo,S,0
ESC-2025-004863,9180516,Marisma Glory,NAV034,M04,granel_liquido,mixta,GNL,61454.5,0,2025-06-14 00:53:26,2025-06-14 06:36:44,2025-06-15 09:35:11,Tánger Med,Hamburgo,S,0
ESC-2025-002002,9371919,Southern Pride,NAV034,M11,carga_general,descarga,Bobinas de acero,5995.6,0,2025-06-14 04:35:02,2025-06-14 08:18:16,2025-06-16 03:25:52,Abiyán,Casablanca,S,0
ESC-2025-000839,9521198,Blue Bay III,NAV036,M10,pesca,mixta,Pescado fresco,49.8,0,2025-06-14 07:03:32,2025-06-14 07:12:55,2025-06-14 12:31:05,Dakar,Le Havre,S,0
ESC-2025-004824,9936604,Silver Star,NAV010,M08,fruta_refrigerada,mixta,Fresa y frutos rojos,9305.9,0,2025-06-14 08:06:33,2025-06-14 11:27:20,2025-06-15 02:33:28,Le Havre,Ceuta,S,0
ESC-2025-005185,9151632,Golden Trader V,NAV030,M12,granel_liquido,carga,GNL,11912.0,0,2025-06-14 08:49:56,2025-06-15 01:56:12,2025-06-16 06:37:58,Amberes,Abiyán,S,0
ESC-2025-001102,9435818,  ESTRELLA BREEZE ,NAV033,M01,contenedores,mixta,Contenedores,8443.7,653,2025-06-14 17:43:17,2025-06-15 06:24:43,2025-06-15 23:21:58,Algeciras,Nueva York,S,0
ESC-2025-003722,9171371,Ocean Pioneer,NAV025,M02,granel_solido,carga,Cereal,13352.0,0,2025-06-14 18:02:22,2025-06-15 17:59:27,2025-06-17 07:54:12,Abiyán,Ceuta,S,0
ESC-2025-000915,9654488,Delta Sol,NAV035,M03,granel_solido,mixta,Fertilizantes,31245.1,0,2025-06-14 19:22:16,2025-06-14 19:25:35,2025-06-17 08:13:54,Algeciras,Génova,S,0
ESC-2025-004467,9025699,Iberian Trader I,NAV001,M05,granel_liquido,mixta,Crudo,39915.8,0,2025-06-14 21:58:45,2025-06-15 03:11:13,2025-06-16 13:47:13,Le Havre,Casablanca,S,0
ESC-2025-000321,9057915,Blue Spirit,NAV028,M04,granel_liquido,mixta,Biocombustible,32170.4,0,2025-06-15 02:42:07,2025-06-15 23:41:52,2025-06-17 08:09:19,Santos,Dakar,S,0
ESC-2025-005471,9732890,Tinto Marina,NAV033,M04,granel_liquido,carga,Ácido sulfúrico,7344.4,0,2025-06-15 03:02:05,2025-06-15 04:54:05,2025-06-16 13:37:37,Casablanca,Houston,S,0
ESC-2025-001842,9443229,Blue Dawn,NAV010,M12,granel_liquido,carga,GNL,42138.6,0,2025-06-15 14:48:23,2025-06-15 15:25:54,2025-06-17 10:34:40,Abiyán,Ceuta,S,0
ESC-2025-005561,9075113,Delta Glory,NAV023,M12,granel_liquido,mixta,Productos químicos,8734.1,0,2025-06-15 16:49:47,2025-06-15 21:39:14,2025-06-16 21:43:24,Las Palmas,Dakar,S,0
ESC-2025-005699,9119517,Costa Venture II,NAV036,M02,granel_solido,carga,Fertilizantes,27885.4,0,2025-06-16 02:22:40,2025-06-16 05:17:01,2025-06-18 16:29:48,Santos,Tánger Med,S,0
ESC-2025-000774,9540780,Odiel Trader V,NAV009,M04,granel_liquido,descarga,Productos químicos,31017.2,0,2025-06-16 17:50:35,2025-06-16 19:35:17,2025-06-17 22:36:18,Rotterdam,Génova,S,0
ESC-2025-005824,9444091,Nordic Dawn,NAV005,M06,granel_liquido,mixta,Ácido sulfúrico,16044.5,0,2025-06-16 18:45:28,2025-06-16 19:58:55,2025-06-17 22:53:14,Santos,Dakar,S,0
ESC-2025-006347,9311490,Río Trader IV,NAV033,M10,pesca,descarga,Pescado fresco,13.8,0,2025-06-16 19:23:59,2025-06-16 19:35:04,2025-06-16 23:09:04,Santa Cruz de Tenerife,Houston,N,0
ESC-2025-001344,9842700,Cabo Carrier,NAV037,M09,pasajeros,carga,Pasajeros,0.0,0,2025-06-16 22:35:18,2025-06-16 23:18:56,2025-06-17 07:01:28,Valencia,Houston,S,3845
ESC-2025-003271,9362786,Golden Pioneer,NAV005,M07,ro_ro,descarga,Vehículos,11806.6,0,2025-06-16 23:04:52,2025-06-16 23:25:34,2025-06-17 11:03:24,Dakar,Dakar,S,0
ESC-2025-002384,9680669,Estrella Fortune,NAV029,M07,ro_ro,mixta,Vehículos,14306.7,0,2025-06-16 23:39:38,2025-06-17 00:38:10,2025-06-17 15:36:00,Funchal,Ceuta,S,0
ESC-2025-001437,9738167,Silver Venture,NAV013,M09,pasajeros,descarga,Pasajeros,0.0,0,2025-06-17 03:45:58,2025-06-17 03:58:37,2025-06-17 14:27:08,Abiyán,Rotterdam,S,2942
ESC-2025-004617,9467031,Cabo Star,NAV008,M11,carga_general,carga,Madera,6306.4,0,2025-06-17 06:25:06,2025-06-17 07:58:27,2025-06-18 22:32:59,Dakar,Abiyán,S,0
ESC-2025-004070,9236834,Aurora Fortune,NAV040,M06,granel_liquido,mixta,GNL,90954.2,0,2025-06-17 08:56:55,2025-06-17 13:48:25,2025-06-19 13:29:00,Algeciras,Funchal,S,0
ESC-2025-002270,9180516,Marisma Glory,NAV034,M04,granel_liquido,descarga,Biocombustible,77462.3,0,2025-06-17 10:07:04,2025-06-18 03:17:19,2025-06-19 02:09:21,Tánger Med,Funchal,S,0
ESC-2025-005765,9520895,Río Spirit,NAV009,M04,granel_liquido,mixta,Biocombustible,49413.9,0,2025-06-17 10:34:05,2025-06-17 12:47:45,2025-06-19 08:54:29,Santa Cruz de Tenerife,Casablanca,S,0
ESC-2025-006325,9183415,Blue Horizon II,NAV014,M03,granel_solido,carga,Clínker,39654600.0,0,2025-06-17 11:46:09,2025-06-17 16:20:17,2025-06-19 12:13:20,Amberes,Abiyán,S,0
ESC-2025-004848,9105396,  RÍO DAWN ,NAV006,M11,carga_general,carga,Palés,13836.2,0,2025-06-17 12:20:52,2025-06-17 16:26:04,2025-06-18 16:30:24,Santa Cruz de Tenerife,Nueva York,S,0
ESC-2025-002039,9442380,Odiel Horizon II,NAV013,M12,granel_liquido,mixta,GNL,51593.7,0,2025-06-17 15:56:01,2025-06-17 16:55:43,2025-06-19 03:10:54,Algeciras,Amberes,S,0
ESC-2025-005413,9387047,Doña Breeze III,NAV001,M03,granel_solido,mixta,Fertilizantes,25798.8,0,2025-06-17 16:28:11,2025-06-17 18:56:50,2025-06-19 02:11:46,Sines,Tánger Med,S,0
ESC-2025-002352,9495507,Costa Bay,NAV040,M01,contenedores,mixta,Contenedores,5045.7,503,2025-06-17 20:12:31,2025-06-17 20:23:57,2025-06-18 16:12:53,Las Palmas,Nueva York,S,0
ESC-2025-004211,9952402,Punta Pioneer,NAV032,M10,pesca,carga,Pescado fresco,20.3,0,2025-06-18 00:59:41,2025-06-18 01:19:24,2025-06-18 06:50:08,Nueva York,Valencia,S,0
ESC-2025-004958,9874595,Nordic Breeze,NAV020,M11,carga_general,descarga,Palés,6287.0,0,2025-06-18 03:48:23,2025-06-18 04:24:21,2025-06-19 11:04:06,Hamburgo,Santa Cruz de Tenerife,S,0
ESC-2025-005141,9816622,Río Fortune,NAV010,M11,carga_general,descarga,Madera,10234.3,0,2025-06-18 09:08:51,2025-06-18 14:54:18,2025-06-20 16:12:06,Funchal,Casablanca,S,0
ESC-2025-005281,9809253,Río Bay,NAV005,M02,granel_solido,carga,Clínker,23760.8,0,2025-06-18 13:20:26,2025-06-19 04:11:14,2025-06-21 09:47:54,Génova,Tánger Med,S,0
ESC-2025-002448,9952402,Punta Pioneer,NAV032,M10,pesca,carga,Pescado fresco,55.1,0,2025-06-18 17:28:12,2025-06-18 17:33:02,2025-06-19 02:23:40,Amberes,Dakar,S,0
ESC-2025-001463,9095888,Estrella Pioneer,NAV010,M02,granel_solido,carga,Concentrado de cobre,36748.8,0,2025-06-18 23:21:14,19/06/2025 00:08,2025-06-21 03:41:33,Sines,Abiyán,S,0
ESC-2025-000738,9057915,Blue Spirit,NAV028,M04,granel_liquido,descarga,Gasóleo,25870.8,0,2025-06-18 23:31:29,19/06/2025 03:08,2025-06-21 00:29:10,Valencia,Génova,S,0
ESC-2025-005065,9039896,Blue Breeze,NAV036,M04,granel_liquido,carga,Crudo,18473.7,0,2025-06-19 00:26:03,2025-06-19 04:51:37,2025-06-20 12:53:27,Valencia,Santa Cruz de Tenerife,S,0
ESC-2025-003552,9220328,Odiel Carrier II,NAV022,M03,granel_solido,mixta,Concentrado de cobre,13915.3,0,2025-06-19 03:47:40,2025-06-19 15:34:24,2025-06-21 07:49:35,Ceuta,Funchal,S,0
ESC-2025-000681,9531090,Iberian Marina,NAV031,M03,granel_solido,descarga,Concentrado de cobre,11727.3,0,2025-06-19 04:23:05,2025-06-19 08:20:07,2025-06-21 14:23:35,Rotterdam,Génova,S,0
ESC-2025-001984,9429601,Marisma Spirit IV,NAV040,M02,granel_solido,carga,Cereal,22935.7,0,2025-06-19 05:18:41,2025-06-19 10:43:37,2025-06-21 06:33:28,Valencia,Rotterdam,S,0
ESC-2025-001477,9548768,Aurora Trader II,NAV029,M03,granel_solido,carga,Concentrado de cobre,30358.2,0,2025-06-19 07:38:12,2025-06-19 23:51:05,2025-06-22 02:39:07,Abiyán,Santa Cruz de Tenerife,S,0
ESC-2025-000084,9936135,  LUZ DAWN ,NAV008,M03,granel_solido,descarga,Fertilizantes,23295.0,0,2025-06-19 13:59:53,2025-06-19 21:06:51,2025-06-21 05:20:49,Santa Cruz de Tenerife,Génova,S,0
ESC-2025-001321,9132703,Cabo Breeze,NAV019,M04,granel_liquido,mixta,Gasóleo,48870.9,0,2025-06-19 19:50:44,2025-06-20 07:49:40,2025-06-21 17:53:56,Houston,Algeciras,S,0
ESC-2025-003204,9362786,Golden Pioneer,NAV005,M07,ro_ro,carga,Vehículos,7859.1,0,2025-06-19 20:26:09,2025-06-19 23:00:57,2025-06-20 09:40:15,Casablanca,Le Havre,S,0
ESC-2025-005433,9419474,Ocean Glory I,NAV022,M11,carga_general,carga,Maquinaria,10569.7,0,2025-06-19 23:48:23,2025-06-20 02:33:57,2025-06-20 21:10:19,Génova,Santos,S,0
ESC-2025-006282,9874595,Nordic Breeze,NAV020,M11,carga_general,carga,Palés,9456.9,0,2025-06-20 00:25:15,2025-06-20 03:10:54,2025-06-20 18:49:56,Valencia,Santa Cruz de Tenerife,S,0
ESC-2025-005982,9148130,Odiel Star II,NAV019,M05,granel_liquido,carga,Biocombustible,77258.2,0,2025-06-20 00:45:18,2025-06-20 01:33:03,2025-06-21 07:37:04,Santa Cruz de Tenerife,Santos,S,0
ESC-2025-004586,9929338,Tinto Venture I,NAV017,M12,granel_liquido,descarga,Crudo,86130.6,0,2025-06-20 06:02:35,2025-06-20 11:06:11,2025-06-21 18:09:24,Santos,Abiyán,S,0
ESC-2025-001616,9368390,Doña Spirit IV,NAV003,M01,contenedores,mixta,Contenedores,11550.1,891,2025-06-20 07:58:14,2025-06-20 16:57:13,2025-06-21 09:33:44,Santos,Las Palmas,S,0
ESC-2025-001627,9459424,Luz Fortune IV,NAV028,M07,ro_ro,mixta,Vehículos,9872.6,0,2025-06-20 07:58:47,2025-06-20 10:51:01,2025-06-20 23:40:39,Sines,Génova,S,0
ESC-2025-006313,9484522,Río Wave IV,NAV019,M05,granel_liquido,descarga,Crudo,55335.7,0,2025-06-20 10:40:54,2025-06-20 13:26:00,2025-06-21 23:13:12,Algeciras,Nueva York,S,0
ESC-2025-004051,9145425,Costa Express,NAV032,M06,granel_liquido,mixta,Crudo,44424.9,0,2025-06-20 13:17:00,2025-06-20 15:10:06,2025-06-21 20:50:43,Santa Cruz de Tenerife,Nueva York,S,0
ESC-2025-005981,9151632,Golden Trader V,NAV030,M12,granel_liquido,mixta,Ácido sulfúrico,7746.0,0,2025-06-20 19:30:44,2025-06-20 19:59:49,2025-06-21 19:58:59,Nueva York,Lisboa,S,0
ESC-2025-000527,9492907,Ocean Star II,NAV037,M11,carga_general,mixta,Bobinas de acero,6745.8,0,2025-06-20 22:48:29,2025-06-20 23:56:32,2025-06-22 19:16:15,Valencia,Génova,S,0
ESC-2025-005880,9677117,Iberian Pride,NAV017,M03,granel_solido,descarga,Fertilizantes,20953.4,0,2025-06-21 01:22:33,23/06/2025 03:13,2025-06-25 20:59:56,Le Havre,Sines,S,0
ESC-2025-002291,9263394,Odiel Horizon,NAV034,M10,pesca,descarga,Pescado fresco,75.8,0,2025-06-21 07:29:06,2025-06-21 07:29:06,2025-06-21 15:05:47,Dakar,Sines,S,0
ESC-2025-003757,9355458,Southern Spirit II,NAV010,M05,granel_liquido,mixta,Crudo,10173.9,0,2025-06-21 11:13:24,2025-06-21 21:26:54,2025-06-23 06:15:05,Sines,Dakar,S,0
ESC-2025-002350,9603192,Odiel Spirit,NAV036,M07,ro_ro,descarga,Vehículos,14827.1,0,2025-06-21 19:12:41,2025-06-21 19:31:05,2025-06-22 15:08:26,Las Palmas,Funchal,S,0
ESC-2025-005511,9230268,Luz Express,NAV022,M01,contenedores,descarga,Contenedores,6503.4,638,2025-06-21 21:09:47,2025-06-22 18:00:44,2025-06-23 10:13:50,Génova,Dakar,S,0
ESC-2025-005511,9230268,Luz Express,NAV022,M01,contenedores,descarga,Contenedores,6503.4,638,2025-06-21 21:09:47,2025-06-22 18:00:44,2025-06-23 10:13:50,Génova,Dakar,S,0
ESC-2025-002065,9156204,Silver Glory III,NAV021,M02,granel_solido,mixta,Pirita,33992.8,0,2025-06-21 23:55:25,2025-06-22 01:05:56,2025-06-23 00:33:16,Santa Cruz de Tenerife,Nueva York,S,0
ESC-2025-004076,9026564,Tinto Mar,NAV040,M06,granel_liquido,descarga,Ácido sulfúrico,28692.3,0,2025-06-22 00:37:28,2025-06-22 01:22:50,2025-06-23 14:35:48,Sines,Abiyán,S,0
ESC-2025-005913,9030022,Costa Fortune V,NAV007,M10,pesca,mixta,Pescado fresco,9.8,0,2025-06-22 03:39:02,2025-06-22 03:46:38,2025-06-22 10:07:51,Rotterdam,Abiyán,S,0
ESC-2025-003055,9282584,Atlantic Pioneer,NAV008,M07,ro_ro,mixta,Vehículos,16830.1,0,2025-06-22 05:35:08,2025-06-22 05:50:27,2025-06-22 12:21:07,Santos,Funchal,S,0
ESC-2025-001005,9043055,Ocean Venture,NAV012,M10,pesca,descarga,Pescado fresco,31.8,0,2025-06-22 09:20:44,2025-06-22 09:28:44,2025-06-22 16:39:29,Tánger Med,Tánger Med,S,0
ESC-2025-002207,9884227,Silver Bay II,NAV035,M10,pesca,descarga,Pescado fresco,73.1,0,2025-06-22 15:43:11,2025-06-22 15:49:38,2025-06-22 22:22:46,Algeciras,Lisboa,N,0
ESC-2025-000342,9754288,Marisma Horizon V,NAV026,M12,granel_liquido,carga,Crudo,45711.3,0,2025-06-22 18:27:23,2025-06-23 00:12:39,2025-06-23 21:16:19,Funchal,Le Havre,S,0
ESC-2025-004563,9954917,Luz Carrier II,NAV030,M07,ro_ro,descarga,Vehículos,17531.3,0,2025-06-22 23:02:25,2025-06-22 23:50:09,2025-06-23 20:37:04,Santa Cruz de Tenerife,Santa Cruz de Tenerife,S,0
ESC-2025-005161,9661716,Aurora Horizon,NAV002,M06,granel_liquido,descarga,Productos químicos,45906.9,0,2025-06-22 23:34:04,2025-06-23 03:58:35,2025-06-24 13:15:26,Las Palmas,Rotterdam,S,0
ESC-2025-003667,9368223,Iberian Navigator,NAV010,M10,pesca,descarga,Pescado fresco,56.1,0,2025-06-23 03:57:02,2025-06-23 04:03:44,2025-06-23 13:08:44,Algeciras,Santa Cruz de Tenerife,N,0
ESC-2025-000452,9412543,Estrella Sol,NAV033,M06,granel_liquido,carga,Ácido sulfúrico,21590.0,0,2025-06-23 08:06:58,2025-06-24 16:35:35,2025-06-25 20:46:11,Génova,Sines,S,0
ESC-2025-004336,9663582,Delta Express IV,NAV026,M07,ro_ro,descarga,Vehículos,14189.1,0,2025-06-23 12:20:13,2025-06-23 13:26:02,2025-06-24 02:53:40,Ceuta,Génova,S,0
ESC-2025-003446,9634581,Luz Dawn V,NAV017,M05,granel_liquido,carga,Ácido sulfúrico,9275.9,0,2025-06-23 12:37:06,2025-06-23 16:10:28,2025-06-24 23:38:37,Dakar,Ceuta,S,0
ESC-2025-005177,9521198,  BLUE BAY III ,NAV036,M10,pesca,carga,Pescado fresco,40.3,0,2025-06-24 00:35:07,2025-06-24 00:56:32,2025-06-24 08:44:16,Rotterdam,Génova,S,0
ESC-2025-004587,9263394,Odiel Horizon,NAV034,M10,pesca,carga,Pescado fresco,49.5,0,2025-06-24 00:57:15,2025-06-24 01:03:32,2025-06-24 08:58:02,Houston,Valencia,N,0
ESC-2025-003858,9216286,Odiel Voyager,NAV031,M02,granel_solido,mixta,Fertilizantes,25000.2,0,2025-06-24 05:21:38,2025-06-24 05:24:12,2025-06-26 08:20:47,Lisboa,Algeciras,S,0
ESC-2025-001354,9465057,Costa Pride I,NAV004,M11,carga_general,descarga,Maquinaria,4615.5,0,2025-06-24 05:32:41,2025-06-24 13:24:30,2025-06-25 02:09:13,Abiyán,Le Havre,S,0
ESC-2025-004357,9180633,Doña Carrier,NAV034,M12,granel_liquido,carga,Ácido sulfúrico,24629.3,0,2025-06-24 08:34:52,2025-06-24 12:52:41,2025-06-25 11:55:14,Rotterdam,Sines,S,0
ESC-2025-006244,9576337,Silver Glory,NAV006,M02,granel_solido,descarga,Fertilizantes,22203.0,0,2025-06-24 12:03:29,2025-06-24 13:42:11,2025-06-26 07:25:40,Houston,Amberes,S,0
ESC-2025-003704,9536624,Silver Star III,NAV012,M01,contenedores,mixta,Contenedores,15014.4,1208,2025-06-24 16:01:30,2025-06-24 17:37:57,2025-06-25 22:19:08,Tánger Med,Hamburgo,S,0
ESC-2025-003553,9311490,Río Trader IV,NAV033,M10,pesca,mixta,Pescado fresco,49.2,0,2025-06-24 16:46:17,2025-06-24 16:53:31,2025-06-25 01:20:22,Amberes,Tánger Med,S,0
ESC-2025-006265,9898084,Marisma Fortune,NAV013,M12,granel_liquido,mixta,Biocombustible,75830.9,0,2025-06-24 21:50:24,2025-06-25 04:28:48,2025-06-26 03:07:59,Hamburgo,Casablanca,S,0
ESC-2025-005320,9765768,Cabo Pride I,NAV007,M12,granel_liquido,carga,Gasóleo,45578.2,0,2025-06-24 22:45:56,2025-06-25 09:41:35,2025-06-26 09:44:10,Valencia,Hamburgo,S,0
ESC-2025-005557,9216286,Odiel Voyager,NAV031,M02,granel_solido,descarga,Clínker,20405.0,0,2025-06-25 08:19:12,2025-06-26 06:11:34,2025-06-29 13:52:26,Houston,Le Havre,S,0
ESC-2025-000459,9492907,Ocean Star II,NAV037,M11,carga_general,mixta,Madera,6184.5,0,2025-06-25 13:06:31,2025-06-25 20:26:26,2025-06-27 06:15:38,Las Palmas,Abiyán,S,0
ESC-2025-005738,9663582,Delta Express IV,NAV026,M07,ro_ro,descarga,Semirremolques,23981.4,0,2025-06-25 16:02:34,2025-06-25 17:35:12,2025-06-26 03:58:04,Lisboa,Algeciras,S,0
ESC-2025-006215,9222869,Aurora Trader,NAV038,M01,contenedores,carga,Contenedores,8690.0,796,2025-06-25 18:47:31,2025-06-25 21:27:54,2025-06-26 14:40:20,Hamburgo,Sines,S,0
ESC-2025-002366,9126132,Atlantic Venture,NAV018,M12,granel_liquido,descarga,Gasóleo,58200.2,0,2025-06-25 21:32:01,2025-06-26 09:57:08,2025-06-27 08:42:34,Valencia,Santa Cruz de Tenerife,S,0
ESC-2025-001098,9587568,Río Pioneer I,NAV026,M02,granel_solido,carga,Pirita,19298.1,0,2025-06-25 22:15:34,2025-06-25 22:43:16,2025-06-28 09:41:16,Santa Cruz de Tenerife,Algeciras,S,0
ESC-2025-000181,9460124,  ESTRELLA BAY ,NAV021,M08,fruta_refrigerada,mixta,Cítricos,12832.7,0,2025-06-25 23:51:48,2025-06-26 11:01:49,2025-06-27 13:56:19,Lisboa,Funchal,S,0
ESC-2025-004077,9621766,Delta Trader IV,NAV006,M01,contenedores,descarga,Contenedores,15347.7,1306,2025-06-26 04:08:51,2025-06-26 17:06:53,2025-06-27 01:28:50,Santos,Santos,S,0
ESC-2025-004077,9621766,Delta Trader IV,NAV006,M01,contenedores,descarga,Contenedores,15347.7,1306,2025-06-26 04:08:51,2025-06-26 17:06:53,2025-06-27 01:28:50,Santos,Santos,S,0
ESC-2025-004872,9154567,Estrella Trader III,NAV025,M11,carga_general,descarga,Bobinas de acero,11208.0,0,2025-06-26 05:44:33,2025-06-26 11:32:06,2025-06-28 01:23:24,Dakar,Algeciras,S,0
ESC-2025-001727,9093464,Iberian Sol,NAV004,M06,granel_liquido,carga,Biocombustible,57758.7,0,2025-06-26 08:30:15,2025-06-26 19:42:38,2025-06-27 17:07:08,Las Palmas,Lisboa,S,0
ESC-2025-002697,9614294,Punta Express,NAV032,M03,granel_solido,carga,Clínker,20394.1,0,2025-06-26 09:50:00,2025-06-26 12:29:02,2025-06-27 01:23:21,Las Palmas,Génova,S,0
ESC-2025-001414,9952402,Punta Pioneer,NAV032,M10,pesca,carga,Pescado fresco,29.4,0,2025-06-26 12:18:07,2025-06-26 12:52:10,2025-06-26 17:19:13,Le Havre,Sines,S,0
ESC-2025-006233,9068720,Silver Venture II,NAV030,M10,pesca,mixta,Pescado fresco,69.9,0,2025-06-26 18:53:48,2025-06-26 19:43:57,2025-06-27 02:38:47,Algeciras,Rotterdam,N,0
ESC-2025-002174,9736327,Iberian Dawn,NAV033,M03,granel_solido,carga,Pirita,27824.4,0,2025-06-26 21:01:58,2025-06-26 22:58:33,2025-06-28 06:12:52,Lisboa,Santa Cruz de Tenerife,S,0
ESC-2025-004724,9417816,Golden Wave,NAV024,M07,ro_ro,mixta,Vehículos,36652.8,0,2025-06-26 23:10:23,2025-06-27 00:12:22,2025-06-27 11:50:56,Valencia,Dakar,S,0
ESC-2025-002349,9783588,Iberian Star,NAV025,M11,carga_general,carga,Madera,2948.3,0,2025-06-27 00:33:31,2025-06-27 06:02:42,2025-06-28 10:56:46,Lisboa,Funchal,S,0
ESC-2025-000077,9353993,Southern Horizon,NAV039,M04,granel_liquido,carga,Productos químicos,62650.6,0,2025-06-27 03:04:18,27/06/2025 09:49,2025-06-28 14:13:54,Rotterdam,Lisboa,S,0
ESC-2025-005517,9459709,Río Marina,NAV024,M06,granel_liquido,mixta,Ácido sulfúrico,43118.0,0,2025-06-27 05:09:12,2025-06-27 09:52:02,2025-06-28 06:20:20,Dakar,Nueva York,S,0
ESC-2025-006041,9589475,Cabo Fortune,NAV007,M01,contenedores,mixta,Contenedores,11594.1,873,2025-06-27 07:56:49,2025-06-27 11:34:06,2025-06-28 13:30:09,Casablanca,Tánger Med,S,0
ESC-2025-001301,9782431,Iberian Wave,NAV016,M04,granel_liquido,carga,Ácido sulfúrico,77482.3,0,2025-06-27 09:31:38,2025-06-27 13:57:21,2025-06-29 04:37:07,Abiyán,Tánger Med,S,0
ESC-2025-003707,9614294,Punta Express,NAV032,M02,granel_solido,carga,Fertilizantes,27630.8,0,2025-06-27 10:50:18,2025-06-27 12:09:51,2025-06-29 12:17:15,Rotterdam,Santos,S,0
ESC-2025-003804,9704348,Punta Glory,NAV002,M08,fruta_refrigerada,mixta,Fresa y frutos rojos,9332.6,0,2025-06-27 15:00:44,2025-06-27 16:49:30,2025-06-28 13:57:31,Santa Cruz de Tenerife,Valencia,S,0
ESC-2025-004632,9042219,Marisma Trader,NAV015,M02,granel_solido,descarga,Fertilizantes,18311.0,0,2025-06-27 16:51:00,2025-06-27 21:20:35,2025-06-29 23:30:54,Ceuta,Santos,S,0
ESC-2025-002919,9587568,Río Pioneer I,NAV026,M02,granel_solido,mixta,Fertilizantes,15902.8,0,2025-06-27 17:04:47,2025-06-28 18:57:53,2025-07-01 02:49:37,Santa Cruz de Tenerife,Nueva York,S,0
ESC-2025-003712,9092329,Tinto Star,NAV017,M03,granel_solido,carga,Clínker,37846.6,0,2025-06-27 20:34:55,2025-06-27 21:13:31,2025-06-29 02:26:50,Casablanca,Valencia,S,0
ESC-2025-002811,9442732,Punta Venture,NAV025,M12,granel_liquido,mixta,Crudo,53124.5,0,2025-06-27 20:58:23,2025-06-28 19:20:02,2025-06-29 22:29:58,Dakar,Hamburgo,S,0
ESC-2025-000984,9154567,Estrella Trader III,NAV025,M11,carga_general,descarga,Bobinas de acero,9740.5,0,2025-06-27 21:30:52,2025-06-27 23:56:40,2025-06-28 21:59:20,Amberes,Casablanca,S,0
ESC-2025-005608,9180633,Doña Carrier,NAV034,M04,granel_liquido,descarga,Crudo,22788.5,0,2025-06-27 22:20:59,2025-06-28 14:19:23,2025-06-29 17:03:06,Génova,Abiyán,S,0
ESC-2025-001027,9207479,Punta Fortune,NAV034,M01,contenedores,mixta,Contenedores,4727.3,419,2025-06-27 23:15:50,2025-06-28 03:03:32,2025-06-29 02:43:50,Las Palmas,Hamburgo,S,0
ESC-2025-002702,9183415,Blue Horizon II,NAV014,M03,granel_solido,carga,Fertilizantes,34838.9,0,2025-06-28 02:26:06,2025-06-28 05:42:45,2025-06-30 16:10:36,Abiyán,Amberes,S,0
ESC-2025-002475,9272931,Southern Pioneer,NAV020,M03,granel_solido,mixta,Cereal,24186.5,0,2025-06-28 05:18:05,2025-06-28 06:57:24,2025-06-30 20:59:37,Santos,Lisboa,S,0
ESC-2025-005485,9686780,Tinto Carrier V,NAV039,M03,granel_solido,descarga,Concentrado de cobre,19276.8,0,2025-06-28 05:18:17,2025-06-28 07:43:36,2025-07-01 01:23:51,Nueva York,Hamburgo,S,0
ESC-2025-002307,9634581,Luz Dawn V,NAV017,M12,granel_liquido,carga,Ácido sulfúrico,6043.5,0,2025-06-28 11:54:03,2025-06-28 15:38:54,2025-06-29 14:48:30,Lisboa,Hamburgo,S,0
ESC-2025-001822,9272931,Southern Pioneer,NAV020,M03,granel_solido,descarga,Fertilizantes,32597.2,0,2025-06-28 13:23:39,2025-06-29 00:01:44,2025-07-01 03:57:54,Rotterdam,Santos,S,0
ESC-2025-006108,9576337,Silver Glory,NAV006,M03,granel_solido,carga,Fertilizantes,22300.5,0,2025-06-28 13:26:59,2025-06-28 16:37:41,2025-06-30 07:51:04,Dakar,Sines,S,0
ESC-2025-000929,9574614,Aurora Mar V,NAV029,M01,contenedores,mixta,Contenedores,12124.1,1099,2025-06-28 17:25:56,2025-06-29 01:10:50,2025-06-30 07:08:58,Génova,Abiyán,S,0
ESC-2025-006293,9131761,Southern Trader,NAV032,M07,ro_ro,carga,Vehículos,32105.4,0,2025-06-28 17:35:01,2025-06-28 20:06:05,2025-06-29 09:59:10,Le Havre,Hamburgo,S,0
ESC-2025-003438,9686780,Tinto Carrier V,NAV039,M02,granel_solido,mixta,Concentrado de cobre,11883.5,0,2025-06-28 21:31:05,2025-06-28 23:46:23,2025-07-01 19:35:59,Dakar,Nueva York,S,0
ESC-2025-005614,9754288,Marisma Horizon V,NAV026,M04,granel_liquido,mixta,Biocombustible,26033.0,0,2025-06-29 01:12:11,2025-06-29 01:46:38,2025-06-30 20:26:40,Lisboa,Tánger Med,S,0
ESC-2025-001963,9962445,Punta Marina IV,NAV029,M02,granel_solido,mixta,Concentrado de cobre,43938.6,0,2025-06-29 02:43:07,2025-06-29 10:44:56,2025-07-01 03:02:15,Santos,Dakar,S,0
ESC-2025-001925,9362786,Golden Pioneer,NAV005,M07,ro_ro,mixta,Vehículos,14839.3,0,2025-06-29 11:25:20,2025-06-29 12:32:30,2025-06-29 20:41:43,Génova,Abiyán,S,0
ESC-2025-005376,9554494,Tinto Wave IV,NAV004,M07,ro_ro,carga,Vehículos,31352.4,0,2025-06-29 12:15:31,2025-06-29 12:27:00,2025-06-30 00:32:22,Nueva York,Hamburgo,S,0
ESC-2025-006362,9171371,Ocean Pioneer,NAV025,M02,granel_solido,carga,Concentrado de cobre,26175.3,0,2025-06-29 15:06:46,2025-06-29 22:02:43,2025-07-01 21:44:44,Amberes,Nueva York,S,0
ESC-2025-002289,9159373,Delta Star,NAV005,M01,contenedores,mixta,Contenedores,8056.5,642,2025-06-29 23:20:09,2025-06-30 04:46:56,2025-07-01 01:33:17,Algeciras,Hamburgo,S,0
ESC-2025-001409,9055943,Río Venture,NAV002,M02,granel_solido,carga,Cereal,24304.6,0,2025-06-30 01:36:41,2025-06-30 22:14:21,2025-07-02 16:59:29,Hamburgo,Funchal,S,0
ESC-2025-005340,9503445,Ocean Mar,NAV034,M12,granel_liquido,carga,Productos químicos,70478.9,0,2025-06-30 01:53:58,2025-07-01 04:01:42,2025-07-02 03:33:42,Le Havre,Santos,S,0
ESC-2025-001348,9600396,Estrella Pioneer V,NAV007,M10,pesca,descarga,Pescado fresco,65.7,0,2025-06-30 02:30:36,2025-06-30 02:49:08,2025-06-30 07:10:13,Lisboa,Ceuta,S,0
ESC-2025-002657,9125293,Nordic Bay,NAV020,M04,granel_liquido,mixta,GNL,45236.0,0,2025-06-30 05:08:37,2025-06-30 09:01:30,2025-06-30 14:16:22,Sines,Abiyán,S,0
ESC-2025-006241,9351828,Iberian Spirit,NAV008,M06,granel_liquido,descarga,Biocombustible,25450.3,0,2025-06-30 07:10:12,2025-06-30 13:36:05,2025-07-01 23:56:47,Santos,Santos,S,0
ESC-2025-002953,9520895,Río Spirit,NAV009,M12,granel_liquido,carga,GNL,58719.3,0,2025-06-30 09:46:19,2025-07-01 12:00:24,2025-07-03 04:47:30,Houston,Santos,S,0
ESC-2025-004110,9260500,Southern Venture,NAV003,M01,contenedores,descarga,Contenedores,10688.4,1131,2025-06-30 10:08:00,2025-06-30 14:33:00,2025-06-30 21:22:47,Hamburgo,Lisboa,S,0
ESC-2025-001050,9459709,Río Marina,NAV024,M06,granel_liquido,carga,Biocombustible,30398.1,0,2025-06-30 11:47:06,2025-07-01 07:46:37,2025-07-03 03:42:19,Abiyán,Valencia,S,0
ESC-2025-002379,9977737,Marisma Voyager,NAV033,M11,carga_general,mixta,Palés,5145.2,0,2025-06-30 12:35:58,2025-06-30 20:34:27,2025-07-02 10:49:55,Abiyán,Lisboa,S,0
ESC-2025-001145,9467031,Cabo Star,NAV008,M11,carga_general,carga,Maquinaria,7522.4,0,2025-06-30 15:36:43,2025-06-30 16:46:52,2025-07-02 13:03:30,Nueva York,Tánger Med,S,0
ESC-2025-006017,9754288,Marisma Horizon V,NAV026,M12,granel_liquido,carga,Crudo,21539.0,0,2025-06-30 19:19:49,2025-07-01 08:36:03,2025-07-02 07:45:59,Amberes,Dakar,S,0
ESC-2025-001279,9614294,Punta Express,NAV032,M02,granel_solido,carga,Cereal,29464.7,0,2025-06-30 20:50:52,2025-06-30 23:55:28,2025-07-01 16:17:24,Le Havre,Nueva York,S,0
ESC-2025-003945,9406518,Tinto Voyager,NAV016,M04,granel_liquido,carga,Gasóleo,23221.4,0,2025-06-30 21:50:14,2025-06-30 22:21:57,2025-07-02 03:32:08,Dakar,Hamburgo,S,0
ESC-2025-001764,9750165,Golden Navigator,NAV014,M03,granel_solido,descarga,Pirita,13524.5,0,2025-06-30 23:40:56,2025-07-01 05:24:04,2025-07-03 03:29:54,Tánger Med,Dakar,S,0
ESC-2025-001992,9222869,Aurora Trader,NAV038,M01,contenedores,mixta,Contenedores,13086.5,1154,2025-07-01 01:27:57,2025-07-01 03:57:59,2025-07-02 00:54:54,Funchal,Nueva York,S,0
ESC-2025-005486,9060417,Estrella Venture,NAV025,M05,granel_liquido,carga,Productos químicos,12281.3,0,2025-07-01 01:43:19,2025-07-01 02:56:32,2025-07-02 00:39:32,Las Palmas,Rotterdam,S,0
ESC-2025-002967,9355367,Delta Navigator I,NAV012,M01,contenedores,carga,Contenedores,10179.6,1051,2025-07-01 02:02:48,2025-07-01 09:33:48,2025-07-02 13:14:32,Las Palmas,Las Palmas,S,0
ESC-2025-005579,9176761,Cabo Pride,NAV014,M01,contenedores,carga,Contenedores,17030.5,1518,2025-07-01 02:28:40,2025-07-01 06:31:49,2025-07-02 06:23:33,Abiyán,Génova,S,0
ESC-2025-004663,9429601,Marisma Spirit IV,NAV040,M03,granel_solido,mixta,Concentrado de cobre,31680.6,0,2025-07-01 10:45:01,2025-07-01 16:39:40,2025-07-05 00:00:36,Le Havre,Sines,S,0
ESC-2025-003663,9633628,Blue Pride,NAV033,M01,contenedores,mixta,Contenedores,8451.9,719,2025-07-01 11:24:18,2025-07-01 13:00:57,2025-07-02 04:13:26,Lisboa,Amberes,S,0
ESC-2025-002523,9459709,Río Marina,NAV024,M04,granel_liquido,descarga,Biocombustible,40694.7,0,2025-07-01 11:42:29,2025-07-01 16:51:57,2025-07-02 13:05:45,Valencia,Hamburgo,S,0
ESC-2025-005937,9086382,Estrella Star V,NAV036,M12,granel_liquido,carga,Productos químicos,80755.3,0,2025-07-01 15:37:55,2025-07-01 19:26:09,2025-07-02 10:27:00,Santos,Hamburgo,S,0
ESC-2025-004919,9732890,Tinto Marina,NAV033,M12,granel_liquido,descarga,Gasóleo,7832.5,0,2025-07-01 15:54:19,2025-07-02 04:05:30,2025-07-04 01:11:47,Tánger Med,Rotterdam,S,0
ESC-2025-004973,9684976,Marisma Sol III,NAV008,M12,granel_liquido,carga,Biocombustible,17133.0,0,2025-07-01 18:24:09,2025-07-02 02:17:00,2025-07-03 09:09:53,Santa Cruz de Tenerife,Amberes,S,0
ESC-2025-000435,9977737,Marisma Voyager,NAV033,M11,carga_general,carga,Palés,5298.5,0,2025-07-01 20:21:52,2025-07-01 20:28:01,2025-07-03 00:09:36,Houston,Abiyán,S,0
ESC-2025-004343,9663582,Delta Express IV,NAV026,M07,ro_ro,mixta,Semirremolques,15634.0,0,2025-07-01 22:49:28,2025-07-01 23:28:16,2025-07-02 18:14:44,Tánger Med,Rotterdam,S,0
ESC-2025-006076,9732890,Tinto Marina,NAV033,M12,granel_liquido,descarga,Productos químicos,12950.9,0,2025-07-02 00:38:00,2025-07-02 16:48:20,2025-07-03 10:53:17,Algeciras,Lisboa,S,0
ESC-2025-006076,9732890,Tinto Marina,NAV033,M12,granel_liquido,descarga,Productos químicos,12950.9,0,2025-07-02 00:38:00,2025-07-02 16:48:20,2025-07-03 10:53:17,Algeciras,Lisboa,S,0
ESC-2025-003172,9444792,Blue Pride V,NAV012,M01,contenedores,descarga,Contenedores,10277.5,1075,2025-07-02 02:54:48,2025-07-02 03:12:42,2025-07-03 00:40:28,Santos,Ceuta,S,0
ESC-2025-000898,9126132,Atlantic Venture,NAV018,M06,granel_liquido,carga,Ácido sulfúrico,50100.1,0,2025-07-02 05:03:22,2025-07-02 05:20:14,2025-07-03 00:22:44,Santa Cruz de Tenerife,Génova,S,0
ESC-2025-000925,9272931,Southern Pioneer,NAV020,M02,granel_solido,carga,Clínker,40153.3,0,2025-07-02 06:03:41,2025-07-03 07:08:15,2025-07-04 22:33:00,Amberes,Algeciras,S,0
ESC-2025-002683,9207479,Punta Fortune,NAV034,M01,contenedores,carga,Contenedores,4319.2,319,2025-07-02 08:54:14,2025-07-02 15:34:44,2025-07-03 06:47:50,Valencia,Tánger Med,S,0
ESC-2025-000304,9536624,Silver Star III,NAV012,M01,contenedores,mixta,Contenedores,7212.1,696,2025-07-02 12:16:45,2025-07-02 20:27:10,2025-07-04 01:26:24,Funchal,Algeciras,S,0
ESC-2025-002569,9092329,Tinto Star,NAV017,M03,granel_solido,carga,Clínker,46854.8,0,2025-07-02 12:38:38,2025-07-03 10:15:57,2025-07-05 18:28:51,Ceuta,Abiyán,S,0
ESC-2025-001780,9488231,Atlantic Voyager,NAV033,M03,granel_solido,descarga,Pirita,12996.4,0,2025-07-02 13:44:11,2025-07-02 16:55:34,2025-07-04 13:34:54,Houston,Algeciras,S,0
ESC-2025-002945,9068720,Silver Venture II,NAV030,M10,pesca,carga,Pescado fresco,34.1,0,2025-07-02 14:12:28,2025-07-02 14:15:54,2025-07-02 20:46:06,Algeciras,Génova,N,0
ESC-2025-004946,9621766,Delta Trader IV,NAV006,M01,contenedores,mixta,Contenedores,15914.0,1416,2025-07-02 17:07:33,2025-07-03 10:59:08,2025-07-04 16:02:38,Sines,Valencia,S,0
ESC-2025-002623,9419474,Ocean Glory I,NAV022,M11,carga_general,mixta,Bobinas de acero,6303.1,0,2025-07-02 18:07:45,2025-07-02 20:16:09,2025-07-03 14:38:12,Santa Cruz de Tenerife,Houston,S,0
ESC-2025-002912,9173824,Doña Star,NAV004,M01,contenedores,mixta,Contenedores,5440.1,558,2025-07-02 18:07:51,2025-07-02 18:46:56,2025-07-03 23:18:22,Abiyán,Abiyán,S,0
ESC-2025-005499,9548768,Aurora Trader II,NAV029,M03,granel_solido,descarga,Fertilizantes,39138.7,0,2025-07-02 23:50:18,2025-07-03 03:30:28,2025-07-05 02:04:31,Amberes,Amberes,S,0
ESC-2025-003580,9977737,Marisma Voyager,NAV033,M11,carga_general,mixta,Madera,7272.5,0,2025-07-03 00:07:57,2025-07-03 01:18:53,2025-07-04 11:49:52,Hamburgo,Tánger Med,S,0
ESC-2025-002827,9022130,Golden Spirit,NAV017,M08,fruta_refrigerada,carga,Fruta tropical,12772.6,0,2025-07-03 08:16:42,2025-07-03 11:19:44,2025-07-03 21:37:55,Amberes,Santos,S,0
ESC-2025-006478,9576337,Silver Glory,NAV006,M03,granel_solido,mixta,Cereal,29156.9,0,2025-07-03 12:54:41,2025-07-03 23:37:12,2025-07-06 05:44:41,Sines,Tánger Med,S,0
ESC-2025-000761,9418834,Costa Navigator V,NAV035,M03,granel_solido,descarga,Pirita,27924.3,0,2025-07-03 15:02:13,2025-07-04 02:06:53,2025-07-06 10:34:29,Amberes,Rotterdam,S,0
ESC-2025-001308,9114634,Aurora Bay,NAV040,M01,contenedores,carga,Contenedores,7255.0,776,2025-07-03 16:13:36,2025-07-04 09:18:34,2025-07-05 01:14:25,Hamburgo,Santa Cruz de Tenerife,S,0
ESC-2025-003571,9576337,Silver Glory,NAV006,M02,granel_solido,mixta,Concentrado de cobre,20947.5,0,2025-07-03 17:23:55,2025-07-03 18:52:41,2025-07-05 06:47:02,Houston,Houston,S,0
ESC-2025-002348,9189512,Silver Spirit,NAV028,M02,granel_solido,descarga,Pirita,12814.8,0,2025-07-03 21:14:05,2025-07-04 05:07:53,2025-07-06 18:16:09,Las Palmas,Santos,S,0
ESC-2025-002348,9189512,Silver Spirit,NAV028,M02,granel_solido,descarga,Pirita,12814.8,0,2025-07-03 21:14:05,2025-07-04 05:07:53,2025-07-06 18:16:09,Las Palmas,Santos,S,0
ESC-2025-000340,9218076,Doña Horizon,NAV012,M03,granel_solido,descarga,Cereal,22270.7,0,2025-07-04 01:16:51,2025-07-04 21:22:27,2025-07-05 21:56:59,Le Havre,Dakar,S,0
ESC-2025-000340,9218076,Doña Horizon,NAV012,M03,granel_solido,descarga,Cereal,22270.7,0,2025-07-04 01:16:51,2025-07-04 21:22:27,2025-07-05 21:56:59,Le Havre,Dakar,S,0
ESC-2025-000593,9364722,Aurora Glory II,NAV023,M06,granel_liquido,descarga,Gasóleo,11512.5,0,2025-07-04 03:06:58,04/07/2025 03:39,2025-07-05 15:03:25,Houston,Lisboa,S,0
ESC-2025-002993,9595216,Southern Breeze I,NAV002,M07,ro_ro,mixta,Semirremolques,25011.5,0,2025-07-04 03:13:06,2025-07-04 04:38:12,2025-07-04 15:47:04,Le Havre,Rotterdam,S,0
ESC-2025-005637,9153252,Estrella Carrier,NAV007,M03,granel_solido,carga,Fertilizantes,17576.0,0,2025-07-04 06:22:10,2025-07-05 07:43:42,2025-07-06 20:13:47,Sines,Ceuta,S,0
ESC-2025-006480,9482093,Southern Marina,NAV039,M05,granel_liquido,carga,GNL,27674.6,0,2025-07-04 07:44:49,2025-07-04 18:47:34,2025-07-06 04:09:49,Génova,Santos,S,0
ESC-2025-002403,9105396,Río Dawn,NAV006,M11,carga_general,descarga,Palés,13436.1,0,2025-07-04 08:01:13,2025-07-04 08:26:13,2025-07-05 22:59:12,Las Palmas,Casablanca,S,0
ESC-2025-003124,9097903,Odiel Carrier,NAV006,M05,granel_liquido,mixta,Biocombustible,22582.6,0,2025-07-04 10:58:23,2025-07-04 16:28:43,2025-07-05 17:34:04,Abiyán,Rotterdam,S,0
ESC-2025-000440,9494670,Luz Fortune,NAV031,M07,ro_ro,carga,Semirremolques,20775.2,0,2025-07-04 15:33:26,2025-07-04 16:32:49,2025-07-05 09:34:13,Santos,Ceuta,S,0
ESC-2025-005327,9369382,Southern Sol,NAV001,M12,granel_liquido,carga,Biocombustible,30970.2,0,2025-07-04 16:19:53,2025-07-04 16:36:43,2025-07-06 00:34:52,Hamburgo,Casablanca,S,0
ESC-2025-002771,9227118,Silver Sol,NAV013,M03,granel_solido,carga,Clínker,28094.4,0,2025-07-04 20:47:24,2025-07-04 22:15:39,2025-07-05 19:58:59,Le Havre,Algeciras,S,0
ESC-2025-000728,9189512,Silver Spirit,NAV028,M02,granel_solido,carga,Cereal,20542.4,0,2025-07-04 21:42:30,2025-07-05 06:13:03,2025-07-06 16:29:13,Santa Cruz de Tenerife,Nueva York,S,0
ESC-2025-005781,9553086,Golden Bay,NAV029,M05,granel_liquido,mixta,Productos químicos,63240.8,0,2025-07-04 22:37:06,2025-07-05 01:32:43,2025-07-06 09:02:27,Casablanca,Nueva York,S,0
ESC-2025-004861,9597721,Cabo Navigator,NAV038,M04,granel_liquido,mixta,GNL,26515.4,0,2025-07-04 22:47:49,2025-07-05 05:03:18,2025-07-06 09:00:46,Casablanca,Santos,S,0
ESC-2025-004061,9362786,Golden Pioneer,NAV005,M07,ro_ro,descarga,Vehículos,14830.6,0,2025-07-04 23:02:16,2025-07-05 00:04:34,2025-07-05 15:46:05,Santa Cruz de Tenerife,Algeciras,S,0
ESC-2025-001560,9806017,Río Star,NAV027,M01,contenedores,descarga,Contenedores,10253.9,950,2025-07-05 00:05:06,2025-07-05 03:42:12,2025-07-06 00:04:10,Ceuta,Las Palmas,S,0
ESC-2025-004699,9207558,Marisma Spirit III,NAV017,M05,granel_liquido,mixta,GNL,22140.6,0,2025-07-05 02:28:10,2025-07-05 03:09:33,2025-07-06 03:23:37,Casablanca,Algeciras,S,0
ESC-2025-002704,9924003,Odiel Mar II,NAV015,M12,granel_liquido,carga,Productos químicos,27759.3,0,2025-07-05 04:14:30,2025-07-05 20:18:23,2025-07-07 00:46:26,Ceuta,Valencia,S,0
ESC-2025-005976,9764958,Silver Breeze,NAV040,M07,ro_ro,descarga,Semirremolques,10473.1,0,2025-07-05 06:18:59,2025-07-05 06:51:47,2025-07-05 22:09:37,Abiyán,Las Palmas,S,0
ESC-2025-004950,9368223,Iberian Navigator,NAV010,M10,pesca,descarga,Pescado fresco,5.6,0,2025-07-05 08:26:27,2025-07-05 08:30:51,2025-07-05 14:31:22,Amberes,Ceuta,N,0
ESC-2025-006357,9392119,Odiel Voyager II,NAV025,M07,ro_ro,carga,Vehículos,23619.4,0,2025-07-05 20:01:46,2025-07-05 20:26:55,2025-07-06 04:18:30,Abiyán,Santos,S,0
ESC-2025-004980,9554494,Tinto Wave IV,NAV004,M07,ro_ro,descarga,Vehículos,19088.6,0,2025-07-05 22:36:05,2025-07-06 00:11:28,2025-07-06 06:26:06,Algeciras,Ceuta,S,0
ESC-2025-002314,9154933,Iberian Star V,NAV009,M06,granel_liquido,mixta,Ácido sulfúrico,29098.7,0,2025-07-06 00:15:23,2025-07-06 00:44:08,2025-07-07 15:29:19,Funchal,Santa Cruz de Tenerife,S,0
ESC-2025-004483,9350628,Aurora Express,NAV028,M01,contenedores,mixta,Contenedores,9198.9,810,2025-07-06 01:23:21,2025-07-07 03:18:17,2025-07-08 09:09:49,Le Havre,Lisboa,S,0
ESC-2025-002901,9589475,Cabo Fortune,NAV007,M01,contenedores,descarga,Contenedores,10270.2,1112,2025-07-06 02:37:31,2025-07-06 03:04:33,2025-07-06 15:44:13,Las Palmas,Génova,S,0
ESC-2025-003146,9228526,Silver Navigator V,NAV039,M02,granel_solido,carga,Pirita,56198.5,0,2025-07-06 04:44:38,2025-07-06 05:25:40,2025-07-08 14:54:54,Algeciras,Casablanca,S,0
ESC-2025-001742,9445459,Costa Breeze,NAV018,M02,granel_solido,mixta,Pirita,26975.3,0,2025-07-06 06:33:21,2025-07-06 09:19:19,2025-07-08 07:59:59,Génova,Génova,S,0
ESC-2025-003832,9116591,Nordic Marina IV,NAV014,M01,contenedores,carga,Contenedores,4634.8,511,2025-07-06 14:35:47,2025-07-07 01:00:38,2025-07-07 18:48:09,Santos,Las Palmas,S,0
ESC-2025-002212,9745940,Punta Breeze I,NAV027,M05,granel_liquido,mixta,GNL,62093.8,0,2025-07-06 14:54:11,2025-07-07 18:12:10,2025-07-09 04:17:42,Santa Cruz de Tenerife,Sines,S,0
ESC-2025-004406,9576337,Silver Glory,NAV006,M03,granel_solido,carga,Clínker,37785.9,0,2025-07-06 15:21:18,2025-07-07 11:15:46,2025-07-10 05:36:52,Abiyán,Nueva York,S,0
ESC-2025-000632,9548768,Aurora Trader II,NAV029,M02,granel_solido,carga,Clínker,29059.5,0,2025-07-06 16:30:40,2025-07-06 21:24:36,2025-07-08 06:41:58,Santa Cruz de Tenerife,Dakar,S,0
ESC-2025-006409,9471769,Ocean Pride,NAV030,M11,carga_general,descarga,Maquinaria,7018.6,0,2025-07-06 19:04:18,2025-07-06 20:14:42,2025-07-08 07:42:05,Santa Cruz de Tenerife,Génova,S,0
ESC-2025-001529,9423853,Odiel Pioneer,NAV028,M06,granel_liquido,descarga,Gasóleo,17334.5,0,2025-07-06 19:26:53,2025-07-07 00:17:04,2025-07-08 16:15:25,Sines,Funchal,S,0
ESC-2025-004746,9465057,Costa Pride I,NAV004,M11,carga_general,carga,Maquinaria,6675.3,0,2025-07-07 00:31:23,2025-07-07 04:14:48,2025-07-08 11:19:08,Houston,Dakar,S,0
ESC-2025-004613,9203722,Southern Voyager II,NAV034,M01,contenedores,descarga,Contenedores,15170.4,1217,2025-07-07 07:37:08,2025-07-08 04:28:02,2025-07-09 04:36:07,Ceuta,Valencia,S,0
ESC-2025-004399,9626546,Southern Fortune,NAV008,M02,granel_solido,descarga,Cereal,17998.0,0,2025-07-07 12:48:32,2025-07-07 15:19:58,2025-07-09 14:21:45,Génova,Valencia,S,0
ESC-2025-000422,9222869,Aurora Trader,NAV038,M01,contenedores,descarga,Contenedores,16262.5,1213,2025-07-07 12:54:40,2025-07-07 15:32:53,2025-07-08 11:10:11,Nueva York,Algeciras,S,0
ESC-2025-000276,9948346,Tinto Sol V,NAV020,M09,pasajeros,descarga,Pasajeros,0.0,0,2025-07-07 15:48:44,2025-07-07 15:56:43,2025-07-07 20:25:25,Algeciras,Ceuta,S,2271
ESC-2025-002586,9055943,Río Venture,NAV002,M02,granel_solido,descarga,Fertilizantes,38062.3,0,2025-07-07 16:17:42,2025-07-08 05:42:31,2025-07-10 19:40:46,Santa Cruz de Tenerife,Santos,S,0
ESC-2025-002559,9771195,Golden Venture I,NAV025,M04,granel_liquido,mixta,Gasóleo,64466.7,0,2025-07-07 21:31:26,2025-07-08 18:51:08,2025-07-09 21:35:07,Sines,Houston,S,0
ESC-2025-000692,9578270,Marisma Bay,NAV035,M03,granel_solido,descarga,Cereal,21267600.0,0,2025-07-08 01:56:11,2025-07-08 04:24:58,2025-07-10 12:46:29,Génova,Casablanca,S,0
ESC-2025-002506,9243320,Golden Pride,NAV028,M05,granel_liquido,mixta,Biocombustible,70406.5,0,2025-07-08 07:40:17,2025-07-08 11:15:39,2025-07-08 21:57:28,Sines,Santa Cruz de Tenerife,S,0
ESC-2025-006133,9822619,Ocean Bay,NAV002,M11,carga_general,carga,Maquinaria,5144.6,0,2025-07-08 10:17:53,2025-07-08 13:37:08,2025-07-10 02:26:36,Las Palmas,Sines,S,0
ESC-2025-002652,9864447,Iberian Dawn II,NAV008,M02,granel_solido,carga,Pirita,21836.3,0,2025-07-08 14:55:00,2025-07-08 15:22:44,2025-07-10 06:38:48,Amberes,Dakar,S,0
ESC-2025-000679,9936135,Luz Dawn,NAV008,M02,granel_solido,mixta,Cereal,23775.5,0,2025-07-08 18:46:20,2025-07-08 22:08:48,2025-07-11 15:34:17,Las Palmas,Abiyán,S,0
ESC-2025-003657,9595216,Southern Breeze I,NAV002,M07,ro_ro,mixta,Semirremolques,17343.3,0,2025-07-08 22:44:11,2025-07-08 23:58:56,2025-07-09 06:22:15,Santa Cruz de Tenerife,Ceuta,S,0
ESC-2025-005356,9738167,  SILVER VENTURE ,NAV013,M09,pasajeros,descarga,Pasajeros,0.0,0,2025-07-08 22:48:32,2025-07-08 23:14:22,2025-07-09 11:06:41,Algeciras,Génova,S,1986
ESC-2025-002177,9680669,Estrella Fortune,NAV029,M07,ro_ro,descarga,Semirremolques,15056.9,0,2025-07-08 23:14:55,2025-07-09 01:56:24,2025-07-09 11:11:48,Funchal,Santos,S,0
ESC-2025-001747,9361641,Luz Pride,NAV024,M07,ro_ro,descarga,Vehículos,15760.1,0,2025-07-09 00:36:25,2025-07-09 01:28:05,2025-07-09 20:26:35,Valencia,Lisboa,S,0
ESC-2025-002831,9525699,Marisma Express I,NAV013,M11,carga_general,descarga,Maquinaria,5596.7,0,2025-07-09 01:17:01,2025-07-09 10:02:03,2025-07-10 16:51:49,Rotterdam,Algeciras,S,0
ESC-2025-006380,9997361,Río Voyager III,NAV013,M02,granel_solido,carga,Pirita,36537.9,0,2025-07-09 03:46:53,2025-07-09 09:41:47,2025-07-12 10:29:29,Hamburgo,Dakar,S,0
ESC-2025-002782,9183415,Blue Horizon II,NAV014,M02,granel_solido,carga,Fertilizantes,22960.6,0,2025-07-09 05:12:14,2025-07-09 06:19:15,2025-07-11 21:05:38,Hamburgo,Valencia,S,0
ESC-2025-006243,9426178,Delta Marina II,NAV023,M09,pasajeros,carga,Pasajeros,0.0,0,2025-07-09 06:34:57,2025-07-09 07:24:53,2025-07-09 14:42:10,Hamburgo,Sines,S,2833
ESC-2025-004868,9105396,Río Dawn,NAV006,M11,carga_general,descarga,Madera,12558.0,0,2025-07-09 07:00:24,2025-07-09 09:45:05,2025-07-11 04:18:54,Ceuta,Santa Cruz de Tenerife,S,0
ESC-2025-003885,9355458,Southern Spirit II,NAV010,M12,granel_liquido,descarga,Gasóleo,9230.4,0,2025-07-09 09:13:57,2025-07-10 05:26:05,2025-07-11 18:13:13,Casablanca,Houston,S,0
ESC-2025-000396,9352119,Aurora Pioneer,NAV024,M04,granel_liquido,descarga,Productos químicos,42981.7,0,2025-07-09 11:51:01,2025-07-09 23:02:57,2025-07-10 19:45:55,Amberes,Le Havre,S,0
ESC-2025-001087,9119517,Costa Venture II,NAV036,M03,granel_solido,descarga,Concentrado de cobre,18860.8,0,2025-07-09 15:10:34,2025-07-10 09:37:49,2025-07-12 11:09:47,Santa Cruz de Tenerife,Casablanca,S,0
ESC-2025-001750,9809253,Río Bay,NAV005,M02,granel_solido,descarga,Concentrado de cobre,21924.1,0,2025-07-09 16:11:42,2025-07-09 23:29:18,2025-07-11 09:05:13,Lisboa,Casablanca,S,0
ESC-2025-003246,9944625,Blue Fortune,NAV019,M09,pasajeros,mixta,Pasajeros,0.0,0,2025-07-09 22:34:50,2025-07-09 23:12:02,2025-07-10 06:50:33,Sines,Génova,S,2316
ESC-2025-002202,9894832,Luz Spirit,NAV008,M06,granel_liquido,carga,Crudo,41405.6,0,2025-07-10 05:33:15,2025-07-10 06:11:05,2025-07-11 09:07:15,Nueva York,Rotterdam,S,0
ESC-2025-005069,9894832,Luz Spirit,NAV008,M12,granel_liquido,mixta,Productos químicos,36249.0,0,2025-07-10 06:49:12,2025-07-10 13:42:57,2025-07-12 12:07:52,Santa Cruz de Tenerife,Sines,S,0
ESC-2025-003543,9677117,Iberian Pride,NAV017,M02,granel_solido,carga,Fertilizantes,-16195.2,0,2025-07-10 07:11:20,2025-07-11 00:59:41,2025-07-12 07:38:04,Hamburgo,Lisboa,S,0
ESC-2025-001995,9272931,Southern Pioneer,NAV020,M02,granel_solido,carga,Clínker,24920.0,0,2025-07-10 11:34:34,2025-07-10 13:45:10,2025-07-11 22:09:39,Le Havre,Casablanca,S,0
ESC-2025-004165,9276638,Estrella Dawn,NAV008,M10,pesca,descarga,Pescado fresco,56.4,0,2025-07-10 11:56:27,2025-07-10 12:00:04,2025-07-10 16:14:52,Sines,Hamburgo,S,0
ESC-2025-004210,9434072,Iberian Voyager,NAV015,M01,contenedores,descarga,Contenedores,12673.2,1061,2025-07-10 12:19:30,2025-07-11 12:38:23,2025-07-12 17:39:49,Dakar,Houston,S,0
ESC-2025-006309,9857640,Silver Navigator I,NAV009,M04,granel_liquido,mixta,Ácido sulfúrico,22941.4,0,2025-07-10 13:55:23,2025-07-10 17:14:44,2025-07-12 03:24:29,Santos,Ceuta,S,0
ESC-2025-000680,9004516,Costa Spirit,NAV028,M05,granel_liquido,descarga,Gasóleo,20718.6,0,2025-07-10 16:11:00,2025-07-10 20:02:08,2025-07-12 06:59:44,Génova,Ceuta,S,0
ESC-2025-004480,9922976,Río Horizon II,NAV034,M04,granel_liquido,carga,Ácido sulfúrico,27767.0,0,2025-07-10 22:02:34,2025-07-10 22:19:23,2025-07-12 17:29:14,Abiyán,Valencia,S,0
ESC-2025-004122,9721994,Cabo Pioneer,NAV031,M08,fruta_refrigerada,descarga,Cítricos,5395.4,0,2025-07-11 00:15:31,2025-07-11 06:23:21,2025-07-11 23:40:15,Rotterdam,Algeciras,S,0
ESC-2025-001360,9842700,Cabo Carrier,NAV037,M09,pasajeros,descarga,Pasajeros,0.0,0,2025-07-11 06:32:44,2025-07-11 06:51:10,2025-07-11 13:34:47,Le Havre,Dakar,S,1978
ESC-2025-003061,9088330,Southern Fortune I,NAV003,M04,granel_liquido,carga,Ácido sulfúrico,102133.1,0,2025-07-11 07:15:48,2025-07-11 13:25:27,2025-07-12 16:18:39,Valencia,Le Havre,S,0
ESC-2025-001309,9416575,Punta Mar,NAV032,M10,pesca,descarga,Pescado fresco,26.3,0,2025-07-11 10:40:35,2025-07-11 10:55:40,2025-07-11 15:40:59,Hamburgo,Hamburgo,N,0
ESC-2025-001603,9157973,Southern Bay,NAV004,M06,granel_liquido,descarga,Gasóleo,41666.6,0,2025-07-11 11:25:07,2025-07-11 20:47:42,2025-07-13 12:49:52,Tánger Med,Tánger Med,S,0
ESC-2025-001133,9171371,Ocean Pioneer,NAV025,M03,granel_solido,mixta,Concentrado de cobre,22264.6,0,2025-07-11 14:18:34,2025-07-11 19:09:07,2025-07-14 14:12:45,Dakar,Sines,S,0
ESC-2025-004172,9717199,Doña Express,NAV017,M10,pesca,descarga,Pescado fresco,76.1,0,2025-07-11 15:49:34,2025-07-11 16:00:43,2025-07-11 18:00:43,Hamburgo,Santa Cruz de Tenerife,N,0
ESC-2025-005315,9944625,Blue Fortune,NAV019,M09,pasajeros,descarga,Pasajeros,0.0,0,2025-07-11 16:50:29,2025-07-11 18:36:25,2025-07-12 03:36:06,Valencia,Las Palmas,S,1513
ESC-2025-000017,9362786,Golden Pioneer,NAV005,M07,ro_ro,descarga,Semirremolques,7619.7,0,2025-07-11 16:58:18,2025-07-11 19:03:34,2025-07-12 09:52:09,Le Havre,Génova,S,0
ESC-2025-003980,9750165,Golden Navigator,NAV014,M03,granel_solido,descarga,Clínker,22816.6,0,2025-07-11 20:31:40,2025-07-13 02:26:16,2025-07-14 16:03:00,Tánger Med,Casablanca,S,0
ESC-2025-006399,9531090,Iberian Marina,NAV031,M03,granel_solido,descarga,Pirita,12073.0,0,2025-07-11 22:44:19,2025-07-12 04:45:21,2025-07-14 22:04:11,Amberes,Casablanca,S,0
ESC-2025-006407,9417816,Golden Wave,NAV024,M07,ro_ro,carga,Vehículos,30117.7,0,2025-07-12 00:25:09,2025-07-12 02:18:44,2025-07-12 12:00:30,Amberes,Santos,S,0
ESC-2025-001227,9459709,Río Marina,NAV024,M04,granel_liquido,mixta,Gasóleo,45897.9,0,2025-07-12 03:36:13,2025-07-12 04:42:39,2025-07-14 05:03:51,Le Havre,Funchal,S,0
ESC-2025-005531,9643192,Silver Breeze II,NAV013,M03,granel_solido,descarga,Concentrado de cobre,20873.1,0,2025-07-12 07:21:03,2025-07-12 18:38:38,2025-07-14 22:37:23,Valencia,Dakar,S,0
ESC-2025-005239,9661716,Aurora Horizon,NAV002,M06,granel_liquido,carga,Crudo,45871.2,0,2025-07-12 10:27:00,2025-07-12 16:34:03,2025-07-14 03:26:54,Rotterdam,Génova,S,0
ESC-2025-005418,9783588,  IBERIAN STAR ,NAV025,M11,carga_general,descarga,Palés,3113.3,0,2025-07-12 14:52:13,2025-07-12 21:24:28,2025-07-14 19:30:05,Algeciras,Dakar,S,0
ESC-2025-004219,9765768,Cabo Pride I,NAV007,M04,granel_liquido,carga,Biocombustible,75566.0,0,2025-07-12 16:07:47,2025-07-12 18:41:49,2025-07-14 07:00:18,Tánger Med,Lisboa,S,0
ESC-2025-001221,9415882,Southern Star II,NAV016,M03,granel_solido,mixta,Pirita,33024.8,0,2025-07-12 20:14:14,2025-07-13 00:55:02,2025-07-15 04:45:03,Rotterdam,Ceuta,S,0
ESC-2025-000256,9782431,Iberian Wave,NAV016,M04,granel_liquido,carga,Gasóleo,76164.2,0,2025-07-12 21:53:34,2025-07-12 22:35:13,2025-07-14 13:50:25,Las Palmas,Abiyán,S,0
ESC-2025-003623,9243320,Golden Pride,NAV028,M04,granel_liquido,mixta,GNL,69395.6,0,2025-07-12 22:31:02,2025-07-13 00:53:58,2025-07-14 02:36:49,Santa Cruz de Tenerife,Dakar,S,0
ESC-2025-006335,9126766,Silver Voyager,NAV007,M02,granel_solido,mixta,Pirita,33293.6,0,2025-07-13 02:52:51,2025-07-13 05:15:39,2025-07-15 03:41:13,Casablanca,Casablanca,S,0
ESC-2025-001357,9488736,Aurora Carrier,NAV013,M06,granel_liquido,descarga,Crudo,51444.4,0,2025-07-13 08:54:07,2025-07-14 04:20:44,2025-07-15 17:56:11,Lisboa,Funchal,S,0
ESC-2025-005176,9511143,Cabo Wave II,NAV023,M12,granel_liquido,carga,GNL,58740.3,0,2025-07-13 09:38:59,2025-07-13 20:58:36,2025-07-14 18:43:53,Valencia,Santos,S,0
ESC-2025-004164,9750165,Golden Navigator,NAV014,M02,granel_solido,descarga,Fertilizantes,24099.1,0,2025-07-13 19:09:57,2025-07-13 21:02:30,2025-07-16 03:03:35,Ceuta,Algeciras,S,0
ESC-2025-000280,9525699,Marisma Express I,NAV013,M11,carga_general,carga,Palés,4153400.0,0,2025-07-13 22:43:51,2025-07-13 23:38:18,2025-07-14 13:55:35,Abiyán,Houston,S,0
ESC-2025-005155,9492907,Ocean Star II,NAV037,M11,carga_general,descarga,Palés,8769.4,0,2025-07-14 01:37:44,2025-07-14 05:08:58,2025-07-15 10:07:40,Rotterdam,Le Havre,S,0
ESC-2025-002655,9092329,Tinto Star,NAV017,M02,granel_solido,mixta,Pirita,38782.4,0,2025-07-14 05:18:17,2025-07-14 10:10:32,2025-07-17 04:17:54,Valencia,Algeciras,S,0
ESC-2025-002341,9511143,Cabo Wave II,NAV023,M12,granel_liquido,mixta,Crudo,98432.2,0,2025-07-14 05:54:37,2025-07-14 07:57:29,2025-07-15 08:21:53,Hamburgo,Tánger Med,S,0
ESC-2025-002552,9154567,Estrella Trader III,NAV025,M11,carga_general,carga,Bobinas de acero,9966.8,0,2025-07-14 10:25:21,2025-07-14 22:13:32,2025-07-15 15:31:23,Funchal,Nueva York,S,0
ESC-2025-005902,9353993,Southern Horizon,NAV039,M05,granel_liquido,carga,Gasóleo,58460.3,0,2025-07-14 12:52:09,2025-07-15 16:54:23,2025-07-17 00:42:19,Génova,Las Palmas,S,0
ESC-2025-005902,9353993,Southern Horizon,NAV039,M05,granel_liquido,carga,Gasóleo,58460.3,0,2025-07-14 12:52:09,2025-07-15 16:54:23,2025-07-17 00:42:19,Génova,Las Palmas,S,0
ESC-2025-001667,9105396,Río Dawn,NAV006,M11,carga_general,descarga,Bobinas de acero,10132.5,0,2025-07-14 22:22:59,2025-07-15 00:52:47,2025-07-15 22:55:47,Hamburgo,Amberes,S,0
ESC-2025-002416,9864447,Iberian Dawn II,NAV008,M03,granel_solido,mixta,Cereal,21526.8,0,2025-07-15 02:24:24,2025-07-15 02:36:50,2025-07-17 17:07:36,Ceuta,Nueva York,S,0
ESC-2025-004097,9995674,Marisma Breeze,NAV029,M06,granel_liquido,carga,Biocombustible,44868.6,0,2025-07-15 04:47:24,2025-07-16 07:44:29,2025-07-18 03:50:47,Amberes,Rotterdam,S,0
ESC-2025-004092,9878369,Costa Horizon,NAV040,M08,fruta_refrigerada,descarga,Fruta tropical,8231.6,0,2025-07-15 10:33:40,2025-07-15 11:39:58,2025-07-16 15:52:03,Hamburgo,Santos,S,0
ESC-2025-003416,9312547,Punta Pride III,NAV030,M05,granel_liquido,carga,GNL,29765.2,0,2025-07-15 18:16:07,2025-07-15 18:58:44,2025-07-17 05:39:06,Le Havre,Abiyán,S,0
ESC-2025-005708,9159373,Delta Star,NAV005,M01,contenedores,descarga,Contenedores,8911.0,906,2025-07-15 19:50:33,2025-07-16 16:11:03,2025-07-17 10:26:05,Abiyán,Sines,S,0
ESC-2025-004959,9484132,Costa Pride IV,NAV016,M01,contenedores,descarga,Contenedores,10040.5,806,2025-07-15 22:14:35,2025-07-16 15:32:38,2025-07-17 13:41:57,Rotterdam,Santa Cruz de Tenerife,S,0
ESC-2025-004340,9467031,Cabo Star,NAV008,M11,carga_general,mixta,Maquinaria,11125.2,0,2025-07-15 23:37:46,2025-07-16 00:57:01,2025-07-17 14:37:58,Rotterdam,Santos,S,0
ESC-2025-002302,9716602,Iberian Horizon III,NAV038,M11,carga_general,descarga,Bobinas de acero,5135.4,0,2025-07-16 05:15:09,2025-07-16 06:02:53,2025-07-17 06:02:27,Le Havre,Hamburgo,S,0
ESC-2025-000495,9386237,Cabo Venture,NAV038,M07,ro_ro,mixta,Vehículos,18063.6,0,2025-07-16 09:11:54,2025-07-16 09:18:12,2025-07-17 01:39:06,Génova,Funchal,S,0
ESC-2025-005726,9194256,Costa Glory,NAV015,M07,ro_ro,descarga,Vehículos,11708.7,0,2025-07-16 09:40:32,2025-07-16 10:59:20,2025-07-17 01:13:14,Hamburgo,Tánger Med,S,0
ESC-2025-000512,9500467,Odiel Marina,NAV034,M08,fruta_refrigerada,carga,Fruta tropical,7630.0,0,2025-07-16 10:50:28,2025-07-16 13:17:09,2025-07-17 15:15:03,Sines,Casablanca,S,0
ESC-2025-004439,9736327,Iberian Dawn,NAV033,M03,granel_solido,mixta,Fertilizantes,27490.2,0,2025-07-16 11:56:19,2025-07-17 02:29:45,2025-07-19 03:27:39,Le Havre,Ceuta,S,0
ESC-2025-000199,9119555,Iberian Breeze,NAV010,M12,granel_liquido,carga,Ácido sulfúrico,47162.6,0,2025-07-16 15:18:56,16/07/2025 21:26,2025-07-17 21:44:17,Lisboa,Sines,S,0
ESC-2025-005650,9686780,Tinto Carrier V,NAV039,M03,granel_solido,carga,Pirita,15249.3,0,2025-07-16 15:42:33,2025-07-16 15:44:22,2025-07-18 20:43:23,Génova,Las Palmas,S,0
ESC-2025-002218,9417816,Golden Wave,NAV024,M07,ro_ro,mixta,Semirremolques,24419.2,0,2025-07-16 17:54:20,2025-07-16 19:49:00,2025-07-17 06:02:33,Lisboa,Tánger Med,S,0
ESC-2025-002218,9417816,Golden Wave,NAV024,M07,ro_ro,mixta,Semirremolques,24419.2,0,2025-07-16 17:54:20,2025-07-16 19:49:00,2025-07-17 06:02:33,Lisboa,Tánger Med,S,0
ESC-2025-002008,9537977,Luz Voyager V,NAV002,M02,granel_solido,descarga,Fertilizantes,37871.3,0,2025-07-16 19:49:34,2025-07-16 22:44:09,2025-07-19 05:02:19,Casablanca,Ceuta,S,0
ESC-2025-002360,9199622,Costa Pride,NAV033,M11,carga_general,carga,Palés,4169.8,0,2025-07-16 21:32:09,2025-07-17 06:25:07,2025-07-18 19:29:27,Rotterdam,Abiyán,S,0
ESC-2025-002107,9829746,Marisma Venture,NAV030,M05,granel_liquido,mixta,GNL,63042.7,0,2025-07-17 02:50:12,2025-07-17 04:56:34,2025-07-18 05:29:56,Valencia,Lisboa,S,0
ESC-2025-001203,9368223,Iberian Navigator,NAV010,M10,pesca,carga,Pescado fresco,76.2,0,2025-07-17 06:14:43,2025-07-17 06:15:42,2025-07-17 12:01:42,Hamburgo,Santos,N,0
ESC-2025-002284,9597721,Cabo Navigator,NAV038,M05,granel_liquido,descarga,Crudo,18137.6,0,2025-07-17 06:37:03,2025-07-17 17:23:39,2025-07-18 23:10:21,Hamburgo,Nueva York,S,0
ESC-2025-000981,9148130,Odiel Star II,NAV019,M04,granel_liquido,mixta,GNL,55098.7,0,2025-07-17 15:34:47,17/07/2025 16:50,2025-07-18 21:18:28,Le Havre,Tánger Med,S,0
ESC-2025-000384,9017721,Delta Dawn,NAV030,M10,pesca,mixta,Pescado fresco,61.1,0,2025-07-17 17:17:21,17/07/2025 17:27,2025-07-18 03:07:33,Las Palmas,Houston,S,0
ESC-2025-005119,9198757,Golden Breeze,NAV032,M10,pesca,descarga,Pescado fresco,36.2,0,2025-07-18 04:58:56,18/07/2025 05:00,2025-07-18 10:33:26,Sines,Houston,S,0
ESC-2025-006064,9284635,Nordic Sol IV,NAV017,M03,granel_solido,carga,Fertilizantes,13567.5,0,2025-07-18 05:01:33,2025-07-18 06:42:54,2025-07-20 03:16:15,Amberes,Santos,S,0
ESC-2025-004030,9656321,Punta Trader,NAV012,M04,granel_liquido,carga,Ácido sulfúrico,28958.3,0,2025-07-18 13:15:40,2025-07-18 13:40:07,2025-07-19 17:01:31,Ceuta,Dakar,S,0
ESC-2025-003492,9004516,Costa Spirit,NAV028,M04,granel_liquido,mixta,Biocombustible,23160.9,0,2025-07-18 17:36:05,2025-07-18 18:57:38,2025-07-20 05:38:22,Funchal,Rotterdam,S,0
ESC-2025-004137,9098672,Punta Dawn,NAV035,M05,granel_liquido,mixta,Crudo,38900.4,0,2025-07-18 17:57:05,18/07/2025 19:17,2025-07-20 04:00:31,Valencia,Las Palmas,S,0
ESC-2025-001538,9371919,Southern Pride,NAV034,M11,carga_general,carga,Palés,9156.1,0,2025-07-19 03:01:40,2025-07-19 09:34:06,2025-07-21 01:33:47,Funchal,Las Palmas,S,0
ESC-2025-004860,9284635,Nordic Sol IV,NAV017,M02,granel_solido,carga,Cereal,21596.2,0,2025-07-19 05:40:08,2025-07-19 06:18:01,2025-07-21 11:55:01,Lisboa,Dakar,S,0
ESC-2025-000253,9594248,Costa Fortune,NAV015,M03,granel_solido,mixta,Cereal,29369.3,0,2025-07-19 07:14:01,19/07/2025 09:21,2025-07-21 09:21:06,Ceuta,Génova,S,0
ESC-2025-004131,9311945,Blue Fortune III,NAV037,M10,pesca,mixta,Pescado fresco,51.1,0,2025-07-19 08:06:31,2025-07-19 08:40:29,2025-07-19 16:02:47,Amberes,Santos,N,0
ESC-2025-006123,9189512,Silver Spirit,NAV028,M03,granel_solido,carga,Fertilizantes,17065.2,0,2025-07-19 12:00:27,2025-07-20 01:05:34,2025-07-22 09:28:19,Sines,Le Havre,S,0
ESC-2025-000952,9738167,Silver Venture,NAV013,M09,pasajeros,mixta,Pasajeros,0.0,0,2025-07-19 13:18:09,2025-07-19 13:23:04,2025-07-19 23:05:32,Hamburgo,Valencia,S,1557
ESC-2025-004603,9364722,Aurora Glory II,NAV023,M04,granel_liquido,mixta,GNL,8185.2,0,2025-07-19 13:21:54,2025-07-20 04:37:22,2025-07-21 13:00:32,Dakar,Amberes,S,0
ESC-2025-004907,9119517,Costa Venture II,NAV036,M03,granel_solido,descarga,Pirita,30618.6,0,2025-07-19 13:49:56,2025-07-19 16:47:02,2025-07-21 16:21:28,Algeciras,Santa Cruz de Tenerife,S,0
ESC-2025-003838,9095888,Estrella Pioneer,NAV010,M02,granel_solido,mixta,Fertilizantes,32772.6,0,2025-07-19 20:47:26,2025-07-20 08:12:08,2025-07-21 22:06:42,Rotterdam,Las Palmas,S,0
ESC-2025-001594,9594248,Costa Fortune,NAV015,M03,granel_solido,carga,Clínker,26826.0,0,2025-07-20 05:05:57,2025-07-20 16:28:44,2025-07-22 23:42:35,Génova,Rotterdam,S,0
ESC-2025-002241,9122916,Silver Breeze III,NAV040,,granel_liquido,mixta,Ácido sulfúrico,66960.0,0,2025-07-20 10:39:37,2025-07-20 14:04:30,2025-07-22 06:41:02,Hamburgo,Abiyán,S,0
ESC-2025-003519,9151711,Delta Trader,NAV018,M08,fruta_refrigerada,mixta,Fruta tropical,17165.0,0,2025-07-20 11:27:11,2025-07-20 15:48:28,2025-07-22 04:32:38,Sines,Funchal,S,0
ESC-2025-000733,9149469,Río Spirit IV,NAV036,M03,granel_solido,descarga,Concentrado de cobre,36519.1,0,2025-07-20 12:48:01,2025-07-20 13:00:27,2025-07-20 04:00:27,Génova,Nueva York,S,0
ESC-2025-005946,9484522,Río Wave IV,NAV019,M05,granel_liquido,mixta,Gasóleo,41280.3,0,2025-07-20 13:11:09,2025-07-21 10:36:29,2025-07-22 21:41:55,Nueva York,Amberes,S,0
ESC-2025-000270,9017721,Delta Dawn,NAV030,M10,pesca,carga,Pescado fresco,74.9,0,2025-07-20 19:18:32,2025-07-20 19:29:02,2025-07-21 03:43:01,Sines,Nueva York,S,0
ESC-2025-000351,9025699,Iberian Trader I,NAV001,M05,granel_liquido,carga,Gasóleo,42874.7,0,2025-07-20 22:36:37,2025-07-21 00:27:55,2025-07-22 15:05:33,Sines,Hamburgo,S,0
ESC-2025-000266,9816622,Río Fortune,NAV010,M11,carga_general,carga,Palés,8566.7,0,2025-07-21 03:18:39,2025-07-21 08:59:53,2025-07-23 12:55:33,Algeciras,Casablanca,S,0
ESC-2025-002438,9142590,Doña Wave,NAV019,M05,granel_liquido,mixta,GNL,30329.1,0,2025-07-21 12:32:04,2025-07-21 13:01:29,2025-07-22 15:58:55,Dakar,Sines,S,0
ESC-2025-000864,9151632,Golden Trader V,NAV030,M06,granel_liquido,descarga,Biocombustible,12936.8,0,2025-07-21 18:40:45,2025-07-21 19:22:36,2025-07-23 07:50:06,Nueva York,Rotterdam,S,0
ESC-2025-000112,9151632,Golden Trader V,NAV030,M05,granel_liquido,descarga,GNL,8897.2,0,2025-07-21 19:22:08,2025-07-21 23:12:54,2025-07-22 23:16:03,Tánger Med,Abiyán,S,0
ESC-2025-003136,9995674,Marisma Breeze,NAV029,M06,granel_liquido,descarga,GNL,41924.9,0,2025-07-21 21:28:37,2025-07-22 06:28:27,2025-07-24 00:17:55,Hamburgo,Sines,S,0
ESC-2025-001230,9199622,Costa Pride,NAV033,M11,carga_general,carga,Bobinas de acero,4447.2,0,2025-07-21 23:02:46,2025-07-22 08:30:41,2025-07-23 18:02:29,Santos,Santos,S,0
ESC-2025-003841,9227118,Silver Sol,NAV013,M03,granel_solido,mixta,Fertilizantes,23207.4,0,2025-07-22 23:11:11,2025-07-23 04:26:07,2025-07-25 05:02:25,Nueva York,Tánger Med,S,0
ESC-2025-002313,9105396,Río Dawn,NAV006,M11,carga_general,descarga,Palés,13069.7,0,2025-07-22 23:55:06,2025-07-23 00:08:42,2025-07-24 07:26:07,Algeciras,Santos,S,0
ESC-2025-005868,9148130,Odiel Star II,NAV019,M06,granel_liquido,mixta,Productos químicos,53993.1,0,2025-07-23 02:13:57,2025-07-23 11:46:33,2025-07-24 22:22:47,Houston,Houston,S,0
ESC-2025-003946,9323998,Odiel Mar I,NAV003,M08,fruta_refrigerada,descarga,Cítricos,13191.5,0,2025-07-23 05:02:41,2025-07-23 06:04:05,2025-07-24 15:12:35,Santa Cruz de Tenerife,Houston,S,0
ESC-2025-000344,9270531,Tinto Dawn,NAV012,M06,granel_liquido,mixta,Ácido sulfúrico,48472.5,0,2025-07-23 07:31:06,2025-07-23 17:33:02,2025-07-25 03:25:23,Lisboa,Funchal,S,0
ESC-2025-006287,9057915,Blue Spirit,NAV028,M12,granel_liquido,descarga,Gasóleo,31904.4,0,2025-07-23 08:13:46,2025-07-23 09:39:19,2025-07-24 14:22:51,Amberes,Santa Cruz de Tenerife,S,0
ESC-2025-002286,9405186,Tinto Star II,NAV037,M01,contenedores,carga,Contenedores,18367.7,1363,2025-07-23 08:48:18,2025-07-26 13:21:01,2025-07-27 12:55:25,Santa Cruz de Tenerife,Abiyán,S,0
ESC-2025-002746,9272931,Southern Pioneer,NAV020,M03,granel_solido,mixta,Pirita,40942.2,0,2025-07-23 10:01:42,2025-07-23 18:53:07,2025-07-24 14:43:22,Las Palmas,Santos,S,0
ESC-2025-002746,9272931,Southern Pioneer,NAV020,M03,granel_solido,mixta,Pirita,40942.2,0,2025-07-23 10:01:42,2025-07-23 18:53:07,2025-07-24 14:43:22,Las Palmas,Santos,S,0
ESC-2025-002347,9898084,Marisma Fortune,NAV013,M05,granel_liquido,descarga,Gasóleo,54051.6,0,2025-07-23 13:07:22,2025-07-23 14:30:55,2025-07-24 17:14:17,Nueva York,Houston,S,0
ESC-2025-006263,9005211,Cabo Sol II,NAV039,M01,contenedores,carga,Contenedores,6334.9,598,2025-07-23 16:23:27,2025-07-24 02:34:40,2025-07-25 12:13:18,Valencia,Santa Cruz de Tenerife,S,0
ESC-2025-000468,9663582,Delta Express IV,NAV026,M07,ro_ro,carga,Vehículos,14039.0,0,2025-07-23 17:08:51,2025-07-23 19:05:33,2025-07-24 00:30:24,Amberes,Lisboa,S,0
ESC-2025-001957,9665891,Atlantic Venture IV,NAV032,M10,pesca,descarga,Pescado fresco,28.4,0,2025-07-24 00:12:18,2025-07-24 00:25:57,2025-07-24 05:00:22,Casablanca,Tánger Med,S,0
ESC-2025-005909,9957799,Río Sol,NAV006,M04,granel_liquido,carga,Biocombustible,58875.5,0,2025-07-24 07:48:14,2025-07-24 22:29:53,2025-07-26 07:46:28,Nueva York,Casablanca,S,0
ESC-2025-005609,9153252,Estrella Carrier,NAV007,M03,granel_solido,carga,Cereal,24699.9,0,2025-07-24 08:20:21,2025-07-25 03:53:05,2025-07-27 07:21:35,Casablanca,Lisboa,S,0
ESC-2025-003142,9386237,Cabo Venture,NAV038,M07,ro_ro,descarga,Vehículos,28910.7,0,2025-07-24 10:02:26,2025-07-24 12:43:11,2025-07-24 23:58:31,Génova,Casablanca,S,0
ESC-2025-005835,9063160,Golden Trader,NAV034,M05,granel_liquido,mixta,Gasóleo,23622.9,0,2025-07-24 16:05:41,2025-07-24 23:52:53,2025-07-26 16:18:29,Nueva York,Abiyán,S,0
ESC-2025-001646,9153252,Estrella Carrier,NAV007,M03,granel_solido,mixta,Clínker,23504.0,0,2025-07-24 18:28:17,2025-07-25 06:38:17,2025-07-27 05:53:52,Ceuta,Abiyán,S,0
ESC-2025-005905,9260500,Southern Venture,NAV003,M01,contenedores,carga,Contenedores,6400.4,473,2025-07-24 19:21:38,2025-07-24 20:03:55,2025-07-26 03:26:48,Le Havre,Abiyán,S,0
ESC-2025-000995,9995674,Marisma Breeze,NAV029,M04,granel_liquido,carga,Ácido sulfúrico,78967.6,0,2025-07-24 20:41:05,2025-07-24 20:53:11,2025-07-25 19:30:27,Algeciras,Dakar,S,0
ESC-2025-002000,9569700,Costa Star,NAV006,M01,contenedores,mixta,Contenedores,10219.0,752,2025-07-24 22:53:32,2025-07-25 05:52:14,2025-07-25 21:42:34,Génova,Santa Cruz de Tenerife,S,0
ESC-2025-005348,9826809,Delta Voyager,NAV034,M06,granel_liquido,descarga,Biocombustible,69670.0,0,2025-07-24 23:31:37,2025-07-25 01:50:49,2025-07-26 09:36:39,Tánger Med,Le Havre,S,0
ESC-2025-001527,9495507,Costa Bay,NAV040,M01,contenedores,descarga,Contenedores,14465.0,1300,2025-07-25 00:28:18,2025-07-25 09:21:34,2025-07-26 02:41:32,Casablanca,Algeciras,S,0
ESC-2025-001107,9405186,Tinto Star II,NAV037,M01,contenedores,descarga,Contenedores,9973.3,1058,2025-07-25 04:18:01,2025-07-26 19:10:20,2025-07-27 21:04:14,Santa Cruz de Tenerife,Las Palmas,S,0
ESC-2025-005904,9180516,Marisma Glory,NAV034,M04,granel_liquido,carga,Productos químicos,82166.4,0,2025-07-25 14:51:13,2025-07-26 12:29:25,2025-07-28 06:55:21,Le Havre,Valencia,S,0
ESC-2025-006140,9051777,Tinto Mar V,NAV029,M12,granel_liquido,carga,Biocombustible,7507.9,0,2025-07-25 21:40:50,2025-07-26 12:16:32,2025-07-27 16:08:41,Rotterdam,Las Palmas,S,0
ESC-2025-002181,9411939,Golden Breeze III,NAV010,M07,ro_ro,descarga,Vehículos,7534.3,0,2025-07-25 22:54:36,2025-07-26 01:03:35,2025-07-26 12:46:22,Hamburgo,Hamburgo,S,0
ESC-2025-000176,9430090,Odiel Mar,NAV035,M03,granel_solido,carga,Pirita,25324.5,0,2025-07-26 00:46:50,2025-07-26 05:03:49,2025-07-28 14:51:57,Santa Cruz de Tenerife,Abiyán,S,0
ESC-2025-002939,9276638,Estrella Dawn,NAV008,M10,pesca,carga,Pescado fresco,63.1,0,2025-07-26 01:25:19,2025-07-26 01:52:44,2025-07-26 07:42:20,Las Palmas,Nueva York,N,0
ESC-2025-006060,9643192,Silver Breeze II,NAV013,M02,granel_solido,carga,Pirita,34064.8,0,2025-07-26 03:59:52,2025-07-26 04:35:45,2025-07-28 01:00:55,Dakar,Abiyán,S,0
ESC-2025-001940,9511143,Cabo Wave II,NAV023,M04,granel_liquido,carga,Gasóleo,67057.8,0,2025-07-26 04:16:36,2025-07-26 06:44:15,2025-07-27 18:18:57,Santa Cruz de Tenerife,Hamburgo,S,0
ESC-2025-000544,9004516,Costa Spirit,NAV028,M06,granel_liquido,carga,Biocombustible,26690.1,0,2025-07-26 12:28:32,2025-07-27 02:43:53,2025-07-27 22:57:19,Ceuta,Le Havre,S,0
ESC-2025-002889,9272931,Southern Pioneer,NAV020,M02,granel_solido,carga,Cereal,39132.6,0,2025-07-26 16:13:22,2025-07-27 07:45:03,2025-07-29 03:56:45,Le Havre,Houston,S,0
ESC-2025-004619,9438004,Tinto Bay IV,NAV031,M06,granel_liquido,carga,Gasóleo,69777.7,0,2025-07-26 16:46:01,26/07/2025 17:58,2025-07-27 19:32:41,Hamburgo,Nueva York,S,0
ESC-2025-002872,9423853,Odiel Pioneer,NAV028,M06,granel_liquido,descarga,Biocombustible,24260.1,0,2025-07-26 18:23:22,2025-07-26 18:43:03,2025-07-27 23:52:07,Rotterdam,Algeciras,S,0
ESC-2025-004445,9287900,Delta Spirit,NAV040,M07,ro_ro,mixta,Semirremolques,24760.6,0,2025-07-26 19:36:33,2025-07-26 19:53:28,2025-07-27 07:59:53,Lisboa,Lisboa,S,0
ESC-2025-004327,9482093,Southern Marina,NAV039,M06,granel_liquido,descarga,Productos químicos,15001.7,0,2025-07-27 02:10:40,2025-07-27 20:35:25,2025-07-29 11:35:13,Le Havre,Sines,S,0
ESC-2025-004327,9482093,Southern Marina,NAV039,M06,granel_liquido,descarga,Productos químicos,15001.7,0,2025-07-27 02:10:40,2025-07-27 20:35:25,2025-07-29 11:35:13,Le Havre,Sines,S,0
ESC-2025-001565,9806017,Río Star,NAV027,M01,contenedores,descarga,Contenedores,9946.6,1004,2025-07-27 03:08:50,2025-07-27 05:16:43,2025-07-28 10:16:55,Santa Cruz de Tenerife,Rotterdam,S,0
ESC-2025-005270,9376153,Río Wave,NAV031,M09,pasajeros,carga,Pasajeros,0.0,0,2025-07-27 18:42:29,2025-07-27 19:45:23,2025-07-28 02:46:06,Hamburgo,Santos,S,1822
ESC-2025-006206,9473468,Nordic Fortune,NAV029,M10,pesca,mixta,Pescado fresco,15.7,0,2025-07-27 21:17:23,2025-07-27 21:23:24,2025-07-28 00:43:05,Ceuta,Sines,N,0
ESC-2025-001396,9105396,Río Dawn,NAV006,M11,carga_general,carga,Palés,10424.3,0,2025-07-27 21:30:48,2025-07-28 10:58:30,2025-07-29 09:02:54,Las Palmas,Algeciras,S,0
ESC-2025-001396,9105396,Río Dawn,NAV006,M11,carga_general,carga,Palés,10424.3,0,2025-07-27 21:30:48,2025-07-28 10:58:30,2025-07-29 09:02:54,Las Palmas,Algeciras,S,0
ESC-2025-000603,9537977,Luz Voyager V,NAV002,M02,granel_solido,carga,Cereal,44861.0,0,2025-07-27 22:46:41,2025-07-27 23:45:11,2025-07-29 05:23:35,Le Havre,Rotterdam,S,0
ESC-2025-003306,9494670,Luz Fortune,NAV031,M07,ro_ro,descarga,Semirremolques,17792.1,0,2025-07-28 05:16:41,2025-07-28 05:28:57,2025-07-28 14:59:16,Las Palmas,Dakar,S,0
ESC-2025-002786,9105396,Río Dawn,NAV006,M11,carga_general,carga,Madera,6873.6,0,2025-07-28 07:04:08,2025-07-28 11:04:25,2025-07-29 15:20:29,Houston,Tánger Med,S,0
ESC-2025-002914,9543823,Aurora Mar IV,NAV036,M02,granel_solido,mixta,Clínker,30166.4,0,2025-07-28 09:11:10,2025-07-28 15:13:08,2025-07-30 16:39:56,Lisboa,Génova,S,0
ESC-2025-004986,9102112,Delta Spirit I,NAV035,M03,granel_solido,descarga,Clínker,15740.5,0,2025-07-28 13:52:59,2025-07-28 16:33:30,2025-07-31 00:36:05,Funchal,Tánger Med,S,0
ESC-2025-000685,9116591,Nordic Marina IV,NAV014,M01,contenedores,carga,Contenedores,8743.6,691,2025-07-28 14:20:20,2025-07-28 22:29:09,2025-07-30 02:07:25,Nueva York,Sines,S,0
ESC-2025-004953,9537977,Luz Voyager V,NAV002,M02,granel_solido,carga,Pirita,53121.9,0,2025-07-28 18:44:52,2025-07-29 03:59:47,2025-07-30 13:42:21,Casablanca,Santa Cruz de Tenerife,S,0
ESC-2025-005197,9282584,Atlantic Pioneer,NAV008,M07,ro_ro,carga,Vehículos,9072.1,0,2025-07-28 23:25:31,2025-07-29 02:02:24,2025-07-29 18:21:09,Hamburgo,Dakar,S,0
ESC-2025-003362,9282584,Atlantic Pioneer,NAV008,M07,ro_ro,carga,Vehículos,15303.1,0,2025-07-28 23:52:45,2025-07-29 01:34:46,2025-07-29 16:29:00,Génova,Lisboa,S,0
ESC-2025-004818,9351828,Iberian Spirit,NAV008,M04,granel_liquido,mixta,GNL,26825.0,0,2025-07-29 03:03:38,2025-07-29 04:45:58,2025-07-31 03:13:33,Nueva York,Hamburgo,S,0
ESC-2025-005251,9771195,Golden Venture I,NAV025,M12,granel_liquido,carga,Ácido sulfúrico,70597.9,0,2025-07-29 03:19:18,2025-07-29 07:48:30,2025-07-29 17:06:58,Casablanca,Tánger Med,S,0
ESC-2025-000903,9043055,Ocean Venture,NAV012,M10,pesca,descarga,Pescado fresco,46.9,0,2025-07-29 05:19:53,2025-07-29 05:25:03,2025-07-29 14:44:47,Sines,Abiyán,N,0
ESC-2025-000369,9083366,Cabo Spirit,NAV007,M08,fruta_refrigerada,carga,Cítricos,6327.3,0,2025-07-29 06:14:20,2025-07-29 08:14:30,2025-07-30 07:40:39,Tánger Med,Houston,S,0
ESC-2025-003125,9361641,Luz Pride,NAV024,M07,ro_ro,carga,Vehículos,18466.1,0,2025-07-29 09:29:35,2025-07-29 10:19:31,2025-07-29 18:22:27,Amberes,Casablanca,S,0
ESC-2025-004396,9270531,Tinto Dawn,NAV012,M04,granel_liquido,mixta,Productos químicos,70984.7,0,2025-07-29 12:23:35,2025-07-29 13:46:46,2025-07-31 06:33:48,Algeciras,Nueva York,S,0
ESC-2025-002140,9621766,Delta Trader IV,NAV006,M01,contenedores,descarga,Contenedores,13279.2,1128,2025-07-29 14:11:21,2025-07-29 20:01:30,2025-07-30 12:55:05,Valencia,Funchal,S,0
ESC-2025-001143,9465057,Costa Pride I,NAV004,M11,carga_general,descarga,Palés,8977.9,0,2025-07-29 15:19:24,29/07/2025 17:46,2025-07-31 01:09:32,Las Palmas,Funchal,S,0
ESC-2025-004594,9826108,Marisma Carrier,NAV005,M04,granel_liquido,mixta,GNL,13321.9,0,2025-07-29 19:38:14,2025-07-30 04:19:52,2025-07-31 04:34:35,Casablanca,Sines,S,0
ESC-2025-000573,9105396,Río Dawn,NAV006,M11,carga_general,mixta,Madera,11803.7,0,2025-07-30 08:00:55,2025-07-30 14:08:02,2025-08-01 00:38:21,Houston,Abiyán,S,0
ESC-2025-000247,9434072,Iberian Voyager,NAV015,M01,contenedores,descarga,Contenedores,15166.2,1319,2025-07-30 10:21:09,2025-07-30 12:04:16,2025-07-31 16:58:51,Le Havre,Las Palmas,S,0
ESC-2025-005785,9116591,Nordic Marina IV,NAV014,M01,contenedores,carga,Contenedores,14974.2,1120,2025-07-30 11:40:23,2025-07-30 23:10:29,2025-07-31 17:10:53,Funchal,Dakar,S,0
ESC-2025-002584,9243320,Golden Pride,NAV028,M05,granel_liquido,descarga,Ácido sulfúrico,80207.0,0,2025-07-30 13:55:48,2025-07-31 01:23:35,2025-08-01 02:26:34,Génova,Sines,S,0
ESC-2025-000073,9218076,Doña Horizon,NAV012,M02,granel_solido,carga,Pirita,17116.2,0,2025-07-30 14:21:33,2025-07-31 04:08:48,2025-08-01 18:43:51,Santos,Houston,S,0
ESC-2025-001078,9520261,Nordic Express V,NAV017,M07,ro_ro,descarga,Vehículos,14702.6,0,2025-07-30 15:14:56,2025-07-30 18:46:36,2025-07-31 11:04:09,Santa Cruz de Tenerife,Valencia,S,0
ESC-2025-004618,9924003,Odiel Mar II,NAV015,M12,granel_liquido,descarga,Ácido sulfúrico,18209.9,0,2025-07-30 16:02:17,2025-07-31 18:18:48,2025-08-01 20:37:41,Valencia,Las Palmas,S,0
ESC-2025-002868,9039896,Blue Breeze,NAV036,M12,granel_liquido,carga,Productos químicos,26708.2,0,2025-07-30 17:20:37,2025-07-31 04:04:30,2025-08-01 00:40:52,Abiyán,Amberes,S,0
ESC-2025-002700,9435818,Estrella Breeze,NAV033,M01,contenedores,carga,Contenedores,7371.1,779,2025-07-30 23:35:04,2025-07-31 08:49:11,2025-08-01 06:45:55,Ceuta,Tánger Med,S,0
ESC-2025-000767,9183415,Blue Horizon II,NAV014,M02,granel_solido,carga,Fertilizantes,28952.5,0,2025-07-31 00:48:11,2025-07-31 02:57:34,2025-08-01 16:43:23,Santos,Casablanca,S,0
ESC-2025-002091,9600396,Estrella Pioneer V,NAV007,M10,pesca,carga,Pescado fresco,48.6,0,2025-07-31 01:12:27,2025-07-31 01:15:36,2025-07-31 08:00:59,Hamburgo,Le Havre,N,0
ESC-2025-001786,9397987,Tinto Express,NAV012,M01,contenedores,descarga,Contenedores,9628.3,1008,2025-07-31 01:56:30,2025-07-31 02:54:37,2025-08-01 00:35:03,Sines,Hamburgo,S,0
ESC-2025-005818,9331919,Costa Wave,NAV027,M01,contenedores,descarga,Contenedores,18509.9,1592,2025-07-31 03:17:14,2025-08-01 00:17:25,2025-08-01 23:44:45,Algeciras,Lisboa,S,0
ESC-2025-001528,9783588,Iberian Star,NAV025,M11,carga_general,descarga,Maquinaria,5078.4,0,2025-07-31 06:20:46,2025-07-31 12:29:50,2025-08-02 07:51:38,Casablanca,Las Palmas,S,0
ESC-2025-002563,9576337,Silver Glory,NAV006,M02,granel_solido,carga,Fertilizantes,37686.0,0,2025-07-31 07:39:23,2025-07-31 08:30:14,2025-08-02 00:26:30,Abiyán,Hamburgo,S,0
ESC-2025-004625,9362786,Golden Pioneer,NAV005,M07,ro_ro,descarga,Semirremolques,9988.0,0,2025-07-31 07:42:31,2025-07-31 09:32:03,2025-07-31 15:33:03,Hamburgo,Nueva York,S,0
ESC-2025-000835,9151711,Delta Trader,NAV018,M08,fruta_refrigerada,carga,Cítricos,15390.6,0,2025-07-31 08:32:56,2025-07-31 10:58:59,2025-08-01 12:20:09,Funchal,Valencia,S,0
ESC-2025-001148,9511143,Cabo Wave II,NAV023,M04,granel_liquido,mixta,Productos químicos,65073.4,0,2025-07-31 10:37:20,2025-07-31 11:18:57,2025-08-01 16:04:21,Abiyán,Houston,S,0
ESC-2025-001894,9406518,Tinto Voyager,NAV016,M04,granel_liquido,mixta,Biocombustible,46455.0,0,2025-07-31 12:11:16,2025-07-31 19:01:32,2025-08-01 07:03:58,Rotterdam,Funchal,S,0
ESC-2025-002256,9005211,Cabo Sol II,NAV039,M01,contenedores,mixta,Contenedores,20010.4,1743,2025-07-31 12:26:38,2025-07-31 18:37:24,2025-08-01 17:49:08,Rotterdam,Tánger Med,S,0
ESC-2025-004547,9164330,Tinto Trader III,NAV025,M01,contenedores,mixta,Contenedores,9933.7,772,2025-07-31 16:39:46,2025-08-02 00:57:00,2025-08-03 08:58:04,Abiyán,Rotterdam,S,0
ESC-2025-003316,9677117,Iberian Pride,NAV017,M02,granel_solido,mixta,Pirita,22369.2,0,2025-07-31 19:14:56,2025-08-01 02:47:19,2025-08-02 15:41:45,Houston,Nueva York,S,0
ESC-2025-000546,9284635,Nordic Sol IV,NAV017,M02,granel_solido,carga,Pirita,16108.4,0,2025-07-31 20:27:00,2025-07-31 22:11:40,2025-08-02 13:04:04,Santa Cruz de Tenerife,Valencia,S,0
ESC-2025-002400,9276406,Atlantic Dawn,NAV020,M11,carga_general,descarga,Bobinas de acero,8700.6,0,2025-07-31 22:24:05,2025-08-01 04:09:02,2025-08-01 23:50:21,Rotterdam,Dakar,S,0
ESC-2025-002412,9874595,Nordic Breeze,NAV020,M11,carga_general,descarga,Maquinaria,7935.1,0,2025-07-31 23:04:10,2025-08-01 03:44:39,2025-08-02 01:10:46,Algeciras,Tánger Med,S,0
ESC-2025-000316,9473468,Nordic Fortune,NAV029,M10,pesca,descarga,Pescado fresco,42.3,0,2025-07-31 23:17:11,2025-07-31 23:25:15,2025-08-01 05:47:58,Santos,Amberes,N,0
ESC-2025-004725,9397987,Tinto Express,NAV012,M01,contenedores,mixta,Contenedores,7940.3,760,2025-08-01 00:19:13,2025-08-01 05:52:48,2025-08-01 23:08:00,Lisboa,Rotterdam,S,0
ESC-2025-005227,9017721,Delta Dawn,NAV030,M10,pesca,mixta,Pescado fresco,33.7,0,2025-08-01 05:45:12,2025-08-01 05:55:03,2025-08-01 12:09:17,Houston,Le Havre,S,0
ESC-2025-002925,9093464,Iberian Sol,NAV004,M12,granel_liquido,carga,GNL,59032.6,0,2025-08-01 13:23:05,2025-08-01 16:48:25,2025-08-03 05:19:58,Abiyán,Houston,S,0
ESC-2025-005770,9929338,Tinto Venture I,NAV017,M04,granel_liquido,carga,Crudo,87420.6,0,2025-08-01 22:13:26,2025-08-02 06:01:28,2025-08-03 17:57:52,Nueva York,Lisboa,S,0
ESC-2025-002503,9086382,Estrella Star V,NAV036,M04,granel_liquido,mixta,Ácido sulfúrico,82404.4,0,2025-08-02 00:38:11,2025-08-02 02:04:02,2025-08-03 13:56:53,Rotterdam,Valencia,S,0
ESC-2025-000850,9550230,Nordic Carrier,NAV011,M11,carga_general,descarga,Maquinaria,2874.1,0,2025-08-02 01:36:45,2025-08-02 13:20:28,2025-08-03 19:48:19,Casablanca,Santa Cruz de Tenerife,S,0
ESC-2025-004665,9677117,Iberian Pride,NAV017,M02,granel_solido,mixta,Clínker,21060.1,0,2025-08-02 05:13:31,2025-08-02 11:46:27,2025-08-05 01:11:54,Le Havre,Le Havre,S,0
ESC-2025-000590,9444792,Blue Pride V,NAV012,M01,contenedores,carga,Contenedores,10743.7,1192,2025-08-02 08:18:05,2025-08-02 10:21:59,2025-08-03 20:46:13,Lisboa,Rotterdam,S,0
ESC-2025-000331,9148130,Odiel Star II,NAV019,M05,granel_liquido,descarga,Gasóleo,81589.2,0,2025-08-02 11:30:34,2025-08-02 11:49:02,2025-08-03 17:45:15,Sines,Casablanca,S,0
ESC-2025-004298,9217412,Costa Pride III,NAV014,M05,granel_liquido,mixta,GNL,39177.9,0,2025-08-02 15:09:00,2025-08-02 17:28:12,2025-08-03 18:29:18,Rotterdam,Houston,S,0
ESC-2025-006340,9621766,Delta Trader IV,NAV006,M01,contenedores,descarga,Contenedores,6061.9,633,2025-08-02 17:04:49,2025-08-03 01:23:43,2025-08-04 00:56:05,Las Palmas,Amberes,S,0
ESC-2025-002477,9368390,Doña Spirit IV,NAV003,M01,contenedores,mixta,Contenedores,12742.9,1213,2025-08-02 19:14:29,2025-08-03 10:10:04,2025-08-04 07:46:54,Algeciras,Sines,S,0
ESC-2025-000675,9829746,Marisma Venture,NAV030,M04,granel_liquido,descarga,Crudo,46875.1,0,2025-08-03 00:47:08,2025-08-03 20:25:55,2025-08-04 09:10:16,Algeciras,Santa Cruz de Tenerife,S,0
ESC-2025-001155,9589475,Cabo Fortune,NAV007,M01,contenedores,mixta,Contenedores,12224.3,996,2025-08-03 04:41:08,2025-08-03 06:33:05,2025-08-04 15:47:34,Abiyán,Tánger Med,S,0
ESC-2025-003059,9977737,Marisma Voyager,NAV033,M11,carga_general,carga,Madera,6308.0,0,2025-08-03 06:45:29,2025-08-03 13:31:43,2025-08-04 19:28:17,Casablanca,Santa Cruz de Tenerife,S,0
ESC-2025-003742,9411939,Golden Breeze III,NAV010,M07,ro_ro,descarga,Vehículos,11631.9,0,2025-08-03 07:27:05,2025-08-03 11:16:38,2025-08-03 20:02:13,Dakar,Hamburgo,S,0
ESC-2025-004289,9809253,Río Bay,NAV005,M03,granel_solido,descarga,Cereal,23284.6,0,2025-08-03 07:38:34,2025-08-03 08:14:16,2025-08-05 11:16:36,Santos,Dakar,S,0
ESC-2025-005472,9948346,Tinto Sol V,NAV020,M09,pasajeros,descarga,Pasajeros,0.0,0,2025-08-03 12:57:00,2025-08-03 13:14:20,2025-08-03 22:10:30,Le Havre,Ceuta,S,2936
ESC-2025-006304,9482093,Southern Marina,NAV039,M04,granel_liquido,carga,Biocombustible,28817.4,0,2025-08-03 19:51:56,2025-08-03 23:09:51,2025-08-05 09:48:59,Sines,Valencia,S,0
ESC-2025-002480,9042219,Marisma Trader,NAV015,M03,granel_solido,descarga,Pirita,10567.7,0,2025-08-03 20:07:40,2025-08-03 21:04:39,2025-08-06 02:52:09,Génova,Funchal,S,0
ESC-2025-006113,9686780,Tinto Carrier V,NAV039,M03,granel_solido,mixta,Concentrado de cobre,23294.4,0,2025-08-03 20:26:27,2025-08-03 23:18:01,2025-08-05 16:42:32,Tánger Med,Casablanca,S,0
ESC-2025-001508,9368223,Iberian Navigator,NAV010,M10,pesca,carga,Pescado fresco,44.0,0,2025-08-03 21:30:07,2025-08-03 21:44:11,2025-08-04 02:15:50,Santa Cruz de Tenerife,Lisboa,N,0
ESC-2025-005519,9633628,Blue Pride,NAV033,M01,contenedores,carga,Contenedores,12991.8,1075,2025-08-03 23:26:49,2025-08-04 06:46:40,2025-08-05 03:16:07,Rotterdam,Hamburgo,S,0
ESC-2025-005739,9114634,Aurora Bay,NAV040,M01,contenedores,carga,Contenedores,6463.8,512,2025-08-04 01:06:11,2025-08-04 11:20:00,2025-08-05 09:42:50,Lisboa,Funchal,S,0
ESC-2025-004053,9350628,Aurora Express,NAV028,M01,contenedores,descarga,Contenedores,17090.6,1383,2025-08-04 05:49:40,2025-08-04 15:53:40,2025-08-05 06:55:34,Santa Cruz de Tenerife,Santa Cruz de Tenerife,S,0
ESC-2025-003417,9471769,Ocean Pride,NAV030,M11,carga_general,carga,Madera,6753.5,0,2025-08-04 07:28:38,2025-08-04 17:26:48,2025-08-05 17:03:07,Sines,Santos,S,0
ESC-2025-003005,9864447,Iberian Dawn II,NAV008,M02,granel_solido,descarga,Clínker,24533.4,0,2025-08-04 07:37:13,2025-08-04 16:23:05,2025-08-06 18:28:03,Génova,Rotterdam,S,0
ESC-2025-003005,9864447,Iberian Dawn II,NAV008,M02,granel_solido,descarga,Clínker,24533.4,0,2025-08-04 07:37:13,2025-08-04 16:23:05,2025-08-06 18:28:03,Génova,Rotterdam,S,0
ESC-2025-005724,9680669,Estrella Fortune,NAV029,M07,ro_ro,descarga,Vehículos,19099.2,0,2025-08-04 07:39:03,2025-08-04 10:12:44,2025-08-04 20:42:11,Casablanca,Rotterdam,S,0
ESC-2025-005501,9417816,Golden Wave,NAV024,M07,ro_ro,carga,Semirremolques,35379.1,0,2025-08-04 17:57:09,2025-08-04 21:49:33,2025-08-05 14:54:05,Lisboa,Rotterdam,S,0
ESC-2025-001533,9051777,Tinto Mar V,NAV029,M06,granel_liquido,mixta,Ácido sulfúrico,8559.0,0,2025-08-05 04:47:24,2025-08-05 14:03:40,2025-08-06 17:20:04,Amberes,Rotterdam,S,0
ESC-2025-003317,9154567,Estrella Trader III,NAV025,M11,carga_general,carga,Maquinaria,9583.4,0,2025-08-05 09:50:51,2025-08-05 11:18:19,2025-08-06 14:09:38,Las Palmas,Hamburgo,S,0
ESC-2025-002638,9058751,Río Voyager,NAV009,M06,granel_liquido,mixta,GNL,30035.3,0,2025-08-05 11:48:50,2025-08-05 15:58:43,2025-08-06 12:25:22,Le Havre,Funchal,S,0
ESC-2025-005298,9663582,Delta Express IV,NAV026,M07,ro_ro,carga,Vehículos,25180.5,0,2025-08-05 14:22:40,2025-08-05 14:51:30,2025-08-06 07:58:59,Ceuta,Hamburgo,S,0
ESC-2025-002624,9444091,Nordic Dawn,NAV005,M05,granel_liquido,mixta,Productos químicos,25918.6,0,2025-08-05 16:13:41,2025-08-06 08:41:49,2025-08-07 16:47:24,Tánger Med,Tánger Med,S,0
ESC-2025-004672,9141546,Blue Express I,NAV037,M12,granel_liquido,carga,Productos químicos,39126.3,0,2025-08-05 18:07:58,2025-08-05 18:39:16,2025-08-07 18:17:57,Tánger Med,Sines,S,0
ESC-2025-004936,9536624,Silver Star III,NAV012,M01,contenedores,descarga,Contenedores,9572.8,948,2025-08-05 19:07:30,2025-08-06 11:32:51,2025-08-07 09:52:55,Dakar,Hamburgo,S,0
ESC-2025-001814,9416575,Punta Mar,NAV032,M10,pesca,descarga,Pescado fresco,72.2,0,2025-08-05 20:33:13,2025-08-05 20:53:33,2025-08-06 03:26:08,Rotterdam,Sines,S,0
ESC-2025-002133,9568330,Ocean Fortune,NAV026,M08,fruta_refrigerada,mixta,Fruta tropical,12890.8,0,2025-08-06 10:21:45,2025-08-06 13:47:14,2025-08-07 13:18:14,Le Havre,Tánger Med,S,0
ESC-2025-003422,9472995,Blue Trader,NAV028,M03,granel_solido,carga,Clínker,53413.5,0,2025-08-06 10:21:56,2025-08-06 15:34:14,2025-08-07 21:16:51,Dakar,Dakar,S,0
ESC-2025-006264,9714111,Luz Pioneer,NAV003,M06,granel_liquido,carga,Ácido sulfúrico,66996.5,0,2025-08-06 16:05:26,2025-08-06 16:28:29,2025-08-07 23:01:36,Ceuta,Rotterdam,S,0
ESC-2025-002866,9164330,Tinto Trader III,NAV025,M01,contenedores,carga,Contenedores,11102.3,817,2025-08-06 18:45:33,2025-08-08 04:26:44,2025-08-09 07:05:31,Santa Cruz de Tenerife,Amberes,S,0
ESC-2025-001658,9159373,Delta Star,NAV005,M01,contenedores,mixta,Contenedores,12324300.0,947,2025-08-06 23:04:01,2025-08-08 03:44:11,2025-08-09 03:58:05,Hamburgo,Funchal,S,0
ESC-2025-003780,9507843,Iberian Express,NAV018,M11,carga_general,descarga,Palés,6854.1,0,2025-08-07 00:20:40,2025-08-07 02:13:27,2025-08-08 01:39:58,Tánger Med,Las Palmas,S,0
ESC-2025-003943,9148130,Odiel Star II,NAV019,M05,granel_liquido,descarga,Productos químicos,63117.9,0,2025-08-07 03:10:57,2025-08-07 11:32:07,2025-08-09 09:20:19,Nueva York,Sines,S,0
ESC-2025-006332,9207558,Marisma Spirit III,NAV017,M04,granel_liquido,descarga,Ácido sulfúrico,21625.9,0,2025-08-07 10:07:23,2025-08-07 13:23:55,2025-08-09 00:16:44,Las Palmas,Tánger Med,S,0
ESC-2025-003902,9350628,Aurora Express,NAV028,M01,contenedores,carga,Contenedores,2603.8,201,2025-08-07 12:38:53,2025-08-09 16:55:25,2025-08-10 12:39:57,Génova,Santa Cruz de Tenerife,S,0
ESC-2025-004304,9230438,Nordic Star IV,NAV030,M01,contenedores,carga,Contenedores,13583.4,1135,2025-08-07 14:34:40,2025-08-08 03:26:48,2025-08-08 21:08:54,Génova,Dakar,S,0
ESC-2025-006146,9775373,Tinto Bay III,NAV012,M08,fruta_refrigerada,descarga,Fresa y frutos rojos,4087.4,0,2025-08-07 17:28:44,2025-08-07 17:30:18,2025-08-09 04:19:48,Tánger Med,Houston,S,0
ESC-2025-001264,9708813,Doña Venture,NAV035,M12,granel_liquido,mixta,Gasóleo,36458.3,0,2025-08-07 18:10:22,2025-08-08 00:34:17,2025-08-09 14:36:56,Algeciras,Génova,S,0
ESC-2025-006036,9361641,Luz Pride,NAV024,M07,ro_ro,mixta,Semirremolques,14211.5,0,2025-08-07 22:18:49,2025-08-07 23:20:43,2025-08-08 07:12:55,Ceuta,Tánger Med,S,0
ESC-2025-003791,9228526,Silver Navigator V,NAV039,M03,granel_solido,carga,Fertilizantes,37974.3,0,2025-08-08 02:28:34,2025-08-08 11:20:13,2025-08-09 11:21:41,Houston,Santos,S,0
ESC-2025-003620,9153252,Estrella Carrier,NAV007,M02,granel_solido,carga,Pirita,11942.5,0,2025-08-08 03:43:37,2025-08-08 10:44:40,2025-08-09 22:33:27,Las Palmas,Casablanca,S,0
ESC-2025-005859,9260500,Southern Venture,NAV003,M01,contenedores,mixta,Contenedores,6892.8,761,2025-08-08 03:59:22,2025-08-08 11:02:00,2025-08-08 21:22:55,Tánger Med,Tánger Med,S,0
ESC-2025-003026,9311945,Blue Fortune III,NAV037,M10,pesca,mixta,Pescado fresco,9.6,0,2025-08-08 05:22:59,2025-08-08 05:31:11,2025-08-08 11:02:16,Rotterdam,Rotterdam,N,0
ESC-2025-001570,9554494,Tinto Wave IV,NAV004,M07,ro_ro,carga,Semirremolques,24297.4,0,2025-08-08 06:45:23,2025-08-08 08:00:31,2025-08-08 21:54:42,Houston,Funchal,S,0
ESC-2025-001052,9809253,Río Bay,NAV005,M03,granel_solido,carga,Fertilizantes,13106.7,0,2025-08-08 08:00:58,2025-08-08 22:02:44,2025-08-11 01:46:59,Nueva York,Amberes,S,0
ESC-2025-005136,9621766,Delta Trader IV,NAV006,M01,contenedores,carga,Contenedores,16173.2,1721,2025-08-08 08:20:56,2025-08-08 10:07:43,2025-08-09 08:19:15,Tánger Med,Abiyán,S,0
ESC-2025-005746,9576337,Silver Glory,NAV006,M03,granel_solido,mixta,Cereal,28035.8,0,2025-08-08 08:33:43,2025-08-08 09:32:19,2025-08-11 00:31:43,Hamburgo,Valencia,S,0
ESC-2025-005186,9750165,Golden Navigator,NAV014,M03,granel_solido,descarga,Clínker,21364.2,0,2025-08-08 11:32:52,2025-08-08 17:29:17,2025-08-10 22:19:35,Dakar,Rotterdam,S,0
ESC-2025-005593,9236834,Aurora Fortune,NAV040,M04,granel_liquido,mixta,Ácido sulfúrico,65980.2,0,2025-08-08 20:12:38,2025-08-09 02:48:57,2025-08-10 08:09:43,Valencia,Santos,S,0
ESC-2025-005374,9429601,Marisma Spirit IV,NAV040,M02,granel_solido,mixta,Concentrado de cobre,16349.2,0,2025-08-08 20:53:02,2025-08-08 22:12:44,2025-08-10 17:37:54,Lisboa,Amberes,S,0
ESC-2025-004678,9222869,Aurora Trader,NAV038,M01,contenedores,descarga,Contenedores,10631.9,957,2025-08-08 22:19:58,2025-08-09 12:02:10,2025-08-10 05:18:08,Santa Cruz de Tenerife,Sines,S,0
ESC-2025-002104,9145425,Costa Express,NAV032,M04,granel_liquido,mixta,Biocombustible,89023.8,0,2025-08-09 04:28:58,2025-08-09 06:15:06,2025-08-11 10:20:29,Houston,Abiyán,S,0
ESC-2025-000234,9296860,Delta Mar III,NAV007,M05,granel_liquido,mixta,Gasóleo,10173.3,0,2025-08-09 08:58:21,2025-08-09 18:06:06,2025-08-11 12:41:21,Rotterdam,Casablanca,S,0
ESC-2025-004694,9095888,Estrella Pioneer,NAV010,M03,granel_solido,mixta,Cereal,42136.9,0,2025-08-09 12:31:27,2025-08-09 13:34:43,2025-08-12 20:55:35,Sines,Santos,S,0
ESC-2025-003662,9569700,Costa Star,NAV006,M01,contenedores,mixta,Contenedores,7845.0,783,2025-08-09 13:34:31,2025-08-10 01:30:58,2025-08-11 01:58:47,Le Havre,Génova,S,0
ESC-2025-002421,9732890,Tinto Marina,NAV033,M12,granel_liquido,descarga,Productos químicos,13464.2,0,2025-08-09 18:39:36,2025-08-10 01:31:43,2025-08-11 14:54:29,Las Palmas,Algeciras,S,0
ESC-2025-002892,9513804,Silver Navigator,NAV010,M05,granel_liquido,mixta,GNL,57964.8,0,2025-08-10 04:49:48,2025-08-10 04:58:25,2025-08-10 23:58:10,Houston,Abiyán,S,0
ESC-2025-003133,9842700,Cabo Carrier,NAV037,M09,pasajeros,descarga,Pasajeros,0.0,0,2025-08-10 05:08:55,2025-08-10 05:14:58,2025-08-10 17:37:32,Sines,Le Havre,S,4031
ESC-2025-000545,9025699,Iberian Trader I,NAV001,M06,granel_liquido,descarga,Ácido sulfúrico,61304600.0,0,2025-08-10 07:11:34,2025-08-10 09:34:30,2025-08-10 16:48:28,Nueva York,Funchal,S,0
ESC-2025-002739,9141546,Blue Express I,NAV037,M12,granel_liquido,descarga,Gasóleo,43612.2,0,2025-08-10 10:25:24,2025-08-10 21:06:35,2025-08-11 15:47:33,Amberes,Hamburgo,S,0
ESC-2025-003243,9089059,Costa Voyager I,NAV035,M03,granel_solido,mixta,Pirita,26002.1,0,2025-08-10 11:53:08,2025-08-10 17:38:56,2025-08-13 02:02:18,Dakar,Rotterdam,S,0
ESC-2025-001689,9600396,  ESTRELLA PIONEER V ,NAV007,M10,pesca,carga,Pescado fresco,66.2,0,2025-08-10 13:49:18,2025-08-10 14:30:34,2025-08-11 00:38:03,Valencia,Valencia,N,0
ESC-2025-005366,9782431,Iberian Wave,NAV016,M12,granel_liquido,descarga,GNL,49970.6,0,2025-08-10 18:45:01,2025-08-10 19:52:02,2025-08-11 21:48:27,Houston,Santos,S,0
ESC-2025-001800,9633628,Blue Pride,NAV033,M01,contenedores,descarga,Contenedores,11559.1,951,2025-08-11 00:12:20,2025-08-12 20:48:35,2025-08-13 17:22:25,Algeciras,Lisboa,S,0
ESC-2025-003529,9368390,Doña Spirit IV,NAV003,M01,contenedores,carga,Contenedores,9633.6,852,2025-08-11 00:42:19,2025-08-11 16:25:57,2025-08-12 08:59:51,Abiyán,Ceuta,S,0
ESC-2025-001020,9884227,Silver Bay II,NAV035,M10,pesca,carga,Pescado fresco,74.0,0,2025-08-11 02:38:17,2025-08-11 02:43:14,2025-08-11 09:44:16,Santa Cruz de Tenerife,Santos,N,0
ESC-2025-003189,9540780,Odiel Trader V,NAV009,M06,granel_liquido,carga,Crudo,22210.2,0,2025-08-11 03:55:14,2025-08-11 04:43:09,2025-08-12 07:31:16,Nueva York,Houston,S,0
ESC-2025-002494,9189512,Silver Spirit,NAV028,M02,granel_solido,descarga,Pirita,15737.0,0,2025-08-11 05:39:23,2025-08-11 08:15:28,2025-08-13 07:26:47,Rotterdam,Ceuta,S,0
ESC-2025-004193,9216286,Odiel Voyager,NAV031,M03,granel_solido,descarga,Concentrado de cobre,19286.2,0,2025-08-11 09:56:28,2025-08-11 17:25:58,2025-08-14 10:13:41,Abiyán,Amberes,S,0
ESC-2025-002428,9655248,Southern Pioneer I,NAV017,M12,granel_liquido,mixta,Ácido sulfúrico,11308.7,0,2025-08-11 10:41:40,2025-08-11 16:08:34,2025-08-13 16:18:47,Dakar,Hamburgo,S,0
ESC-2025-006155,9063160,Golden Trader,NAV034,M12,granel_liquido,mixta,Ácido sulfúrico,24703.2,0,2025-08-11 13:46:22,2025-08-11 22:27:37,2025-08-12 21:32:23,Algeciras,Nueva York,S,0
ESC-2025-000058,9025699,Iberian Trader I,NAV001,M12,granel_liquido,carga,Ácido sulfúrico,63872.7,0,2025-08-11 15:16:03,2025-08-11 23:36:01,2025-08-13 16:59:14,Santos,Santa Cruz de Tenerife,S,0
ESC-2025-005848,9055943,Río Venture,NAV002,M03,granel_solido,mixta,Cereal,29689.6,0,2025-08-11 19:22:57,2025-08-11 19:47:45,2025-08-15 10:22:19,Casablanca,Santos,S,0
ESC-2025-000849,9148130,Odiel Star II,NAV019,M12,granel_liquido,carga,Gasóleo,85718.0,0,2025-08-11 22:45:35,2025-08-12 13:03:26,2025-08-14 07:53:46,Le Havre,Hamburgo,S,0
ESC-2025-001271,9141546,Blue Express I,NAV037,M04,granel_liquido,descarga,Ácido sulfúrico,35652.8,0,2025-08-11 23:18:59,2025-08-12 05:29:14,2025-08-13 04:04:08,Santa Cruz de Tenerife,Amberes,S,0
ESC-2025-001464,9548768,Aurora Trader II,NAV029,M03,granel_solido,mixta,Fertilizantes,35763.3,0,2025-08-12 00:30:38,2025-08-12 10:08:22,2025-08-14 14:46:26,Rotterdam,Génova,S,0
ESC-2025-000985,9043055,Ocean Venture,NAV012,M10,pesca,descarga,Pescado fresco,44.3,0,2025-08-12 01:47:43,2025-08-12 01:50:11,2025-08-12 07:47:27,Rotterdam,Abiyán,S,0
ESC-2025-005947,9371919,Southern Pride,NAV034,M11,carga_general,descarga,Bobinas de acero,6293.4,0,2025-08-12 09:04:52,2025-08-12 11:28:45,2025-08-13 19:41:53,Algeciras,Valencia,S,0
ESC-2025-002595,9230268,Luz Express,NAV022,M01,contenedores,mixta,Contenedores,3161.8,234,2025-08-12 09:51:57,2025-08-12 11:31:11,2025-08-13 08:54:05,Lisboa,Funchal,S,0
ESC-2025-002073,9663582,Delta Express IV,NAV026,M07,ro_ro,carga,Semirremolques,18897.0,0,2025-08-12 14:08:58,2025-08-12 14:25:39,2025-08-13 06:55:41,Sines,Santa Cruz de Tenerife,S,0
ESC-2025-002611,9962445,Punta Marina IV,NAV029,M03,granel_solido,descarga,Clínker,43249.6,0,2025-08-12 19:26:44,2025-08-15 07:26:39,2025-08-18 05:21:50,Tánger Med,Tánger Med,S,0
ESC-2025-004653,9411939,Golden Breeze III,NAV010,M07,ro_ro,carga,Vehículos,7473.5,0,2025-08-12 19:56:57,2025-08-12 22:15:20,2025-08-13 07:40:09,Santos,Las Palmas,S,0
ESC-2025-002343,9717199,Doña Express,NAV017,M10,pesca,descarga,Pescado fresco,61.9,0,2025-08-12 22:04:23,2025-08-12 22:07:54,2025-08-13 05:59:20,Lisboa,Funchal,S,0
ESC-2025-000311,9513804,Silver Navigator,NAV010,M06,granel_liquido,carga,Ácido sulfúrico,67326.2,0,2025-08-13 01:45:34,2025-08-13 16:10:27,2025-08-14 14:25:58,Tánger Med,Lisboa,S,0
ESC-2025-005078,9594248,Costa Fortune,NAV015,M02,granel_solido,descarga,Fertilizantes,33697.1,0,2025-08-13 02:29:41,2025-08-13 11:33:24,2025-08-16 00:23:18,Dakar,Nueva York,S,0
ESC-2025-001430,9416159,Silver Marina,NAV015,M08,fruta_refrigerada,carga,Fresa y frutos rojos,5943.0,0,2025-08-13 02:51:39,2025-08-13 03:31:30,2025-08-13 17:30:52,Dakar,Génova,S,0
ESC-2025-001902,9368390,Doña Spirit IV,NAV003,M01,contenedores,descarga,Contenedores,14403.6,1228,2025-08-13 08:11:17,2025-08-13 15:54:25,2025-08-15 03:03:13,Santa Cruz de Tenerife,Las Palmas,S,0
ESC-2025-000811,9536624,Silver Star III,NAV012,M01,contenedores,descarga,Contenedores,7188.4,676,2025-08-13 11:07:15,2025-08-14 15:06:01,2025-08-15 03:30:37,Sines,Rotterdam,S,0
ESC-2025-003583,9405186,Tinto Star II,NAV037,M01,contenedores,carga,Contenedores,13609.3,1178,2025-08-13 12:30:20,2025-08-13 12:55:38,2025-08-14 01:23:50,Sines,Houston,S,0
ESC-2025-004037,9438004,Tinto Bay IV,NAV031,M04,granel_liquido,mixta,GNL,87050.0,0,2025-08-13 14:55:35,2025-08-13 22:23:15,2025-08-14 21:44:25,Rotterdam,Abiyán,S,0
ESC-2025-000710,9938640,Estrella Spirit I,NAV002,M11,carga_general,carga,Bobinas de acero,8144.6,0,2025-08-13 18:36:39,2025-08-14 00:00:06,2025-08-15 16:40:03,Le Havre,Ceuta,S,0
ESC-2025-005978,9884227,Silver Bay II,NAV035,M10,pesca,carga,Pescado fresco,47.1,0,2025-08-13 19:20:45,13/08/2025 19:25,2025-08-14 04:00:21,Funchal,Ceuta,N,0
ESC-2025-001782,9088330,Southern Fortune I,NAV003,M06,granel_liquido,mixta,Ácido sulfúrico,82115.0,0,2025-08-13 21:14:24,2025-08-14 02:17:01,2025-08-15 09:57:11,Santos,Valencia,S,0
ESC-2025-006236,9661716,Aurora Horizon,NAV002,M04,granel_liquido,descarga,Productos químicos,52486.0,0,2025-08-14 04:17:21,2025-08-14 13:18:36,2025-08-15 22:01:43,Le Havre,Nueva York,S,0
ESC-2025-000499,9764958,Silver Breeze,NAV040,M07,ro_ro,descarga,Semirremolques,17068.5,0,2025-08-14 04:38:40,2025-08-14 10:54:05,2025-08-14 21:09:36,Hamburgo,Génova,S,0
ESC-2025-000350,9195274,Aurora Sol,NAV006,M02,granel_solido,descarga,Concentrado de cobre,30450.2,0,2025-08-14 07:30:40,2025-08-14 15:02:05,2025-08-16 11:16:24,Ceuta,Rotterdam,S,0
ESC-2025-000187,9102112,Delta Spirit I,NAV035,M02,granel_solido,mixta,Pirita,17245.1,0,2025-08-15 01:58:59,2025-08-15 06:21:38,2025-08-18 08:47:27,Dakar,Nueva York,S,0
ESC-2025-000534,9046928,Río Navigator,NAV010,M05,granel_liquido,descarga,Gasóleo,61002.7,0,2025-08-15 02:09:16,2025-08-15 07:57:27,2025-08-16 12:23:54,Rotterdam,Houston,S,0
ESC-2025-004428,9068720,Silver Venture II,NAV030,M10,pesca,carga,Pescado fresco,74.1,0,2025-08-15 02:34:23,2025-08-15 02:36:10,2025-08-15 11:01:05,Las Palmas,Amberes,S,0
ESC-2025-000791,9947017,Aurora Breeze,NAV035,M06,granel_liquido,descarga,Productos químicos,57249.9,0,2025-08-15 03:20:27,2025-08-15 09:45:54,2025-08-16 09:48:41,Génova,Ceuta,S,0
ESC-2025-006148,9826809,Delta Voyager,NAV034,M06,granel_liquido,mixta,Productos químicos,58489.4,0,2025-08-15 04:30:17,2025-08-15 05:20:32,2025-08-16 06:18:04,Tánger Med,Houston,S,0
ESC-2025-002927,9320221,Tinto Pride,NAV024,M08,fruta_refrigerada,mixta,Fruta tropical,8806.9,0,2025-08-15 06:28:22,2025-08-15 07:27:00,2025-08-16 15:29:01,Lisboa,Ceuta,S,0
ESC-2025-003611,9159373,Delta Star,NAV005,M01,contenedores,carga,Contenedores,681.9,50,2025-08-15 22:34:57,17/08/2025 20:39,2025-08-18 13:48:26,Sines,Santa Cruz de Tenerife,S,0
ESC-2025-001709,9046928,Río Navigator,NAV010,M04,granel_liquido,descarga,Crudo,68893.9,0,2025-08-15 23:21:55,2025-08-16 01:03:52,2025-08-17 06:40:31,Tánger Med,Houston,S,0
ESC-2025-003972,9189512,Silver Spirit,NAV028,M02,granel_solido,descarga,Cereal,21584.4,0,2025-08-16 00:39:36,2025-08-16 11:21:33,2025-08-18 07:37:59,Funchal,Lisboa,S,0
ESC-2025-002054,9158094,Odiel Dawn,NAV006,M04,granel_liquido,descarga,Biocombustible,43270.5,0,2025-08-16 05:07:06,2025-08-16 18:17:10,2025-08-18 09:56:03,Nueva York,Amberes,S,0
ESC-2025-005660,9595216,Southern Breeze I,NAV002,M07,ro_ro,carga,Vehículos,-22340.6,0,2025-08-16 12:21:28,2025-08-16 19:59:46,2025-08-17 03:15:43,Valencia,Valencia,S,0
ESC-2025-002272,9227118,Silver Sol,NAV013,M02,granel_solido,mixta,Concentrado de cobre,22788.1,0,2025-08-16 15:56:34,2025-08-16 21:35:08,2025-08-18 23:37:02,Le Havre,Nueva York,S,0
ESC-2025-001171,9511143,Cabo Wave II,NAV023,M06,granel_liquido,descarga,Gasóleo,70730.1,0,2025-08-16 16:43:27,2025-08-17 01:49:58,2025-08-18 14:04:47,Nueva York,Amberes,S,0
ESC-2025-004024,9227118,Silver Sol,NAV013,M02,granel_solido,descarga,Pirita,25707.1,0,2025-08-16 21:58:29,2025-08-17 01:08:46,2025-08-18 16:36:59,Algeciras,Hamburgo,S,0
ESC-2025-003426,9924003,Odiel Mar II,NAV015,M06,granel_liquido,mixta,Gasóleo,23758.7,0,2025-08-16 22:28:32,2025-08-17 01:08:54,2025-08-17 22:04:47,Sines,Rotterdam,S,0
ESC-2025-003579,9156204,Silver Glory III,NAV021,M02,granel_solido,mixta,Concentrado de cobre,39640.1,0,2025-08-16 22:32:48,17/08/2025 09:18,2025-08-19 05:22:33,Lisboa,Santa Cruz de Tenerife,S,0
ESC-2025-001636,9736327,Iberian Dawn,NAV033,M02,granel_solido,mixta,Concentrado de cobre,23321.1,0,2025-08-17 02:48:05,2025-08-17 16:56:08,2025-08-19 05:09:25,Nueva York,Algeciras,S,0
ESC-2025-005179,9217412,Costa Pride III,NAV014,M06,granel_liquido,mixta,Crudo,48599.2,0,2025-08-17 04:32:47,2025-08-17 08:01:36,2025-08-18 16:41:34,Dakar,Funchal,S,0
ESC-2025-006085,9352119,Aurora Pioneer,NAV024,M05,granel_liquido,carga,Crudo,35346.5,0,2025-08-17 07:22:47,2025-08-17 21:25:32,2025-08-19 05:58:02,Génova,Génova,S,0
ESC-2025-002870,9536624,Silver Star III,NAV012,M01,contenedores,mixta,Contenedores,14232.4,1188,2025-08-17 08:24:17,2025-08-17 09:51:28,2025-08-18 08:57:29,Nueva York,Tánger Med,S,0
ESC-2025-002626,9842700,Cabo Carrier,NAV037,M09,pasajeros,carga,Pasajeros,0.0,0,2025-08-17 10:51:48,2025-08-17 10:53:50,2025-08-17 23:05:31,Valencia,Las Palmas,S,1764
ESC-2025-004325,9418834,Costa Navigator V,NAV035,M02,granel_solido,carga,Pirita,45121.3,0,2025-08-17 11:53:42,2025-08-17 13:39:56,2025-08-19 03:42:20,Dakar,Hamburgo,S,0
ESC-2025-003512,9203722,Southern Voyager II,NAV034,M01,contenedores,carga,Contenedores,17295.0,1446,2025-08-17 17:36:48,2025-08-17 21:41:56,2025-08-19 07:02:26,Génova,Génova,S,0
ESC-2025-005983,9227118,Silver Sol,NAV013,M02,granel_solido,mixta,Concentrado de cobre,36969.9,0,2025-08-17 18:09:41,2025-08-19 09:16:25,2025-08-21 22:02:59,Algeciras,Funchal,S,0
ESC-2025-001655,9126132,Atlantic Venture,NAV018,M04,granel_liquido,carga,Ácido sulfúrico,31051.9,0,2025-08-17 21:48:23,2025-08-17 22:18:54,2025-08-19 10:40:57,Rotterdam,Valencia,S,0
ESC-2025-004575,9256200,Luz Breeze,NAV009,M06,granel_liquido,carga,Productos químicos,56338.4,0,2025-08-17 22:03:39,2025-08-17 22:12:46,2025-08-20 00:08:01,Las Palmas,Valencia,S,0
ESC-2025-000974,9543823,Aurora Mar IV,NAV036,M03,granel_solido,carga,Pirita,27518.3,0,2025-08-17 22:35:40,2025-08-18 12:03:36,2025-08-21 08:20:35,Dakar,Amberes,S,0
ESC-2025-003007,9954917,Luz Carrier II,NAV030,M07,ro_ro,mixta,Semirremolques,11042.1,0,2025-08-17 23:14:04,2025-08-18 00:15:24,2025-08-18 15:57:04,Funchal,Houston,S,0
ESC-2025-005624,9263394,  ODIEL HORIZON ,NAV034,M10,pesca,carga,Pescado fresco,31.7,0,2025-08-17 23:25:34,2025-08-17 23:35:27,2025-08-18 02:47:40,Génova,Santos,N,0
ESC-2025-006272,9936135,Luz Dawn,NAV008,M02,granel_solido,descarga,Pirita,24169.6,0,2025-08-17 23:56:20,2025-08-18 19:14:44,2025-08-20 07:54:50,Le Havre,Las Palmas,S,0
ESC-2025-003867,9990105,Blue Carrier V,NAV035,M02,granel_solido,descarga,Pirita,12997.4,0,2025-08-18 05:01:56,2025-08-18 14:10:34,2025-08-20 06:12:20,Valencia,Génova,S,0
ESC-2025-001097,9625803,Costa Marina,NAV026,M05,granel_liquido,mixta,Gasóleo,75437.9,0,2025-08-18 06:12:41,2025-08-18 13:34:32,2025-08-20 02:54:25,Houston,Houston,S,0
ESC-2025-004991,9770531,Aurora Spirit III,NAV023,M01,contenedores,descarga,Contenedores,8761.9,952,2025-08-18 06:14:28,2025-08-18 16:25:43,2025-08-18 22:17:52,Funchal,Algeciras,S,0
ESC-2025-005317,9042219,Marisma Trader,NAV015,M03,granel_solido,carga,Cereal,11553.0,0,2025-08-18 13:13:10,2025-08-18 16:07:35,2025-08-21 18:15:05,Houston,Funchal,S,0
ESC-2025-006229,9141546,Blue Express I,NAV037,M06,granel_liquido,descarga,Ácido sulfúrico,53627.7,0,2025-08-18 14:25:45,2025-08-19 10:10:50,2025-08-20 04:34:47,Tánger Med,Hamburgo,S,0
ESC-2025-006499,9141546,Blue Express I,NAV037,M06,granel_liquido,carga,Biocombustible,47307.3,0,2025-08-18 15:26:03,2025-08-19 08:49:59,2025-08-21 03:57:20,Abiyán,Algeciras,S,0
ESC-2025-002681,9654488,Delta Sol,NAV035,M02,granel_solido,descarga,Clínker,42496.4,0,2025-08-18 23:42:04,2025-08-19 04:08:27,2025-08-20 14:49:13,Lisboa,Casablanca,S,0
ESC-2025-004773,9419474,Ocean Glory I,NAV022,,carga_general,carga,Maquinaria,12430.1,0,2025-08-19 01:39:11,2025-08-19 05:37:03,2025-08-20 20:32:26,Tánger Med,Rotterdam,S,0
ESC-2025-004504,9492907,Ocean Star II,NAV037,M11,carga_general,mixta,Bobinas de acero,6396.4,0,2025-08-19 06:34:48,2025-08-19 07:35:23,2025-08-20 03:11:17,Hamburgo,Lisboa,S,0
ESC-2025-001319,9386237,Cabo Venture,NAV038,M07,ro_ro,mixta,Vehículos,22611.2,0,2025-08-19 09:30:50,2025-08-19 09:55:34,2025-08-19 23:47:32,Santos,Ceuta,S,0
ESC-2025-002725,9576337,Silver Glory,NAV006,M02,granel_solido,mixta,Clínker,23754.2,0,2025-08-19 10:07:31,2025-08-20 09:33:04,2025-08-22 15:54:43,Algeciras,Santa Cruz de Tenerife,S,0
ESC-2025-000594,9647021,Punta Pride,NAV035,M12,granel_liquido,carga,GNL,67129.9,0,2025-08-19 17:28:50,2025-08-19 21:38:18,2025-08-21 11:09:32,Lisboa,Rotterdam,S,0
ESC-2025-005599,9145425,Costa Express,NAV032,M04,granel_liquido,descarga,Biocombustible,70560.3,0,2025-08-19 19:47:35,2025-08-20 04:26:44,2025-08-21 22:12:45,Lisboa,Dakar,S,0
ESC-2025-002056,9039896,Blue Breeze,NAV036,M12,granel_liquido,carga,Productos químicos,22843.7,0,2025-08-19 23:23:53,2025-08-21 01:32:09,2025-08-22 04:38:42,Santos,Nueva York,S,0
ESC-2025-002836,9355367,Delta Navigator I,NAV012,M01,contenedores,mixta,Contenedores,12722.4,1351,2025-08-20 12:24:43,2025-08-20 22:48:20,2025-08-21 19:12:58,Lisboa,Algeciras,S,0
ESC-2025-005789,9738167,Silver Venture,NAV013,M09,pasajeros,descarga,Pasajeros,0.0,0,2025-08-20 20:51:35,2025-08-20 21:10:08,2025-08-21 04:13:58,Dakar,Nueva York,S,942
ESC-2025-001412,9351828,Iberian Spirit,NAV008,M05,granel_liquido,carga,Crudo,25946.6,0,2025-08-20 23:54:38,2025-08-22 02:58:20,2025-08-23 17:48:31,Le Havre,Ceuta,S,0
ESC-2025-001758,9287900,Delta Spirit,NAV040,M07,ro_ro,carga,Semirremolques,14158.6,0,2025-08-21 01:28:32,2025-08-21 05:28:34,2025-08-21 18:41:17,Génova,Casablanca,S,0
ESC-2025-000397,9514585,Iberian Voyager IV,NAV005,M01,contenedores,descarga,Contenedores,9925.8,893,2025-08-21 12:25:16,2025-08-21 16:58:21,2025-08-22 18:54:46,Sines,Tánger Med,S,0
ESC-2025-002734,9051777,Tinto Mar V,NAV029,M12,granel_liquido,mixta,Crudo,9090.6,0,2025-08-21 14:43:30,2025-08-21 19:11:22,2025-08-22 17:59:32,Lisboa,Santa Cruz de Tenerife,S,0
ESC-2025-003110,9922976,Río Horizon II,NAV034,M05,granel_liquido,mixta,Crudo,22833.4,0,2025-08-21 20:50:10,2025-08-21 23:40:05,2025-08-22 20:10:10,Génova,Amberes,S,0
ESC-2025-004151,9962445,Punta Marina IV,NAV029,M03,granel_solido,carga,Cereal,55091.5,0,2025-08-21 23:18:03,2025-08-22 07:33:27,2025-08-24 03:31:15,Houston,Valencia,S,0
ESC-2025-002933,9386237,Cabo Venture,NAV038,M07,ro_ro,carga,Vehículos,23738.6,0,2025-08-22 02:09:57,2025-08-22 04:30:50,2025-08-22 20:29:17,Génova,Abiyán,S,0
ESC-2025-004963,9154933,Iberian Star V,NAV009,M06,granel_liquido,mixta,Biocombustible,29580.2,0,2025-08-22 07:39:12,2025-08-22 14:51:01,2025-08-24 00:34:31,Rotterdam,Santa Cruz de Tenerife,S,0
ESC-2025-000071,9362786,Golden Pioneer,NAV005,M07,ro_ro,descarga,Semirremolques,12220.4,0,2025-08-22 08:09:12,2025-08-22 09:50:14,2025-08-22 20:44:44,Sines,Sines,S,0
ESC-2025-002897,9118238,Doña Glory,NAV006,M03,granel_solido,descarga,Clínker,23315.8,0,2025-08-22 08:52:39,2025-08-22 11:07:58,2025-08-24 10:14:19,Santa Cruz de Tenerife,Lisboa,S,0
ESC-2025-000379,9221920,Silver Bay,NAV020,M04,granel_liquido,carga,Productos químicos,17362.3,0,2025-08-22 10:32:22,2025-08-22 11:44:03,2025-08-23 17:26:28,Algeciras,Dakar,S,0
ESC-2025-006278,9871880,Costa Sol,NAV028,M04,granel_liquido,mixta,Ácido sulfúrico,37434.0,0,2025-08-22 13:51:34,2025-08-23 03:55:55,2025-08-24 05:54:43,Tánger Med,Houston,S,0
ESC-2025-003282,9116034,Atlantic Fortune III,NAV019,M01,contenedores,mixta,Contenedores,8313.1,732,2025-08-22 16:28:28,2025-08-23 10:32:59,2025-08-24 14:51:41,Génova,Dakar,S,0
ESC-2025-004174,9093816,Costa Glory II,NAV006,M10,pesca,descarga,Pescado fresco,69.9,0,2025-08-22 20:48:32,2025-08-22 20:53:23,2025-08-23 02:28:45,Tánger Med,Nueva York,S,0
ESC-2025-004291,9686780,Tinto Carrier V,NAV039,M02,granel_solido,carga,Pirita,12420.7,0,2025-08-22 21:46:59,2025-08-23 07:58:56,2025-08-24 23:45:56,Santos,Funchal,S,0
ESC-2025-003911,9423853,Odiel Pioneer,NAV028,M12,granel_liquido,carga,Crudo,25470.9,0,2025-08-22 22:09:35,2025-08-22 23:13:19,2025-08-24 09:37:55,Abiyán,Funchal,S,0
ESC-2025-005956,9272931,Southern Pioneer,NAV020,M03,granel_solido,mixta,Pirita,21638.4,0,2025-08-23 00:27:12,2025-08-23 11:44:08,2025-08-25 12:05:03,Nueva York,Santos,S,0
ESC-2025-002991,9126132,  ATLANTIC VENTURE ,NAV018,M06,granel_liquido,mixta,Ácido sulfúrico,51841.3,0,2025-08-23 01:34:42,2025-08-23 20:18:06,2025-08-24 17:20:22,Le Havre,Casablanca,S,0
ESC-2025-000794,9114634,Aurora Bay,NAV040,M01,contenedores,descarga,Contenedores,8158.2,591,2025-08-23 08:44:15,2025-08-24 10:35:32,2025-08-25 14:47:45,Casablanca,Le Havre,S,0
ESC-2025-005370,9513804,Silver Navigator,NAV010,M04,granel_liquido,mixta,GNL,57245.4,0,2025-08-23 16:51:27,2025-08-23 17:35:04,2025-08-24 07:02:52,Le Havre,Lisboa,S,0
ESC-2025-004540,9102112,Delta Spirit I,NAV035,M03,granel_solido,descarga,Pirita,17473.2,0,2025-08-23 17:03:11,2025-08-23 17:51:16,2025-08-25 15:14:30,Rotterdam,Santa Cruz de Tenerife,S,0
ESC-2025-001111,9977737,Marisma Voyager,NAV033,M11,carga_general,mixta,Maquinaria,3821.9,0,2025-08-23 19:25:32,2025-08-24 01:28:33,2025-08-25 04:02:37,Sines,Amberes,S,0
ESC-2025-004776,9783588,Iberian Star,NAV025,M11,carga_general,mixta,Maquinaria,5714.5,0,2025-08-23 22:40:43,2025-08-23 23:06:07,2025-08-24 23:37:36,Rotterdam,Génova,S,0
ESC-2025-003566,9829746,Marisma Venture,NAV030,M05,granel_liquido,descarga,GNL,42290.1,0,2025-08-23 22:59:25,2025-08-24 07:34:58,2025-08-25 14:02:19,Lisboa,Dakar,S,0
ESC-2025-002560,9609550,Blue Navigator,NAV014,M07,ro_ro,mixta,Semirremolques,22926.7,0,2025-08-23 23:16:36,2025-08-24 01:52:09,2025-08-24 15:36:45,Houston,Las Palmas,S,0
ESC-2025-001905,9102112,Delta Spirit I,NAV035,M02,granel_solido,carga,Fertilizantes,20812.2,0,2025-08-23 23:47:26,2025-08-24 22:44:24,2025-08-27 01:28:42,Abiyán,Ceuta,S,0
ESC-2025-003534,9320221,Tinto Pride,NAV024,M08,fruta_refrigerada,carga,Cítricos,10023300.0,0,2025-08-24 05:00:17,2025-08-24 13:32:30,2025-08-25 20:53:26,Santos,Abiyán,S,0
ESC-2025-005922,9387047,Doña Breeze III,NAV001,M02,granel_solido,carga,Fertilizantes,21546.4,0,2025-08-24 05:01:57,2025-08-25 01:34:16,2025-08-27 06:40:51,Algeciras,Ceuta,S,0
ESC-2025-004599,9895927,Cabo Express,NAV032,M04,granel_liquido,descarga,Biocombustible,43765.2,0,2025-08-24 07:10:22,2025-08-24 07:32:13,2025-08-25 08:38:56,Rotterdam,Houston,S,0
ESC-2025-000522,9554494,Tinto Wave IV,NAV004,M07,ro_ro,carga,Vehículos,27189.1,0,2025-08-24 07:46:05,2025-08-24 08:29:23,2025-08-24 21:25:43,Nueva York,Santos,S,0
ESC-2025-000007,9434199,Estrella Pride II,NAV021,M05,granel_liquido,carga,Gasóleo,52337.7,0,2025-08-24 11:58:28,2025-08-24 15:12:11,2025-08-26 10:03:14,Rotterdam,Le Havre,S,0
ESC-2025-001237,9415882,Southern Star II,NAV016,M03,granel_solido,mixta,Concentrado de cobre,34086.4,0,2025-08-24 17:40:10,2025-08-25 15:45:59,2025-08-28 05:32:07,Génova,Génova,S,0
ESC-2025-005702,9425693,Tinto Bay I,NAV002,M08,fruta_refrigerada,descarga,Fresa y frutos rojos,4345.3,0,2025-08-24 20:00:29,2025-08-24 23:18:05,2025-08-26 01:31:15,Amberes,Abiyán,S,0
ESC-2025-006349,9556313,  PUNTA BAY ,NAV018,M11,carga_general,carga,Madera,9628.4,0,2025-08-25 00:26:36,2025-08-25 01:36:40,2025-08-27 01:51:53,Rotterdam,Santa Cruz de Tenerife,S,0
ESC-2025-005806,9230438,  NORDIC STAR IV ,NAV030,M01,contenedores,carga,Contenedores,11957.8,917,2025-08-25 04:53:25,2025-08-25 18:55:22,2025-08-26 11:06:05,Génova,Le Havre,S,0
ESC-2025-000736,9771195,Golden Venture I,NAV025,M04,granel_liquido,descarga,Productos químicos,69548.9,0,2025-08-25 09:59:59,2025-08-25 21:32:34,2025-08-27 02:25:59,Las Palmas,Santa Cruz de Tenerife,S,0
ESC-2025-006182,9634581,Luz Dawn V,NAV017,M05,granel_liquido,carga,Ácido sulfúrico,9954.8,0,2025-08-25 12:05:09,2025-08-25 17:52:35,2025-08-26 19:58:54,Ceuta,Lisboa,S,0
ESC-2025-001435,9614294,Punta Express,NAV032,M03,granel_solido,mixta,Pirita,18738.4,0,2025-08-25 12:53:05,2025-08-25 15:12:39,2025-08-26 10:16:57,Lisboa,Las Palmas,S,0
ESC-2025-005046,9263394,Odiel Horizon,NAV034,M10,pesca,descarga,Pescado fresco,49.7,0,2025-08-25 14:50:57,2025-08-25 15:09:16,2025-08-25 19:29:55,Dakar,Algeciras,S,0
ESC-2025-005415,9442380,Odiel Horizon II,NAV013,M05,granel_liquido,carga,GNL,57920.1,0,2025-08-25 20:47:02,2025-08-25 21:23:54,2025-08-27 07:49:55,Lisboa,Lisboa,S,0
ESC-2025-005147,9105396,Río Dawn,NAV006,M11,carga_general,carga,Palés,7706.9,0,2025-08-26 00:08:15,2025-08-26 07:57:59,2025-08-27 13:29:24,Casablanca,Abiyán,S,0
ESC-2025-001568,9842700,Cabo Carrier,NAV037,M09,pasajeros,carga,Pasajeros,0.0,0,2025-08-26 03:29:51,2025-08-26 03:37:56,2025-08-26 16:33:10,Santos,Sines,S,2898
ESC-2025-004455,9122916,Silver Breeze III,NAV040,M05,granel_liquido,mixta,GNL,74655.7,0,2025-08-26 04:20:31,2025-08-26 08:07:33,2025-08-27 10:59:44,Rotterdam,Funchal,S,0
ESC-2025-006391,9405186,Tinto Star II,NAV037,M01,contenedores,descarga,Contenedores,11974.9,1035,2025-08-26 09:18:12,2025-08-26 15:35:08,2025-08-27 13:27:03,Santos,Abiyán,S,0
ESC-2025-000827,9494670,Luz Fortune,NAV031,M07,ro_ro,mixta,Vehículos,13598.8,0,2025-08-26 12:55:56,2025-08-26 14:34:41,2025-08-27 04:35:52,Ceuta,Rotterdam,S,0
ESC-2025-003795,9199622,Costa Pride,NAV033,M11,carga_general,carga,Maquinaria,6037.4,0,2025-08-26 13:55:16,2025-08-27 02:46:58,2025-08-28 10:37:00,Algeciras,Santos,S,0
ESC-2025-003562,9116591,Nordic Marina IV,NAV014,M01,contenedores,carga,Contenedores,12232.4,896,2025-08-26 14:49:34,2025-08-27 03:21:24,2025-08-27 20:04:48,Sines,Rotterdam,S,0
ESC-2025-003562,9116591,Nordic Marina IV,NAV014,M01,contenedores,carga,Contenedores,12232.4,896,2025-08-26 14:49:34,2025-08-27 03:21:24,2025-08-27 20:04:48,Sines,Rotterdam,S,0
ESC-2025-002236,9419474,Ocean Glory I,NAV022,M11,carga_general,carga,Palés,11227.6,0,2025-08-26 15:21:08,2025-08-26 17:18:41,2025-08-27 21:56:58,Ceuta,Le Havre,S,0
ESC-2025-004335,9380283,Estrella Dawn IV,NAV029,M04,granel_liquido,descarga,GNL,51593.8,0,2025-08-26 16:27:43,2025-08-26 16:33:12,2025-08-27 03:31:42,Santos,Nueva York,S,0
ESC-2025-005821,9553086,Golden Bay,NAV029,M05,granel_liquido,descarga,Productos químicos,35403.7,0,2025-08-26 17:45:03,2025-08-26 21:49:46,2025-08-27 16:35:40,Sines,Rotterdam,S,0
ESC-2025-003293,9465057,Costa Pride I,NAV004,M11,carga_general,carga,Bobinas de acero,5147.0,0,2025-08-26 18:13:10,2025-08-26 18:36:35,2025-08-28 05:08:25,Las Palmas,Lisboa,S,0
ESC-2025-005538,9434199,Estrella Pride II,NAV021,M05,granel_liquido,mixta,GNL,57878.9,0,2025-08-26 23:56:34,2025-08-27 11:04:05,2025-08-28 06:42:22,Santos,Algeciras,S,0
ESC-2025-002394,9826809,Delta Voyager,NAV034,M05,granel_liquido,carga,Crudo,57011.4,0,2025-08-27 05:05:34,2025-08-27 07:22:11,2025-08-27 23:36:25,Génova,Sines,S,0
ESC-2025-005035,9472995,Blue Trader,NAV028,M03,granel_solido,descarga,Pirita,41860.7,0,2025-08-27 06:03:54,2025-08-27 20:18:35,2025-08-30 15:39:58,Hamburgo,Houston,S,0
ESC-2025-000488,9569700,Costa Star,NAV006,M01,contenedores,mixta,Contenedores,9409.4,1012,2025-08-27 06:33:36,2025-08-27 19:59:35,2025-08-29 03:52:50,Amberes,Funchal,S,0
ESC-2025-001351,9218076,Doña Horizon,NAV012,M02,granel_solido,mixta,Fertilizantes,12792.7,0,2025-08-27 08:11:05,2025-08-27 13:56:28,2025-08-29 01:17:29,Tánger Med,Houston,S,0
ESC-2025-005523,9125293,Nordic Bay,NAV020,M05,granel_liquido,carga,Gasóleo,37494.6,0,2025-08-27 09:31:57,2025-08-27 09:45:15,2025-08-28 10:57:03,Amberes,Nueva York,S,0
ESC-2025-005037,9994606,Nordic Venture III,NAV037,M03,granel_solido,carga,Cereal,29448.0,0,2025-08-27 10:38:51,2025-08-27 14:58:54,2025-08-28 23:57:39,Santa Cruz de Tenerife,Funchal,S,0
ESC-2025-004893,9228526,Silver Navigator V,NAV039,M03,granel_solido,descarga,Concentrado de cobre,39008.8,0,2025-08-27 14:36:57,2025-08-27 17:18:53,2025-08-30 04:31:21,Algeciras,Dakar,S,0
ESC-2025-000421,9845685,Costa Fortune IV,NAV037,M11,carga_general,carga,Maquinaria,13262.2,0,2025-08-27 21:09:51,2025-08-28 04:18:20,2025-08-29 10:16:52,Ceuta,Dakar,S,0
ESC-2025-000779,9311945,Blue Fortune III,NAV037,M10,pesca,mixta,Pescado fresco,70.5,0,2025-08-27 22:25:11,2025-08-27 22:25:38,2025-08-28 05:28:21,Casablanca,Valencia,S,0
ESC-2025-001390,9148130,Odiel Star II,NAV019,M04,granel_liquido,mixta,Gasóleo,61488.6,0,2025-08-28 00:31:34,2025-08-28 03:47:03,2025-08-29 07:34:39,Ceuta,Ceuta,S,0
ESC-2025-003019,9472995,Blue Trader,NAV028,M02,granel_solido,descarga,Cereal,55030.6,0,2025-08-28 02:02:21,2025-08-28 20:42:45,2025-08-30 01:19:26,Sines,Casablanca,S,0
ESC-2025-003140,9614294,Punta Express,NAV032,M03,granel_solido,mixta,Fertilizantes,27533.4,0,2025-08-28 05:13:22,2025-08-28 07:37:03,2025-08-30 20:11:15,Dakar,Santa Cruz de Tenerife,S,0
ESC-2025-000175,9154933,Iberian Star V,NAV009,M12,granel_liquido,carga,Productos químicos,51094.4,0,2025-08-28 07:07:19,2025-08-28 09:21:19,2025-08-30 00:39:21,Abiyán,Dakar,S,0
ESC-2025-003232,9202039,Luz Navigator,NAV033,M03,granel_solido,mixta,Fertilizantes,24268.9,0,2025-08-28 07:40:57,2025-08-28 09:02:17,2025-08-29 18:13:29,Santa Cruz de Tenerife,Sines,S,0
ESC-2025-006098,9764958,Silver Breeze,NAV040,M07,ro_ro,descarga,Semirremolques,13107.6,0,2025-08-28 08:30:58,2025-08-28 09:47:12,2025-08-29 00:09:14,Dakar,Santa Cruz de Tenerife,S,0
ESC-2025-000943,9119555,Iberian Breeze,NAV010,M12,granel_liquido,descarga,Productos químicos,46714.5,0,2025-08-28 08:48:59,2025-08-28 10:40:59,2025-08-29 12:38:40,Santos,Abiyán,S,0
ESC-2025-005986,9990105,Blue Carrier V,NAV035,M03,granel_solido,mixta,Concentrado de cobre,14624.1,0,2025-08-28 12:41:34,2025-08-28 18:25:27,2025-08-29 23:25:55,Las Palmas,Le Havre,S,0
ESC-2025-002612,9647021,Punta Pride,NAV035,M05,granel_liquido,descarga,Crudo,44829.6,0,2025-08-28 17:48:31,2025-08-28 17:49:58,2025-08-30 01:21:40,Casablanca,Dakar,S,0
ESC-2025-003674,9355458,Southern Spirit II,NAV010,M12,granel_liquido,mixta,Productos químicos,9951.0,0,2025-08-29 00:34:15,2025-08-29 03:05:48,2025-08-30 03:46:16,Rotterdam,Amberes,S,0
ESC-2025-001289,9207479,Punta Fortune,NAV034,M01,contenedores,mixta,Contenedores,13671.6,993,2025-08-29 03:01:00,2025-08-29 09:51:14,2025-08-30 18:35:30,Santos,Le Havre,S,0
ESC-2025-004652,9141546,Blue Express I,NAV037,M06,granel_liquido,mixta,Ácido sulfúrico,48980.9,0,2025-08-29 03:54:56,2025-08-29 14:14:34,2025-08-30 17:02:56,Algeciras,Abiyán,S,0
ESC-2025-002188,9364722,Aurora Glory II,NAV023,M05,granel_liquido,mixta,Ácido sulfúrico,9336.3,0,2025-08-29 13:41:27,2025-08-29 14:22:00,2025-08-30 14:07:26,Casablanca,Valencia,S,0
ESC-2025-002217,9095888,Estrella Pioneer,NAV010,M03,granel_solido,mixta,Fertilizantes,27450.7,0,2025-08-29 17:56:39,2025-08-29 21:47:46,2025-08-31 18:13:01,Lisboa,Génova,S,0
ESC-2025-002217,9095888,Estrella Pioneer,NAV010,M03,granel_solido,mixta,Fertilizantes,27450.7,0,2025-08-29 17:56:39,2025-08-29 21:47:46,2025-08-31 18:13:01,Lisboa,Génova,S,0
ESC-2025-001373,9046928,Río Navigator,NAV010,M05,granel_liquido,carga,Ácido sulfúrico,70230.7,0,2025-08-29 19:12:53,2025-08-29 21:46:50,2025-08-31 08:59:43,Abiyán,Santos,S,0
ESC-2025-005217,9492907,Ocean Star II,NAV037,M11,carga_general,descarga,Madera,10860.4,0,2025-08-29 21:32:04,2025-08-30 00:44:18,2025-08-31 02:22:44,Amberes,Santos,S,0
ESC-2025-003460,9495507,Costa Bay,NAV040,M01,contenedores,descarga,Contenedores,13191.6,1089,2025-08-29 22:25:04,2025-08-30 05:40:20,2025-08-31 05:21:02,Dakar,Le Havre,S,0
ESC-2025-003297,9173824,  DOÑA STAR ,NAV004,M01,contenedores,mixta,Contenedores,6720.9,688,2025-08-30 02:33:59,2025-09-01 02:26:32,2025-09-02 16:23:03,Lisboa,Santa Cruz de Tenerife,S,0
ESC-2025-005330,9141546,Blue Express I,NAV037,M04,granel_liquido,mixta,Gasóleo,36094.8,0,2025-08-30 04:14:56,2025-08-30 08:23:43,2025-08-31 05:27:13,Houston,Amberes,S,0
ESC-2025-003099,9708813,Doña Venture,NAV035,M04,granel_liquido,carga,Productos químicos,41782.5,0,2025-08-30 08:55:16,2025-08-30 09:55:46,2025-08-31 17:13:11,Las Palmas,Hamburgo,S,0
ESC-2025-006195,9368390,Doña Spirit IV,NAV003,M01,contenedores,descarga,Contenedores,12516.0,1128,2025-08-30 13:01:37,2025-08-31 04:37:34,2025-08-31 21:53:53,Amberes,Ceuta,S,0
ESC-2025-001707,9442732,Punta Venture,NAV025,M06,granel_liquido,mixta,Ácido sulfúrico,55803.0,0,2025-08-30 21:05:52,2025-08-30 23:53:56,2025-08-31 15:54:24,Algeciras,Abiyán,S,0
ESC-2025-002077,9578270,Marisma Bay,NAV035,M03,granel_solido,descarga,Fertilizantes,21606.6,0,2025-08-30 21:52:56,2025-08-31 02:55:58,2025-09-01 16:38:46,Algeciras,Valencia,S,0
ESC-2025-001201,9929338,Tinto Venture I,NAV017,M12,granel_liquido,carga,Biocombustible,95661.9,0,2025-08-30 22:16:17,2025-08-30 22:46:02,2025-09-01 01:09:24,Abiyán,Funchal,S,0
ESC-2025-003834,9131761,Southern Trader,NAV032,M07,ro_ro,mixta,Semirremolques,30374.1,0,2025-08-30 22:30:50,2025-08-30 23:52:07,2025-08-31 11:40:40,Sines,Ceuta,S,0
ESC-2025-004974,9156204,Silver Glory III,NAV021,M02,granel_solido,descarga,Pirita,47499.2,0,2025-08-30 23:10:00,2025-08-31 03:14:13,2025-09-02 12:30:14,Funchal,Dakar,S,0
ESC-2025-003419,9417816,Golden Wave,NAV024,M07,ro_ro,carga,Semirremolques,33105.8,0,2025-08-30 23:47:32,2025-08-31 00:22:17,2025-08-31 15:24:40,Tánger Med,Sines,S,0
ESC-2025-004178,9387047,Doña Breeze III,NAV001,M03,granel_solido,mixta,Cereal,27525.2,0,2025-08-31 01:36:41,2025-08-31 02:08:36,2025-09-02 04:44:21,Valencia,Algeciras,S,0
ESC-2025-002698,9042219,Marisma Trader,NAV015,M02,granel_solido,descarga,Concentrado de cobre,13120.4,0,2025-08-31 04:20:28,2025-08-31 17:03:30,2025-09-01 18:27:49,Las Palmas,Casablanca,S,0
ESC-2025-004604,9387047,Doña Breeze III,NAV001,M02,granel_solido,mixta,Pirita,19748.2,0,2025-08-31 04:58:45,2025-09-01 01:51:28,2025-09-02 02:02:08,Sines,Santa Cruz de Tenerife,S,0
ESC-2025-001250,9154567,Estrella Trader III,NAV025,M11,carga_general,mixta,Bobinas de acero,6784.4,0,2025-08-31 08:48:09,2025-08-31 10:49:14,2025-09-02 10:48:15,Dakar,Santa Cruz de Tenerife,S,0
ESC-2025-002246,9153252,Estrella Carrier,NAV007,M03,granel_solido,mixta,Clínker,23318.5,0,2025-08-31 09:38:05,2025-08-31 19:01:20,2025-09-02 01:29:37,Las Palmas,Sines,S,0
ESC-2025-002767,9408011,Cabo Voyager,NAV021,M12,granel_liquido,descarga,Crudo,48200.1,0,2025-08-31 12:39:37,2025-08-31 17:06:14,2025-09-01 19:40:52,Le Havre,Casablanca,S,0
ESC-2025-003878,9589475,Cabo Fortune,NAV007,M01,contenedores,mixta,Contenedores,9611.7,936,2025-08-31 17:10:57,2025-08-31 22:41:57,2025-09-01 18:32:24,Las Palmas,Santos,S,0
ESC-2025-001537,9397987,Tinto Express,NAV012,M01,contenedores,descarga,Contenedores,10239.1,1004,2025-08-31 18:07:43,2025-09-01 04:14:16,2025-09-02 10:29:43,Valencia,Le Havre,S,0
ESC-2025-004800,9125293,Nordic Bay,NAV020,M12,granel_liquido,carga,Gasóleo,31550.9,0,2025-08-31 19:40:04,2025-08-31 22:09:37,2025-09-02 03:23:59,Dakar,Ceuta,S,0
ESC-2025-005850,9488231,Atlantic Voyager,NAV033,M03,granel_solido,descarga,Concentrado de cobre,18369.2,0,2025-08-31 22:41:54,2025-09-01 03:29:12,2025-09-03 06:38:39,Lisboa,Santos,S,0
ESC-2025-002109,9369382,Southern Sol,NAV001,M06,granel_liquido,mixta,Ácido sulfúrico,52900.5,0,2025-08-31 22:58:25,2025-09-01 03:00:34,2025-09-01 15:01:23,Casablanca,Abiyán,S,0
ESC-2025-002799,9230268,Luz Express,NAV022,,contenedores,mixta,Contenedores,5115.7,535,2025-09-01 02:10:31,2025-09-01 03:16:53,2025-09-02 01:40:16,Funchal,Houston,S,0
ESC-2025-003983,9102112,Delta Spirit I,NAV035,M02,granel_solido,carga,Pirita,21223.1,0,2025-09-01 04:18:15,2025-09-01 11:07:38,2025-09-03 15:40:26,Funchal,Algeciras,S,0
ESC-2025-005100,9361914,Cabo Marina,NAV037,M02,granel_solido,descarga,Fertilizantes,16817.3,0,2025-09-01 05:13:23,2025-09-01 06:49:40,2025-09-03 17:18:34,Nueva York,Tánger Med,S,0
ESC-2025-000896,9548768,Aurora Trader II,NAV029,M03,granel_solido,carga,Pirita,25407.3,0,2025-09-01 06:56:58,2025-09-01 08:52:40,2025-09-03 06:29:34,Valencia,Lisboa,S,0
ESC-2025-005318,9488231,Atlantic Voyager,NAV033,M02,granel_solido,mixta,Clínker,23766.4,0,2025-09-01 09:24:34,2025-09-01 14:57:14,2025-09-02 21:39:58,Amberes,Santa Cruz de Tenerife,S,0
ESC-2025-005258,9171371,Ocean Pioneer,NAV025,M02,granel_solido,descarga,Cereal,25635.5,0,2025-09-01 09:49:08,2025-09-01 12:25:23,2025-09-02 23:45:11,Sines,Le Havre,S,0
ESC-2025-003991,9097903,Odiel Carrier,NAV006,M05,granel_liquido,descarga,Ácido sulfúrico,25337.1,0,2025-09-01 10:39:54,2025-09-01 12:35:01,2025-09-02 03:37:36,Génova,Abiyán,S,0
ESC-2025-001263,9364722,Aurora Glory II,NAV023,M04,granel_liquido,mixta,Crudo,5568.5,0,2025-09-01 12:29:45,2025-09-01 14:02:59,2025-09-02 21:07:07,Rotterdam,Nueva York,S,0
ESC-2025-003557,9092329,Tinto Star,NAV017,M02,granel_solido,carga,Clínker,39110.6,0,2025-09-01 17:10:18,2025-09-02 10:49:49,2025-09-04 10:05:15,Nueva York,Tánger Med,S,0
ESC-2025-006459,9521198,Blue Bay III,NAV036,M10,pesca,descarga,Pescado fresco,55.0,0,2025-09-01 22:38:03,2025-09-01 22:40:53,2025-09-02 05:48:09,Lisboa,Sines,N,0
ESC-2025-004333,9095888,Estrella Pioneer,NAV010,M02,granel_solido,carga,Pirita,40227.3,0,2025-09-02 01:04:58,2025-09-02 03:36:22,2025-09-04 08:31:16,Las Palmas,Hamburgo,S,0
ESC-2025-006225,9488231,Atlantic Voyager,NAV033,M02,granel_solido,carga,Clínker,12600.1,0,2025-09-02 05:08:51,2025-09-02 14:27:37,2025-09-04 05:45:12,Casablanca,Santos,S,0
ESC-2025-001069,9042219,Marisma Trader,NAV015,M02,granel_solido,carga,Fertilizantes,20639.8,0,2025-09-02 13:26:02,2025-09-02 13:53:46,2025-09-05 23:31:00,Amberes,Amberes,S,0
ESC-2025-001401,9131761,Southern Trader,NAV032,M07,ro_ro,descarga,Vehículos,34997.5,0,2025-09-02 20:53:46,2025-09-03 01:34:39,2025-09-03 09:33:58,Génova,Ceuta,S,0
ESC-2025-002751,9412543,Estrella Sol,NAV033,M12,granel_liquido,mixta,Gasóleo,20438.0,0,2025-09-02 23:00:53,2025-09-03 04:10:41,2025-09-04 09:14:18,Lisboa,Amberes,S,0
ESC-2025-002084,9429601,Marisma Spirit IV,NAV040,M02,granel_solido,carga,Fertilizantes,20238.4,0,2025-09-03 01:26:38,03/09/2025 15:30,2025-09-04 18:07:57,Nueva York,Las Palmas,S,0
ESC-2025-001990,9228526,Silver Navigator V,NAV039,M03,granel_solido,descarga,Concentrado de cobre,46689.1,0,2025-09-03 05:46:26,2025-09-03 13:31:56,2025-09-06 10:58:48,Le Havre,Algeciras,S,0
ESC-2025-002358,9197583,Delta Venture,NAV007,M03,granel_solido,mixta,Cereal,24980.7,0,2025-09-03 06:39:02,2025-09-03 18:49:55,2025-09-06 13:47:37,Génova,Santa Cruz de Tenerife,S,0
ESC-2025-000293,9853620,Blue Express,NAV007,M11,carga_general,mixta,Bobinas de acero,11472.3,0,2025-09-03 07:10:44,2025-09-03 14:56:28,2025-09-04 18:36:04,Santos,Houston,S,0
ESC-2025-005273,9387047,Doña Breeze III,NAV001,M03,granel_solido,carga,Concentrado de cobre,32531000.0,0,2025-09-03 11:41:06,2025-09-03 13:12:06,2025-09-05 01:26:41,Valencia,Nueva York,S,0
ESC-2025-001332,9361641,  LUZ PRIDE ,NAV024,M07,ro_ro,mixta,Semirremolques,16424.3,0,2025-09-03 13:29:25,2025-09-03 15:04:40,2025-09-04 03:03:38,Santa Cruz de Tenerife,Dakar,S,0
ESC-2025-006446,9408011,Cabo Voyager,NAV021,M05,granel_liquido,mixta,GNL,44329.0,0,2025-09-03 16:06:28,2025-09-03 19:43:41,2025-09-05 02:55:18,Abiyán,Casablanca,S,0
ESC-2025-001790,9531090,Iberian Marina,NAV031,M03,granel_solido,descarga,Pirita,22447.8,0,2025-09-03 17:49:49,04/09/2025 05:59,2025-09-05 12:39:18,Lisboa,Ceuta,S,0
ESC-2025-000516,9822619,Ocean Bay,NAV002,M11,carga_general,mixta,Maquinaria,7700.7,0,2025-09-03 20:11:53,2025-09-03 20:37:57,2025-09-04 18:38:27,Algeciras,Abiyán,S,0
ESC-2025-004073,9119517,Costa Venture II,NAV036,M02,granel_solido,descarga,Fertilizantes,28858.7,0,2025-09-03 20:47:01,2025-09-04 22:29:22,2025-09-07 23:48:35,Casablanca,Santos,S,0
ESC-2025-003107,9392119,Odiel Voyager II,NAV025,M07,ro_ro,carga,Semirremolques,25100.8,0,2025-09-03 20:48:06,2025-09-04 02:24:43,2025-09-04 11:00:01,Las Palmas,Abiyán,S,0
ESC-2025-004299,9770531,  AURORA SPIRIT III ,NAV023,M01,contenedores,carga,Contenedores,10472.8,756,2025-09-03 21:00:05,2025-09-04 14:20:07,2025-09-05 08:42:38,Le Havre,Santos,S,0
ESC-2025-003264,9223904,Aurora Bay IV,NAV003,M04,granel_liquido,descarga,Ácido sulfúrico,28045.3,0,2025-09-03 22:32:50,2025-09-04 09:26:24,2025-09-06 00:11:34,Abiyán,Rotterdam,S,0
ESC-2025-005153,9148130,Odiel Star II,NAV019,M06,granel_liquido,carga,Productos químicos,75821.5,0,2025-09-03 23:16:31,2025-09-04 00:00:38,2025-09-05 16:32:30,Abiyán,Ceuta,S,0
ESC-2025-004507,9594248,Costa Fortune,NAV015,M03,granel_solido,descarga,Pirita,28773.5,0,2025-09-03 23:52:05,2025-09-04 04:01:43,2025-09-06 10:09:43,Le Havre,Houston,S,0
ESC-2025-002685,9368223,Iberian Navigator,NAV010,M10,pesca,descarga,Pescado fresco,36.1,0,2025-09-04 07:22:49,2025-09-04 07:24:00,2025-09-04 12:50:11,Rotterdam,Lisboa,N,0
ESC-2025-003137,9311490,  RÍO TRADER IV ,NAV033,M10,pesca,descarga,Pescado fresco,15.9,0,2025-09-04 10:24:09,2025-09-04 10:26:13,2025-09-04 14:05:54,Valencia,Valencia,N,0
ESC-2025-006142,9086382,Estrella Star V,NAV036,M06,granel_liquido,descarga,GNL,83755.0,0,2025-09-04 16:36:28,2025-09-04 18:18:12,2025-09-05 09:14:35,Santa Cruz de Tenerife,Sines,S,0
ESC-2025-004450,9678460,Southern Spirit V,NAV033,M03,granel_solido,carga,Concentrado de cobre,29648.8,0,2025-09-04 16:51:23,2025-09-05 07:14:14,2025-09-07 16:02:57,Santos,Casablanca,S,0
ESC-2025-001777,9459424,Luz Fortune IV,NAV028,M07,ro_ro,mixta,Semirremolques,16587.5,0,2025-09-04 18:02:45,2025-09-04 19:16:07,2025-09-05 07:54:34,Tánger Med,Funchal,S,0
ESC-2025-002600,9368223,Iberian Navigator,NAV010,M10,pesca,mixta,Pescado fresco,5.0,0,2025-09-04 20:47:32,2025-09-04 20:48:10,2025-09-05 02:00:29,Santos,Las Palmas,S,0
ESC-2025-001919,9311490,Río Trader IV,NAV033,M10,pesca,descarga,Pescado fresco,41.1,0,2025-09-05 01:41:08,2025-09-05 01:51:19,2025-09-05 07:33:24,Lisboa,Amberes,N,0
ESC-2025-005282,9043055,Ocean Venture,NAV012,M10,pesca,mixta,Pescado fresco,55.0,0,2025-09-05 03:58:31,2025-09-05 04:13:41,2025-09-05 08:29:29,Le Havre,Lisboa,S,0
ESC-2025-001884,9276638,Estrella Dawn,NAV008,M10,pesca,descarga,Pescado fresco,56.6,0,2025-09-05 10:15:40,2025-09-05 10:31:41,2025-09-05 17:53:49,Houston,Funchal,N,0
ESC-2025-001775,9550230,Nordic Carrier,NAV011,M11,carga_general,mixta,Madera,2995.6,0,2025-09-05 15:50:11,2025-09-05 16:18:40,2025-09-06 16:44:45,Amberes,Ceuta,S,0
ESC-2025-001954,9809253,Río Bay,NAV005,M02,granel_solido,mixta,Cereal,14985.4,0,2025-09-05 20:27:41,2025-09-06 01:09:42,2025-09-07 19:22:18,Santa Cruz de Tenerife,Ceuta,S,0
ESC-2025-001954,9809253,Río Bay,NAV005,M02,granel_solido,mixta,Cereal,14985.4,0,2025-09-05 20:27:41,2025-09-06 01:09:42,2025-09-07 19:22:18,Santa Cruz de Tenerife,Ceuta,S,0
ESC-2025-004806,9574614,Aurora Mar V,NAV029,M01,contenedores,carga,Contenedores,18405.2,1528,2025-09-05 21:19:33,2025-09-07 17:11:12,2025-09-08 07:54:55,Sines,Le Havre,S,0
ESC-2025-006147,9717199,Doña Express,NAV017,M10,pesca,descarga,Pescado fresco,7.2,0,2025-09-06 00:39:07,06/09/2025 01:01,2025-09-06 07:49:51,Génova,Algeciras,S,0
ESC-2025-001499,9376153,  RÍO WAVE ,NAV031,M09,pasajeros,descarga,Pasajeros,0.0,0,2025-09-06 05:33:43,2025-09-06 06:03:01,2025-09-06 14:51:20,Santa Cruz de Tenerife,Casablanca,S,2228
ESC-2025-003963,9884227,Silver Bay II,NAV035,M10,pesca,carga,Pescado fresco,76.4,0,2025-09-06 06:40:06,2025-09-06 06:46:12,2025-09-06 11:45:20,Santa Cruz de Tenerife,Las Palmas,S,0
ESC-2025-002783,9554494,Tinto Wave IV,NAV004,M07,ro_ro,mixta,Vehículos,30824.2,0,2025-09-06 07:32:42,2025-09-06 11:38:04,2025-09-06 22:56:49,Dakar,Abiyán,S,0
ESC-2025-006237,9540780,Odiel Trader V,NAV009,M05,granel_liquido,carga,Gasóleo,22229.6,0,2025-09-06 19:02:08,2025-09-07 05:28:55,2025-09-08 15:24:09,Abiyán,Génova,S,0
ESC-2025-000660,9043055,Ocean Venture,NAV012,M10,pesca,carga,Pescado fresco,33.8,0,2025-09-06 19:25:02,2025-09-06 20:24:57,2025-09-07 02:15:23,Sines,Sines,S,0
ESC-2025-004049,9531090,Iberian Marina,NAV031,M02,granel_solido,descarga,Cereal,13062.2,0,2025-09-06 20:50:15,2025-09-06 22:01:48,2025-09-09 12:24:16,Houston,Las Palmas,S,0
ESC-2025-000948,9829746,Marisma Venture,NAV030,M05,granel_liquido,mixta,Biocombustible,59226.1,0,2025-09-06 21:47:01,2025-09-07 07:57:56,2025-09-08 22:04:16,Abiyán,Tánger Med,S,0
ESC-2025-003929,9936135,Luz Dawn,NAV008,M02,granel_solido,carga,Pirita,36248.0,0,2025-09-06 22:48:37,2025-09-07 06:55:41,2025-09-09 03:32:04,Santos,Génova,S,0
ESC-2025-005750,9118238,Doña Glory,NAV006,M03,granel_solido,mixta,Pirita,28819.6,0,2025-09-07 01:49:28,2025-09-07 05:37:34,2025-09-09 10:14:29,Nueva York,Rotterdam,S,0
ESC-2025-001440,9228526,Silver Navigator V,NAV039,M03,granel_solido,descarga,Fertilizantes,26906.5,0,2025-09-07 02:58:42,2025-09-07 05:24:27,2025-09-08 12:52:53,Nueva York,Tánger Med,S,0
ESC-2025-002994,9467031,Cabo Star,NAV008,M11,carga_general,carga,Palés,9918.3,0,2025-09-07 03:22:02,2025-09-07 04:17:25,2025-09-07 16:33:08,Ceuta,Funchal,S,0
ESC-2025-002171,9442732,Punta Venture,NAV025,M04,granel_liquido,mixta,Biocombustible,70494.4,0,2025-09-07 09:38:40,2025-09-07 12:33:57,2025-09-09 03:13:16,Funchal,Abiyán,S,0
ESC-2025-002232,9284635,Nordic Sol IV,NAV017,M02,granel_solido,mixta,Cereal,21294.7,0,2025-09-07 09:45:09,2025-09-07 13:15:28,2025-09-09 05:33:40,Tánger Med,Santa Cruz de Tenerife,S,0
ESC-2025-000144,9680669,Estrella Fortune,NAV029,M07,ro_ro,mixta,Semirremolques,17111.3,0,2025-09-07 10:47:23,2025-09-07 12:06:48,2025-09-08 04:51:19,Tánger Med,Las Palmas,S,0
ESC-2025-001103,9367487,Ocean Fortune I,NAV009,M11,carga_general,carga,Maquinaria,4784.8,0,2025-09-07 14:10:16,2025-09-07 16:28:41,2025-09-08 06:35:09,Hamburgo,Las Palmas,S,0
ESC-2025-006394,9647021,Punta Pride,NAV035,M12,granel_liquido,descarga,GNL,46661.5,0,2025-09-07 16:28:40,2025-09-08 05:21:59,2025-09-09 02:05:23,Amberes,Las Palmas,S,0
ESC-2025-005630,9556143,Southern Mar,NAV028,M11,carga_general,mixta,Palés,6229.2,0,2025-09-07 16:34:52,2025-09-07 22:17:34,2025-09-09 01:16:03,Algeciras,Nueva York,S,0
ESC-2025-003382,9223904,Aurora Bay IV,NAV003,M12,granel_liquido,descarga,GNL,29916.6,0,2025-09-07 17:29:13,2025-09-08 00:54:11,2025-09-08 21:09:36,Houston,Tánger Med,S,0
ESC-2025-005066,9492907,Ocean Star II,NAV037,M11,carga_general,mixta,Madera,9834.1,0,2025-09-07 19:17:44,2025-09-07 22:16:44,2025-09-09 08:39:12,Amberes,Dakar,S,0
ESC-2025-001720,9222869,Aurora Trader,NAV038,M01,contenedores,descarga,Contenedores,12307.4,1002,2025-09-08 05:57:23,2025-09-09 09:33:59,2025-09-10 10:32:57,Ceuta,Las Palmas,S,0
ESC-2025-005096,9368390,Doña Spirit IV,NAV003,M01,contenedores,mixta,Contenedores,7248.6,738,2025-09-08 08:58:40,2025-09-09 20:31:07,2025-09-10 12:59:32,Hamburgo,Algeciras,S,0
ESC-2025-001217,9118238,Doña Glory,NAV006,M03,granel_solido,mixta,Concentrado de cobre,32863.9,0,2025-09-08 09:46:37,2025-09-11 20:03:59,2025-09-14 11:23:15,Le Havre,Santos,S,0
ESC-2025-002969,9507843,Iberian Express,NAV018,M11,carga_general,mixta,Maquinaria,10307.0,0,2025-09-08 13:41:54,2025-09-09 23:48:11,2025-09-10 22:55:52,Hamburgo,Funchal,S,0
ESC-2025-002922,9495507,Costa Bay,NAV040,M01,contenedores,descarga,Contenedores,7056.9,556,2025-09-08 15:21:53,2025-09-08 16:01:22,2025-09-09 08:44:19,Santos,Ceuta,S,0
ESC-2025-002760,9864447,Iberian Dawn II,NAV008,M02,granel_solido,carga,Clínker,23981.5,0,2025-09-08 16:08:21,2025-09-09 16:29:54,2025-09-11 03:19:34,Funchal,Génova,S,0
ESC-2025-003357,9770531,Aurora Spirit III,NAV023,M01,contenedores,carga,Contenedores,14610.2,1198,2025-09-08 21:43:56,2025-09-09 02:39:26,2025-09-10 02:00:04,Funchal,Funchal,S,0
ESC-2025-002175,9540780,Odiel Trader V,NAV009,M12,granel_liquido,descarga,Biocombustible,21857.3,0,2025-09-08 22:47:19,2025-09-11 08:35:30,2025-09-13 08:03:41,Génova,Ceuta,S,0
ESC-2025-005942,9423853,Odiel Pioneer,NAV028,M05,granel_liquido,descarga,Ácido sulfúrico,23431.6,0,2025-09-09 00:35:07,2025-09-15 10:42:07,2025-09-16 02:55:03,Nueva York,Hamburgo,S,0
ESC-2025-002874,9153252,Estrella Carrier,NAV007,M03,granel_solido,descarga,Pirita,15297.2,0,2025-09-09 03:11:38,2025-09-09 13:11:29,2025-09-11 18:05:02,Abiyán,Nueva York,S,0
ESC-2025-003064,9520261,Nordic Express V,NAV017,M07,ro_ro,carga,Vehículos,11569.6,0,2025-09-09 05:15:43,2025-09-11 03:26:26,2025-09-11 12:58:31,Abiyán,Santos,S,0
ESC-2025-002132,9060417,Estrella Venture,NAV025,M04,granel_liquido,descarga,Biocombustible,6018.2,0,2025-09-09 05:35:18,2025-09-10 11:56:33,2025-09-12 12:51:43,Nueva York,Casablanca,S,0
ESC-2025-002035,9116591,Nordic Marina IV,NAV014,M01,contenedores,descarga,Contenedores,19133.7,1382,2025-09-09 07:32:52,2025-09-11 00:49:16,2025-09-11 22:21:24,Houston,Santa Cruz de Tenerife,S,0
ESC-2025-002573,9116034,Atlantic Fortune III,NAV019,M01,contenedores,carga,Contenedores,16096.7,1465,2025-09-09 07:54:55,2025-09-10 02:05:32,2025-09-10 19:49:08,Algeciras,Amberes,S,0
ESC-2025-001993,9465057,Costa Pride I,NAV004,M11,carga_general,descarga,Maquinaria,4325.7,0,2025-09-09 09:49:15,2025-09-10 08:28:37,2025-09-12 01:33:49,Amberes,Abiyán,S,0
ESC-2025-004252,9520895,Río Spirit,NAV009,M05,granel_liquido,carga,Ácido sulfúrico,51524.3,0,2025-09-09 11:07:21,2025-09-13 13:28:37,2025-09-14 14:23:37,Houston,Casablanca,S,0
ESC-2025-005149,9156204,Silver Glory III,NAV021,M02,granel_solido,carga,Fertilizantes,42170.4,0,2025-09-09 13:25:25,2025-09-12 07:26:16,2025-09-14 06:38:18,Amberes,Las Palmas,S,0
ESC-2025-001328,9867126,Aurora Wave I,NAV002,M07,ro_ro,mixta,Vehículos,22641.8,0,2025-09-09 15:31:55,2025-09-10 05:12:29,2025-09-10 19:55:32,Sines,Santos,S,0
ESC-2025-001329,9183415,Blue Horizon II,NAV014,M02,granel_solido,descarga,Pirita,39172.9,0,2025-09-09 19:32:16,2025-09-10 03:59:35,2025-09-12 16:23:53,Amberes,Abiyán,S,0
ESC-2025-000427,9364722,Aurora Glory II,NAV023,M06,granel_liquido,descarga,Biocombustible,5661.2,0,2025-09-09 21:26:51,2025-09-10 23:48:04,2025-09-12 11:43:31,Hamburgo,Houston,S,0
ESC-2025-001406,9438004,Tinto Bay IV,NAV031,M06,granel_liquido,carga,Crudo,79408.4,0,2025-09-09 22:28:47,2025-09-14 11:29:45,2025-09-15 01:42:21,Santos,Casablanca,S,0
ESC-2025-000665,9578270,Marisma Bay,NAV035,M02,granel_solido,descarga,Clínker,11478.4,0,2025-09-09 22:36:29,2025-09-10 03:36:25,2025-09-11 08:32:22,Santos,Hamburgo,S,0
ESC-2025-004221,9554494,Tinto Wave IV,NAV004,M07,ro_ro,descarga,Vehículos,23658.4,0,2025-09-09 23:27:46,2025-09-10 20:09:43,2025-09-11 13:12:46,Hamburgo,Dakar,S,0
ESC-2025-001389,9864447,Iberian Dawn II,NAV008,M02,granel_solido,carga,Pirita,18795.1,0,2025-09-09 23:40:22,2025-09-13 12:59:58,2025-09-15 16:44:56,Abiyán,Tánger Med,S,0
ESC-2025-004159,9912490,Río Pride,NAV037,M08,fruta_refrigerada,carga,Fruta tropical,16037.4,0,2025-09-10 03:28:56,2025-09-11 01:25:16,2025-09-11 19:57:06,Amberes,Le Havre,S,0
ESC-2025-002520,9816622,Río Fortune,NAV010,M11,carga_general,carga,Palés,6530.3,0,2025-09-10 03:37:54,2025-09-10 16:57:26,2025-09-12 13:03:26,Tánger Med,Algeciras,S,0
ESC-2025-006118,9467031,Cabo Star,NAV008,M11,carga_general,mixta,Palés,6843.4,0,2025-09-10 06:05:36,2025-09-11 19:00:30,2025-09-12 17:27:45,Santa Cruz de Tenerife,Casablanca,S,0
ESC-2025-001182,9386237,Cabo Venture,NAV038,M07,ro_ro,mixta,Semirremolques,29107.9,0,2025-09-10 06:52:20,2025-09-11 16:35:59,2025-09-12 07:03:32,Hamburgo,Le Havre,S,0
ESC-2025-002637,9380283,Estrella Dawn IV,NAV029,M05,granel_liquido,mixta,Crudo,27393.1,0,2025-09-10 07:05:52,2025-09-10 09:17:38,2025-09-11 16:45:18,Funchal,Santa Cruz de Tenerife,S,0
ESC-2025-003651,9443229,Blue Dawn,NAV010,M06,granel_liquido,carga,Biocombustible,28299.3,0,2025-09-10 09:07:17,2025-09-11 06:31:52,2025-09-12 23:43:31,Hamburgo,Hamburgo,S,0
ESC-2025-004277,9522908,Tinto Breeze III,NAV019,M08,fruta_refrigerada,mixta,Fresa y frutos rojos,9126.2,0,2025-09-10 10:57:21,2025-09-12 10:10:00,2025-09-13 15:36:31,Le Havre,Houston,S,0
ESC-2025-002699,9936135,Luz Dawn,NAV008,M02,granel_solido,carga,Concentrado de cobre,32839.0,0,2025-09-10 11:52:57,2025-09-13 00:20:33,2025-09-14 18:25:21,Valencia,Rotterdam,S,0
ESC-2025-005494,9171371,Ocean Pioneer,NAV025,M03,granel_solido,carga,Fertilizantes,25467.1,0,2025-09-10 15:21:50,2025-09-11 21:47:14,2025-09-13 20:16:39,Dakar,Lisboa,S,0
ESC-2025-003854,9114634,Aurora Bay,NAV040,M01,contenedores,carga,Contenedores,9605.3,927,2025-09-10 17:18:50,2025-09-21 18:03:08,2025-09-22 14:18:03,Hamburgo,Santos,S,0
ESC-2025-002772,9665891,Atlantic Venture IV,NAV032,M10,pesca,descarga,Pescado fresco,20.5,0,2025-09-10 17:51:17,2025-09-11 02:30:19,2025-09-11 04:40:42,Abiyán,Santa Cruz de Tenerife,S,0
ESC-2025-000561,9997361,Río Voyager III,NAV013,M03,granel_solido,mixta,Cereal,32270.9,0,2025-09-10 18:07:06,2025-09-12 13:54:34,2025-09-14 09:47:16,Dakar,Ceuta,S,0
ESC-2025-005484,9912490,Río Pride,NAV037,M08,fruta_refrigerada,descarga,Fresa y frutos rojos,11550.8,0,2025-09-10 18:57:29,2025-09-12 13:01:04,2025-09-13 00:53:49,Génova,Amberes,S,0
ESC-2025-005989,9742132,Odiel Fortune,NAV010,M04,granel_liquido,mixta,Crudo,19159.9,0,2025-09-10 21:47:49,2025-09-12 06:19:01,2025-09-13 12:30:20,Nueva York,Abiyán,S,0
ESC-2025-004163,9030022,Costa Fortune V,NAV007,M10,pesca,mixta,Pescado fresco,47.4,0,2025-09-10 23:59:32,2025-09-11 04:26:27,2025-09-11 11:17:16,Lisboa,Valencia,S,0
ESC-2025-005629,9148130,Odiel Star II,NAV019,M06,granel_liquido,mixta,Ácido sulfúrico,65388.0,0,2025-09-11 02:09:48,2025-09-14 02:30:32,2025-09-14 19:01:01,Valencia,Algeciras,S,0
ESC-2025-005075,9871880,Costa Sol,NAV028,M06,granel_liquido,carga,Biocombustible,41041.4,0,2025-09-11 02:44:59,2025-09-11 22:10:25,2025-09-14 00:23:04,Le Havre,Nueva York,S,0
ESC-2025-003865,9589475,Cabo Fortune,NAV007,M01,contenedores,descarga,Contenedores,12425.0,1316,2025-09-11 02:53:48,2025-09-12 12:47:29,2025-09-13 12:15:56,Casablanca,Algeciras,S,0
ESC-2025-004576,9922976,Río Horizon II,NAV034,M12,granel_liquido,descarga,Gasóleo,35662.2,0,2025-09-11 02:59:15,2025-09-12 19:59:50,2025-09-14 12:03:07,Tánger Med,Le Havre,S,0
ESC-2025-005451,9387047,Doña Breeze III,NAV001,M02,granel_solido,carga,Fertilizantes,28379.0,0,2025-09-11 06:33:28,2025-09-11 17:24:19,2025-09-15 05:24:02,Génova,Casablanca,S,0
ESC-2025-005454,9171371,Ocean Pioneer,NAV025,M02,granel_solido,descarga,Pirita,25891.5,0,2025-09-11 06:45:29,2025-09-13 08:40:37,2025-09-16 19:06:55,Tánger Med,Lisboa,S,0
ESC-2025-004294,9895927,Cabo Express,NAV032,M04,granel_liquido,carga,Productos químicos,59941.1,0,2025-09-11 16:55:53,2025-09-12 16:35:02,2025-09-14 06:05:41,Dakar,Lisboa,S,0
ESC-2025-002067,9864447,Iberian Dawn II,NAV008,M02,granel_solido,mixta,Concentrado de cobre,12489.2,0,2025-09-11 18:10:47,2025-09-14 01:17:30,2025-09-16 08:22:21,Houston,Rotterdam,S,0
ESC-2025-005662,9068720,Silver Venture II,NAV030,M10,pesca,descarga,Pescado fresco,32.1,0,2025-09-12 03:40:36,2025-09-12 23:22:30,2025-09-13 08:40:03,Lisboa,Lisboa,N,0
ESC-2025-005691,9260483,Punta Navigator IV,NAV004,M12,granel_liquido,carga,Productos químicos,61340.9,0,2025-09-12 03:44:06,2025-09-14 15:45:04,2025-09-15 06:09:54,Casablanca,Nueva York,S,0
ESC-2025-003457,9160126,Río Marina V,NAV008,M06,granel_liquido,descarga,Biocombustible,47314.6,0,2025-09-12 07:48:14,2025-09-15 15:19:05,2025-09-17 04:16:32,Tánger Med,Tánger Med,S,0
ESC-2025-004166,9418834,Costa Navigator V,NAV035,M03,granel_solido,carga,Concentrado de cobre,28301.5,0,2025-09-12 14:38:44,2025-09-13 01:10:48,2025-09-15 02:15:46,Tánger Med,Funchal,S,0
ESC-2025-000116,9568330,Ocean Fortune,NAV026,M08,fruta_refrigerada,descarga,Fresa y frutos rojos,15061.6,0,2025-09-12 17:24:52,2025-09-12 22:15:52,2025-09-13 12:52:03,Abiyán,Dakar,S,0
ESC-2025-000163,9465851,Luz Glory IV,NAV008,M02,granel_solido,carga,Pirita,22673.4,0,2025-09-12 17:55:43,2025-09-12 18:10:21,2025-09-14 06:40:40,Rotterdam,Tánger Med,S,0
ESC-2025-002850,9068720,Silver Venture II,NAV030,M10,pesca,descarga,Pescado fresco,65.9,0,2025-09-12 21:05:11,2025-09-13 11:05:07,2025-09-13 15:39:03,Las Palmas,Ceuta,N,0
ESC-2025-000066,9589475,Cabo Fortune,NAV007,M01,contenedores,mixta,Contenedores,4784.5,522,2025-09-13 03:04:14,2025-09-13 05:27:35,2025-09-14 00:52:51,Dakar,Lisboa,S,0
ESC-2025-005991,9829746,Marisma Venture,NAV030,M05,granel_liquido,descarga,Ácido sulfúrico,42473.0,0,2025-09-13 03:59:59,2025-09-13 16:19:30,2025-09-14 14:14:19,Tánger Med,Houston,S,0
ESC-2025-002479,9249049,Cabo Trader,NAV001,M08,fruta_refrigerada,descarga,Fresa y frutos rojos,6693.5,0,2025-09-13 04:20:21,2025-09-13 04:22:18,2025-09-14 06:58:35,Génova,Houston,S,0
ESC-2025-005171,9164330,Tinto Trader III,NAV025,M01,contenedores,carga,Contenedores,6052.6,534,2025-09-13 05:12:35,2025-09-13 08:39:33,2025-09-14 04:08:32,Houston,Santos,S,0
ESC-2025-005171,9164330,Tinto Trader III,NAV025,M01,contenedores,carga,Contenedores,6052.6,534,2025-09-13 05:12:35,2025-09-13 08:39:33,2025-09-14 04:08:32,Houston,Santos,S,0
ESC-2025-001457,9661716,Aurora Horizon,NAV002,M04,granel_liquido,descarga,Biocombustible,34353.2,0,2025-09-13 06:50:12,2025-09-13 09:49:21,2025-09-14 12:31:05,Lisboa,Funchal,S,0
ESC-2025-003450,9654488,Delta Sol,NAV035,M03,granel_solido,mixta,Clínker,36721.1,0,2025-09-13 10:22:38,2025-09-13 14:50:53,2025-09-15 09:34:27,Houston,Santa Cruz de Tenerife,S,0
ESC-2025-005860,9423853,Odiel Pioneer,NAV028,M04,granel_liquido,descarga,Productos químicos,19114.8,0,2025-09-13 11:00:16,2025-09-13 11:55:17,2025-09-14 22:55:37,Génova,Valencia,S,0
ESC-2025-003632,9770684,Delta Pioneer,NAV005,M05,granel_liquido,mixta,Gasóleo,40254.0,0,2025-09-13 11:51:53,2025-09-13 12:18:16,2025-09-15 03:22:03,Casablanca,Génova,S,0
ESC-2025-002875,9521198,Blue Bay III,NAV036,M10,pesca,mixta,Pescado fresco,20.4,0,2025-09-13 13:26:32,2025-09-13 13:29:43,2025-09-13 18:29:00,Houston,Algeciras,S,0
ESC-2025-006257,9132703,Cabo Breeze,NAV019,M05,granel_liquido,descarga,Biocombustible,33879.7,0,2025-09-13 14:11:33,2025-09-14 02:01:26,2025-09-15 12:14:28,Santa Cruz de Tenerife,Houston,S,0
ESC-2025-003481,9171371,Ocean Pioneer,NAV025,M02,granel_solido,carga,Concentrado de cobre,19436.3,0,2025-09-13 16:40:00,2025-09-13 17:08:15,2025-09-14 14:11:36,Dakar,Las Palmas,S,0
ESC-2025-001686,9154567,Estrella Trader III,NAV025,M11,carga_general,carga,Palés,7597.3,0,2025-09-13 17:10:02,2025-09-14 20:40:58,2025-09-16 12:53:43,Hamburgo,Dakar,S,0
ESC-2025-006294,9521198,Blue Bay III,NAV036,M10,pesca,descarga,Pescado fresco,6.7,0,2025-09-13 17:34:18,2025-09-13 17:43:25,2025-09-14 00:58:53,Algeciras,Le Havre,S,0
ESC-2025-006207,9543823,Aurora Mar IV,NAV036,M03,granel_solido,carga,Pirita,51198.8,0,2025-09-13 21:48:46,2025-09-13 22:18:13,2025-09-15 16:09:30,Rotterdam,Funchal,S,0
ESC-2025-000416,9514585,Iberian Voyager IV,NAV005,M01,contenedores,descarga,Contenedores,5120.2,456,2025-09-14 01:17:57,2025-09-14 07:19:54,2025-09-15 10:25:38,Valencia,Tánger Med,S,0
ESC-2025-002599,9043055,Ocean Venture,NAV012,M10,pesca,descarga,Pescado fresco,15.7,0,2025-09-14 01:45:24,2025-09-14 01:54:23,2025-09-14 07:04:41,Casablanca,Houston,N,0
ESC-2025-000189,9641912,Ocean Glory,NAV030,M02,granel_solido,descarga,Fertilizantes,17925.8,0,2025-09-14 04:53:37,2025-09-15 12:44:34,2025-09-16 23:47:05,Sines,Le Havre,S,0
ESC-2025-001370,9230438,Nordic Star IV,NAV030,M01,contenedores,descarga,Contenedores,10449.8,1148,2025-09-14 07:33:23,2025-09-14 10:08:41,2025-09-15 07:44:14,Ceuta,Abiyán,S,0
ESC-2025-004713,9131761,Southern Trader,NAV032,M07,ro_ro,descarga,Vehículos,35751.7,0,2025-09-14 10:22:37,2025-09-14 10:59:03,2025-09-14 23:00:44,Dakar,Amberes,S,0
ESC-2025-005685,9149469,Río Spirit IV,NAV036,M02,granel_solido,carga,Pirita,39007.0,0,2025-09-14 11:50:19,2025-09-15 03:09:05,2025-09-17 22:08:22,Houston,Hamburgo,S,0
ESC-2025-006425,9435818,Estrella Breeze,NAV033,M01,contenedores,descarga,Contenedores,8525.0,828,2025-09-14 13:53:24,2025-09-14 18:20:28,2025-09-14 21:18:04,Lisboa,Algeciras,S,0
ESC-2025-001472,9355458,Southern Spirit II,NAV010,M12,granel_liquido,mixta,Productos químicos,10523.7,0,2025-09-14 15:20:01,2025-09-14 18:48:49,2025-09-16 01:18:09,Sines,Amberes,S,0
ESC-2025-005768,9822619,Ocean Bay,NAV002,M11,carga_general,mixta,Madera,6409.9,0,2025-09-14 19:44:31,2025-09-15 06:19:49,2025-09-16 17:36:12,Sines,Tánger Med,S,0
ESC-2025-001863,9434072,Iberian Voyager,NAV015,M01,contenedores,mixta,Contenedores,13066.6,1167,2025-09-14 22:44:39,2025-09-14 23:41:16,2025-09-15 23:11:07,Casablanca,Tánger Med,S,0
ESC-2025-002130,9962445,Punta Marina IV,NAV029,M02,granel_solido,carga,Clínker,48740.1,0,2025-09-15 01:17:21,2025-09-15 07:56:56,2025-09-17 14:13:34,Amberes,Santos,S,0
ESC-2025-001122,9221920,Silver Bay,NAV020,M05,granel_liquido,mixta,Ácido sulfúrico,16822.3,0,2025-09-15 01:27:01,2025-09-15 06:35:26,2025-09-16 17:44:38,Ceuta,Amberes,S,0
ESC-2025-005303,9465057,Costa Pride I,NAV004,M11,carga_general,descarga,Palés,7083.1,0,2025-09-15 05:15:00,2025-09-15 07:51:37,2025-09-16 16:21:38,Valencia,Houston,S,0
ESC-2025-004478,9025699,Iberian Trader I,NAV001,M05,granel_liquido,descarga,Crudo,57131.1,0,2025-09-15 06:27:32,2025-09-15 09:16:22,2025-09-16 11:58:47,Le Havre,Valencia,S,0
ESC-2025-002041,9460124,Estrella Bay,NAV021,M08,fruta_refrigerada,carga,Cítricos,16727.1,0,2025-09-15 14:13:36,2025-09-15 14:24:13,2025-09-16 18:26:55,Valencia,Amberes,S,0
ESC-2025-001275,9990105,Blue Carrier V,NAV035,M03,granel_solido,carga,Cereal,15881.7,0,2025-09-15 19:34:57,2025-09-16 08:44:46,2025-09-17 20:26:44,Rotterdam,Valencia,S,0
ESC-2025-002898,9030022,Costa Fortune V,NAV007,M10,pesca,mixta,Pescado fresco,50.9,0,2025-09-15 22:22:48,2025-09-15 22:29:29,2025-09-16 04:35:35,Las Palmas,Casablanca,N,0
ESC-2025-003964,9442380,Odiel Horizon II,NAV013,M04,granel_liquido,mixta,Biocombustible,70861.8,0,2025-09-15 22:30:03,2025-09-16 14:15:48,2025-09-17 18:04:24,Amberes,Hamburgo,S,0
ESC-2025-000090,9782431,Iberian Wave,NAV016,M05,granel_liquido,mixta,Gasóleo,78240.3,0,2025-09-16 01:59:04,16/09/2025 10:49,2025-09-17 20:14:46,Casablanca,Amberes,S,0
ESC-2025-002298,9386237,Cabo Venture,NAV038,M07,ro_ro,mixta,Vehículos,27771.1,0,2025-09-16 03:52:36,2025-09-16 11:01:36,2025-09-17 06:59:15,Le Havre,Algeciras,S,0
ESC-2025-000538,9444792,Blue Pride V,NAV012,M01,contenedores,mixta,Contenedores,17152.4,1259,2025-09-16 06:03:17,2025-09-16 07:26:03,2025-09-17 12:06:18,Abiyán,Ceuta,S,0
ESC-2025-000259,9554494,Tinto Wave IV,NAV004,M07,ro_ro,carga,Vehículos,17219.5,0,2025-09-16 08:17:07,2025-09-16 10:10:35,2025-09-17 00:49:12,Dakar,Houston,S,0
ESC-2025-005286,9093816,Costa Glory II,NAV006,M10,pesca,carga,Pescado fresco,65.1,0,2025-09-16 08:43:59,2025-09-16 08:57:12,2025-09-16 11:55:17,Abiyán,Santa Cruz de Tenerife,N,0
ESC-2025-004153,9643192,Silver Breeze II,NAV013,M03,granel_solido,carga,Pirita,22995.5,0,2025-09-16 11:49:23,16/09/2025 23:38,2025-09-18 03:56:21,Santa Cruz de Tenerife,Casablanca,S,0
ESC-2025-001660,9405186,Tinto Star II,NAV037,M01,contenedores,mixta,Contenedores,11235.2,929,2025-09-16 13:35:11,2025-09-16 13:56:58,2025-09-17 06:53:28,Amberes,Tánger Med,S,0
ESC-2025-002328,9125293,Nordic Bay,NAV020,M12,granel_liquido,mixta,Biocombustible,27407.4,0,2025-09-16 13:43:54,2025-09-16 21:40:17,2025-09-17 23:08:46,Casablanca,Rotterdam,S,0
ESC-2025-000173,9119517,Costa Venture II,NAV036,M03,granel_solido,mixta,Clínker,29022.1,0,2025-09-16 14:06:34,2025-09-17 02:17:02,2025-09-19 18:01:06,Amberes,Algeciras,S,0
ESC-2025-002288,9488231,Atlantic Voyager,NAV033,M02,granel_solido,mixta,Clínker,22503.9,0,2025-09-16 21:48:53,2025-09-17 01:42:27,2025-09-18 04:28:05,Santa Cruz de Tenerife,Sines,S,0
ESC-2025-002456,9764958,Silver Breeze,NAV040,M07,ro_ro,mixta,Vehículos,21314.5,0,2025-09-17 03:22:48,2025-09-17 04:56:17,2025-09-17 18:26:48,Rotterdam,Génova,S,0
ESC-2025-000225,9556313,Punta Bay,NAV018,M11,carga_general,mixta,Maquinaria,8061.3,0,2025-09-17 04:54:38,2025-09-17 06:43:23,2025-09-18 21:05:53,Santa Cruz de Tenerife,Las Palmas,S,0
ESC-2025-001861,9164330,Tinto Trader III,NAV025,M01,contenedores,mixta,Contenedores,8521.4,664,2025-09-17 10:32:32,2025-09-17 14:59:42,2025-09-18 09:37:44,Houston,Casablanca,S,0
ESC-2025-004256,9102112,Delta Spirit I,NAV035,M02,granel_solido,descarga,Concentrado de cobre,18012.7,0,2025-09-17 14:47:10,2025-09-18 02:50:58,2025-09-20 12:00:06,Valencia,Tánger Med,S,0
ESC-2025-002619,9488231,Atlantic Voyager,NAV033,M02,granel_solido,mixta,Pirita,14842.8,0,2025-09-17 14:59:34,2025-09-17 15:26:07,2025-09-20 10:22:01,Abiyán,Abiyán,S,0
ESC-2025-005490,9556313,Punta Bay,NAV018,M11,carga_general,mixta,Madera,6764.0,0,2025-09-17 15:35:31,2025-09-17 17:48:04,2025-09-19 07:36:17,Hamburgo,Abiyán,S,0
ESC-2025-000741,9787974,Marisma Star,NAV026,M05,granel_liquido,descarga,Ácido sulfúrico,56812.8,0,2025-09-17 18:42:18,2025-09-17 21:10:08,2025-09-19 04:35:51,Santa Cruz de Tenerife,Ceuta,S,0
ESC-2025-006496,9361914,Cabo Marina,NAV037,M03,granel_solido,mixta,Fertilizantes,16103.3,0,2025-09-18 00:40:54,2025-09-18 08:24:57,2025-09-20 01:47:10,Valencia,Abiyán,S,0
ESC-2025-001008,9126132,Atlantic Venture,NAV018,M04,granel_liquido,descarga,Productos químicos,51659.9,0,2025-09-18 01:14:18,2025-09-18 06:41:29,2025-09-19 13:10:49,Amberes,Ceuta,S,0
ESC-2025-005054,9063160,Golden Trader,NAV034,M05,granel_liquido,mixta,Crudo,30526.2,0,2025-09-18 05:59:51,18/09/2025 14:24,2025-09-19 16:59:02,Nueva York,Santos,S,0
ESC-2025-004711,9395252,Ocean Breeze,NAV013,M04,granel_liquido,mixta,Ácido sulfúrico,68515.4,0,2025-09-18 15:21:13,2025-09-18 20:03:00,2025-09-20 06:11:52,Abiyán,Nueva York,S,0
ESC-2025-002164,9194256,Costa Glory,NAV015,M07,ro_ro,descarga,Semirremolques,10437.6,0,2025-09-18 18:18:11,2025-09-18 18:32:47,2025-09-19 07:26:43,Génova,Ceuta,S,0
ESC-2025-003333,9548768,Aurora Trader II,NAV029,M02,granel_solido,descarga,Fertilizantes,33170.2,0,2025-09-18 21:17:42,2025-09-19 03:18:15,2025-09-20 05:16:58,Abiyán,Funchal,S,0
ESC-2025-006157,9341287,Luz Carrier,NAV009,M08,fruta_refrigerada,descarga,Fresa y frutos rojos,5858.7,0,2025-09-18 22:09:58,2025-09-19 00:41:40,2025-09-19 23:47:33,Nueva York,Le Havre,S,0
ESC-2025-004591,9180516,Marisma Glory,NAV034,M06,granel_liquido,carga,Crudo,52027.1,0,2025-09-18 22:35:27,2025-09-19 05:01:53,2025-09-20 00:59:39,Le Havre,Génova,S,0
ESC-2025-002648,9342255,Blue Fortune II,NAV034,M03,granel_solido,carga,Fertilizantes,28267.2,0,2025-09-18 23:49:49,2025-09-20 05:49:56,2025-09-22 09:29:11,Le Havre,Hamburgo,S,0
ESC-2025-004045,9105396,Río Dawn,NAV006,M11,carga_general,mixta,Maquinaria,12976.1,0,2025-09-19 16:28:10,2025-09-20 06:08:46,2025-09-21 21:14:57,Abiyán,Hamburgo,S,0
ESC-2025-004630,9495507,Costa Bay,NAV040,M01,contenedores,descarga,Contenedores,6640.3,548,2025-09-19 17:47:49,2025-09-19 18:52:40,2025-09-20 15:45:38,Sines,Las Palmas,S,0
ESC-2025-000713,9871880,Costa Sol,NAV028,M04,granel_liquido,mixta,GNL,58329.7,0,2025-09-19 20:33:43,20/09/2025 01:12,2025-09-21 09:35:13,Las Palmas,Santa Cruz de Tenerife,S,0
ESC-2025-004262,9156204,  SILVER GLORY III ,NAV021,M03,granel_solido,mixta,Clínker,33793.0,0,2025-09-20 00:42:27,2025-09-20 23:02:16,2025-09-22 14:19:04,Hamburgo,Tánger Med,S,0
ESC-2025-003176,9556143,Southern Mar,NAV028,M11,carga_general,mixta,Maquinaria,8978.9,0,2025-09-20 02:30:24,2025-09-20 04:09:04,2025-09-21 10:27:51,Hamburgo,Valencia,S,0
ESC-2025-000094,9871880,Costa Sol,NAV028,M04,granel_liquido,descarga,Crudo,36876.5,0,2025-09-20 04:10:25,2025-09-20 10:54:13,2025-09-22 04:46:26,Sines,Amberes,S,0
ESC-2025-000287,9944625,  BLUE FORTUNE ,NAV019,M09,pasajeros,descarga,Pasajeros,0.0,0,2025-09-20 09:18:22,2025-09-20 09:48:17,2025-09-20 17:54:50,Ceuta,Las Palmas,S,3109
ESC-2025-003996,9419474,Ocean Glory I,NAV022,M11,carga_general,carga,Palés,9732.4,0,2025-09-20 09:30:05,2025-09-20 22:50:13,2025-09-22 14:10:27,Casablanca,Ceuta,S,0
ESC-2025-004067,9017721,Delta Dawn,NAV030,M10,pesca,carga,Pescado fresco,59.4,0,2025-09-20 10:12:25,2025-09-20 10:21:09,2025-09-20 16:18:24,Hamburgo,Nueva York,N,0
ESC-2025-002947,9537977,Luz Voyager V,NAV002,M02,granel_solido,descarga,Pirita,31509.8,0,2025-09-20 10:29:17,2025-09-20 19:33:24,2025-09-22 11:10:55,Santos,Las Palmas,S,0
ESC-2025-003635,9341287,Luz Carrier,NAV009,M08,fruta_refrigerada,mixta,Fresa y frutos rojos,10339.4,0,2025-09-20 14:31:08,2025-09-20 15:48:31,2025-09-21 19:31:39,Funchal,Ceuta,S,0
ESC-2025-000120,9578270,Marisma Bay,NAV035,M03,granel_solido,descarga,Fertilizantes,14297.0,0,2025-09-20 19:58:46,2025-09-20 20:18:47,2025-09-23 10:07:13,Tánger Med,Valencia,S,0
ESC-2025-003352,9416159,Silver Marina,NAV015,M08,fruta_refrigerada,descarga,Fresa y frutos rojos,6124.1,0,2025-09-20 22:13:08,2025-09-21 00:46:51,2025-09-22 08:44:22,Le Havre,Santos,S,0
ESC-2025-003192,9643192,Silver Breeze II,NAV013,M03,granel_solido,carga,Concentrado de cobre,20354.7,0,2025-09-21 00:43:09,2025-09-21 18:49:07,2025-09-23 23:50:04,Tánger Med,Génova,S,0
ESC-2025-005757,9492907,Ocean Star II,NAV037,M11,carga_general,descarga,Palés,8755.5,0,2025-09-21 02:27:54,2025-09-22 06:30:49,2025-09-22 22:13:22,Houston,Funchal,S,0
ESC-2025-002896,9603219,Aurora Spirit,NAV026,M10,pesca,carga,Pescado fresco,67.9,0,2025-09-21 03:30:21,2025-09-21 04:16:31,2025-09-21 14:32:47,Casablanca,Nueva York,N,0
ESC-2025-001291,9114634,Aurora Bay,NAV040,M01,contenedores,mixta,Contenedores,12780.1,1169,2025-09-21 10:36:39,2025-09-22 14:39:53,2025-09-23 15:21:32,Santa Cruz de Tenerife,Rotterdam,S,0
ESC-2025-005468,9287900,Delta Spirit,NAV040,M07,ro_ro,descarga,Semirremolques,21613100.0,0,2025-09-21 14:36:31,2025-09-21 15:21:38,2025-09-21 23:40:04,Nueva York,Génova,S,0
ESC-2025-003866,9148104,Marisma Pride,NAV010,M10,pesca,descarga,Pescado fresco,53.4,0,2025-09-21 19:00:51,2025-09-21 19:10:21,2025-09-22 00:26:27,Amberes,Dakar,N,0
ESC-2025-003866,9148104,Marisma Pride,NAV010,M10,pesca,descarga,Pescado fresco,53.4,0,2025-09-21 19:00:51,2025-09-21 19:10:21,2025-09-22 00:26:27,Amberes,Dakar,N,0
ESC-2025-006492,9445459,Costa Breeze,NAV018,M03,granel_solido,descarga,Pirita,16683.1,0,2025-09-21 21:11:29,2025-09-21 22:10:58,2025-09-24 10:29:27,Dakar,Dakar,S,0
ESC-2025-004470,9495507,Costa Bay,NAV040,,contenedores,descarga,Contenedores,9790.3,781,2025-09-22 00:46:23,2025-09-22 05:38:27,2025-09-22 23:13:27,Sines,Tánger Med,S,0
ESC-2025-002724,9376153,Río Wave,NAV031,M09,pasajeros,descarga,Pasajeros,0.0,0,2025-09-22 04:18:52,2025-09-22 04:22:38,2025-09-22 10:39:55,Algeciras,Tánger Med,S,2573
ESC-2025-004549,9148104,Marisma Pride,NAV010,M10,pesca,mixta,Pescado fresco,22.1,0,2025-09-22 05:21:29,2025-09-22 05:55:42,2025-09-22 15:23:27,Amberes,Génova,S,0
ESC-2025-000085,9063160,Golden Trader,NAV034,M12,granel_liquido,descarga,Ácido sulfúrico,26749.8,0,2025-09-22 10:58:43,2025-09-22 11:56:22,2025-09-22 23:35:48,Valencia,Las Palmas,S,0
ESC-2025-004565,9568330,Ocean Fortune,NAV026,M08,fruta_refrigerada,carga,Fruta tropical,10540.8,0,2025-09-22 17:33:31,2025-09-22 20:29:06,2025-09-24 02:03:23,Hamburgo,Tánger Med,S,0
ESC-2025-004500,9131761,Southern Trader,NAV032,M07,ro_ro,descarga,Vehículos,26847.2,0,2025-09-22 18:47:16,2025-09-22 20:00:03,2025-09-23 03:37:28,Santos,Ceuta,S,0
ESC-2025-001267,9626546,Southern Fortune,NAV008,M03,granel_solido,carga,Fertilizantes,22799.9,0,2025-09-22 20:15:13,2025-09-22 21:05:22,2025-09-24 14:00:04,Valencia,Lisboa,S,0
ESC-2025-002029,9520261,Nordic Express V,NAV017,M07,ro_ro,descarga,Semirremolques,11633.4,0,2025-09-22 20:32:05,2025-09-22 20:57:43,2025-09-23 06:39:18,Santos,Dakar,S,0
ESC-2025-000086,9368223,Iberian Navigator,NAV010,M10,pesca,descarga,Pescado fresco,15.4,0,2025-09-23 01:21:00,2025-09-23 01:38:21,2025-09-23 07:10:00,Abiyán,Casablanca,N,0
ESC-2025-005641,9350628,Aurora Express,NAV028,M01,contenedores,descarga,Contenedores,4357.9,379,2025-09-23 05:57:34,2025-09-23 13:46:38,2025-09-24 14:06:59,Nueva York,Abiyán,S,0
ESC-2025-005483,9990105,Blue Carrier V,NAV035,M03,granel_solido,carga,Concentrado de cobre,14761.9,0,2025-09-23 06:10:07,2025-09-23 08:10:51,2025-09-25 11:18:30,Houston,Tánger Med,S,0
ESC-2025-004529,9471769,Ocean Pride,NAV030,M11,carga_general,descarga,Maquinaria,8087.0,0,2025-09-23 22:24:19,2025-09-23 22:24:27,2025-09-25 04:27:49,Ceuta,Amberes,S,0
ESC-2025-003847,9060417,Estrella Venture,NAV025,M05,granel_liquido,carga,Productos químicos,10083.4,0,2025-09-24 03:57:31,2025-09-25 07:11:34,2025-09-26 20:08:31,Funchal,Hamburgo,S,0
ESC-2025-004921,9471769,Ocean Pride,NAV030,M11,carga_general,descarga,Bobinas de acero,5153.6,0,2025-09-24 08:32:49,2025-09-24 08:57:00,2025-09-25 03:12:15,Génova,Lisboa,S,0
ESC-2025-006231,9173824,Doña Star,NAV004,M01,contenedores,mixta,Contenedores,10485.6,858,2025-09-24 10:35:10,2025-09-24 15:43:18,2025-09-25 11:13:01,Tánger Med,Génova,S,0
ESC-2025-000449,9331919,Costa Wave,NAV027,M01,contenedores,carga,Contenedores,12449.8,977,2025-09-24 15:58:37,2025-09-26 06:14:02,2025-09-26 22:45:44,Sines,Sines,S,0
ESC-2025-000867,9220328,Odiel Carrier II,NAV022,M03,granel_solido,carga,Concentrado de cobre,13678.7,0,2025-09-24 18:44:50,2025-09-25 01:06:48,2025-09-27 08:56:01,Tánger Med,Casablanca,S,0
ESC-2025-000704,9426178,Delta Marina II,NAV023,M09,pasajeros,descarga,Pasajeros,0.0,0,2025-09-24 20:10:05,2025-09-24 20:41:15,2025-09-25 08:25:23,Las Palmas,Le Havre,S,1170
ESC-2025-005368,9312547,Punta Pride III,NAV030,M04,granel_liquido,carga,Gasóleo,25781.4,0,2025-09-24 22:37:34,2025-09-25 00:28:21,2025-09-26 09:37:07,Amberes,Valencia,S,0
ESC-2025-005617,9355367,Delta Navigator I,NAV012,M01,contenedores,mixta,Contenedores,14111.5,1083,2025-09-25 01:50:19,2025-09-25 16:22:35,2025-09-27 01:13:08,Casablanca,Tánger Med,S,0
ESC-2025-003952,9948346,Tinto Sol V,NAV020,M09,pasajeros,carga,Pasajeros,0.0,0,2025-09-25 03:16:34,2025-09-25 03:16:44,2025-09-25 13:56:39,Santos,Las Palmas,S,2069
ESC-2025-004897,9717199,Doña Express,NAV017,M10,pesca,mixta,Pescado fresco,23.6,0,2025-09-25 03:20:51,2025-09-25 03:27:20,2025-09-25 09:17:17,Las Palmas,Valencia,S,0
ESC-2025-001235,9149469,Río Spirit IV,NAV036,M03,granel_solido,mixta,Clínker,24331.0,0,2025-09-25 10:29:39,2025-09-26 10:58:14,2025-09-28 14:32:55,Tánger Med,Abiyán,S,0
ESC-2025-003966,9647021,Punta Pride,NAV035,M04,granel_liquido,mixta,Biocombustible,49692.2,0,2025-09-25 16:34:54,2025-09-26 06:31:11,2025-09-28 05:37:36,Hamburgo,Funchal,S,0
ESC-2025-002332,9952402,Punta Pioneer,NAV032,M10,pesca,descarga,Pescado fresco,12.6,0,2025-09-25 22:53:48,2025-09-25 23:13:55,2025-09-26 05:34:21,Casablanca,Amberes,N,0
ESC-2025-005104,9153252,Estrella Carrier,NAV007,M03,granel_solido,descarga,Fertilizantes,21870.7,0,2025-09-26 07:22:44,2025-09-26 08:06:47,2025-09-28 21:21:11,Dakar,Santos,S,0
ESC-2025-004078,9321201,Estrella Voyager,NAV020,M01,contenedores,carga,Contenedores,13547.4,1175,2025-09-26 07:48:22,2025-09-27 14:19:55,2025-09-28 10:54:41,Funchal,Sines,S,0
ESC-2025-002750,9408011,Cabo Voyager,NAV021,M06,granel_liquido,descarga,Ácido sulfúrico,31254.7,0,2025-09-26 09:14:24,2025-09-26 18:30:06,2025-09-28 02:09:36,Hamburgo,Hamburgo,S,0
ESC-2025-001216,9176761,Cabo Pride,NAV014,M01,contenedores,descarga,Contenedores,8485.9,703,2025-09-26 15:32:07,2025-09-26 16:12:15,2025-09-27 17:15:10,Sines,Las Palmas,S,0
ESC-2025-005550,9131761,Southern Trader,NAV032,M07,ro_ro,mixta,Vehículos,32431.2,0,2025-09-26 16:05:36,2025-09-26 16:27:33,2025-09-27 04:02:13,Tánger Med,Casablanca,S,0
ESC-2025-000454,9093464,Iberian Sol,NAV004,M12,granel_liquido,descarga,Ácido sulfúrico,58502.8,0,2025-09-26 18:35:59,2025-09-27 03:50:54,2025-09-28 16:44:21,Lisboa,Le Havre,S,0
ESC-2025-003782,9488231,Atlantic Voyager,NAV033,M02,granel_solido,descarga,Concentrado de cobre,22239.5,0,2025-09-26 18:41:28,2025-09-26 21:32:34,2025-09-27 20:14:08,Dakar,Hamburgo,S,0
ESC-2025-003038,9472995,Blue Trader,NAV028,M03,granel_solido,mixta,Clínker,44724.7,0,2025-09-26 19:58:52,2025-09-26 20:20:51,2025-09-29 07:40:31,Sines,Hamburgo,S,0
ESC-2025-006190,9521198,Blue Bay III,NAV036,M10,pesca,descarga,Pescado fresco,8.4,0,2025-09-26 23:27:39,2025-09-26 23:34:45,2025-09-27 04:57:45,Hamburgo,Génova,N,0
ESC-2025-002820,9230438,Nordic Star IV,NAV030,M01,contenedores,descarga,Contenedores,9209.0,753,2025-09-27 01:19:05,2025-09-27 05:36:55,2025-09-28 02:50:22,Abiyán,Casablanca,S,0
ESC-2025-000429,9641912,Ocean Glory,NAV030,M03,granel_solido,carga,Concentrado de cobre,24965.1,0,2025-09-27 03:18:12,2025-09-27 10:57:31,2025-09-29 20:13:49,Lisboa,Abiyán,S,0
ESC-2025-003935,9894832,Luz Spirit,NAV008,M06,granel_liquido,descarga,Biocombustible,71060.1,0,2025-09-27 06:48:11,2025-09-27 12:54:33,2025-09-28 20:28:32,Santos,Funchal,S,0
ESC-2025-000250,9392119,Odiel Voyager II,NAV025,M07,ro_ro,mixta,Vehículos,17102.1,0,2025-09-27 06:50:23,2025-09-27 09:17:13,2025-09-27 15:13:49,Sines,Hamburgo,S,0
ESC-2025-004656,9284635,Nordic Sol IV,NAV017,M03,granel_solido,mixta,Clínker,23630.9,0,2025-09-27 08:56:35,2025-09-27 10:20:56,2025-09-30 16:45:11,Abiyán,Sines,S,0
ESC-2025-003437,9017721,Delta Dawn,NAV030,M10,pesca,carga,Pescado fresco,6.8,0,2025-09-27 09:18:34,2025-09-27 09:27:51,2025-09-27 15:51:06,Le Havre,Abiyán,S,0
ESC-2025-005926,9626546,Southern Fortune,NAV008,M03,granel_solido,mixta,Pirita,23602.6,0,2025-09-27 09:51:58,2025-09-27 09:59:34,2025-09-29 14:33:03,Funchal,Houston,S,0
ESC-2025-000451,9005211,Cabo Sol II,NAV039,M01,contenedores,mixta,Contenedores,7668.7,598,2025-09-27 10:02:59,2025-09-28 03:17:19,2025-09-29 02:35:44,Las Palmas,Valencia,S,0
ESC-2025-004538,9947017,Aurora Breeze,NAV035,M06,granel_liquido,descarga,Gasóleo,58091.3,0,2025-09-27 11:13:53,2025-09-27 18:54:49,2025-09-29 11:36:56,Rotterdam,Algeciras,S,0
ESC-2025-004949,9230438,Nordic Star IV,NAV030,M01,contenedores,mixta,Contenedores,10671.6,858,2025-09-27 12:25:37,2025-09-27 15:43:05,2025-09-28 20:32:42,Amberes,Houston,S,0
ESC-2025-004827,9243320,Golden Pride,NAV028,M04,granel_liquido,mixta,Crudo,45801.5,0,2025-09-27 12:48:41,2025-09-27 14:34:10,2025-09-28 22:44:51,Ceuta,Sines,S,0
ESC-2025-004433,9467031,Cabo Star,NAV008,M11,carga_general,descarga,Bobinas de acero,9774.4,0,2025-09-27 15:03:02,2025-09-27 22:55:29,2025-09-29 02:43:37,Algeciras,Le Havre,S,0
ESC-2025-002237,9154567,Estrella Trader III,NAV025,M11,carga_general,carga,Maquinaria,7336.8,0,2025-09-27 16:19:56,2025-09-27 17:46:22,2025-09-29 08:01:19,Algeciras,Houston,S,0
ESC-2025-004359,9898084,Marisma Fortune,NAV013,M12,granel_liquido,descarga,GNL,57095.8,0,2025-09-27 20:56:24,2025-09-28 04:20:26,2025-09-28 21:18:06,Lisboa,Nueva York,S,0
ESC-2025-005901,9472995,Blue Trader,NAV028,M02,granel_solido,mixta,Concentrado de cobre,28988.9,0,2025-09-28 00:01:12,2025-09-28 03:21:12,2025-09-30 13:20:40,Le Havre,Le Havre,S,0
ESC-2025-001247,9412543,Estrella Sol,NAV033,M12,granel_liquido,carga,Productos químicos,18684.0,0,2025-09-28 00:47:01,2025-09-28 07:26:39,2025-09-29 07:26:29,Sines,Valencia,S,0
ESC-2025-005993,9438004,Tinto Bay IV,NAV031,M04,granel_liquido,carga,Gasóleo,74455.7,0,2025-09-28 04:18:10,2025-09-28 08:10:41,2025-09-29 09:31:53,Casablanca,Rotterdam,S,0
ESC-2025-003731,9654488,Delta Sol,NAV035,M03,granel_solido,carga,Fertilizantes,49752.6,0,2025-09-29 05:04:53,2025-09-29 15:08:40,2025-10-01 20:59:10,Tánger Med,Casablanca,S,0
ESC-2025-000706,9276406,Atlantic Dawn,NAV020,M11,carga_general,mixta,Bobinas de acero,11585.8,0,2025-09-29 05:49:17,2025-09-29 19:34:50,2025-09-30 14:55:47,Santos,Las Palmas,S,0
ESC-2025-005759,9282584,Atlantic Pioneer,NAV008,M07,ro_ro,mixta,Vehículos,15640.6,0,2025-09-29 07:19:07,29/09/2025 07:32,2025-09-29 14:09:37,Dakar,Casablanca,S,0
ESC-2025-005015,9954917,Luz Carrier II,NAV030,M07,ro_ro,mixta,Vehículos,18812.5,0,2025-09-29 13:15:39,2025-09-29 17:26:09,2025-09-30 08:00:03,Ceuta,Ceuta,S,0
ESC-2025-002364,9448982,Estrella Spirit,NAV011,M12,granel_liquido,mixta,GNL,60133.6,0,2025-09-29 13:57:21,2025-09-29 14:06:13,2025-10-01 04:38:08,Amberes,Funchal,S,0
ESC-2025-002810,9260500,Southern Venture,NAV003,M01,contenedores,carga,Contenedores,582.3,50,2025-09-29 17:06:31,2025-09-30 02:56:11,2025-09-30 16:53:33,Dakar,Amberes,S,0
ESC-2025-001712,9717199,Doña Express,NAV017,M10,pesca,carga,Pescado fresco,62.4,0,2025-09-29 20:45:05,2025-09-29 20:53:39,2025-09-30 02:24:44,Le Havre,Rotterdam,N,0
ESC-2025-005049,9445459,Costa Breeze,NAV018,M02,granel_solido,carga,Cereal,20665.2,0,2025-09-29 20:54:59,2025-09-29 23:51:22,2025-10-03 01:57:41,Las Palmas,Rotterdam,S,0
ESC-2025-004778,9153252,Estrella Carrier,NAV007,M03,granel_solido,descarga,Concentrado de cobre,17725.0,0,2025-09-29 21:13:57,2025-09-30 02:32:31,2025-10-02 20:16:41,Le Havre,Le Havre,S,0
ESC-2025-000834,9395252,Ocean Breeze,NAV013,M06,granel_liquido,carga,GNL,81250.0,0,2025-09-30 00:50:17,2025-09-30 05:43:03,2025-10-01 06:55:18,Tánger Med,Houston,S,0
ESC-2025-006419,9459709,  RÍO MARINA ,NAV024,M04,granel_liquido,descarga,Biocombustible,28446.0,0,2025-09-30 03:18:26,2025-09-30 14:23:01,2025-10-02 06:16:08,Nueva York,Funchal,S,0
ESC-2025-003894,9075113,Delta Glory,NAV023,M06,granel_liquido,mixta,Biocombustible,9612.5,0,2025-09-30 04:03:25,2025-09-30 07:10:17,2025-10-01 02:54:41,Hamburgo,Houston,S,0
ESC-2025-003406,9625803,Costa Marina,NAV026,M06,granel_liquido,descarga,Biocombustible,52961.3,0,2025-09-30 09:58:00,2025-09-30 15:48:22,2025-09-30 20:30:17,Houston,Santa Cruz de Tenerife,S,0
ESC-2025-000976,9119517,Costa Venture II,NAV036,M03,granel_solido,carga,Cereal,27430.2,0,2025-09-30 15:19:06,2025-09-30 16:32:45,2025-10-02 01:42:07,Dakar,Ceuta,S,0
ESC-2025-004577,9445459,Costa Breeze,NAV018,M02,granel_solido,descarga,Pirita,22092.5,0,2025-09-30 19:32:41,2025-10-01 00:39:04,2025-10-03 08:33:15,Valencia,Santa Cruz de Tenerife,S,0
ESC-2025-002931,9556143,Southern Mar,NAV028,M11,carga_general,mixta,Palés,5977.1,0,2025-09-30 22:11:27,2025-10-01 12:01:33,2025-10-02 20:20:51,Lisboa,Abiyán,S,0
ESC-2025-000139,9924003,Odiel Mar II,NAV015,M04,granel_liquido,mixta,Productos químicos,34337.8,0,2025-09-30 23:39:29,01/10/2025 23:27,2025-10-03 13:08:08,Las Palmas,Abiyán,S,0
ESC-2025-004447,9525699,Marisma Express I,NAV013,M11,carga_general,carga,Madera,5315.4,0,2025-10-01 03:45:00,2025-10-01 03:59:21,2025-10-01 18:24:11,Sines,Dakar,S,0
ESC-2025-002199,9894832,Luz Spirit,NAV008,M06,granel_liquido,carga,Biocombustible,39132.8,0,2025-10-01 09:14:04,2025-10-02 07:43:08,2025-10-03 19:32:10,Funchal,Amberes,S,0
ESC-2025-001908,9039896,Blue Breeze,NAV036,M12,granel_liquido,descarga,Biocombustible,33881.4,0,2025-10-01 09:46:25,2025-10-01 13:10:46,2025-10-02 21:51:53,Valencia,Amberes,S,0
ESC-2025-006210,9721994,Cabo Pioneer,NAV031,M08,fruta_refrigerada,descarga,Fresa y frutos rojos,4718.3,0,2025-10-01 12:25:52,2025-10-01 17:56:09,2025-10-02 19:12:10,Hamburgo,Rotterdam,S,0
ESC-2025-000630,9874595,Nordic Breeze,NAV020,M11,carga_general,descarga,Madera,11186.9,0,2025-10-01 13:34:50,2025-10-01 17:05:24,2025-10-02 10:20:12,Santa Cruz de Tenerife,Sines,S,0
ESC-2025-001385,9093816,  COSTA GLORY II ,NAV006,M10,pesca,mixta,Pescado fresco,75.3,0,2025-10-01 14:47:31,2025-10-01 14:52:39,2025-10-01 19:34:26,Santa Cruz de Tenerife,Casablanca,S,0
ESC-2025-005881,9397987,Tinto Express,NAV012,M01,contenedores,carga,Contenedores,1969.6,185,2025-10-01 17:08:46,2025-10-03 13:12:19,2025-10-04 13:46:21,Génova,Hamburgo,S,0
ESC-2025-002531,9738167,Silver Venture,NAV013,M09,pasajeros,mixta,Pasajeros,0.0,0,2025-10-01 17:57:29,2025-10-01 18:28:18,2025-10-02 01:35:38,Ceuta,Sines,S,3790
ESC-2025-003548,9884227,Silver Bay II,NAV035,M10,pesca,carga,Pescado fresco,19.4,0,2025-10-01 19:31:18,2025-10-01 19:48:00,2025-10-02 01:01:25,Santa Cruz de Tenerife,Le Havre,S,0
ESC-2025-005493,9884227,Silver Bay II,NAV035,M10,pesca,descarga,Pescado fresco,55.5,0,2025-10-01 21:17:09,2025-10-01 21:29:27,2025-10-02 04:39:18,Hamburgo,Abiyán,N,0
ESC-2025-000243,9634581,Luz Dawn V,NAV017,M05,granel_liquido,mixta,Biocombustible,7939.8,0,2025-10-01 21:53:40,2025-10-01 21:58:39,2025-10-02 05:58:16,Santa Cruz de Tenerife,Santos,S,0
ESC-2025-006386,9842700,Cabo Carrier,NAV037,M09,pasajeros,carga,Pasajeros,0.0,0,2025-10-01 23:26:19,2025-10-01 23:38:11,2025-10-02 05:27:52,Génova,Valencia,S,1568
ESC-2025-006484,9126132,Atlantic Venture,NAV018,M05,granel_liquido,descarga,Ácido sulfúrico,42506.7,0,2025-10-02 00:10:28,2025-10-02 01:14:24,2025-10-03 09:33:22,Rotterdam,Le Havre,S,0
ESC-2025-001152,9708813,Doña Venture,NAV035,M06,granel_liquido,carga,GNL,47372.3,0,2025-10-02 03:07:50,2025-10-02 03:07:59,2025-10-03 21:14:05,Génova,Rotterdam,S,0
ESC-2025-003545,9203722,Southern Voyager II,NAV034,M01,contenedores,mixta,Contenedores,10815.2,919,2025-10-02 05:03:14,2025-10-02 07:19:53,2025-10-02 22:32:40,Hamburgo,Sines,S,0
ESC-2025-004012,9435818,Estrella Breeze,NAV033,M01,contenedores,mixta,Contenedores,8070.4,761,2025-10-02 08:14:05,2025-10-02 15:21:28,2025-10-04 05:10:32,Tánger Med,Sines,S,0
ESC-2025-000229,9256200,Luz Breeze,NAV009,M06,granel_liquido,carga,Gasóleo,46687.2,0,2025-10-02 15:57:48,2025-10-02 17:46:15,2025-10-03 12:53:13,Hamburgo,Santa Cruz de Tenerife,S,0
ESC-2025-004651,9353993,Southern Horizon,NAV039,M04,granel_liquido,mixta,GNL,54297.0,0,2025-10-02 18:31:14,2025-10-03 00:40:20,2025-10-02 23:40:20,Santa Cruz de Tenerife,Casablanca,S,0
ESC-2025-004701,9842700,Cabo Carrier,NAV037,M09,pasajeros,carga,Pasajeros,0.0,0,2025-10-02 19:09:27,2025-10-02 19:21:22,2025-10-03 04:51:34,Santa Cruz de Tenerife,Houston,S,2502
ESC-2025-005163,9159373,Delta Star,NAV005,M01,contenedores,mixta,Contenedores,8477.5,724,2025-10-02 21:46:35,2025-10-03 12:17:32,2025-10-04 19:34:37,Lisboa,Santa Cruz de Tenerife,S,0
ESC-2025-005151,9230438,Nordic Star IV,NAV030,M01,contenedores,descarga,Contenedores,4305.7,326,2025-10-02 22:02:35,2025-10-03 11:51:22,2025-10-04 17:02:11,Algeciras,Amberes,S,0
ESC-2025-000859,9553086,Golden Bay,NAV029,M12,granel_liquido,descarga,Biocombustible,47122.2,0,2025-10-03 03:15:55,2025-10-03 05:21:28,2025-10-04 03:14:39,Casablanca,Amberes,S,0
ESC-2025-000938,9415882,Southern Star II,NAV016,M02,granel_solido,mixta,Pirita,31755.5,0,2025-10-03 17:05:09,2025-10-04 02:41:00,2025-10-07 00:44:58,Houston,Lisboa,S,0
ESC-2025-005419,9846483,Southern Horizon III,NAV019,M03,granel_solido,descarga,Pirita,35870.3,0,2025-10-03 18:45:32,2025-10-04 06:12:29,2025-10-07 00:21:52,Santa Cruz de Tenerife,Génova,S,0
ESC-2025-003442,9342255,Blue Fortune II,NAV034,M03,granel_solido,carga,Pirita,47418.4,0,2025-10-03 22:52:17,2025-10-04 00:07:05,2025-10-06 13:27:08,Abiyán,Valencia,S,0
ESC-2025-005426,9938640,Estrella Spirit I,NAV002,M11,carga_general,mixta,Bobinas de acero,5856.0,0,2025-10-04 00:05:27,2025-10-04 04:02:28,2025-10-05 23:31:06,Funchal,Houston,S,0
ESC-2025-000928,9331919,Costa Wave,NAV027,M01,contenedores,carga,Contenedores,9226.7,699,2025-10-04 01:17:25,2025-10-04 02:08:13,2025-10-04 22:25:57,Las Palmas,Ceuta,S,0
ESC-2025-002137,9380283,Estrella Dawn IV,NAV029,M05,granel_liquido,descarga,Crudo,37610.0,0,2025-10-04 03:05:43,2025-10-04 09:36:19,2025-10-05 03:47:34,Ceuta,Santos,S,0
ESC-2025-002785,9938640,Estrella Spirit I,NAV002,M11,carga_general,descarga,Maquinaria,7705.8,0,2025-10-04 04:47:17,2025-10-04 06:42:00,2025-10-06 04:47:45,Tánger Med,Funchal,S,0
ESC-2025-006214,9367487,Ocean Fortune I,NAV009,M11,carga_general,mixta,Maquinaria,4520.7,0,2025-10-04 11:22:58,2025-10-04 18:24:29,2025-10-05 19:59:46,Las Palmas,Nueva York,S,0
ESC-2025-003616,9857640,Silver Navigator I,NAV009,M12,granel_liquido,mixta,Biocombustible,23580.8,0,2025-10-04 11:29:59,2025-10-04 13:01:58,2025-10-05 18:38:52,Santos,Ceuta,S,0
ESC-2025-004367,9119517,Costa Venture II,NAV036,M02,granel_solido,mixta,Cereal,29947.7,0,2025-10-04 21:55:58,2025-10-05 00:02:34,2025-10-07 00:28:56,Abiyán,Tánger Med,S,0
ESC-2025-003184,9296860,Delta Mar III,NAV007,,granel_liquido,descarga,Gasóleo,9619.4,0,2025-10-04 23:25:29,2025-10-05 00:31:40,2025-10-05 16:47:07,Santa Cruz de Tenerife,Casablanca,S,0
ESC-2025-006031,9826108,Marisma Carrier,NAV005,M05,granel_liquido,mixta,Ácido sulfúrico,17650.0,0,2025-10-05 01:09:14,2025-10-05 09:54:50,2025-10-07 06:53:48,Ceuta,Amberes,S,0
ESC-2025-001999,9405186,Tinto Star II,NAV037,M01,contenedores,mixta,Contenedores,10501.7,946,2025-10-05 04:56:25,05/10/2025 08:42,2025-10-06 08:13:35,Rotterdam,Nueva York,S,0
ESC-2025-005353,9962445,Punta Marina IV,NAV029,M03,granel_solido,carga,Cereal,43154.6,0,2025-10-05 05:54:58,2025-10-05 09:14:46,2025-10-07 06:25:37,Santa Cruz de Tenerife,Sines,S,0
ESC-2025-006447,9895927,Cabo Express,NAV032,M12,granel_liquido,descarga,Crudo,34896.7,0,2025-10-05 06:54:38,2025-10-06 05:25:32,2025-10-07 12:56:19,Le Havre,Hamburgo,S,0
ESC-2025-000212,9411939,Golden Breeze III,NAV010,M07,ro_ro,carga,Vehículos,9026.7,0,2025-10-05 07:16:39,2025-10-05 08:48:09,2025-10-06 02:04:13,Nueva York,Sines,S,0
ESC-2025-002980,9412543,Estrella Sol,NAV033,M06,granel_liquido,mixta,Biocombustible,24903.6,0,2025-10-05 09:18:20,2025-10-05 10:51:38,2025-10-06 15:59:13,Sines,Dakar,S,0
ESC-2025-001113,9764958,Silver Breeze,NAV040,M07,ro_ro,carga,Semirremolques,14424.3,0,2025-10-05 09:24:49,2025-10-05 11:10:47,2025-10-06 02:13:10,Lisboa,Le Havre,S,0
ESC-2025-002540,9495507,Costa Bay,NAV040,M01,contenedores,mixta,Contenedores,11861.2,968,2025-10-05 12:08:16,2025-10-06 05:26:41,2025-10-07 08:07:26,Tánger Med,Casablanca,S,0
ESC-2025-000751,9633628,Blue Pride,NAV033,M01,contenedores,descarga,Contenedores,14583.9,1307,2025-10-05 13:21:04,2025-10-05 19:52:29,2025-10-07 00:56:13,Nueva York,Valencia,S,0
ESC-2025-000165,9126766,Silver Voyager,NAV007,M02,granel_solido,mixta,Cereal,19149.1,0,2025-10-05 14:15:07,2025-10-05 16:24:11,2025-10-07 07:02:26,Nueva York,Nueva York,S,0
ESC-2025-002333,9368390,Doña Spirit IV,NAV003,M01,contenedores,mixta,Contenedores,9417.9,688,2025-10-05 14:49:07,05/10/2025 16:11,2025-10-07 03:37:08,Casablanca,Dakar,S,0
ESC-2025-002732,9180516,Marisma Glory,NAV034,M05,granel_liquido,mixta,GNL,99463.2,0,2025-10-05 15:53:00,2025-10-05 16:20:04,2025-10-06 22:12:13,Las Palmas,Hamburgo,S,0
ESC-2025-003193,9548768,Aurora Trader II,NAV029,M02,granel_solido,mixta,Pirita,39260.2,0,2025-10-05 16:45:20,2025-10-05 21:13:28,2025-10-08 14:42:54,Hamburgo,Amberes,S,0
ESC-2025-002074,9159373,Delta Star,NAV005,M01,contenedores,descarga,Contenedores,19914.6,2146,2025-10-06 01:30:45,2025-10-06 02:41:26,2025-10-07 04:17:13,Las Palmas,Génova,S,0
ESC-2025-006413,9218076,  DOÑA HORIZON ,NAV012,M03,granel_solido,carga,Concentrado de cobre,21821.3,0,2025-10-06 01:33:15,2025-10-06 03:52:30,2025-10-08 07:41:42,Hamburgo,Dakar,S,0
ESC-2025-003560,9122916,Silver Breeze III,NAV040,M05,granel_liquido,carga,Gasóleo,61004.7,0,2025-10-06 03:34:57,2025-10-06 09:07:33,2025-10-07 07:21:34,Amberes,Santa Cruz de Tenerife,S,0
ESC-2025-006131,9520261,Nordic Express V,NAV017,M07,ro_ro,descarga,Vehículos,12334.2,0,2025-10-06 04:26:22,2025-10-06 05:41:15,2025-10-05 22:41:15,Nueva York,Génova,S,0
ESC-2025-003599,9119555,Iberian Breeze,NAV010,M12,granel_liquido,mixta,Ácido sulfúrico,66527.0,0,2025-10-06 06:54:36,2025-10-07 09:34:23,2025-10-08 20:42:09,Abiyán,Houston,S,0
ESC-2025-004308,9164330,Tinto Trader III,NAV025,M01,contenedores,descarga,Contenedores,3330.7,284,2025-10-06 07:07:22,2025-10-06 08:07:05,2025-10-07 19:49:21,Rotterdam,Ceuta,S,0
ESC-2025-005071,9846483,Southern Horizon III,NAV019,M02,granel_solido,mixta,Concentrado de cobre,35392.2,0,2025-10-06 11:00:10,2025-10-07 16:39:56,2025-10-10 05:27:37,Abiyán,Génova,S,0
ESC-2025-000109,9434199,Estrella Pride II,NAV021,M05,granel_liquido,carga,Biocombustible,52700.5,0,2025-10-06 15:33:43,2025-10-07 01:35:36,2025-10-08 06:13:44,Valencia,Algeciras,S,0
ESC-2025-002651,9092329,Tinto Star,NAV017,M02,granel_solido,carga,Cereal,51821.5,0,2025-10-06 18:56:02,2025-10-07 19:11:55,2025-10-09 11:25:01,Santos,Ceuta,S,0
ESC-2025-003969,9574614,Aurora Mar V,NAV029,M01,contenedores,carga,Contenedores,4468.3,376,2025-10-06 20:27:30,2025-10-08 00:51:14,2025-10-09 09:59:55,Génova,Houston,S,0
ESC-2025-001625,9092329,Tinto Star,NAV017,M02,granel_solido,carga,Concentrado de cobre,45451.1,0,2025-10-07 00:19:37,2025-10-07 06:19:00,2025-10-08 21:42:41,Tánger Med,Rotterdam,S,0
ESC-2025-003906,9276638,Estrella Dawn,NAV008,M10,pesca,descarga,Pescado fresco,44.1,0,2025-10-07 01:20:27,2025-10-07 01:34:34,2025-10-07 09:39:26,Las Palmas,Génova,S,0
ESC-2025-000855,9536624,Silver Star III,NAV012,M01,contenedores,mixta,Contenedores,8729.4,679,2025-10-07 06:20:38,07/10/2025 20:06,2025-10-09 07:44:41,Houston,Ceuta,S,0
ESC-2025-000470,9351828,Iberian Spirit,NAV008,M06,granel_liquido,descarga,Crudo,17586.0,0,2025-10-07 08:09:40,2025-10-07 08:56:34,2025-10-08 04:19:06,Algeciras,Santos,S,0
ESC-2025-004932,9451410,Delta Bay,NAV002,M01,contenedores,carga,Contenedores,6558.3,527,2025-10-07 10:38:26,2025-10-07 12:28:52,2025-10-08 16:41:19,Tánger Med,Casablanca,S,0
ESC-2025-003164,9148104,Marisma Pride,NAV010,M10,pesca,mixta,Pescado fresco,68.6,0,2025-10-07 11:18:29,2025-10-07 11:28:44,2025-10-07 18:38:21,Amberes,Funchal,N,0
ESC-2025-004914,9105396,Río Dawn,NAV006,M11,carga_general,carga,Palés,8932.8,0,2025-10-07 11:27:15,2025-10-07 12:50:51,2025-10-09 01:22:43,Amberes,Funchal,S,0
ESC-2025-001106,9093464,Iberian Sol,NAV004,M05,granel_liquido,descarga,GNL,90392.0,0,2025-10-07 11:45:49,2025-10-08 05:02:28,2025-10-09 15:02:46,Abiyán,Valencia,S,0
ESC-2025-003738,9750165,Golden Navigator,NAV014,M02,granel_solido,carga,Clínker,19528000.0,0,2025-10-07 19:31:18,2025-10-08 13:22:20,2025-10-11 06:44:28,Lisboa,Nueva York,S,0
ESC-2025-004075,9560857,Tinto Breeze,NAV019,M05,granel_liquido,mixta,Gasóleo,18167.9,0,2025-10-07 22:03:28,2025-10-08 05:50:35,2025-10-09 13:47:32,Tánger Med,Ceuta,S,0
ESC-2025-004371,9589475,Cabo Fortune,NAV007,M01,contenedores,mixta,Contenedores,597.6,50,2025-10-07 22:10:54,2025-10-08 10:00:02,2025-10-09 14:07:17,Hamburgo,Abiyán,S,0
ESC-2025-002952,9153252,Estrella Carrier,NAV007,M03,granel_solido,mixta,Cereal,17483.1,0,2025-10-07 23:43:05,2025-10-08 05:07:00,2025-10-10 06:00:21,Ceuta,Houston,S,0
ESC-2025-001566,9962445,Punta Marina IV,NAV029,M03,granel_solido,descarga,Concentrado de cobre,45915.5,0,2025-10-07 23:44:45,2025-10-08 11:22:02,2025-10-10 16:19:12,Santos,Nueva York,S,0
ESC-2025-001175,9507843,Iberian Express,NAV018,M11,carga_general,carga,Bobinas de acero,6899.9,0,2025-10-08 03:19:20,2025-10-08 23:42:02,2025-10-10 02:30:31,Houston,Algeciras,S,0
ESC-2025-005962,9467031,Cabo Star,NAV008,M11,carga_general,descarga,Maquinaria,12792.0,0,2025-10-08 03:31:14,2025-10-08 03:34:26,2025-10-09 04:21:04,Hamburgo,Santos,S,0
ESC-2025-000115,9126766,Silver Voyager,NAV007,M03,granel_solido,descarga,Cereal,30422.6,0,2025-10-08 05:31:30,2025-10-08 09:45:54,2025-10-10 22:08:44,Hamburgo,Santa Cruz de Tenerife,S,0
ESC-2025-003699,9311490,Río Trader IV,NAV033,M10,pesca,mixta,Pescado fresco,65.7,0,2025-10-08 06:22:15,2025-10-08 06:54:47,2025-10-08 13:56:04,Casablanca,Sines,S,0
ESC-2025-006495,9643192,Silver Breeze II,NAV013,M03,granel_solido,mixta,Clínker,19112.7,0,2025-10-08 12:36:31,09/10/2025 00:05,2025-10-11 10:17:21,Abiyán,Valencia,S,0
ESC-2025-004686,9656321,Punta Trader,NAV012,M05,granel_liquido,carga,Productos químicos,24667.6,0,2025-10-08 14:10:10,2025-10-08 18:35:47,2025-10-10 06:05:16,Abiyán,Houston,S,0
ESC-2025-003439,9895927,Cabo Express,NAV032,M04,granel_liquido,mixta,Crudo,47317.6,0,2025-10-08 16:34:59,2025-10-09 17:05:54,2025-10-10 16:16:37,Santos,Valencia,S,0
ESC-2025-006498,9844588,Delta Wave,NAV001,M01,contenedores,mixta,Contenedores,6811.2,560,2025-10-08 16:43:07,2025-10-08 20:27:41,2025-10-09 20:45:49,Funchal,Santa Cruz de Tenerife,S,0
ESC-2025-006448,9525699,Marisma Express I,NAV013,M11,carga_general,mixta,Palés,3028.8,0,2025-10-08 21:02:41,2025-10-08 22:22:57,2025-10-10 04:04:03,Ceuta,Casablanca,S,0
ESC-2025-006448,9525699,Marisma Express I,NAV013,M11,carga_general,mixta,Palés,3028.8,0,2025-10-08 21:02:41,2025-10-08 22:22:57,2025-10-10 04:04:03,Ceuta,Casablanca,S,0
ESC-2025-006026,9180633,Doña Carrier,NAV034,M12,granel_liquido,carga,Crudo,23602.4,0,2025-10-08 23:08:01,2025-10-09 00:02:38,2025-10-10 14:11:56,Dakar,Génova,S,0
ESC-2025-005636,9263394,Odiel Horizon,NAV034,M10,pesca,descarga,Pescado fresco,29.0,0,2025-10-09 00:56:56,2025-10-09 00:56:57,2025-10-09 06:49:24,Rotterdam,Amberes,N,0
ESC-2025-000222,9158094,Odiel Dawn,NAV006,M04,granel_liquido,mixta,Productos químicos,44498.7,0,2025-10-09 01:44:39,2025-10-09 05:20:55,2025-10-10 11:58:22,Amberes,Ceuta,S,0
ESC-2025-002660,9159373,Delta Star,NAV005,M01,contenedores,descarga,Contenedores,13725.6,1202,2025-10-09 03:05:17,2025-10-10 14:05:06,2025-10-11 11:47:02,Tánger Med,Le Havre,S,0
ESC-2025-006095,9153252,Estrella Carrier,NAV007,M02,granel_solido,carga,Concentrado de cobre,14742.3,0,2025-10-09 04:24:15,2025-10-11 01:15:31,2025-10-13 17:22:46,Sines,Funchal,S,0
ESC-2025-005810,9543823,Aurora Mar IV,NAV036,M03,granel_solido,carga,Pirita,39829.2,0,2025-10-09 04:49:31,2025-10-09 07:51:18,2025-10-10 13:52:36,Santos,Hamburgo,S,0
ESC-2025-001132,9118238,Doña Glory,NAV006,M03,granel_solido,descarga,Clínker,29885.1,0,2025-10-09 06:06:14,2025-10-09 06:15:30,2025-10-11 12:13:59,Rotterdam,Hamburgo,S,0
ESC-2025-005082,9408011,Cabo Voyager,NAV021,M12,granel_liquido,mixta,Biocombustible,46867.9,0,2025-10-09 16:21:20,2025-10-09 17:17:44,2025-10-10 08:10:30,Algeciras,Lisboa,S,0
ESC-2025-001945,9771195,Golden Venture I,NAV025,M04,granel_liquido,carga,Ácido sulfúrico,69910.3,0,2025-10-09 21:08:12,2025-10-10 11:22:32,2025-10-11 17:04:05,Ceuta,Dakar,S,0
ESC-2025-003310,9536624,Silver Star III,NAV012,M01,contenedores,descarga,Contenedores,3328.2,356,2025-10-09 23:04:40,2025-10-10 15:27:20,2025-10-11 12:21:03,Algeciras,Algeciras,S,0
ESC-2025-001688,9004516,Costa Spirit,NAV028,M05,granel_liquido,carga,Productos químicos,19795.3,0,2025-10-10 08:27:02,2025-10-10 15:04:43,2025-10-12 12:37:57,Ceuta,Abiyán,S,0
ESC-2025-000802,9376153,Río Wave,NAV031,M09,pasajeros,carga,Pasajeros,0.0,0,2025-10-10 08:51:09,2025-10-10 09:27:40,2025-10-10 14:07:55,Abiyán,Lisboa,S,2673
ESC-2025-005430,9503445,Ocean Mar,NAV034,M04,granel_liquido,carga,Crudo,70373.3,0,2025-10-10 10:04:10,2025-10-11 02:06:23,2025-10-12 04:08:39,Santos,Génova,S,0
ESC-2025-001238,9367487,Ocean Fortune I,NAV009,M11,carga_general,carga,Palés,7466.4,0,2025-10-10 21:40:31,2025-10-11 04:40:10,2025-10-13 01:35:12,Funchal,Algeciras,S,0
ESC-2025-001634,9595216,Southern Breeze I,NAV002,M07,ro_ro,carga,Vehículos,28345.0,0,2025-10-11 02:36:23,2025-10-11 04:08:59,2025-10-11 15:13:09,Génova,Valencia,S,0
ESC-2025-004899,9503445,Ocean Mar,NAV034,M04,granel_liquido,mixta,Biocombustible,58113.1,0,2025-10-11 06:40:38,2025-10-11 06:53:12,2025-10-12 03:43:39,Le Havre,Génova,S,0
ESC-2025-002661,9228526,Silver Navigator V,NAV039,M03,granel_solido,descarga,Fertilizantes,55568.2,0,2025-10-11 08:26:09,2025-10-11 11:59:01,2025-10-13 04:35:22,Sines,Rotterdam,S,0
ESC-2025-002888,9151632,Golden Trader V,NAV030,M05,granel_liquido,descarga,Crudo,9443.9,0,2025-10-11 17:27:42,2025-10-12 04:15:07,2025-10-13 11:08:30,Nueva York,Dakar,S,0
ESC-2025-003606,9380283,Estrella Dawn IV,NAV029,M04,granel_liquido,descarga,GNL,34138.8,0,2025-10-11 17:42:43,2025-10-12 02:39:17,2025-10-13 08:36:57,Ceuta,Le Havre,S,0
ESC-2025-000262,9406518,Tinto Voyager,NAV016,M06,granel_liquido,descarga,GNL,40469.7,0,2025-10-11 21:45:34,2025-10-12 23:26:31,2025-10-14 12:13:14,Tánger Med,Hamburgo,S,0
ESC-2025-000764,9771195,Golden Venture I,NAV025,M05,granel_liquido,carga,Productos químicos,40385.3,0,2025-10-11 23:42:20,2025-10-12 01:37:25,2025-10-13 21:10:35,Ceuta,Amberes,S,0
ESC-2025-005244,9488231,Atlantic Voyager,NAV033,M03,granel_solido,mixta,Cereal,17472.6,0,2025-10-12 00:58:16,2025-10-12 05:59:52,2025-10-15 01:44:18,Funchal,Houston,S,0
ESC-2025-005263,9095888,Estrella Pioneer,NAV010,M02,granel_solido,mixta,Cereal,42657.2,0,2025-10-12 03:58:56,2025-10-12 04:28:31,2025-10-13 23:48:32,Abiyán,Hamburgo,S,0
ESC-2025-003793,9039896,Blue Breeze,NAV036,M12,granel_liquido,mixta,Gasóleo,29398.0,0,2025-10-12 04:59:58,2025-10-12 14:06:58,2025-10-14 04:59:08,Santa Cruz de Tenerife,Sines,S,0
ESC-2025-004667,9716602,Iberian Horizon III,NAV038,M11,carga_general,mixta,Madera,3605.6,0,2025-10-12 07:07:09,2025-10-12 08:35:37,2025-10-13 12:52:58,Génova,Algeciras,S,0
ESC-2025-003223,9556313,Punta Bay,NAV018,M11,carga_general,mixta,Maquinaria,5954.5,0,2025-10-12 07:40:03,2025-10-12 11:09:55,2025-10-14 05:00:30,Génova,Tánger Med,S,0
ESC-2025-005008,9576337,Silver Glory,NAV006,M02,granel_solido,descarga,Fertilizantes,29212.4,0,2025-10-12 21:47:31,2025-10-12 22:47:11,2025-10-14 16:25:49,Santa Cruz de Tenerife,Sines,S,0
ESC-2025-002317,9046928,Río Navigator,NAV010,M05,granel_liquido,carga,GNL,62472.9,0,2025-10-12 22:20:12,2025-10-12 23:50:43,2025-10-13 02:01:50,Santa Cruz de Tenerife,Funchal,S,0
ESC-2025-000564,9894832,Luz Spirit,NAV008,M06,granel_liquido,carga,GNL,47122.1,0,2025-10-13 01:53:46,2025-10-13 04:32:09,2025-10-14 11:38:14,Funchal,Nueva York,S,0
ESC-2025-003926,9423853,Odiel Pioneer,NAV028,M06,granel_liquido,mixta,Crudo,14642.6,0,2025-10-13 02:38:36,2025-10-13 02:58:22,2025-10-14 11:50:46,Sines,Casablanca,S,0
ESC-2025-002206,9522908,Tinto Breeze III,NAV019,M08,fruta_refrigerada,carga,Fresa y frutos rojos,14165.8,0,2025-10-13 04:49:12,2025-10-13 05:05:13,2025-10-13 13:48:23,Rotterdam,Amberes,S,0
ESC-2025-002777,9553086,Golden Bay,NAV029,M12,granel_liquido,carga,GNL,35458.6,0,2025-10-13 05:57:17,2025-10-13 06:06:20,2025-10-14 07:18:36,Rotterdam,Valencia,S,0
ESC-2025-006177,9116591,Nordic Marina IV,NAV014,M01,contenedores,mixta,Contenedores,2130.5,199,2025-10-13 06:17:38,2025-10-13 18:32:33,2025-10-14 19:36:34,Rotterdam,Valencia,S,0
ESC-2025-005931,9331919,Costa Wave,NAV027,M01,contenedores,mixta,Contenedores,16084.9,1314,2025-10-13 11:01:34,2025-10-13 22:45:39,2025-10-15 00:30:37,Ceuta,Abiyán,S,0
ESC-2025-004765,9736327,Iberian Dawn,NAV033,M02,granel_solido,descarga,Clínker,28825.3,0,2025-10-13 12:40:43,2025-10-13 17:29:55,2025-10-16 13:11:43,Amberes,Génova,S,0
ESC-2025-006336,9368390,Doña Spirit IV,NAV003,M01,contenedores,descarga,Contenedores,11807.1,977,2025-10-13 13:04:08,2025-10-13 20:07:14,2025-10-14 20:56:07,Hamburgo,Abiyán,S,0
ESC-2025-000171,9296860,Delta Mar III,NAV007,M12,granel_liquido,descarga,Crudo,6207.9,0,2025-10-13 14:03:32,14/10/2025 04:30,2025-10-15 22:19:08,Valencia,Algeciras,S,0
ESC-2025-000136,9603192,Odiel Spirit,NAV036,M07,ro_ro,mixta,Vehículos,27666.8,0,2025-10-13 15:13:09,2025-10-13 19:16:46,2025-10-14 11:18:44,Santos,Tánger Med,S,0
ESC-2025-003091,9641912,  OCEAN GLORY ,NAV030,M03,granel_solido,carga,Clínker,22632.8,0,2025-10-13 17:39:09,2025-10-13 23:13:51,2025-10-16 00:22:12,Dakar,Funchal,S,0
ESC-2025-003415,9531090,Iberian Marina,NAV031,M02,granel_solido,mixta,Fertilizantes,15070.5,0,2025-10-13 20:28:56,2025-10-14 06:37:25,2025-10-17 01:47:15,Sines,Santa Cruz de Tenerife,S,0
ESC-2025-003475,9151632,Golden Trader V,NAV030,M12,granel_liquido,carga,GNL,12111.7,0,2025-10-13 22:18:58,2025-10-14 15:38:12,2025-10-15 15:47:37,Tánger Med,Valencia,S,0
ESC-2025-005038,9218076,  DOÑA HORIZON ,NAV012,M02,granel_solido,descarga,Cereal,12602.4,0,2025-10-14 00:29:49,2025-10-14 03:44:17,2025-10-16 14:21:15,Amberes,Houston,S,0
ESC-2025-001870,9442380,Odiel Horizon II,NAV013,M04,granel_liquido,mixta,Ácido sulfúrico,92652.5,0,2025-10-14 01:01:35,2025-10-14 06:31:21,2025-10-15 09:00:21,Hamburgo,Sines,S,0
ESC-2025-006321,9853620,Blue Express,NAV007,M11,carga_general,descarga,Palés,8546.8,0,2025-10-14 02:18:54,2025-10-14 08:36:51,2025-10-15 09:27:03,Hamburgo,Génova,S,0
ESC-2025-004160,9391385,Blue Marina,NAV032,M08,fruta_refrigerada,descarga,Fresa y frutos rojos,8183.2,0,2025-10-14 02:48:51,2025-10-14 04:17:33,2025-10-15 00:10:44,Le Havre,Valencia,S,0
ESC-2025-002607,9448982,Estrella Spirit,NAV011,M04,granel_liquido,carga,Ácido sulfúrico,79195.9,0,2025-10-14 03:31:32,2025-10-14 06:35:11,2025-10-15 21:52:16,Lisboa,Santa Cruz de Tenerife,S,0
ESC-2025-000414,9342255,Blue Fortune II,NAV034,M03,granel_solido,descarga,Pirita,43096.6,0,2025-10-14 15:02:11,2025-10-14 19:14:48,2025-10-17 09:04:27,Funchal,Funchal,S,0
ESC-2025-001445,9368223,Iberian Navigator,NAV010,M10,pesca,mixta,Pescado fresco,24.5,0,2025-10-14 15:17:31,2025-10-14 15:19:46,2025-10-14 19:31:34,Santos,Valencia,S,0
ESC-2025-005598,9105396,Río Dawn,NAV006,M11,carga_general,descarga,Maquinaria,13063.7,0,2025-10-14 20:56:20,2025-10-15 03:17:09,2025-10-16 09:50:34,Rotterdam,Las Palmas,S,0
ESC-2025-006042,9387047,Doña Breeze III,NAV001,M02,granel_solido,mixta,Pirita,27851.4,0,2025-10-15 04:38:35,2025-10-15 09:42:21,2025-10-17 16:35:44,Las Palmas,Valencia,S,0
ESC-2025-001559,9445459,Costa Breeze,NAV018,M03,granel_solido,carga,Fertilizantes,17447.8,0,2025-10-15 05:41:53,2025-10-15 06:15:02,2025-10-17 06:47:55,Abiyán,Santa Cruz de Tenerife,S,0
ESC-2025-003833,9405186,Tinto Star II,NAV037,M01,contenedores,descarga,Contenedores,13409.6,1183,2025-10-15 06:26:57,2025-10-15 15:13:03,2025-10-16 13:23:26,Houston,Houston,S,0
ESC-2025-005450,9429601,Marisma Spirit IV,NAV040,M03,granel_solido,carga,Concentrado de cobre,32827.9,0,2025-10-15 11:04:48,2025-10-15 16:43:59,2025-10-16 20:49:41,Funchal,Hamburgo,S,0
ESC-2025-003843,9180633,Doña Carrier,NAV034,M12,granel_liquido,descarga,Ácido sulfúrico,41019.3,0,2025-10-15 13:47:06,2025-10-15 13:56:56,2025-10-17 06:21:50,Valencia,Sines,S,0
ESC-2025-004638,9092329,Tinto Star,NAV017,M03,granel_solido,carga,Clínker,49869.5,0,2025-10-15 14:36:36,2025-10-15 16:23:02,2025-10-17 19:59:24,Hamburgo,Abiyán,S,0
ESC-2025-006234,9263394,Odiel Horizon,NAV034,M10,pesca,carga,Pescado fresco,41.0,0,2025-10-15 14:55:55,15/10/2025 15:03,2025-10-15 17:54:42,Valencia,Génova,N,0
ESC-2025-004777,9626546,  SOUTHERN FORTUNE ,NAV008,M02,granel_solido,carga,Fertilizantes,18388.1,0,2025-10-15 17:43:34,2025-10-16 05:15:45,2025-10-19 06:07:21,Casablanca,Valencia,S,0
ESC-2025-004777,9626546,  SOUTHERN FORTUNE ,NAV008,M02,granel_solido,carga,Fertilizantes,18388.1,0,2025-10-15 17:43:34,2025-10-16 05:15:45,2025-10-19 06:07:21,Casablanca,Valencia,S,0
ESC-2025-002855,9488736,Aurora Carrier,NAV013,M06,granel_liquido,descarga,Productos químicos,27114.3,0,2025-10-15 17:55:07,2025-10-15 19:07:15,2025-10-16 14:52:22,Dakar,Le Havre,S,0
ESC-2025-005158,9043055,Ocean Venture,NAV012,M10,pesca,carga,Pescado fresco,15.8,0,2025-10-15 18:53:20,2025-10-15 18:57:09,2025-10-16 00:05:00,Amberes,Dakar,N,0
ESC-2025-004056,9260483,Punta Navigator IV,NAV004,M06,granel_liquido,descarga,Gasóleo,62768.0,0,2025-10-15 22:33:32,2025-10-16 03:18:23,2025-10-17 00:55:27,Houston,Le Havre,S,0
ESC-2025-004453,9663582,Delta Express IV,NAV026,M07,ro_ro,mixta,Semirremolques,19544.0,0,2025-10-16 06:02:10,2025-10-16 07:02:24,2025-10-16 21:20:37,Amberes,Ceuta,S,0
ESC-2025-000666,9924003,Odiel Mar II,NAV015,M04,granel_liquido,mixta,Productos químicos,21503.1,0,2025-10-16 08:26:05,2025-10-16 08:47:40,2025-10-17 13:16:15,Hamburgo,Santos,S,0
ESC-2025-004835,9228526,Silver Navigator V,NAV039,M03,granel_solido,descarga,Clínker,28732.5,0,2025-10-16 08:43:28,2025-10-16 18:15:15,2025-10-17 18:13:25,Génova,Houston,S,0
ESC-2025-002828,9341287,Luz Carrier,NAV009,M08,fruta_refrigerada,mixta,Fruta tropical,5527.6,0,2025-10-16 13:02:37,2025-10-16 21:26:17,2025-10-17 14:18:16,Houston,Funchal,S,0
ESC-2025-004581,9895927,Cabo Express,NAV032,M12,granel_liquido,descarga,Biocombustible,53680.6,0,2025-10-16 18:58:39,2025-10-17 02:57:52,2025-10-18 13:43:54,Nueva York,Funchal,S,0
ESC-2025-005756,9132703,Cabo Breeze,NAV019,M05,granel_liquido,carga,Crudo,66752.7,0,2025-10-16 22:16:04,2025-10-17 04:46:29,2025-10-18 13:08:12,Houston,Santos,S,0
ESC-2025-002101,9157973,Southern Bay,NAV004,M04,granel_liquido,carga,Biocombustible,32841.1,0,2025-10-17 01:40:16,2025-10-17 10:03:23,2025-10-19 15:44:42,Algeciras,Houston,S,0
ESC-2025-004213,9133135,Punta Star III,NAV004,M06,granel_liquido,mixta,Biocombustible,19380.2,0,2025-10-17 02:13:40,2025-10-17 21:41:15,2025-10-19 08:25:42,Dakar,Nueva York,S,0
ESC-2025-005401,9867126,Aurora Wave I,NAV002,M07,ro_ro,mixta,Vehículos,34578.0,0,2025-10-17 09:16:32,2025-10-17 13:24:15,2025-10-18 01:10:34,Ceuta,Santos,S,0
ESC-2025-006091,9005211,Cabo Sol II,NAV039,M01,contenedores,descarga,Contenedores,9466.0,895,2025-10-17 14:19:21,2025-10-17 17:52:35,2025-10-18 15:49:05,Le Havre,Santos,S,0
ESC-2025-002971,9426178,Delta Marina II,NAV023,M09,pasajeros,mixta,Pasajeros,0.0,0,2025-10-17 20:48:35,2025-10-17 21:31:36,2025-10-18 09:41:16,Funchal,Santa Cruz de Tenerife,S,2501
ESC-2025-004768,9361914,Cabo Marina,NAV037,M02,granel_solido,descarga,Concentrado de cobre,18744.2,0,2025-10-17 22:15:28,2025-10-18 02:50:21,2025-10-19 01:27:44,Nueva York,Nueva York,S,0
ESC-2025-002398,9419474,Ocean Glory I,NAV022,M11,carga_general,carga,Bobinas de acero,10394200.0,0,2025-10-17 23:50:09,2025-10-17 23:54:42,2025-10-19 07:15:16,Houston,Le Havre,S,0
ESC-2025-002398,9419474,Ocean Glory I,NAV022,M11,carga_general,carga,Bobinas de acero,10394200.0,0,2025-10-17 23:50:09,2025-10-17 23:54:42,2025-10-19 07:15:16,Houston,Le Havre,S,0
ESC-2025-004814,9164330,Tinto Trader III,NAV025,M01,contenedores,carga,Contenedores,12623.2,1000,2025-10-18 03:19:26,2025-10-18 14:18:58,2025-10-19 11:41:38,Ceuta,Casablanca,S,0
ESC-2025-001018,9853620,Blue Express,NAV007,M11,carga_general,carga,Palés,11080.7,0,2025-10-18 09:17:00,18/10/2025 22:10,2025-10-19 18:46:41,Funchal,Dakar,S,0
ESC-2025-002935,9042219,Marisma Trader,NAV015,M02,granel_solido,descarga,Concentrado de cobre,11949.2,0,2025-10-18 09:31:55,2025-10-18 16:22:45,2025-10-21 09:02:24,Rotterdam,Dakar,S,0
ESC-2025-005971,9102112,Delta Spirit I,NAV035,M02,granel_solido,carga,Concentrado de cobre,17354.5,0,2025-10-18 15:35:56,2025-10-19 06:37:55,2025-10-21 05:24:02,Ceuta,Génova,S,0
ESC-2025-001551,9895927,Cabo Express,NAV032,M04,granel_liquido,descarga,GNL,56553.6,0,2025-10-18 16:03:21,2025-10-19 07:57:20,2025-10-20 13:53:09,Le Havre,Tánger Med,S,0
ESC-2025-002418,9183415,Blue Horizon II,NAV014,M03,granel_solido,carga,Concentrado de cobre,24396.4,0,2025-10-18 17:10:51,2025-10-18 21:01:20,2025-10-20 20:10:13,Las Palmas,Lisboa,S,0
ESC-2025-004072,9057915,Blue Spirit,NAV028,M12,granel_liquido,mixta,Productos químicos,17850.1,0,2025-10-18 20:44:48,2025-10-19 00:28:02,2025-10-20 20:34:09,Nueva York,Ceuta,S,0
ESC-2025-002594,9507843,Iberian Express,NAV018,M11,carga_general,mixta,Madera,9840.9,0,2025-10-18 21:03:39,2025-10-19 06:43:35,2025-10-20 20:48:41,Le Havre,Valencia,S,0
ESC-2025-001794,9148130,Odiel Star II,NAV019,M06,granel_liquido,carga,Ácido sulfúrico,87180.7,0,2025-10-18 22:16:59,2025-10-19 02:20:24,2025-10-20 09:33:26,Houston,Ceuta,S,0
ESC-2025-000796,9180516,Marisma Glory,NAV034,M05,granel_liquido,descarga,Ácido sulfúrico,64218.8,0,2025-10-19 01:38:41,2025-10-19 03:02:26,2025-10-20 11:05:04,Dakar,Casablanca,S,0
ESC-2025-003389,9514585,Iberian Voyager IV,NAV005,M01,contenedores,descarga,Contenedores,17515.4,1377,2025-10-19 04:03:54,2025-10-19 19:31:07,2025-10-20 09:25:55,Santos,Amberes,S,0
ESC-2025-006289,9287900,Delta Spirit,NAV040,M07,ro_ro,mixta,Vehículos,13915.6,0,2025-10-19 09:06:08,2025-10-19 09:27:50,2025-10-19 23:32:41,Las Palmas,Santos,S,0
ESC-2025-001955,9548768,Aurora Trader II,NAV029,M03,granel_solido,mixta,Pirita,36442.1,0,2025-10-19 15:51:18,2025-10-19 23:24:47,2025-10-21 20:35:31,Ceuta,Dakar,S,0
ESC-2025-006381,9387047,Doña Breeze III,NAV001,M02,granel_solido,carga,Cereal,26515.5,0,2025-10-19 16:46:43,2025-10-20 00:33:58,2025-10-21 09:56:21,Funchal,Santos,S,0
ESC-2025-003585,9176761,Cabo Pride,NAV014,M01,contenedores,descarga,Contenedores,16200.4,1160,2025-10-19 21:09:12,2025-10-20 15:00:02,2025-10-21 18:55:49,Algeciras,Lisboa,S,0
ESC-2025-002261,9867126,Aurora Wave I,NAV002,M07,ro_ro,mixta,Vehículos,19143.7,0,2025-10-19 22:47:52,2025-10-19 23:00:01,2025-10-20 16:23:36,Funchal,Houston,S,0
ESC-2025-002965,9507843,Iberian Express,NAV018,M11,carga_general,descarga,Palés,11797.9,0,2025-10-20 13:10:40,2025-10-21 07:40:48,2025-10-22 07:32:24,Las Palmas,Nueva York,S,0
ESC-2025-003074,9867126,Aurora Wave I,NAV002,M07,ro_ro,mixta,Vehículos,35294.1,0,2025-10-20 17:04:50,2025-10-20 23:46:30,2025-10-21 09:23:08,Le Havre,Sines,S,0
ESC-2025-005223,9243320,Golden Pride,NAV028,M12,granel_liquido,carga,Productos químicos,64404.6,0,2025-10-20 17:50:43,2025-10-20 19:38:17,2025-10-22 00:30:46,Ceuta,Tánger Med,S,0
ESC-2025-005992,9471769,Ocean Pride,NAV030,M11,carga_general,carga,Palés,5708.6,0,2025-10-20 19:21:21,2025-10-20 20:58:55,2025-10-22 12:45:09,Dakar,Houston,S,0
ESC-2025-001314,9230438,Nordic Star IV,NAV030,M01,contenedores,descarga,Contenedores,10322.7,991,2025-10-20 19:31:42,2025-10-21 07:37:40,2025-10-22 01:02:04,Nueva York,Le Havre,S,0
ESC-2025-005878,9944625,Blue Fortune,NAV019,M09,pasajeros,carga,Pasajeros,0.0,0,2025-10-20 23:45:25,2025-10-20 23:50:04,2025-10-21 10:48:07,Algeciras,Abiyán,S,1439
ESC-2025-003907,9022130,Golden Spirit,NAV017,M08,fruta_refrigerada,mixta,Fruta tropical,10188.4,0,2025-10-21 09:25:40,2025-10-21 12:05:34,2025-10-22 19:23:44,Houston,Rotterdam,S,0
ESC-2025-005954,9260500,Southern Venture,NAV003,M01,contenedores,carga,Contenedores,12078.9,1005,2025-10-21 09:42:14,2025-10-21 10:17:55,2025-10-22 18:31:54,Dakar,Valencia,S,0
ESC-2025-002422,9600396,Estrella Pioneer V,NAV007,M10,pesca,mixta,Pescado fresco,18.6,0,2025-10-21 14:54:25,2025-10-21 15:09:31,2025-10-21 21:31:04,Hamburgo,Las Palmas,S,0
ESC-2025-002422,9600396,Estrella Pioneer V,NAV007,M10,pesca,mixta,Pescado fresco,18.6,0,2025-10-21 14:54:25,2025-10-21 15:09:31,2025-10-21 21:31:04,Hamburgo,Las Palmas,S,0
ESC-2025-000743,9311945,Blue Fortune III,NAV037,M10,pesca,mixta,Pescado fresco,75.3,0,2025-10-21 15:50:37,21/10/2025 15:56,2025-10-21 19:28:21,Hamburgo,Houston,S,0
ESC-2025-003435,9507843,Iberian Express,NAV018,M11,carga_general,descarga,Palés,12600.8,0,2025-10-21 16:36:02,2025-10-21 21:29:55,2025-10-23 11:13:58,Santos,Lisboa,S,0
ESC-2025-004461,9507843,Iberian Express,NAV018,M11,carga_general,descarga,Maquinaria,11085.3,0,2025-10-21 16:47:26,2025-10-21 19:55:14,2025-10-22 16:20:29,Rotterdam,Algeciras,S,0
ESC-2025-002387,9929338,Tinto Venture I,NAV017,M06,granel_liquido,carga,Ácido sulfúrico,92277.7,0,2025-10-21 23:43:43,2025-10-22 13:23:01,2025-10-23 10:51:43,Rotterdam,Hamburgo,S,0
ESC-2025-005276,9419474,Ocean Glory I,NAV022,M11,carga_general,descarga,Madera,12798.3,0,2025-10-22 02:37:24,2025-10-22 05:52:01,2025-10-23 01:53:57,Tánger Med,Génova,S,0
ESC-2025-005649,9093464,Iberian Sol,NAV004,M05,granel_liquido,mixta,Crudo,100442.7,0,2025-10-22 05:53:15,2025-10-22 21:00:44,2025-10-24 09:33:34,Le Havre,Abiyán,S,0
ESC-2025-004634,9198757,Golden Breeze,NAV032,M10,pesca,carga,Pescado fresco,63.6,0,2025-10-22 07:02:47,2025-10-22 07:15:49,2025-10-22 11:53:17,Abiyán,Le Havre,N,0
ESC-2025-003645,9494670,Luz Fortune,NAV031,M07,ro_ro,mixta,Semirremolques,23203.7,0,2025-10-22 10:38:16,2025-10-22 13:12:58,2025-10-23 01:41:01,Sines,Dakar,S,0
ESC-2025-002791,9994606,Nordic Venture III,NAV037,M03,granel_solido,descarga,Clínker,28380.6,0,2025-10-22 14:51:46,2025-10-23 22:37:59,2025-10-25 11:12:10,Algeciras,Houston,S,0
ESC-2025-003507,9171371,Ocean Pioneer,NAV025,M02,granel_solido,carga,Cereal,27050.4,0,2025-10-22 18:31:23,2025-10-23 02:11:04,2025-10-24 07:23:04,Lisboa,Rotterdam,S,0
ESC-2025-003134,9625803,Costa Marina,NAV026,M04,granel_liquido,descarga,Gasóleo,71735.2,0,2025-10-22 19:48:48,2025-10-22 19:59:34,2025-10-24 04:24:09,Génova,Nueva York,S,0
ESC-2025-002433,9656321,Punta Trader,NAV012,M04,granel_liquido,mixta,Biocombustible,14848.0,0,2025-10-22 22:13:43,2025-10-22 23:45:27,2025-10-24 06:23:38,Casablanca,Le Havre,S,0
ESC-2025-005200,9543823,Aurora Mar IV,NAV036,M02,granel_solido,carga,Cereal,45124.4,0,2025-10-23 05:08:21,2025-10-23 07:22:35,2025-10-23 16:10:36,Abiyán,Nueva York,S,0
ESC-2025-001615,9362786,Golden Pioneer,NAV005,M07,ro_ro,descarga,Vehículos,8895.6,0,2025-10-23 07:42:40,2025-10-23 10:12:25,2025-10-24 06:55:48,Génova,Houston,S,0
ESC-2025-003938,9025699,Iberian Trader I,NAV001,M06,granel_liquido,carga,Biocombustible,80658.3,0,2025-10-23 09:55:23,2025-10-23 15:16:02,2025-10-24 17:35:22,Santa Cruz de Tenerife,Funchal,S,0
ESC-2025-004328,9426178,Delta Marina II,NAV023,M09,pasajeros,mixta,Pasajeros,0.0,0,2025-10-23 13:35:42,2025-10-23 14:27:58,2025-10-24 00:49:27,Lisboa,Lisboa,S,2474
ESC-2025-002809,9093816,Costa Glory II,NAV006,M10,pesca,carga,Pescado fresco,17.3,0,2025-10-23 16:55:17,2025-10-23 17:07:26,2025-10-24 00:19:30,Funchal,Valencia,N,0
ESC-2025-001812,9223904,Aurora Bay IV,NAV003,M06,granel_liquido,descarga,Productos químicos,36804.7,0,2025-10-23 17:52:07,2025-10-23 18:54:29,2025-10-25 09:31:29,Funchal,Las Palmas,S,0
ESC-2025-000205,9704348,Punta Glory,NAV002,M08,fruta_refrigerada,carga,Cítricos,11891.5,0,2025-10-23 18:59:19,2025-10-23 19:38:42,2025-10-25 01:03:28,Le Havre,Sines,S,0
ESC-2025-003472,9787974,Marisma Star,NAV026,M04,granel_liquido,descarga,Ácido sulfúrico,56267.1,0,2025-10-23 21:50:57,2025-10-23 22:42:03,2025-10-25 01:12:40,Lisboa,Amberes,S,0
ESC-2025-003084,9444091,Nordic Dawn,NAV005,M04,granel_liquido,mixta,Productos químicos,15597.4,0,2025-10-24 02:47:13,2025-10-24 11:39:25,2025-10-26 05:06:07,Santos,Le Havre,S,0
ESC-2025-006314,9957799,Río Sol,NAV006,M05,granel_liquido,mixta,Gasóleo,72178.6,0,2025-10-24 03:28:57,2025-10-24 14:38:07,2025-10-26 05:47:04,Las Palmas,Dakar,S,0
ESC-2025-001330,9202039,Luz Navigator,NAV033,M02,granel_solido,carga,Cereal,30290.1,0,2025-10-24 04:30:50,2025-10-24 09:19:47,2025-10-25 17:46:16,Las Palmas,Le Havre,S,0
ESC-2025-002582,9114634,Aurora Bay,NAV040,M01,contenedores,mixta,Contenedores,5578.3,426,2025-10-24 05:38:23,2025-10-24 10:11:23,2025-10-25 09:51:54,Algeciras,Amberes,S,0
ESC-2025-005157,9600396,Estrella Pioneer V,NAV007,M10,pesca,descarga,Pescado fresco,13.5,0,2025-10-24 09:56:12,24/10/2025 10:02,2025-10-24 20:33:54,Nueva York,Nueva York,S,0
ESC-2025-002158,9678460,Southern Spirit V,NAV033,M03,granel_solido,descarga,Clínker,30504.0,0,2025-10-24 15:13:20,2025-10-24 15:14:53,2025-10-28 01:55:27,Rotterdam,Le Havre,S,0
ESC-2025-002447,9151632,Golden Trader V,NAV030,M06,granel_liquido,mixta,GNL,8432.9,0,2025-10-24 17:58:59,2025-10-25 02:10:27,2025-10-27 09:06:02,Houston,Funchal,S,0
ESC-2025-003909,9195274,Aurora Sol,NAV006,M02,granel_solido,mixta,Pirita,35471.5,0,2025-10-24 19:26:49,2025-10-24 22:00:17,2025-10-27 10:34:05,Abiyán,Abiyán,S,0
ESC-2025-002044,9369382,Southern Sol,NAV001,M12,granel_liquido,carga,Gasóleo,43014.5,0,2025-10-25 04:32:28,2025-10-25 14:40:28,2025-10-26 07:11:13,Hamburgo,Dakar,S,0
ESC-2025-001388,9351828,Iberian Spirit,NAV008,M06,granel_liquido,mixta,Crudo,24818.2,0,2025-10-25 04:48:20,2025-10-25 05:43:26,2025-10-26 13:38:17,Rotterdam,Le Havre,S,0
ESC-2025-002717,9442732,Punta Venture,NAV025,M05,granel_liquido,descarga,Crudo,82785.1,0,2025-10-25 15:22:33,2025-10-25 23:06:13,2025-10-27 13:33:13,Dakar,Dakar,S,0
ESC-2025-004240,9116034,Atlantic Fortune III,NAV019,M01,contenedores,descarga,Contenedores,9564.2,742,2025-10-25 18:23:59,2025-10-26 04:51:52,2025-10-26 23:12:36,Funchal,Sines,S,0
ESC-2025-003768,9227118,Silver Sol,NAV013,M03,granel_solido,carga,Fertilizantes,42930900.0,0,2025-10-25 20:49:26,2025-10-26 07:22:35,2025-10-28 23:56:37,Valencia,Funchal,S,0
ESC-2025-000631,9256200,Luz Breeze,NAV009,M04,granel_liquido,carga,Gasóleo,41558.1,0,2025-10-26 01:21:36,2025-10-26 08:40:18,2025-10-28 01:18:56,Houston,Ceuta,S,0
ESC-2025-005896,9405186,Tinto Star II,NAV037,M01,contenedores,carga,Contenedores,12487.3,934,2025-10-26 01:35:54,2025-10-26 12:27:20,2025-10-27 11:56:22,Amberes,Funchal,S,0
ESC-2025-002280,9296860,Delta Mar III,NAV007,M04,granel_liquido,descarga,Productos químicos,11719.5,0,2025-10-26 09:43:37,2025-10-27 00:14:23,2025-10-28 20:30:10,Amberes,Hamburgo,S,0
ESC-2025-003464,9845685,Costa Fortune IV,NAV037,M11,carga_general,descarga,Bobinas de acero,8142.2,0,2025-10-26 09:53:34,2025-10-26 10:30:08,2025-10-27 16:42:25,Le Havre,Funchal,S,0
ESC-2025-003051,9717199,Doña Express,NAV017,M10,pesca,carga,Pescado fresco,38.4,0,2025-10-26 13:56:32,2025-10-26 14:04:04,2025-10-26 07:04:04,Sines,Amberes,S,0
ESC-2025-005122,9543823,Aurora Mar IV,NAV036,M02,granel_solido,descarga,Fertilizantes,54757.1,0,2025-10-26 16:00:05,2025-10-26 18:59:44,2025-10-29 18:52:01,Le Havre,Le Havre,S,0
ESC-2025-005777,9272931,Southern Pioneer,NAV020,M03,granel_solido,carga,Pirita,21049.8,0,2025-10-27 02:37:59,2025-10-27 11:30:27,2025-10-29 09:45:55,Ceuta,Santos,S,0
ESC-2025-001273,9560857,Tinto Breeze,NAV019,M04,granel_liquido,mixta,Ácido sulfúrico,18376.4,0,2025-10-27 05:03:01,2025-10-27 05:25:55,2025-10-28 07:29:02,Algeciras,Sines,S,0
ESC-2025-004501,9164330,Tinto Trader III,NAV025,M01,contenedores,carga,Contenedores,11303.5,1215,2025-10-27 06:22:16,2025-10-27 21:55:45,2025-10-28 13:31:54,Santos,Dakar,S,0
ESC-2025-004750,9350628,Aurora Express,NAV028,M01,contenedores,mixta,Contenedores,10511.2,1152,2025-10-27 08:51:32,2025-10-27 13:35:24,2025-10-28 13:15:27,Génova,Las Palmas,S,0
ESC-2025-001606,9738167,Silver Venture,NAV013,M09,pasajeros,carga,Pasajeros,0.0,0,2025-10-27 09:18:14,2025-10-27 09:45:34,2025-10-27 16:16:17,Nueva York,Tánger Med,S,2868
ESC-2025-002778,9895927,Cabo Express,NAV032,M05,granel_liquido,descarga,Crudo,65604.1,0,2025-10-27 10:48:41,2025-10-27 14:26:49,2025-10-29 06:41:19,Ceuta,Casablanca,S,0
ESC-2025-004093,9656321,Punta Trader,NAV012,M06,granel_liquido,mixta,GNL,24188.7,0,2025-10-27 22:47:44,2025-10-28 04:20:03,2025-10-29 16:32:10,Houston,Santos,S,0
ESC-2025-001866,9445459,Costa Breeze,NAV018,M02,granel_solido,carga,Concentrado de cobre,30657.3,0,2025-10-28 00:52:03,2025-10-28 01:33:44,2025-10-30 04:00:14,Ceuta,Valencia,S,0
ESC-2025-004855,9962445,Punta Marina IV,NAV029,M02,granel_solido,mixta,Fertilizantes,31197.3,0,2025-10-28 01:20:36,2025-10-28 03:32:10,2025-10-30 15:33:39,Santos,Tánger Med,S,0
ESC-2025-000965,9256200,Luz Breeze,NAV009,M06,granel_liquido,mixta,Crudo,51946.0,0,2025-10-28 02:35:07,2025-10-28 03:12:19,2025-10-29 03:25:29,Algeciras,Sines,S,0
ESC-2025-002763,9770531,Aurora Spirit III,NAV023,M01,contenedores,mixta,Contenedores,7478.6,784,2025-10-28 13:36:07,2025-10-29 01:43:22,2025-10-29 17:20:18,Santa Cruz de Tenerife,Hamburgo,S,0
ESC-2025-000635,9822619,Ocean Bay,NAV002,M11,carga_general,mixta,Maquinaria,10302.2,0,2025-10-28 19:45:48,2025-10-28 20:27:04,2025-10-30 01:31:20,Sines,Le Havre,S,0
ESC-2025-004322,9017721,Delta Dawn,NAV030,M10,pesca,mixta,Pescado fresco,17.1,0,2025-10-29 09:16:03,2025-10-29 09:16:51,2025-10-29 14:49:36,Sines,Tánger Med,S,0
ESC-2025-001562,9025699,Iberian Trader I,NAV001,M12,granel_liquido,carga,Ácido sulfúrico,67459.5,0,2025-10-29 16:48:21,2025-10-29 21:44:17,2025-10-31 04:22:09,Dakar,Le Havre,S,0
ESC-2025-000782,9829746,Marisma Venture,NAV030,M04,granel_liquido,descarga,Biocombustible,55658.5,0,2025-10-29 17:31:49,2025-10-29 21:28:30,2025-10-31 02:47:04,Ceuta,Génova,S,0
ESC-2025-005895,9553086,Golden Bay,NAV029,M05,granel_liquido,carga,Gasóleo,51607.9,0,2025-10-29 18:44:43,2025-10-30 10:03:07,2025-10-31 07:43:05,Sines,Amberes,S,0
ESC-2025-003040,9677117,Iberian Pride,NAV017,M02,granel_solido,mixta,Clínker,19161.9,0,2025-10-29 18:55:05,2025-10-29 19:34:08,2025-10-31 03:53:45,Santa Cruz de Tenerife,Algeciras,S,0
ESC-2025-005583,9634581,Luz Dawn V,NAV017,M12,granel_liquido,mixta,Biocombustible,11361.7,0,2025-10-30 06:12:15,2025-10-30 23:48:42,2025-11-01 16:09:48,Le Havre,Nueva York,S,0
ESC-2025-005551,9217412,Costa Pride III,NAV014,M06,granel_liquido,carga,Crudo,53316.8,0,2025-10-30 16:12:52,2025-10-30 16:26:21,2025-11-01 15:41:47,Génova,Santos,S,0
ESC-2025-000133,9272931,Southern Pioneer,NAV020,M02,granel_solido,mixta,Fertilizantes,22854.4,0,2025-10-30 16:34:09,2025-10-30 22:20:11,2025-11-02 10:40:42,Nueva York,Santos,S,0
ESC-2025-000944,9296860,Delta Mar III,NAV007,M06,granel_liquido,descarga,Gasóleo,7928.1,0,2025-10-30 18:17:13,2025-10-30 22:05:33,2025-11-01 12:03:45,Tánger Med,Sines,S,0
ESC-2025-005064,9495507,Costa Bay,NAV040,M01,contenedores,descarga,Contenedores,9345.0,882,2025-10-30 20:29:11,2025-11-01 11:31:21,2025-11-02 14:45:50,Génova,Valencia,S,0
ESC-2025-005256,9445459,Costa Breeze,NAV018,M02,granel_solido,carga,Cereal,27548.1,0,2025-10-30 21:04:02,2025-10-31 02:41:47,2025-11-02 21:51:29,Abiyán,Abiyán,S,0
ESC-2025-003967,9663582,Delta Express IV,NAV026,M07,ro_ro,mixta,Vehículos,15098.1,0,2025-10-31 01:34:05,2025-10-31 02:35:08,2025-10-31 15:14:27,Lisboa,Valencia,S,0
ESC-2025-004992,9202039,Luz Navigator,NAV033,,granel_solido,descarga,Cereal,24653.6,0,2025-10-31 03:24:11,2025-10-31 11:59:16,2025-11-02 22:15:01,Le Havre,Ceuta,S,0
ESC-2025-000873,9894832,Luz Spirit,NAV008,M05,granel_liquido,descarga,Biocombustible,53945.7,0,2025-10-31 04:17:42,2025-10-31 11:03:12,2025-11-02 04:15:46,Las Palmas,Houston,S,0
ESC-2025-006169,9444091,Nordic Dawn,NAV005,M04,granel_liquido,mixta,Ácido sulfúrico,18535.9,0,2025-10-31 07:11:47,2025-10-31 09:52:44,2025-11-01 17:20:44,Génova,Lisboa,S,0
ESC-2025-005306,9684976,Marisma Sol III,NAV008,M06,granel_liquido,descarga,Gasóleo,22006.4,0,2025-10-31 11:52:49,2025-10-31 18:02:21,2025-11-02 05:00:41,Algeciras,Rotterdam,S,0
ESC-2025-003688,9716602,Iberian Horizon III,NAV038,M11,carga_general,descarga,Madera,4256.6,0,2025-10-31 14:30:06,2025-10-31 16:21:15,2025-11-01 17:36:49,Tánger Med,Le Havre,S,0
ESC-2025-002060,9126766,Silver Voyager,NAV007,M03,granel_solido,descarga,Concentrado de cobre,20634.8,0,2025-10-31 21:06:54,2025-11-01 06:35:59,2025-11-03 18:47:14,Las Palmas,Algeciras,S,0
ESC-2025-000332,9443229,Blue Dawn,NAV010,M05,granel_liquido,carga,Productos químicos,35823.4,0,2025-10-31 23:02:18,2025-10-31 23:39:09,2025-11-02 21:08:35,Sines,Amberes,S,0
ESC-2025-002929,9783588,Iberian Star,NAV025,M11,carga_general,carga,Palés,4496.0,0,2025-11-01 00:00:46,2025-11-01 05:48:45,2025-11-02 18:19:00,Nueva York,Le Havre,S,0
ESC-2025-001369,9520261,Nordic Express V,NAV017,M07,ro_ro,descarga,Vehículos,20073.6,0,2025-11-01 01:56:36,2025-11-01 03:02:38,2025-11-01 07:48:25,Nueva York,Ceuta,S,0
ESC-2025-000941,9665891,Atlantic Venture IV,NAV032,M10,pesca,descarga,Pescado fresco,51.1,0,2025-11-01 02:26:10,2025-11-01 02:38:36,2025-11-01 11:59:42,Nueva York,Amberes,S,0
ESC-2025-006256,9097903,Odiel Carrier,NAV006,M04,granel_liquido,mixta,Productos químicos,22073.4,0,2025-11-01 03:05:16,2025-11-01 21:27:20,2025-11-03 04:08:29,Dakar,Rotterdam,S,0
ESC-2025-003298,9380283,Estrella Dawn IV,NAV029,M05,granel_liquido,descarga,Crudo,45730.7,0,2025-11-01 13:55:59,2025-11-01 14:43:25,2025-11-02 09:24:08,Valencia,Casablanca,S,0
ESC-2025-000884,9311490,Río Trader IV,NAV033,M10,pesca,descarga,Pescado fresco,63.7,0,2025-11-01 21:11:32,2025-11-01 21:11:37,2025-11-02 03:27:20,Rotterdam,Le Havre,S,0
ESC-2025-006211,9141546,Blue Express I,NAV037,M04,granel_liquido,descarga,Ácido sulfúrico,32466.9,0,2025-11-01 22:39:22,2025-11-03 02:18:15,2025-11-04 02:07:19,Algeciras,Amberes,S,0
ESC-2025-000858,9716602,Iberian Horizon III,NAV038,M11,carga_general,descarga,Madera,5280.8,0,2025-11-01 23:52:50,2025-11-02 20:14:30,2025-11-04 05:13:08,Dakar,Las Palmas,S,0
ESC-2025-001588,9057915,Blue Spirit,NAV028,M04,granel_liquido,carga,Productos químicos,30315.3,0,2025-11-02 01:33:37,2025-11-02 06:27:15,2025-11-02 02:27:15,Dakar,Valencia,S,0
ESC-2025-006251,9173824,Doña Star,NAV004,M01,contenedores,descarga,Contenedores,22977.8,1810,2025-11-02 02:06:40,2025-11-02 05:59:06,2025-11-03 07:37:23,Nueva York,Tánger Med,S,0
ESC-2025-003763,9352119,Aurora Pioneer,NAV024,M05,granel_liquido,mixta,Biocombustible,39454.7,0,2025-11-02 02:18:27,2025-11-02 13:35:26,2025-11-03 17:31:27,Santa Cruz de Tenerife,Ceuta,S,0
ESC-2025-003174,9119517,Costa Venture II,NAV036,M03,granel_solido,mixta,Pirita,22711.3,0,2025-11-02 06:59:08,2025-11-03 07:23:22,2025-11-05 00:26:28,Santa Cruz de Tenerife,Amberes,S,0
ESC-2025-000799,9057915,Blue Spirit,NAV028,M04,granel_liquido,carga,Crudo,17385.6,0,2025-11-02 07:14:19,2025-11-02 17:41:16,2025-11-03 20:22:15,Algeciras,Las Palmas,S,0
ESC-2025-001447,9816622,Río Fortune,NAV010,M11,carga_general,mixta,Maquinaria,12013.5,0,2025-11-02 14:10:55,2025-11-03 05:23:26,2025-11-04 16:33:48,Houston,Nueva York,S,0
ESC-2025-004280,9482093,Southern Marina,NAV039,M04,granel_liquido,mixta,Productos químicos,22103.7,0,2025-11-02 22:43:24,2025-11-03 01:28:15,2025-11-04 03:07:06,Dakar,Casablanca,S,0
ESC-2025-005692,9256200,Luz Breeze,NAV009,M06,granel_liquido,mixta,Biocombustible,58894.0,0,2025-11-02 23:31:41,2025-11-03 07:54:11,2025-11-03 23:06:53,Funchal,Amberes,S,0
ESC-2025-000236,9051777,Tinto Mar V,NAV029,M12,granel_liquido,descarga,Ácido sulfúrico,10926.0,0,2025-11-02 23:42:33,2025-11-03 13:16:04,2025-11-05 15:34:32,Ceuta,Funchal,S,0
ESC-2025-002244,9990105,Blue Carrier V,NAV035,M03,granel_solido,carga,Cereal,17562.9,0,2025-11-03 00:02:32,2025-11-04 01:52:01,2025-11-06 19:41:07,Rotterdam,Houston,S,0
ESC-2025-005118,9544918,Luz Sol,NAV034,M12,granel_liquido,mixta,Biocombustible,33297.2,0,2025-11-03 07:26:46,2025-11-03 16:23:42,2025-11-05 03:43:59,Santa Cruz de Tenerife,Houston,S,0
ESC-2025-000617,9472995,Blue Trader,NAV028,M02,granel_solido,carga,Pirita,31725.0,0,2025-11-03 10:29:05,2025-11-04 03:55:43,2025-11-05 16:05:39,Algeciras,Santa Cruz de Tenerife,S,0
ESC-2025-005006,9576337,Silver Glory,NAV006,M03,granel_solido,carga,Clínker,33615.5,0,2025-11-04 02:44:55,2025-11-04 07:02:42,2025-11-06 03:03:24,Génova,Rotterdam,S,0
ESC-2025-003523,9438004,Tinto Bay IV,NAV031,M04,granel_liquido,mixta,GNL,51175.1,0,2025-11-04 04:59:44,2025-11-04 12:53:08,2025-11-05 07:56:12,Santos,Santa Cruz de Tenerife,S,0
ESC-2025-000118,9587568,Río Pioneer I,NAV026,M02,granel_solido,descarga,Cereal,18697.1,0,2025-11-04 10:31:59,2025-11-04 19:26:21,2025-11-06 14:38:14,Casablanca,Le Havre,S,0
ESC-2025-001346,9218076,Doña Horizon,NAV012,M02,granel_solido,descarga,Clínker,19126.6,0,2025-11-04 11:47:19,04/11/2025 13:21,2025-11-06 20:50:47,Sines,Casablanca,S,0
ESC-2025-000462,9922976,Río Horizon II,NAV034,M06,granel_liquido,carga,Productos químicos,24672.0,0,2025-11-04 12:54:23,2025-11-05 15:23:47,2025-11-06 20:04:13,Génova,Houston,S,0
ESC-2025-006061,9626546,Southern Fortune,NAV008,M02,granel_solido,carga,Clínker,22297.8,0,2025-11-04 15:45:06,2025-11-05 04:24:19,2025-11-06 11:16:09,Ceuta,Houston,S,0
ESC-2025-003190,9116591,Nordic Marina IV,NAV014,M01,contenedores,carga,Contenedores,7991.7,838,2025-11-05 09:12:01,2025-11-05 16:38:31,2025-11-06 12:17:15,Amberes,Nueva York,S,0
ESC-2025-003751,9609550,Blue Navigator,NAV014,M07,ro_ro,descarga,Semirremolques,28078.8,0,2025-11-05 10:11:18,05/11/2025 10:40,2025-11-06 05:28:23,Génova,Las Palmas,S,0
ESC-2025-003145,9171371,Ocean Pioneer,NAV025,M03,granel_solido,descarga,Pirita,28225.0,0,2025-11-05 15:08:44,2025-11-05 16:27:39,2025-11-08 02:33:12,Santa Cruz de Tenerife,Santa Cruz de Tenerife,S,0
ESC-2025-006406,9924003,Odiel Mar II,NAV015,M12,granel_liquido,carga,GNL,29459.5,0,2025-11-05 15:38:13,2025-11-05 17:53:06,2025-11-07 05:13:10,Tánger Med,Hamburgo,S,0
ESC-2025-006014,9578270,Marisma Bay,NAV035,M02,granel_solido,mixta,Concentrado de cobre,19183.6,0,2025-11-05 15:45:11,2025-11-05 23:41:28,2025-11-07 18:24:58,Santa Cruz de Tenerife,Sines,S,0
ESC-2025-005952,9954917,Luz Carrier II,NAV030,M07,ro_ro,mixta,Vehículos,22679.9,0,2025-11-05 20:55:29,2025-11-05 22:24:37,2025-11-06 10:09:58,Dakar,Tánger Med,S,0
ESC-2025-004498,9569700,Costa Star,NAV006,M01,contenedores,mixta,Contenedores,10279.4,789,2025-11-05 22:42:05,2025-11-06 00:24:57,2025-11-07 06:43:43,Sines,Hamburgo,S,0
ESC-2025-003676,9408011,Cabo Voyager,NAV021,M04,granel_liquido,descarga,Ácido sulfúrico,39630.8,0,2025-11-06 00:15:03,2025-11-06 10:58:16,2025-11-07 09:34:03,Santos,Houston,S,0
ESC-2025-001788,9537977,Luz Voyager V,NAV002,M02,granel_solido,descarga,Pirita,56024.2,0,2025-11-06 00:18:07,2025-11-06 23:48:36,2025-11-09 04:01:51,Dakar,Abiyán,S,0
ESC-2025-006111,9207479,Punta Fortune,NAV034,M01,contenedores,mixta,Contenedores,6007.2,573,2025-11-06 03:57:41,2025-11-07 01:17:00,2025-11-08 01:48:36,Valencia,Lisboa,S,0
ESC-2025-002801,9459424,Luz Fortune IV,NAV028,M07,ro_ro,descarga,Semirremolques,11884.4,0,2025-11-06 04:07:48,2025-11-06 05:09:41,2025-11-06 19:03:48,Abiyán,Abiyán,S,0
ESC-2025-000081,9416575,Punta Mar,NAV032,M10,pesca,descarga,Pescado fresco,5.0,0,2025-11-06 07:35:28,2025-11-06 07:35:31,2025-11-06 11:30:49,Las Palmas,Nueva York,S,0
ESC-2025-002562,9553086,Golden Bay,NAV029,M06,granel_liquido,mixta,Ácido sulfúrico,65639.2,0,2025-11-06 13:25:46,2025-11-06 22:04:45,2025-11-08 09:32:32,Sines,Rotterdam,S,0
ESC-2025-005567,9030022,Costa Fortune V,NAV007,M10,pesca,carga,Pescado fresco,17.1,0,2025-11-06 14:53:12,2025-11-06 15:04:58,2025-11-06 19:08:13,Lisboa,Lisboa,S,0
ESC-2025-000973,9952402,Punta Pioneer,NAV032,M10,pesca,carga,Pescado fresco,22.5,0,2025-11-06 17:39:37,2025-11-06 18:28:06,2025-11-07 02:20:54,Algeciras,Génova,N,0
ESC-2025-002087,9376153,Río Wave,NAV031,M09,pasajeros,carga,Pasajeros,0.0,0,2025-11-06 18:17:09,2025-11-06 18:24:58,2025-11-07 04:52:51,Abiyán,Hamburgo,S,3709
ESC-2025-004509,9445459,Costa Breeze,NAV018,M02,granel_solido,carga,Cereal,23334.7,0,2025-11-06 18:35:47,2025-11-07 03:33:07,2025-11-10 03:39:14,Le Havre,Ceuta,S,0
ESC-2025-005138,9154567,Estrella Trader III,NAV025,M11,carga_general,carga,Palés,10122.6,0,2025-11-06 20:28:04,2025-11-07 01:17:29,2025-11-07 21:06:22,Sines,Ceuta,S,0
ESC-2025-001871,9118238,Doña Glory,NAV006,M02,granel_solido,descarga,Cereal,21014.9,0,2025-11-06 20:40:02,06/11/2025 22:31,2025-11-09 02:04:12,Algeciras,Nueva York,S,0
ESC-2025-005097,9023079,Cabo Breeze V,NAV015,M08,fruta_refrigerada,carga,Fresa y frutos rojos,10118.2,0,2025-11-06 21:30:26,2025-11-06 22:41:10,2025-11-07 23:47:13,Tánger Med,Casablanca,S,0
ESC-2025-001663,9114634,Aurora Bay,NAV040,M01,contenedores,carga,Contenedores,7871.2,714,2025-11-06 21:39:57,2025-11-07 14:48:48,2025-11-08 13:05:30,Génova,Santos,S,0
ESC-2025-001847,9411939,Golden Breeze III,NAV010,M07,ro_ro,carga,Vehículos,9712.1,0,2025-11-06 21:52:45,2025-11-06 21:59:41,2025-11-07 12:44:28,Las Palmas,Sines,S,0
ESC-2025-001671,9589475,Cabo Fortune,NAV007,M01,contenedores,descarga,Contenedores,9609.8,697,2025-11-06 22:00:59,2025-11-07 07:11:02,2025-11-08 07:19:59,Valencia,Casablanca,S,0
ESC-2025-005959,9846483,Southern Horizon III,NAV019,M03,granel_solido,descarga,Cereal,26474.5,0,2025-11-07 02:02:32,2025-11-07 02:40:38,2025-11-10 08:12:42,Dakar,Algeciras,S,0
ESC-2025-001295,9189512,Silver Spirit,NAV028,M02,granel_solido,carga,Clínker,15660.8,0,2025-11-07 04:01:31,2025-11-07 05:41:59,2025-11-09 01:16:47,Lisboa,Ceuta,S,0
ESC-2025-003070,9574614,Aurora Mar V,NAV029,M01,contenedores,mixta,Contenedores,7531.5,763,2025-11-07 05:21:59,2025-11-07 13:32:14,2025-11-08 09:15:34,Rotterdam,Amberes,S,0
ESC-2025-004957,9353993,Southern Horizon,NAV039,M05,granel_liquido,mixta,Crudo,34373.4,0,2025-11-07 05:55:52,2025-11-07 08:29:19,2025-11-08 19:17:15,Houston,Lisboa,S,0
ESC-2025-000207,9408011,Cabo Voyager,NAV021,M06,granel_liquido,descarga,Biocombustible,29252.6,0,2025-11-07 14:11:30,2025-11-07 20:51:39,2025-11-09 15:34:23,Amberes,Santos,S,0
ESC-2025-004802,9451410,Delta Bay,NAV002,M01,contenedores,descarga,Contenedores,11582.0,1251,2025-11-07 14:23:02,2025-11-07 20:36:37,2025-11-09 01:16:08,Nueva York,Rotterdam,S,0
ESC-2025-001906,9647021,Punta Pride,NAV035,M05,granel_liquido,carga,Ácido sulfúrico,54228.3,0,2025-11-07 20:39:22,2025-11-07 22:03:38,2025-11-08 22:00:57,Las Palmas,Tánger Med,S,0
ESC-2025-004553,9962445,Punta Marina IV,NAV029,M02,granel_solido,mixta,Fertilizantes,35562.0,0,2025-11-07 23:55:57,2025-11-08 05:32:32,2025-11-10 08:53:24,Valencia,Hamburgo,S,0
ESC-2025-003556,9093220,Atlantic Trader,NAV010,M08,fruta_refrigerada,carga,Fruta tropical,8634.6,0,2025-11-08 00:13:39,2025-11-08 02:35:09,2025-11-08 23:21:20,Las Palmas,Amberes,S,0
ESC-2025-001331,9352119,Aurora Pioneer,NAV024,M04,granel_liquido,mixta,Ácido sulfúrico,21589.9,0,2025-11-08 02:06:28,08/11/2025 07:01,2025-11-09 22:50:29,Nueva York,Santa Cruz de Tenerife,S,0
ESC-2025-001001,9578270,Marisma Bay,NAV035,M03,granel_solido,descarga,Concentrado de cobre,10230.5,0,2025-11-08 02:12:50,2025-11-08 12:06:04,2025-11-10 14:49:12,Sines,Santa Cruz de Tenerife,S,0
ESC-2025-004312,9005211,Cabo Sol II,NAV039,M01,contenedores,mixta,Contenedores,9614.1,934,2025-11-08 02:47:52,08/11/2025 10:11,2025-11-09 11:23:45,Sines,Funchal,S,0
ESC-2025-005279,9098672,Punta Dawn,NAV035,M06,granel_liquido,carga,Crudo,51238.4,0,2025-11-08 07:55:52,2025-11-08 23:21:48,2025-11-10 09:10:58,Hamburgo,Rotterdam,S,0
ESC-2025-005911,9418834,Costa Navigator V,NAV035,M03,granel_solido,carga,Clínker,22505.9,0,2025-11-08 08:19:40,2025-11-08 23:05:17,2025-11-10 18:48:59,Sines,Lisboa,S,0
ESC-2025-001468,9203722,Southern Voyager II,NAV034,M01,contenedores,mixta,Contenedores,11636.4,1261,2025-11-08 10:15:08,2025-11-08 10:30:45,2025-11-09 18:10:50,Valencia,Hamburgo,S,0
ESC-2025-002605,9068720,Silver Venture II,NAV030,M10,pesca,mixta,Pescado fresco,67.5,0,2025-11-08 17:20:48,2025-11-08 17:26:06,2025-11-08 23:22:24,Abiyán,Ceuta,S,0
ESC-2025-000439,9745940,Punta Breeze I,NAV027,M12,granel_liquido,descarga,Biocombustible,50583.7,0,2025-11-08 17:47:51,2025-11-08 21:48:12,2025-11-09 23:13:18,Génova,Las Palmas,S,0
ESC-2025-001941,9488231,Atlantic Voyager,NAV033,M03,granel_solido,mixta,Clínker,15139.1,0,2025-11-08 18:30:09,2025-11-08 21:47:34,2025-11-09 18:17:59,Algeciras,Nueva York,S,0
ESC-2025-001368,9171371,Ocean Pioneer,NAV025,M03,granel_solido,descarga,Concentrado de cobre,27349.6,0,2025-11-08 20:03:10,2025-11-08 22:34:35,2025-11-11 00:37:39,Sines,Santa Cruz de Tenerife,S,0
ESC-2025-002465,9556313,Punta Bay,NAV018,M11,carga_general,mixta,Maquinaria,7958.6,0,2025-11-08 20:10:01,2025-11-08 21:34:36,2025-11-10 01:14:05,Génova,Le Havre,S,0
ESC-2025-001053,9102112,Delta Spirit I,NAV035,M02,granel_solido,carga,Concentrado de cobre,15902.7,0,2025-11-08 21:13:53,2025-11-09 01:33:12,2025-11-11 12:02:37,Funchal,Génova,S,0
ESC-2025-005870,9387047,Doña Breeze III,NAV001,M02,granel_solido,descarga,Concentrado de cobre,28172.5,0,2025-11-08 23:45:07,2025-11-09 02:09:55,2025-11-10 02:59:22,Le Havre,Tánger Med,S,0
ESC-2025-004354,9093464,Iberian Sol,NAV004,M04,granel_liquido,mixta,Productos químicos,87387.0,0,2025-11-09 04:45:29,2025-11-09 08:29:43,2025-11-10 16:15:12,Hamburgo,Casablanca,S,0
ESC-2025-003104,9051777,Tinto Mar V,NAV029,M12,granel_liquido,descarga,Crudo,7948.2,0,2025-11-09 07:55:50,2025-11-09 15:52:48,2025-11-11 03:44:01,Houston,Amberes,S,0
ESC-2025-003486,9118032,Atlantic Horizon,NAV032,M02,granel_solido,carga,Fertilizantes,28358.5,0,2025-11-09 11:40:00,2025-11-09 22:41:42,2025-11-13 08:31:04,Houston,Hamburgo,S,0
ESC-2025-005052,9884227,Silver Bay II,NAV035,M10,pesca,carga,Pescado fresco,21.0,0,2025-11-09 12:52:41,2025-11-09 13:00:40,2025-11-09 21:37:49,Sines,Santa Cruz de Tenerife,S,0
ESC-2025-002183,9017721,Delta Dawn,NAV030,M10,pesca,descarga,Pescado fresco,78.8,0,2025-11-09 12:59:36,2025-11-09 13:22:39,2025-11-09 22:56:20,Tánger Med,Tánger Med,N,0
ESC-2025-004490,9270531,Tinto Dawn,NAV012,M04,granel_liquido,mixta,Gasóleo,59516.1,0,2025-11-09 13:18:42,2025-11-09 13:59:19,2025-11-10 22:07:21,Lisboa,Santa Cruz de Tenerife,S,0
ESC-2025-004046,9395252,Ocean Breeze,NAV013,M06,granel_liquido,descarga,Gasóleo,42368.0,0,2025-11-09 15:36:16,2025-11-09 16:20:50,2025-11-10 19:03:16,Dakar,Génova,S,0
ESC-2025-004598,9603192,Odiel Spirit,NAV036,M07,ro_ro,mixta,Semirremolques,27367.9,0,2025-11-09 15:53:25,2025-11-09 16:05:56,2025-11-09 21:37:26,Le Havre,Génova,S,0
ESC-2025-002370,9173824,Doña Star,NAV004,M01,contenedores,carga,Contenedores,7345.6,704,2025-11-09 20:10:32,2025-11-09 20:57:44,2025-11-11 03:26:25,Las Palmas,Nueva York,S,0
ESC-2025-005792,9189512,Silver Spirit,NAV028,M03,granel_solido,mixta,Cereal,22151.7,0,2025-11-09 20:11:06,2025-11-10 00:43:10,2025-11-12 17:32:28,Dakar,Le Havre,S,0
ESC-2025-002911,9207558,Marisma Spirit III,NAV017,M05,granel_liquido,descarga,Crudo,15474.1,0,2025-11-09 21:33:24,2025-11-09 23:13:13,2025-11-11 15:44:32,Nueva York,Algeciras,S,0
ESC-2025-003596,9197583,Delta Venture,NAV007,M02,granel_solido,descarga,Pirita,22300.1,0,2025-11-10 00:33:18,2025-11-10 04:42:23,2025-11-12 23:51:56,Amberes,Funchal,S,0
ESC-2025-004660,9809253,Río Bay,NAV005,M03,granel_solido,descarga,Clínker,18683.8,0,2025-11-10 02:30:19,2025-11-10 19:32:31,2025-11-14 00:49:09,Abiyán,Funchal,S,0
ESC-2025-005985,9122916,Silver Breeze III,NAV040,M06,granel_liquido,descarga,GNL,68744.7,0,2025-11-10 02:45:36,2025-11-10 13:20:12,2025-11-10 22:23:03,Rotterdam,Houston,S,0
ESC-2025-003482,9770531,Aurora Spirit III,NAV023,M01,contenedores,carga,Contenedores,4904.6,412,2025-11-10 02:54:08,2025-11-10 04:54:52,2025-11-11 06:49:09,Dakar,Hamburgo,S,0
ESC-2025-002362,9957799,Río Sol,NAV006,M05,granel_liquido,descarga,GNL,70794.9,0,2025-11-10 05:37:47,2025-11-10 09:45:47,2025-11-11 15:48:40,Ceuta,Nueva York,S,0
ESC-2025-003377,9634581,Luz Dawn V,NAV017,M06,granel_liquido,mixta,Productos químicos,11504.2,0,2025-11-10 09:31:28,2025-11-10 12:31:10,2025-11-11 00:35:21,Las Palmas,Hamburgo,S,0
ESC-2025-006412,9754288,Marisma Horizon V,NAV026,M12,granel_liquido,descarga,Productos químicos,37314.5,0,2025-11-10 16:02:02,2025-11-10 18:11:43,2025-11-12 09:49:45,Santos,Génova,S,0
ESC-2025-001757,9430090,Odiel Mar,NAV035,M03,granel_solido,mixta,Fertilizantes,13499.7,0,2025-11-10 16:52:48,2025-11-11 02:25:27,2025-11-13 01:47:17,Algeciras,Génova,S,0
ESC-2025-004908,9039896,Blue Breeze,NAV036,M05,granel_liquido,descarga,Gasóleo,33492.2,0,2025-11-10 19:59:10,2025-11-10 22:21:14,2025-11-12 07:04:04,Houston,Lisboa,S,0
ESC-2025-002696,9521198,Blue Bay III,NAV036,M10,pesca,descarga,Pescado fresco,64.1,0,2025-11-10 21:52:01,2025-11-10 22:12:15,2025-11-11 06:30:54,Tánger Med,Rotterdam,N,0
ESC-2025-000339,9962445,  PUNTA MARINA IV ,NAV029,M02,granel_solido,descarga,Fertilizantes,53117.6,0,2025-11-11 02:11:55,2025-11-11 05:53:30,2025-11-13 14:32:30,Houston,Santos,S,0
ESC-2025-004525,9122916,Silver Breeze III,NAV040,M06,granel_liquido,descarga,Crudo,66721.2,0,2025-11-11 02:27:30,11/11/2025 06:13,2025-11-13 02:39:14,Ceuta,Las Palmas,S,0
ESC-2025-005166,9554494,Tinto Wave IV,NAV004,M07,ro_ro,carga,Semirremolques,22004.4,0,2025-11-11 07:02:10,2025-11-11 08:24:14,2025-11-11 20:04:45,Dakar,Lisboa,S,0
ESC-2025-004881,9948346,Tinto Sol V,NAV020,M09,pasajeros,descarga,Pasajeros,0.0,0,2025-11-11 08:13:04,2025-11-11 08:26:41,2025-11-11 17:35:43,Valencia,Santos,S,4032
ESC-2025-004881,9948346,Tinto Sol V,NAV020,M09,pasajeros,descarga,Pasajeros,0.0,0,2025-11-11 08:13:04,2025-11-11 08:26:41,2025-11-11 17:35:43,Valencia,Santos,S,4032
ESC-2025-004015,9276638,Estrella Dawn,NAV008,M10,pesca,descarga,Pescado fresco,7.5,0,2025-11-11 10:21:00,2025-11-11 10:32:13,2025-11-11 17:51:40,Abiyán,Santos,S,0
ESC-2025-002719,9787974,Marisma Star,NAV026,M05,granel_liquido,mixta,Biocombustible,64131.7,0,2025-11-11 11:38:16,2025-11-11 12:42:03,2025-11-13 21:17:06,Tánger Med,Santa Cruz de Tenerife,S,0
ESC-2025-002565,9997361,Río Voyager III,NAV013,M03,granel_solido,carga,Cereal,38946.0,0,2025-11-11 13:27:16,2025-11-11 16:18:47,2025-11-14 12:00:33,Funchal,Nueva York,S,0
ESC-2025-006297,9352119,Aurora Pioneer,NAV024,M04,granel_liquido,mixta,Gasóleo,25437.9,0,2025-11-11 15:07:09,2025-11-11 20:18:06,2025-11-13 15:00:51,Algeciras,Dakar,S,0
ESC-2025-005337,9661716,Aurora Horizon,NAV002,M05,granel_liquido,carga,Productos químicos,33847.8,0,2025-11-11 17:04:31,2025-11-11 19:09:42,2025-11-12 15:32:21,Rotterdam,Valencia,S,0
ESC-2025-000820,9030022,Costa Fortune V,NAV007,M10,pesca,carga,Pescado fresco,37.5,0,2025-11-11 18:06:13,2025-11-11 18:08:20,2025-11-12 01:45:20,Santos,Valencia,S,0
ESC-2025-006444,9895927,Cabo Express,NAV032,M04,granel_liquido,descarga,GNL,51581.5,0,2025-11-11 18:53:49,2025-11-12 11:20:30,2025-11-13 11:02:45,Abiyán,Valencia,S,0
ESC-2025-001066,9895927,Cabo Express,NAV032,M04,granel_liquido,descarga,GNL,65383.7,0,2025-11-11 19:32:53,2025-11-11 21:06:31,2025-11-13 02:31:08,Nueva York,Le Havre,S,0
ESC-2025-004975,9609550,Blue Navigator,NAV014,M07,ro_ro,descarga,Semirremolques,31795.1,0,2025-11-12 07:42:24,2025-11-12 07:49:01,2025-11-12 17:20:56,Sines,Houston,S,0
ESC-2025-004975,9609550,Blue Navigator,NAV014,M07,ro_ro,descarga,Semirremolques,31795.1,0,2025-11-12 07:42:24,2025-11-12 07:49:01,2025-11-12 17:20:56,Sines,Houston,S,0
ESC-2025-003527,9118032,Atlantic Horizon,NAV032,M02,granel_solido,carga,Fertilizantes,37642.5,0,2025-11-12 09:30:40,2025-11-12 12:56:41,2025-11-14 17:51:18,Sines,Sines,S,0
ESC-2025-002880,9459424,Luz Fortune IV,NAV028,M07,ro_ro,carga,Semirremolques,13853.5,0,2025-11-12 16:03:35,2025-11-12 16:32:16,2025-11-12 23:36:43,Algeciras,Santa Cruz de Tenerife,S,0
ESC-2025-005403,9548768,Aurora Trader II,NAV029,M02,granel_solido,mixta,Pirita,39305.3,0,2025-11-12 16:05:29,2025-11-13 07:07:37,2025-11-15 08:40:29,Nueva York,Valencia,S,0
ESC-2025-001140,9594248,Costa Fortune,NAV015,M02,granel_solido,descarga,Concentrado de cobre,22662.0,0,2025-11-13 06:47:29,2025-11-13 07:15:21,2025-11-15 12:32:03,Sines,Nueva York,S,0
ESC-2025-004132,9180633,Doña Carrier,NAV034,M05,granel_liquido,mixta,Biocombustible,44569.7,0,2025-11-13 07:23:02,2025-11-13 17:16:05,2025-11-14 18:12:06,Tánger Med,Amberes,S,0
ESC-2025-004416,9952402,Punta Pioneer,NAV032,M10,pesca,mixta,Pescado fresco,46.6,0,2025-11-13 07:42:26,2025-11-13 07:53:09,2025-11-13 14:21:00,Dakar,Tánger Med,N,0
ESC-2025-005039,9472995,Blue Trader,NAV028,M03,granel_solido,carga,Clínker,41265.3,0,2025-11-13 10:02:07,13/11/2025 14:50,2025-11-15 18:24:28,Funchal,Tánger Med,S,0
ESC-2025-005130,9017721,Delta Dawn,NAV030,M10,pesca,mixta,Pescado fresco,49.8,0,2025-11-13 11:27:39,2025-11-13 11:29:01,2025-11-13 18:38:05,Dakar,Abiyán,S,0
ESC-2025-000510,9419474,Ocean Glory I,NAV022,,carga_general,descarga,Bobinas de acero,12686.0,0,2025-11-13 13:15:43,2025-11-13 13:32:58,2025-11-15 04:32:20,Dakar,Nueva York,S,0
ESC-2025-004179,9543823,Aurora Mar IV,NAV036,M02,granel_solido,mixta,Fertilizantes,39576.2,0,2025-11-13 13:30:19,2025-11-13 19:21:12,2025-11-15 09:18:26,Las Palmas,Santa Cruz de Tenerife,S,0
ESC-2025-004063,9075113,Delta Glory,NAV023,M06,granel_liquido,mixta,Crudo,10754.5,0,2025-11-13 15:24:31,2025-11-13 23:37:14,2025-11-15 07:01:07,Santos,Las Palmas,S,0
ESC-2025-005918,9684976,Marisma Sol III,NAV008,M12,granel_liquido,mixta,Ácido sulfúrico,23063.0,0,2025-11-14 00:44:53,2025-11-14 02:24:36,2025-11-15 23:35:26,Algeciras,Nueva York,S,0
ESC-2025-002603,9230438,Nordic Star IV,NAV030,M01,contenedores,descarga,Contenedores,12909.7,940,2025-11-14 02:03:52,2025-11-14 04:40:06,2025-11-14 14:41:51,Tánger Med,Las Palmas,S,0
ESC-2025-000879,9243320,Golden Pride,NAV028,M05,granel_liquido,mixta,Gasóleo,48057.6,0,2025-11-14 02:57:05,2025-11-14 16:29:39,2025-11-15 17:52:54,Funchal,Algeciras,S,0
ESC-2025-004141,9236834,Aurora Fortune,NAV040,M12,granel_liquido,mixta,Ácido sulfúrico,61116.9,0,2025-11-14 03:46:03,2025-11-14 07:24:37,2025-11-15 13:47:47,Hamburgo,Valencia,S,0
ESC-2025-004867,9153252,Estrella Carrier,NAV007,M03,granel_solido,mixta,Cereal,23460.9,0,2025-11-14 03:50:31,2025-11-14 09:37:29,2025-11-15 23:13:21,Casablanca,Algeciras,S,0
ESC-2025-003369,9405186,Tinto Star II,NAV037,M01,contenedores,mixta,Contenedores,572.4,50,2025-11-14 03:57:32,2025-11-14 15:28:42,2025-11-15 07:59:57,Lisboa,Ceuta,S,0
ESC-2025-006316,9770531,Aurora Spirit III,NAV023,M01,contenedores,mixta,Contenedores,8096.1,810,2025-11-14 04:10:58,2025-11-15 01:59:42,2025-11-15 22:33:09,Hamburgo,Funchal,S,0
ESC-2025-004033,9796822,Odiel Navigator,NAV022,M06,granel_liquido,descarga,Gasóleo,88125.0,0,2025-11-14 17:37:55,2025-11-14 22:32:23,2025-11-16 10:06:54,Funchal,Casablanca,S,0
ESC-2025-000393,9194256,Costa Glory,NAV015,M07,ro_ro,descarga,Vehículos,10822.6,0,2025-11-14 18:31:23,2025-11-14 18:54:38,2025-11-15 03:50:16,Nueva York,Algeciras,S,0
ESC-2025-000419,9131761,Southern Trader,NAV032,M07,ro_ro,mixta,Semirremolques,18951.4,0,2025-11-14 20:04:27,2025-11-14 21:35:05,2025-11-15 08:26:06,Tánger Med,Génova,S,0
ESC-2025-003270,9086382,Estrella Star V,NAV036,M12,granel_liquido,carga,GNL,95044.9,0,2025-11-14 20:43:51,2025-11-15 12:25:47,2025-11-16 10:32:57,Ceuta,Abiyán,S,0
ESC-2025-006435,9118238,Doña Glory,NAV006,M02,granel_solido,mixta,Concentrado de cobre,34445.8,0,2025-11-15 02:03:45,2025-11-15 02:59:53,2025-11-16 16:38:58,Casablanca,Amberes,S,0
ESC-2025-000496,9754288,Marisma Horizon V,NAV026,M06,granel_liquido,carga,Biocombustible,30934.8,0,2025-11-15 07:06:52,2025-11-16 01:35:48,2025-11-16 10:13:11,Abiyán,Santa Cruz de Tenerife,S,0
ESC-2025-004094,9355367,Delta Navigator I,NAV012,M01,contenedores,mixta,Contenedores,7890.3,815,2025-11-15 07:40:23,2025-11-15 10:40:48,2025-11-16 07:34:43,Santos,Valencia,S,0
ESC-2025-002556,9826809,Delta Voyager,NAV034,M04,granel_liquido,carga,Crudo,82397.2,0,2025-11-15 08:07:16,2025-11-15 19:33:41,2025-11-16 08:45:45,Casablanca,Le Havre,S,0
ESC-2025-003787,9754288,Marisma Horizon V,NAV026,M06,granel_liquido,carga,Productos químicos,24859.0,0,2025-11-15 08:54:28,2025-11-16 03:28:00,2025-11-17 11:35:15,Lisboa,Nueva York,S,0
ESC-2025-001248,9994606,Nordic Venture III,NAV037,M03,granel_solido,mixta,Pirita,49307.0,0,2025-11-15 13:50:04,2025-11-16 01:25:22,2025-11-18 04:12:14,Funchal,Hamburgo,S,0
ESC-2025-003314,9194256,Costa Glory,NAV015,M07,ro_ro,descarga,Vehículos,14561.8,0,2025-11-15 18:29:03,2025-11-15 20:47:33,2025-11-16 14:06:30,Hamburgo,Ceuta,S,0
ESC-2025-001318,9321201,Estrella Voyager,NAV020,M01,contenedores,carga,Contenedores,6302.6,593,2025-11-15 21:53:32,2025-11-16 04:00:05,2025-11-16 16:46:43,Nueva York,Funchal,S,0
ESC-2025-004326,9331919,Costa Wave,NAV027,M01,contenedores,mixta,Contenedores,10179.5,840,2025-11-15 22:33:08,2025-11-16 00:29:03,2025-11-16 18:22:11,Santos,Tánger Med,S,0
ESC-2025-002507,9911094,Golden Carrier I,NAV021,M02,granel_solido,descarga,Pirita,47225.2,0,2025-11-16 02:46:56,2025-11-16 07:28:10,2025-11-18 07:44:10,Rotterdam,Génova,S,0
ESC-2025-002544,9686780,Tinto Carrier V,NAV039,M02,granel_solido,mixta,Fertilizantes,22112.2,0,2025-11-16 03:38:39,2025-11-16 09:41:38,2025-11-17 18:39:21,Amberes,Santa Cruz de Tenerife,S,0
ESC-2025-005003,9717199,Doña Express,NAV017,M10,pesca,carga,Pescado fresco,62.9,0,2025-11-16 06:59:39,2025-11-16 07:07:34,2025-11-16 13:30:32,Valencia,Le Havre,S,0
ESC-2025-002386,9023079,Cabo Breeze V,NAV015,M08,fruta_refrigerada,mixta,Cítricos,10033.2,0,2025-11-16 16:39:39,2025-11-16 20:47:02,2025-11-17 15:56:31,Houston,Houston,S,0
ESC-2025-002316,9686780,Tinto Carrier V,NAV039,M02,granel_solido,descarga,Clínker,13778.5,0,2025-11-17 05:49:40,2025-11-17 08:09:33,2025-11-19 20:37:21,Las Palmas,Hamburgo,S,0
ESC-2025-004017,9095888,Estrella Pioneer,NAV010,M03,granel_solido,carga,Concentrado de cobre,40057.2,0,2025-11-17 08:53:42,2025-11-17 09:39:11,2025-11-19 02:22:01,Houston,Casablanca,S,0
ESC-2025-004017,9095888,Estrella Pioneer,NAV010,M03,granel_solido,carga,Concentrado de cobre,40057.2,0,2025-11-17 08:53:42,2025-11-17 09:39:11,2025-11-19 02:22:01,Houston,Casablanca,S,0
ESC-2025-001183,9284635,Nordic Sol IV,NAV017,M02,granel_solido,descarga,Pirita,13701.6,0,2025-11-17 08:59:50,2025-11-17 09:37:04,2025-11-19 07:08:08,Algeciras,Algeciras,S,0
ESC-2025-000536,9874595,  NORDIC BREEZE ,NAV020,M11,carga_general,mixta,Bobinas de acero,10084.2,0,2025-11-17 09:05:46,2025-11-17 15:46:23,2025-11-18 13:39:15,Amberes,Rotterdam,S,0
ESC-2025-002148,9714111,Luz Pioneer,NAV003,M12,granel_liquido,descarga,Ácido sulfúrico,54677.1,0,2025-11-17 09:14:51,2025-11-17 10:05:38,2025-11-18 03:35:16,Dakar,Casablanca,S,0
ESC-2025-004717,9625803,Costa Marina,NAV026,M12,granel_liquido,carga,Ácido sulfúrico,53214.7,0,2025-11-17 15:57:08,2025-11-17 21:13:38,2025-11-19 06:29:01,Abiyán,Algeciras,S,0
ESC-2025-002776,9417816,Golden Wave,NAV024,M07,ro_ro,mixta,Semirremolques,18291.2,0,2025-11-17 17:40:57,2025-11-17 17:53:18,2025-11-18 04:16:39,Houston,Funchal,S,0
ESC-2025-005846,9677117,Iberian Pride,NAV017,M03,granel_solido,carga,Concentrado de cobre,13686.9,0,2025-11-17 18:11:34,2025-11-19 00:48:06,2025-11-21 09:51:43,Amberes,Hamburgo,S,0
ESC-2025-002277,9311490,Río Trader IV,NAV033,M10,pesca,mixta,Pescado fresco,32.7,0,2025-11-17 20:36:13,2025-11-17 20:36:51,2025-11-18 02:30:03,Santos,Amberes,N,0
ESC-2025-003221,9929338,Tinto Venture I,NAV017,M04,granel_liquido,descarga,Biocombustible,63284.0,0,2025-11-18 03:05:51,2025-11-18 15:11:02,2025-11-20 02:03:13,Las Palmas,Nueva York,S,0
ESC-2025-003607,9043055,Ocean Venture,NAV012,M10,pesca,mixta,Pescado fresco,74.4,0,2025-11-18 06:05:37,2025-11-18 06:07:22,2025-11-18 12:36:07,Tánger Med,Rotterdam,S,0
ESC-2025-004239,9276638,Estrella Dawn,NAV008,M10,pesca,descarga,Pescado fresco,72.1,0,2025-11-18 07:31:50,2025-11-18 07:38:27,2025-11-18 15:21:32,Dakar,Santos,N,0
ESC-2025-004909,9119555,Iberian Breeze,NAV010,M05,granel_liquido,mixta,Gasóleo,75927.3,0,2025-11-18 09:45:10,2025-11-18 10:11:00,2025-11-20 11:26:44,Valencia,Valencia,S,0
ESC-2025-005592,9207479,Punta Fortune,NAV034,M01,contenedores,descarga,Contenedores,6346.1,560,2025-11-18 09:59:03,2025-11-18 17:11:35,2025-11-19 00:01:33,Hamburgo,Nueva York,S,0
ESC-2025-001907,9311490,Río Trader IV,NAV033,M10,pesca,descarga,Pescado fresco,42.5,0,2025-11-18 10:34:43,2025-11-18 10:35:46,2025-11-18 09:35:46,Houston,Ceuta,S,0
ESC-2025-001813,9952402,Punta Pioneer,NAV032,M10,pesca,descarga,Pescado fresco,76.6,0,2025-11-18 11:39:21,2025-11-18 11:42:32,2025-11-18 16:42:47,Valencia,Algeciras,N,0
ESC-2025-006239,9716602,Iberian Horizon III,NAV038,M11,carga_general,carga,Palés,4493.2,0,2025-11-18 16:28:19,2025-11-18 18:20:43,2025-11-19 20:35:44,Hamburgo,Valencia,S,0
ESC-2025-003014,9098672,Punta Dawn,NAV035,M05,granel_liquido,carga,Crudo,45078.5,0,2025-11-18 16:41:35,2025-11-19 10:18:00,2025-11-20 19:36:44,Nueva York,Rotterdam,S,0
ESC-2025-005463,9176761,Cabo Pride,NAV014,M01,contenedores,descarga,Contenedores,13930.3,1018,2025-11-18 19:06:07,2025-11-18 22:53:03,2025-11-19 17:28:55,Lisboa,Abiyán,S,0
ESC-2025-002381,9207479,Punta Fortune,NAV034,M01,contenedores,carga,Contenedores,12382.2,1138,2025-11-18 22:02:58,2025-11-18 22:03:54,2025-11-19 13:12:28,Sines,Génova,S,0
ESC-2025-000653,9075113,Delta Glory,NAV023,M04,granel_liquido,descarga,Gasóleo,7258.1,0,2025-11-18 23:42:02,2025-11-19 04:56:48,2025-11-20 01:17:09,Valencia,Santa Cruz de Tenerife,S,0
ESC-2025-001552,9944625,Blue Fortune,NAV019,M09,pasajeros,descarga,Pasajeros,0.0,0,2025-11-19 00:39:01,2025-11-19 00:57:46,2025-11-19 08:41:42,Santos,Dakar,S,3497
ESC-2025-003150,9864447,Iberian Dawn II,NAV008,M03,granel_solido,carga,Cereal,24290.0,0,2025-11-19 01:15:59,2025-11-19 19:55:28,2025-11-21 23:35:22,Lisboa,Las Palmas,S,0
ESC-2025-000922,9397987,Tinto Express,NAV012,M01,contenedores,carga,Contenedores,15196.7,1180,2025-11-19 01:59:04,2025-11-19 09:54:48,2025-11-20 16:15:13,Rotterdam,Houston,S,0
ESC-2025-003948,9643192,Silver Breeze II,NAV013,M03,granel_solido,descarga,Clínker,35451.7,0,2025-11-19 07:29:46,2025-11-19 09:34:43,2025-11-22 00:22:35,Casablanca,Valencia,S,0
ESC-2025-000093,9684976,Marisma Sol III,NAV008,M04,granel_liquido,carga,Gasóleo,16260.2,0,2025-11-19 12:22:04,2025-11-19 13:39:53,2025-11-19 06:39:53,Hamburgo,Valencia,S,0
ESC-2025-005156,9221920,Silver Bay,NAV020,M05,granel_liquido,mixta,Ácido sulfúrico,30212.6,0,2025-11-19 13:46:59,2025-11-20 10:40:47,2025-11-21 14:15:59,Casablanca,Le Havre,S,0
ESC-2025-003504,9287900,Delta Spirit,NAV040,M07,ro_ro,carga,Vehículos,13677.0,0,2025-11-19 14:16:51,2025-11-19 16:50:17,2025-11-20 01:17:35,Amberes,Tánger Med,S,0
ESC-2025-005230,9043055,Ocean Venture,NAV012,M10,pesca,carga,Pescado fresco,19.8,0,2025-11-19 15:16:50,2025-11-19 15:27:05,2025-11-20 00:30:26,Le Havre,Houston,S,0
ESC-2025-001162,9116591,Nordic Marina IV,NAV014,M01,contenedores,descarga,Contenedores,14374.8,1157,2025-11-19 16:32:18,2025-11-20 01:44:03,2025-11-20 17:05:34,Casablanca,Hamburgo,S,0
ESC-2025-001685,9183415,Blue Horizon II,NAV014,M02,granel_solido,descarga,Fertilizantes,26691.0,0,2025-11-19 16:56:59,2025-11-21 16:11:14,2025-11-23 09:51:11,Le Havre,Amberes,S,0
ESC-2025-002269,9311490,Río Trader IV,NAV033,M10,pesca,descarga,Pescado fresco,12.9,0,2025-11-19 18:37:45,2025-11-19 18:46:42,2025-11-20 00:48:07,Funchal,Ceuta,S,0
ESC-2025-002391,9782431,Iberian Wave,NAV016,M04,granel_liquido,mixta,Ácido sulfúrico,63745.5,0,2025-11-19 21:07:42,2025-11-20 00:49:04,2025-11-21 11:04:11,Dakar,Funchal,S,0
ESC-2025-000815,9156204,Silver Glory III,NAV021,M02,granel_solido,carga,Fertilizantes,26252.2,0,2025-11-20 02:56:40,2025-11-20 05:17:06,2025-11-22 04:33:44,Abiyán,Algeciras,S,0
ESC-2025-005941,9133135,Punta Star III,NAV004,M04,granel_liquido,descarga,Crudo,26337.3,0,2025-11-20 07:13:19,2025-11-20 10:05:27,2025-11-21 10:02:46,Abiyán,Abiyán,S,0
ESC-2025-006487,9118238,Doña Glory,NAV006,M02,granel_solido,carga,Clínker,36080.6,0,2025-11-20 09:03:23,2025-11-20 18:16:44,2025-11-22 18:06:31,Abiyán,Rotterdam,S,0
ESC-2025-002989,9465057,Costa Pride I,NAV004,M11,carga_general,carga,Madera,8190.6,0,2025-11-20 09:26:10,2025-11-20 19:42:09,2025-11-21 21:07:35,Las Palmas,Casablanca,S,0
ESC-2025-005844,9075113,Delta Glory,NAV023,M12,granel_liquido,carga,Productos químicos,11188.5,0,2025-11-21 01:04:35,2025-11-21 15:36:53,2025-11-22 15:21:38,Casablanca,Sines,S,0
ESC-2025-005198,9977737,Marisma Voyager,NAV033,M11,carga_general,descarga,Madera,3879.7,0,2025-11-21 03:06:54,2025-11-21 05:25:42,2025-11-22 06:10:24,Le Havre,Las Palmas,S,0
ESC-2025-002863,9105396,Río Dawn,NAV006,M11,carga_general,mixta,Maquinaria,12150.2,0,2025-11-21 08:07:03,21/11/2025 16:59,2025-11-23 02:24:40,Santa Cruz de Tenerife,Nueva York,S,0
ESC-2025-001073,9263394,Odiel Horizon,NAV034,M10,pesca,descarga,Pescado fresco,78.0,0,2025-11-21 10:02:28,2025-11-21 10:12:01,2025-11-21 16:47:43,Casablanca,Santos,N,0
ESC-2025-004597,9484132,Costa Pride IV,NAV016,M01,contenedores,mixta,Contenedores,13166.1,1065,2025-11-21 10:42:32,2025-11-21 16:01:26,2025-11-22 05:36:45,Casablanca,Tánger Med,S,0
ESC-2025-003186,9742132,Odiel Fortune,NAV010,M06,granel_liquido,descarga,Gasóleo,22070.5,0,2025-11-21 13:31:55,2025-11-22 00:15:38,2025-11-23 03:26:09,Houston,Rotterdam,S,0
ESC-2025-005029,9704348,Punta Glory,NAV002,M08,fruta_refrigerada,mixta,Cítricos,15507.7,0,2025-11-21 22:44:25,2025-11-22 05:20:26,2025-11-23 11:26:12,Abiyán,Dakar,S,0
ESC-2025-000179,9553086,Golden Bay,NAV029,M06,granel_liquido,descarga,GNL,38926.7,0,2025-11-22 00:33:34,2025-11-22 00:41:12,2025-11-23 03:04:25,Funchal,Hamburgo,S,0
ESC-2025-006439,9578270,Marisma Bay,NAV035,M03,granel_solido,descarga,Fertilizantes,13096.0,0,2025-11-22 01:00:53,2025-11-22 08:13:17,2025-11-24 13:54:17,Nueva York,Houston,S,0
ESC-2025-004157,9476367,Nordic Venture,NAV030,M08,fruta_refrigerada,mixta,Fruta tropical,14100.2,0,2025-11-22 01:02:02,2025-11-22 08:19:07,2025-11-22 16:38:47,Hamburgo,Santos,S,0
ESC-2025-002131,9997361,Río Voyager III,NAV013,M02,granel_solido,mixta,Pirita,37163.4,0,2025-11-22 01:12:40,2025-11-22 16:55:54,2025-11-25 23:58:27,Génova,Santos,S,0
ESC-2025-000885,9554494,Tinto Wave IV,NAV004,M07,ro_ro,mixta,Vehículos,28020.7,0,2025-11-22 01:28:33,2025-11-22 03:04:28,2025-11-22 14:36:40,Algeciras,Funchal,S,0
ESC-2025-006385,9350628,Aurora Express,NAV028,M01,contenedores,descarga,Contenedores,6970.3,680,2025-11-22 09:03:15,2025-11-22 19:04:27,2025-11-23 10:49:45,Dakar,Sines,S,0
ESC-2025-004209,9102112,Delta Spirit I,NAV035,M02,granel_solido,carga,Clínker,10832.5,0,2025-11-22 14:18:56,2025-11-23 12:24:31,2025-11-25 06:14:26,Algeciras,Abiyán,S,0
ESC-2025-000937,9484132,Costa Pride IV,NAV016,M01,contenedores,mixta,Contenedores,13849.2,1142,2025-11-22 14:22:21,2025-11-23 09:16:41,2025-11-24 05:56:40,Santa Cruz de Tenerife,Casablanca,S,0
ESC-2025-005363,9782431,Iberian Wave,NAV016,M06,granel_liquido,carga,Ácido sulfúrico,51831.3,0,2025-11-22 17:08:15,2025-11-22 20:54:36,2025-11-24 08:03:15,Nueva York,Valencia,S,0
ESC-2025-003798,9476367,Nordic Venture,NAV030,M08,fruta_refrigerada,mixta,Cítricos,10252.8,0,2025-11-22 18:04:23,2025-11-22 19:50:24,2025-11-23 13:43:47,Tánger Med,Ceuta,S,0
ESC-2025-002775,9844588,Delta Wave,NAV001,M01,contenedores,mixta,Contenedores,7816.8,568,2025-11-22 18:58:52,2025-11-23 11:03:23,2025-11-24 14:46:32,Sines,Amberes,S,0
ESC-2025-001139,9554494,Tinto Wave IV,NAV004,M07,ro_ro,mixta,Semirremolques,18642.7,0,2025-11-23 01:03:12,2025-11-23 02:29:18,2025-11-23 15:47:14,Las Palmas,Le Havre,S,0
ESC-2025-006486,9218076,Doña Horizon,NAV012,M03,granel_solido,descarga,Cereal,19285.8,0,2025-11-23 04:26:27,2025-11-24 02:49:07,2025-11-24 23:38:51,Funchal,Casablanca,S,0
ESC-2025-004150,9216286,Odiel Voyager,NAV031,M03,granel_solido,descarga,Clínker,20206.8,0,2025-11-23 09:17:04,2025-11-23 13:28:45,2025-11-25 05:35:29,Le Havre,Valencia,S,0
ESC-2025-003273,9207479,Punta Fortune,NAV034,M01,contenedores,carga,Contenedores,11174.4,885,2025-11-23 12:16:49,2025-11-23 19:07:09,2025-11-24 18:58:50,Abiyán,Las Palmas,S,0
ESC-2025-003681,9311945,Blue Fortune III,NAV037,M10,pesca,mixta,Pescado fresco,37.6,0,2025-11-23 12:25:45,2025-11-23 12:26:48,2025-11-23 18:13:21,Ceuta,Tánger Med,N,0
ESC-2025-001915,9217412,Costa Pride III,NAV014,M04,granel_liquido,carga,Gasóleo,69187.7,0,2025-11-23 13:47:19,2025-11-23 15:45:50,2025-11-24 15:06:30,Santa Cruz de Tenerife,Ceuta,S,0
ESC-2025-001519,9207558,Marisma Spirit III,NAV017,M05,granel_liquido,descarga,GNL,26086.3,0,2025-11-23 14:37:05,2025-11-23 17:09:14,2025-11-25 17:16:19,Tánger Med,Casablanca,S,0
ESC-2025-003476,9944625,Blue Fortune,NAV019,M09,pasajeros,mixta,Pasajeros,0.0,0,2025-11-23 16:18:54,2025-11-23 16:44:57,2025-11-24 00:44:03,Sines,Valencia,S,2825
ESC-2025-004673,9539145,Marisma Mar,NAV013,M08,fruta_refrigerada,descarga,Fresa y frutos rojos,12783.7,0,2025-11-23 16:47:02,2025-11-23 17:45:36,2025-11-24 16:19:40,Houston,Las Palmas,S,0
ESC-2025-004849,9005211,Cabo Sol II,NAV039,M01,contenedores,mixta,Contenedores,12593.3,1304,2025-11-23 21:01:39,2025-11-24 08:33:13,2025-11-24 18:30:23,Rotterdam,Ceuta,S,0
ESC-2025-000402,9846483,Southern Horizon III,NAV019,M03,granel_solido,carga,Cereal,28885.5,0,2025-11-23 21:36:51,2025-11-24 06:20:27,2025-11-26 20:07:18,Lisboa,Las Palmas,S,0
ESC-2025-000717,9051777,Tinto Mar V,NAV029,M06,granel_liquido,carga,Biocombustible,11214.2,0,2025-11-23 21:41:49,2025-11-24 00:44:04,2025-11-25 15:03:30,Casablanca,Casablanca,S,0
ESC-2025-003307,9352119,Aurora Pioneer,NAV024,M06,granel_liquido,descarga,Ácido sulfúrico,35685.7,0,2025-11-23 22:38:36,2025-11-24 05:48:14,2025-11-25 05:33:46,Ceuta,Santos,S,0
ESC-2025-004574,9119555,Iberian Breeze,NAV010,M04,granel_liquido,mixta,Gasóleo,47138.9,0,2025-11-24 05:14:44,2025-11-24 13:54:07,2025-11-25 16:25:42,Funchal,Funchal,S,0
ESC-2025-003880,9442732,Punta Venture,NAV025,M12,granel_liquido,descarga,Gasóleo,83302.2,0,2025-11-24 10:30:08,2025-11-25 06:25:26,2025-11-27 04:30:24,Algeciras,Santos,S,0
ESC-2025-006438,9371919,Southern Pride,NAV034,M11,carga_general,mixta,Palés,6415.7,0,2025-11-24 16:15:19,2025-11-24 20:42:00,2025-11-25 21:47:01,Abiyán,Santa Cruz de Tenerife,S,0
ESC-2025-000271,9576337,Silver Glory,NAV006,M02,granel_solido,carga,Pirita,20930.9,0,2025-11-24 21:04:50,2025-11-25 04:58:39,2025-11-26 22:20:40,Casablanca,Ceuta,S,0
ESC-2025-000492,9260500,Southern Venture,NAV003,M01,contenedores,mixta,Contenedores,8328.1,831,2025-11-25 00:11:34,2025-11-25 08:36:02,2025-11-26 03:26:49,Hamburgo,Tánger Med,S,0
ESC-2025-001296,9202039,Luz Navigator,NAV033,M03,granel_solido,carga,Clínker,20429.1,0,2025-11-25 03:19:04,2025-11-25 03:27:57,2025-11-26 20:39:06,Génova,Amberes,S,0
ESC-2025-002233,9223904,Aurora Bay IV,NAV003,M06,granel_liquido,carga,Biocombustible,33478.3,0,2025-11-25 04:45:09,2025-11-25 09:56:32,2025-11-27 04:03:19,Ceuta,Rotterdam,S,0
ESC-2025-003510,9745940,Punta Breeze I,NAV027,M06,granel_liquido,descarga,Biocombustible,45398.9,0,2025-11-25 07:23:53,2025-11-25 23:17:04,2025-11-26 15:50:37,Génova,Ceuta,S,0
ESC-2025-003483,9296860,Delta Mar III,NAV007,M12,granel_liquido,mixta,GNL,7002.2,0,2025-11-25 13:23:32,2025-11-25 16:51:12,2025-11-26 22:36:03,Santos,Santos,S,0
ESC-2025-002837,9118238,Doña Glory,NAV006,M02,granel_solido,mixta,Pirita,32954.5,0,2025-11-25 15:32:59,2025-11-26 15:33:30,2025-11-28 23:55:00,Casablanca,Valencia,S,0
ESC-2025-006087,9514585,Iberian Voyager IV,NAV005,M01,contenedores,descarga,Contenedores,3076.3,231,2025-11-25 17:33:34,2025-11-25 21:14:33,2025-11-26 14:21:12,Nueva York,Amberes,S,0
ESC-2025-001639,9597721,Cabo Navigator,NAV038,M05,granel_liquido,carga,Biocombustible,36802.1,0,2025-11-25 17:49:28,2025-11-26 06:39:43,2025-11-27 20:40:54,Tánger Med,Rotterdam,S,0
ESC-2025-002275,9126132,Atlantic Venture,NAV018,M12,granel_liquido,mixta,Crudo,43416.3,0,2025-11-25 18:12:08,2025-11-26 00:25:32,2025-11-26 20:52:04,Houston,Lisboa,S,0
ESC-2025-004645,9556143,Southern Mar,NAV028,M11,carga_general,carga,Maquinaria,10348.6,0,2025-11-25 21:23:33,2025-11-26 01:58:10,2025-11-27 07:38:34,Hamburgo,Santa Cruz de Tenerife,S,0
ESC-2025-002521,9287900,Delta Spirit,NAV040,M07,ro_ro,descarga,Semirremolques,23651.4,0,2025-11-25 22:04:47,2025-11-25 23:25:57,2025-11-26 11:14:34,Santos,Santos,S,0
ESC-2025-001035,9771195,Golden Venture I,NAV025,M06,granel_liquido,carga,GNL,52495.6,0,2025-11-25 23:33:12,2025-11-26 15:52:24,2025-11-27 06:20:54,Amberes,Valencia,S,0
ESC-2025-000682,9771195,Golden Venture I,NAV025,M04,granel_liquido,descarga,Productos químicos,38281.4,0,2025-11-26 03:39:57,2025-11-26 04:05:54,2025-11-27 05:49:53,Sines,Génova,S,0
ESC-2025-000542,9126766,Silver Voyager,NAV007,M02,granel_solido,mixta,Pirita,22336.1,0,2025-11-26 05:05:40,2025-11-26 10:51:25,2025-11-28 02:38:40,Tánger Med,Valencia,S,0
ESC-2025-000622,9754288,Marisma Horizon V,NAV026,M12,granel_liquido,descarga,Biocombustible,31326.5,0,2025-11-26 14:52:53,2025-11-26 22:31:38,2025-11-28 12:07:33,Ceuta,Sines,S,0
ESC-2025-000727,9180633,Doña Carrier,NAV034,M12,granel_liquido,mixta,Productos químicos,41176.5,0,2025-11-27 07:16:38,2025-11-27 16:47:24,2025-11-29 04:44:17,Las Palmas,Santa Cruz de Tenerife,S,0
ESC-2025-003982,9922976,Río Horizon II,NAV034,,granel_liquido,mixta,Productos químicos,31206.9,0,2025-11-27 07:36:57,2025-11-27 14:15:03,2025-11-28 11:43:48,Funchal,Tánger Med,S,0
ESC-2025-002988,9270531,Tinto Dawn,NAV012,M06,granel_liquido,carga,Biocombustible,43360.5,0,2025-11-27 07:48:06,2025-11-27 10:04:37,2025-11-28 16:49:17,Abiyán,Génova,S,0
ESC-2025-003811,9223904,Aurora Bay IV,NAV003,M05,granel_liquido,mixta,Biocombustible,28901.4,0,2025-11-27 08:25:31,2025-11-27 11:58:11,2025-11-28 23:21:39,Houston,Le Havre,S,0
ESC-2025-000398,9829746,Marisma Venture,NAV030,M06,granel_liquido,descarga,Productos químicos,65761.2,0,2025-11-27 08:32:30,2025-11-27 21:41:58,2025-11-28 21:33:35,Lisboa,Rotterdam,S,0
ESC-2025-004319,9126132,Atlantic Venture,NAV018,M04,granel_liquido,descarga,Productos químicos,48053.8,0,2025-11-27 09:35:07,2025-11-27 11:46:31,2025-11-29 08:01:24,Valencia,Tánger Med,S,0
ESC-2025-002887,9287900,Delta Spirit,NAV040,M07,ro_ro,mixta,Vehículos,21716.9,0,2025-11-27 11:18:32,2025-11-27 11:36:38,2025-11-28 03:18:48,Houston,Las Palmas,S,0
ESC-2025-001599,9511143,Cabo Wave II,NAV023,M06,granel_liquido,descarga,Ácido sulfúrico,55347.1,0,2025-11-27 11:19:29,2025-11-27 13:03:45,2025-11-29 05:11:56,Sines,Houston,S,0
ESC-2025-003477,9164330,Tinto Trader III,NAV025,M01,contenedores,mixta,Contenedores,16736.1,1504,2025-11-27 12:19:08,2025-11-28 00:13:52,2025-11-29 04:33:47,Dakar,Houston,S,0
ESC-2025-005812,9944625,Blue Fortune,NAV019,M09,pasajeros,mixta,Pasajeros,0.0,0,2025-11-27 14:59:03,2025-11-27 15:06:40,2025-11-27 19:12:24,Santos,Tánger Med,S,1135
ESC-2025-002519,9954917,Luz Carrier II,NAV030,M07,ro_ro,mixta,Vehículos,14652.4,0,2025-11-27 18:02:52,2025-11-27 19:41:38,2025-11-28 10:49:40,Las Palmas,Lisboa,S,0
ESC-2025-004805,9459424,Luz Fortune IV,NAV028,M07,ro_ro,carga,Vehículos,16610.9,0,2025-11-27 18:50:46,2025-11-27 19:22:40,2025-11-28 06:59:14,Funchal,Houston,S,0
ESC-2025-004704,9151632,  GOLDEN TRADER V ,NAV030,M05,granel_liquido,mixta,Crudo,8700.4,0,2025-11-27 23:40:53,2025-11-28 12:57:43,2025-11-29 21:30:46,Abiyán,Tánger Med,S,0
ESC-2025-003923,9643192,Silver Breeze II,NAV013,M02,granel_solido,carga,Concentrado de cobre,23108.6,0,2025-11-28 04:55:52,2025-11-28 08:27:03,2025-12-01 01:44:20,Sines,Las Palmas,S,0
ESC-2025-002561,9574614,Aurora Mar V,NAV029,M01,contenedores,descarga,Contenedores,20048.3,1763,2025-11-28 11:22:27,2025-11-28 17:42:37,2025-11-29 22:49:29,Algeciras,Santa Cruz de Tenerife,S,0
ESC-2025-003680,9809253,Río Bay,NAV005,M03,granel_solido,mixta,Fertilizantes,22240.3,0,2025-11-28 17:09:33,2025-11-29 02:46:53,2025-12-01 03:13:54,Rotterdam,Valencia,S,0
ESC-2025-004472,9371919,Southern Pride,NAV034,M11,carga_general,carga,Bobinas de acero,7989.5,0,2025-11-28 19:07:51,2025-11-29 01:57:51,2025-11-30 04:49:26,Casablanca,Nueva York,S,0
ESC-2025-001378,9043055,Ocean Venture,NAV012,M10,pesca,mixta,Pescado fresco,5.8,0,2025-11-28 22:25:39,2025-11-28 22:26:50,2025-11-29 05:23:33,Rotterdam,Valencia,S,0
ESC-2025-002368,9386237,Cabo Venture,NAV038,M07,ro_ro,mixta,Vehículos,20329.6,0,2025-11-28 22:47:39,2025-11-29 03:38:55,2025-11-29 16:26:01,Valencia,Amberes,S,0
ESC-2025-003365,9846483,Southern Horizon III,NAV019,M03,granel_solido,descarga,Clínker,28635.6,0,2025-11-28 23:03:26,2025-11-29 02:11:35,2025-11-30 23:54:45,Rotterdam,Houston,S,0
ESC-2025-005970,9844588,Delta Wave,NAV001,M01,contenedores,carga,Contenedores,18417.9,1456,2025-11-29 08:31:28,2025-11-29 15:28:39,2025-11-30 11:05:13,Algeciras,Le Havre,S,0
ESC-2025-000966,9125293,Nordic Bay,NAV020,M06,granel_liquido,carga,Productos químicos,29043.6,0,2025-11-29 12:32:50,2025-11-30 11:59:53,2025-12-01 16:38:11,Dakar,Sines,S,0
ESC-2025-005576,9039896,Blue Breeze,NAV036,M06,granel_liquido,descarga,Biocombustible,33668.6,0,2025-11-29 17:47:57,2025-11-30 14:34:34,2025-12-02 07:45:56,Houston,Dakar,S,0
ESC-2025-000180,9154567,Estrella Trader III,NAV025,M11,carga_general,mixta,Bobinas de acero,6173.0,0,2025-11-29 19:35:58,2025-11-29 20:41:09,2025-12-01 03:02:01,Santa Cruz de Tenerife,Casablanca,S,0
ESC-2025-001918,9176761,Cabo Pride,NAV014,M01,contenedores,mixta,Contenedores,10719.6,1086,2025-11-30 07:28:24,2025-11-30 11:17:00,2025-11-30 21:33:24,Dakar,Santos,S,0
ESC-2025-002910,9484132,Costa Pride IV,NAV016,M01,contenedores,mixta,Contenedores,14137.2,1143,2025-11-30 14:39:36,2025-11-30 21:25:33,2025-12-01 15:41:39,Hamburgo,Lisboa,S,0
ESC-2025-000606,9418834,Costa Navigator V,NAV035,M02,granel_solido,descarga,Clínker,39931.0,0,2025-11-30 20:46:10,2025-12-01 08:24:50,2025-12-03 11:11:38,Houston,Santos,S,0
ESC-2025-005084,9997361,Río Voyager III,NAV013,M03,granel_solido,descarga,Cereal,32111.7,0,2025-11-30 22:37:43,2025-11-30 22:50:20,2025-12-02 05:35:24,Dakar,Las Palmas,S,0
ESC-2025-001471,9153252,  ESTRELLA CARRIER ,NAV007,M02,granel_solido,descarga,Concentrado de cobre,14401.6,0,2025-12-01 00:16:33,2025-12-01 07:54:36,2025-12-03 17:06:22,Le Havre,Sines,S,0
ESC-2025-004607,9732890,Tinto Marina,NAV033,M12,granel_liquido,carga,Gasóleo,13998.4,0,2025-12-01 04:14:17,2025-12-01 05:49:55,2025-12-02 15:41:02,Rotterdam,Abiyán,S,0
ESC-2025-000957,9994606,Nordic Venture III,NAV037,M03,granel_solido,descarga,Cereal,28886.8,0,2025-12-01 05:20:08,01/12/2025 08:16,2025-12-03 23:49:07,Funchal,Valencia,S,0
ESC-2025-000766,9276638,Estrella Dawn,NAV008,M10,pesca,mixta,Pescado fresco,5.8,0,2025-12-01 08:18:27,2025-12-01 08:19:51,2025-12-01 14:22:40,Hamburgo,Nueva York,S,0
ESC-2025-000349,9198757,Golden Breeze,NAV032,M10,pesca,descarga,Pescado fresco,50.0,0,2025-12-01 12:31:26,2025-12-01 13:01:54,2025-12-01 19:11:47,Algeciras,Houston,N,0
ESC-2025-001653,9531090,Iberian Marina,NAV031,M03,granel_solido,carga,Fertilizantes,20686.1,0,2025-12-01 16:48:46,2025-12-01 18:40:40,2025-12-04 10:24:13,Rotterdam,Lisboa,S,0
ESC-2025-003344,9030022,Costa Fortune V,NAV007,M10,pesca,carga,Pescado fresco,19.6,0,2025-12-01 18:51:35,2025-12-01 18:57:07,2025-12-01 23:08:53,Abiyán,Las Palmas,N,0
ESC-2025-005427,9005211,Cabo Sol II,NAV039,M01,contenedores,descarga,Contenedores,12955.1,1059,2025-12-01 19:06:21,2025-12-01 22:40:15,2025-12-02 16:57:26,Dakar,Nueva York,S,0
ESC-2025-001454,9406518,Tinto Voyager,NAV016,M06,granel_liquido,mixta,Productos químicos,41044.0,0,2025-12-01 23:31:37,2025-12-02 04:36:14,2025-12-03 05:27:45,Amberes,Dakar,S,0
ESC-2025-003726,9125293,Nordic Bay,NAV020,M06,granel_liquido,mixta,GNL,23999.4,0,2025-12-01 23:46:21,2025-12-02 06:11:20,2025-12-03 03:23:25,Ceuta,Sines,S,0
ESC-2025-002505,9782431,Iberian Wave,NAV016,M05,granel_liquido,carga,Biocombustible,81583.8,0,2025-12-02 01:57:33,2025-12-02 08:14:24,2025-12-03 16:48:50,Casablanca,Santos,S,0
ESC-2025-005146,9540780,Odiel Trader V,NAV009,M04,granel_liquido,carga,Crudo,27059.0,0,2025-12-02 08:04:05,2025-12-02 09:43:35,2025-12-02 21:28:57,Santos,Santa Cruz de Tenerife,S,0
ESC-2025-003717,9025699,Iberian Trader I,NAV001,M12,granel_liquido,mixta,GNL,49542.8,0,2025-12-02 11:56:52,2025-12-02 15:39:00,2025-12-04 00:07:21,Algeciras,Amberes,S,0
ESC-2025-006500,9022130,Golden Spirit,NAV017,M08,fruta_refrigerada,descarga,Cítricos,8076.0,0,2025-12-02 13:40:29,2025-12-02 14:59:43,2025-12-03 17:14:05,Lisboa,Ceuta,S,0
ESC-2025-003706,9171371,  OCEAN PIONEER ,NAV025,M02,granel_solido,carga,Cereal,26680.9,0,2025-12-02 14:55:56,2025-12-02 19:09:10,2025-12-03 20:22:42,Amberes,Las Palmas,S,0
ESC-2025-004584,9531090,Iberian Marina,NAV031,M02,granel_solido,descarga,Fertilizantes,13212.0,0,2025-12-02 18:50:14,03/12/2025 19:08,2025-12-04 16:01:03,Lisboa,Rotterdam,S,0
ESC-2025-005665,9467031,Cabo Star,NAV008,M11,carga_general,descarga,Madera,10116.0,0,2025-12-02 19:07:19,2025-12-02 22:59:59,2025-12-04 15:23:23,Lisboa,Hamburgo,S,0
ESC-2025-001711,9952402,  PUNTA PIONEER ,NAV032,M10,pesca,carga,Pescado fresco,16.3,0,2025-12-02 20:08:33,2025-12-02 20:08:38,2025-12-03 02:06:13,Hamburgo,Nueva York,S,0
ESC-2025-005882,9948346,Tinto Sol V,NAV020,M09,pasajeros,descarga,Pasajeros,0.0,0,2025-12-02 21:40:49,2025-12-02 21:57:54,2025-12-03 07:16:58,Nueva York,Dakar,S,2393
ESC-2025-001421,9997361,Río Voyager III,NAV013,M03,granel_solido,descarga,Pirita,39030.2,0,2025-12-02 22:47:30,2025-12-03 10:41:07,2025-12-06 14:38:08,Houston,Rotterdam,S,0
ESC-2025-004257,9765768,Cabo Pride I,NAV007,M04,granel_liquido,carga,Biocombustible,60764.0,0,2025-12-03 05:52:25,2025-12-03 19:19:46,2025-12-04 15:24:19,Valencia,Sines,S,0
ESC-2025-001517,9957799,Río Sol,NAV006,M05,granel_liquido,descarga,GNL,43328.1,0,2025-12-03 10:55:52,2025-12-03 12:43:09,2025-12-04 13:04:03,Houston,Algeciras,S,0
ESC-2025-005448,9030022,Costa Fortune V,NAV007,M10,pesca,carga,Pescado fresco,35.7,0,2025-12-03 12:40:01,2025-12-03 12:42:44,2025-12-03 17:35:42,Tánger Med,Houston,N,0
ESC-2025-002846,9180516,Marisma Glory,NAV034,M05,granel_liquido,descarga,GNL,63282.9,0,2025-12-03 12:43:15,2025-12-04 04:36:52,2025-12-05 16:15:36,Génova,Génova,S,0
ESC-2025-005780,9954917,Luz Carrier II,NAV030,M07,ro_ro,mixta,Semirremolques,22003.3,0,2025-12-03 14:16:31,2025-12-03 17:49:17,2025-12-04 04:34:41,Santos,Génova,S,0
ESC-2025-000208,9151632,Golden Trader V,NAV030,M04,granel_liquido,mixta,Gasóleo,11715.4,0,2025-12-03 21:04:32,2025-12-03 23:38:06,2025-12-04 14:11:05,Rotterdam,Tánger Med,S,0
ESC-2025-001341,9569700,Costa Star,NAV006,M01,contenedores,descarga,Contenedores,9121.6,755,2025-12-03 22:22:25,2025-12-04 03:22:20,2025-12-05 14:59:35,Dakar,Abiyán,S,0
ESC-2025-000523,9412543,Estrella Sol,NAV033,M04,granel_liquido,mixta,Crudo,24838.9,0,2025-12-04 00:52:10,2025-12-04 05:49:42,2025-12-05 19:05:24,Ceuta,Houston,S,0
ESC-2025-004310,9126766,Silver Voyager,NAV007,M02,granel_solido,descarga,Clínker,28969.7,0,2025-12-04 06:50:09,2025-12-04 13:27:57,2025-12-06 11:37:45,Sines,Santa Cruz de Tenerife,S,0
ESC-2025-001465,9488736,Aurora Carrier,NAV013,M05,granel_liquido,carga,Ácido sulfúrico,31065.8,0,2025-12-04 08:01:07,2025-12-04 12:08:15,2025-12-05 00:05:17,Le Havre,Nueva York,S,0
ESC-2025-002100,9895927,  CABO EXPRESS ,NAV032,M06,granel_liquido,mixta,Crudo,57431.3,0,2025-12-04 09:38:01,2025-12-04 09:59:52,2025-12-05 13:13:48,Algeciras,Sines,S,0
ESC-2025-001958,9451410,Delta Bay,NAV002,M01,contenedores,carga,Contenedores,8303.6,911,2025-12-04 11:00:52,2025-12-04 12:17:11,2025-12-04 19:07:51,Abiyán,Hamburgo,S,0
ESC-2025-002167,9845685,Costa Fortune IV,NAV037,M11,carga_general,descarga,Bobinas de acero,14534.5,0,2025-12-04 14:32:38,2025-12-04 20:50:21,2025-12-06 16:11:34,Hamburgo,Tánger Med,S,0
ESC-2025-002997,9287900,Delta Spirit,NAV040,M07,ro_ro,mixta,Vehículos,13243.3,0,2025-12-04 15:37:43,2025-12-04 17:54:53,2025-12-05 08:24:35,Génova,Dakar,S,0
ESC-2025-002011,9560857,Tinto Breeze,NAV019,M05,granel_liquido,mixta,Gasóleo,25926.5,0,2025-12-04 20:08:33,2025-12-05 00:33:32,2025-12-07 01:47:58,Génova,Amberes,S,0
ESC-2025-001350,9154933,Iberian Star V,NAV009,M05,granel_liquido,mixta,GNL,41163.7,0,2025-12-04 21:21:49,2025-12-05 01:08:30,2025-12-06 18:40:48,Nueva York,Dakar,S,0
ESC-2025-002342,9520261,Nordic Express V,NAV017,M07,ro_ro,descarga,Vehículos,11610.8,0,2025-12-04 21:46:29,2025-12-04 23:00:50,2025-12-05 14:27:51,Sines,Casablanca,S,0
ESC-2025-002138,9423853,Odiel Pioneer,NAV028,M12,granel_liquido,carga,Crudo,29671.6,0,2025-12-05 02:17:27,2025-12-05 19:34:22,2025-12-06 09:01:21,Funchal,Sines,S,0
ESC-2025-000964,9924003,Odiel Mar II,NAV015,M04,granel_liquido,carga,Crudo,24200.0,0,2025-12-05 12:36:02,2025-12-05 17:03:26,2025-12-07 09:17:48,Nueva York,Génova,S,0
ESC-2025-001620,9594248,Costa Fortune,NAV015,M02,granel_solido,mixta,Cereal,31867.2,0,2025-12-05 15:21:25,2025-12-05 20:51:30,2025-12-07 21:02:24,Funchal,Funchal,S,0
ESC-2025-001002,9656321,Punta Trader,NAV012,M04,granel_liquido,mixta,Gasóleo,17885.6,0,2025-12-05 17:24:59,2025-12-06 04:50:15,2025-12-07 15:26:52,Ceuta,Rotterdam,S,0
ESC-2025-005284,9218076,Doña Horizon,NAV012,M03,granel_solido,mixta,Cereal,14511.3,0,2025-12-05 17:26:09,2025-12-06 00:56:45,2025-12-08 08:07:38,Lisboa,Le Havre,S,0
ESC-2025-002716,9647021,Punta Pride,NAV035,M04,granel_liquido,carga,Ácido sulfúrico,53529.3,0,2025-12-05 17:56:12,2025-12-06 04:46:41,2025-12-07 21:55:24,Abiyán,Rotterdam,S,0
ESC-2025-005143,9227118,Silver Sol,NAV013,M03,granel_solido,mixta,Fertilizantes,26083.0,0,2025-12-05 19:31:03,2025-12-05 20:58:59,2025-12-08 11:10:08,Ceuta,Nueva York,S,0
ESC-2025-004589,9864447,Iberian Dawn II,NAV008,M02,granel_solido,carga,Concentrado de cobre,14239.9,0,2025-12-05 23:33:10,2025-12-06 06:04:17,2025-12-07 11:59:42,Hamburgo,Rotterdam,S,0
ESC-2025-003390,9894832,Luz Spirit,NAV008,M12,granel_liquido,mixta,Gasóleo,55885.6,0,2025-12-05 23:43:40,2025-12-06 13:31:03,2025-12-06 15:31:03,Dakar,Amberes,S,0
ESC-2025-003502,9406518,Tinto Voyager,NAV016,M06,granel_liquido,carga,GNL,26136.4,0,2025-12-06 01:36:42,2025-12-06 07:27:20,2025-12-08 05:48:19,Nueva York,Rotterdam,S,0
ESC-2025-000092,9600396,Estrella Pioneer V,NAV007,M10,pesca,descarga,Pescado fresco,21.9,0,2025-12-06 02:36:52,2025-12-06 02:48:03,2025-12-06 09:26:42,Houston,Le Havre,N,0
ESC-2025-000901,9544918,Luz Sol,NAV034,M06,granel_liquido,mixta,GNL,34754.4,0,2025-12-06 06:57:30,2025-12-06 08:16:33,2025-12-07 09:58:55,Casablanca,Casablanca,S,0
ESC-2025-003121,9148104,Marisma Pride,NAV010,M10,pesca,descarga,Pescado fresco,57.4,0,2025-12-06 10:18:09,2025-12-06 10:22:46,2025-12-06 15:43:45,Amberes,Nueva York,N,0
ESC-2025-000745,9287900,Delta Spirit,NAV040,M07,ro_ro,carga,Vehículos,18370.4,0,2025-12-06 13:46:15,2025-12-06 15:59:23,2025-12-07 00:54:05,Génova,Santos,S,0
ESC-2025-004034,9430090,Odiel Mar,NAV035,M02,granel_solido,descarga,Fertilizantes,14041.7,0,2025-12-06 16:22:45,2025-12-07 18:28:31,2025-12-10 01:39:54,Amberes,Nueva York,S,0
ESC-2025-005150,9683910,Tinto Marina IV,NAV036,M08,fruta_refrigerada,mixta,Fruta tropical,10298.3,0,2025-12-06 16:34:47,2025-12-06 18:09:53,2025-12-07 17:46:31,Santos,Amberes,S,0
ESC-2025-005436,9911094,Golden Carrier I,NAV021,M03,granel_solido,mixta,Cereal,40668.0,0,2025-12-06 19:53:09,2025-12-06 21:08:47,2025-12-08 13:28:37,Las Palmas,Algeciras,S,0
ESC-2025-002788,9574614,Aurora Mar V,NAV029,M01,contenedores,descarga,Contenedores,12202.7,1125,2025-12-06 20:12:27,2025-12-06 21:41:55,2025-12-07 18:24:00,Hamburgo,Sines,S,0
ESC-2025-003321,9643192,Silver Breeze II,NAV013,M02,granel_solido,mixta,Clínker,28439.1,0,2025-12-07 11:21:24,2025-12-07 14:58:24,2025-12-09 20:44:47,Abiyán,Abiyán,S,0
ESC-2025-004551,9594248,Costa Fortune,NAV015,M03,granel_solido,mixta,Fertilizantes,30682.9,0,2025-12-07 12:53:16,2025-12-07 16:43:43,2025-12-10 09:49:49,Tánger Med,Santos,S,0
ESC-2025-001692,9227118,Silver Sol,NAV013,M03,granel_solido,carga,Fertilizantes,40472.5,0,2025-12-07 13:44:32,2025-12-07 16:03:14,2025-12-09 03:05:40,Lisboa,Houston,S,0
ESC-2025-005341,9148130,Odiel Star II,NAV019,M06,granel_liquido,mixta,Gasóleo,72411.4,0,2025-12-07 14:12:43,2025-12-08 02:55:20,2025-12-09 01:18:58,Le Havre,Lisboa,S,0
ESC-2025-002826,9396517,Atlantic Voyager III,NAV035,M08,fruta_refrigerada,mixta,Fresa y frutos rojos,9372.1,0,2025-12-07 18:52:29,2025-12-08 00:34:39,2025-12-09 08:55:59,Casablanca,Abiyán,S,0
ESC-2025-000474,9380283,Estrella Dawn IV,NAV029,M04,granel_liquido,carga,Gasóleo,34881.8,0,2025-12-07 19:32:28,2025-12-07 23:33:30,2025-12-09 15:38:52,Sines,Ceuta,S,0
ESC-2025-004503,9716602,Iberian Horizon III,NAV038,M11,carga_general,mixta,Palés,5047.5,0,2025-12-07 19:59:04,2025-12-08 03:17:23,2025-12-09 14:33:05,Dakar,Abiyán,S,0
ESC-2025-005301,9997361,Río Voyager III,NAV013,M03,granel_solido,carga,Cereal,42612.8,0,2025-12-07 21:43:09,2025-12-08 05:59:48,2025-12-11 08:13:12,Rotterdam,Dakar,S,0
ESC-2025-001494,9816622,Río Fortune,NAV010,M11,carga_general,descarga,Bobinas de acero,11127.3,0,2025-12-08 01:36:13,2025-12-08 10:00:21,2025-12-08 20:28:04,Génova,Abiyán,S,0
ESC-2025-003265,9936135,Luz Dawn,NAV008,M03,granel_solido,carga,Pirita,34500.0,0,2025-12-08 02:12:12,2025-12-08 07:08:13,2025-12-10 16:33:03,Le Havre,Dakar,S,0
ESC-2025-002793,9406518,Tinto Voyager,NAV016,M05,granel_liquido,mixta,Crudo,31223.6,0,2025-12-08 09:15:09,2025-12-08 11:44:02,2025-12-09 20:20:31,Tánger Med,Tánger Med,S,0
ESC-2025-000865,9114634,Aurora Bay,NAV040,M01,contenedores,carga,Contenedores,8213.1,804,2025-12-08 10:55:37,2025-12-08 11:10:51,2025-12-09 15:37:25,Dakar,Santos,S,0
ESC-2025-001361,9230438,Nordic Star IV,NAV030,M01,contenedores,mixta,Contenedores,10396.9,1133,2025-12-08 12:31:13,2025-12-08 12:48:37,2025-12-09 17:03:12,Génova,Rotterdam,S,0
ESC-2025-004809,9476367,Nordic Venture,NAV030,M08,fruta_refrigerada,mixta,Fruta tropical,15822.4,0,2025-12-08 13:31:09,2025-12-08 13:47:18,2025-12-09 17:59:00,Las Palmas,Funchal,S,0
ESC-2025-000893,9159373,Delta Star,NAV005,M01,contenedores,descarga,Contenedores,5868.2,620,2025-12-08 21:22:16,2025-12-09 04:09:16,2025-12-09 12:00:18,Houston,Santos,S,0
ESC-2025-004169,9569700,Costa Star,NAV006,M01,contenedores,descarga,Contenedores,8281.6,906,2025-12-09 00:05:43,2025-12-09 01:10:25,2025-12-10 01:21:59,Le Havre,Génova,S,0
ESC-2025-005005,9417816,Golden Wave,NAV024,M07,ro_ro,carga,Semirremolques,21234.8,0,2025-12-09 00:41:19,2025-12-09 01:39:50,2025-12-09 09:17:51,Abiyán,Génova,S,0
ESC-2025-001416,9055943,Río Venture,NAV002,M02,granel_solido,mixta,Cereal,34149.2,0,2025-12-09 03:44:53,2025-12-09 12:09:29,2025-12-11 01:41:39,Dakar,Santos,S,0
ESC-2025-001577,9771195,Golden Venture I,NAV025,M12,granel_liquido,mixta,GNL,49655.0,0,2025-12-09 09:15:39,2025-12-09 20:07:12,2025-12-11 01:48:21,Rotterdam,Le Havre,S,0
ESC-2025-001836,9423853,Odiel Pioneer,NAV028,M06,granel_liquido,carga,Gasóleo,29380.7,0,2025-12-09 09:53:02,2025-12-09 20:53:23,2025-12-11 03:59:08,Algeciras,Santa Cruz de Tenerife,S,0
ESC-2025-000908,9376153,Río Wave,NAV031,M09,pasajeros,mixta,Pasajeros,0.0,0,2025-12-09 10:04:37,2025-12-09 10:36:53,2025-12-09 20:04:49,Nueva York,Lisboa,S,2907
ESC-2025-001835,9203722,Southern Voyager II,NAV034,M01,contenedores,carga,Contenedores,4923.7,512,2025-12-09 18:01:07,2025-12-09 21:18:20,2025-12-10 23:14:22,Santa Cruz de Tenerife,Las Palmas,S,0
ESC-2025-001450,9550230,Nordic Carrier,NAV011,M11,carga_general,descarga,Maquinaria,5653.0,0,2025-12-09 18:13:49,2025-12-10 02:37:20,2025-12-11 08:55:39,Funchal,Dakar,S,0
ESC-2025-002115,9260483,Punta Navigator IV,NAV004,M04,granel_liquido,mixta,Crudo,92521.0,0,2025-12-09 21:16:44,2025-12-10 06:39:03,2025-12-11 10:37:16,Amberes,Sines,S,0
ESC-2025-005102,9217412,Costa Pride III,NAV014,M06,granel_liquido,descarga,Gasóleo,66025.9,0,2025-12-09 21:29:07,2025-12-09 22:12:47,2025-12-11 20:20:28,Amberes,Rotterdam,S,0
ESC-2025-001082,9089059,Costa Voyager I,NAV035,M02,granel_solido,descarga,Fertilizantes,34257.2,0,2025-12-10 00:58:16,2025-12-10 08:00:45,2025-12-11 19:57:55,Ceuta,Santa Cruz de Tenerife,S,0
ESC-2025-004642,9472995,Blue Trader,NAV028,M03,granel_solido,mixta,Pirita,38135.3,0,2025-12-10 03:29:57,2025-12-10 06:18:20,2025-12-12 23:12:41,Abiyán,Houston,S,0
ESC-2025-001880,9151632,Golden Trader V,NAV030,M04,granel_liquido,descarga,Ácido sulfúrico,15429.4,0,2025-12-10 09:00:31,2025-12-10 23:40:12,2025-12-12 17:25:53,Algeciras,Sines,S,0
ESC-2025-003187,9500467,Odiel Marina,NAV034,M08,fruta_refrigerada,carga,Fruta tropical,7973.2,0,2025-12-10 11:02:24,2025-12-10 12:00:29,2025-12-12 00:12:40,Casablanca,Abiyán,S,0
ESC-2025-002468,9544918,Luz Sol,NAV034,M04,granel_liquido,mixta,Productos químicos,32044.6,0,2025-12-10 12:24:16,2025-12-10 13:20:25,2025-12-12 02:14:12,Santa Cruz de Tenerife,Ceuta,S,0
ESC-2025-000702,9395252,Ocean Breeze,NAV013,M12,granel_liquido,descarga,Productos químicos,58191.4,0,2025-12-10 14:30:06,2025-12-11 05:47:13,2025-12-12 15:52:29,Casablanca,Génova,S,0
ESC-2025-003300,9311490,Río Trader IV,NAV033,M10,pesca,mixta,Pescado fresco,34.6,0,2025-12-10 21:25:17,2025-12-10 21:32:38,2025-12-11 05:26:47,Algeciras,Las Palmas,S,0
ESC-2025-003587,9548768,Aurora Trader II,NAV029,M02,granel_solido,carga,Pirita,40277.0,0,2025-12-10 23:11:24,2025-12-11 16:13:49,2025-12-13 15:33:51,Abiyán,Ceuta,S,0
ESC-2025-003747,9207479,Punta Fortune,NAV034,M01,contenedores,mixta,Contenedores,3091.7,304,2025-12-11 01:05:50,2025-12-11 04:10:42,2025-12-11 22:18:34,Nueva York,Hamburgo,S,0
ESC-2025-002027,9895927,Cabo Express,NAV032,M05,granel_liquido,descarga,Biocombustible,39538.3,0,2025-12-11 03:31:27,2025-12-11 08:34:10,2025-12-12 07:43:55,Funchal,Abiyán,S,0
ESC-2025-002964,9957799,Río Sol,NAV006,M04,granel_liquido,descarga,GNL,63384.3,0,2025-12-11 05:15:15,2025-12-11 09:08:58,2025-12-12 20:50:56,Le Havre,Houston,S,0
ESC-2025-002641,9952402,Punta Pioneer,NAV032,M10,pesca,mixta,Pescado fresco,17.7,0,2025-12-11 06:41:39,2025-12-11 06:54:15,2025-12-11 13:20:45,Le Havre,Lisboa,N,0
ESC-2025-002126,9514585,Iberian Voyager IV,NAV005,M01,contenedores,descarga,Contenedores,20049.6,1883,2025-12-11 07:41:07,2025-12-11 10:39:32,2025-12-12 16:27:18,Sines,Génova,S,0
ESC-2025-001520,9621766,Delta Trader IV,NAV006,M01,contenedores,mixta,Contenedores,9477.2,911,2025-12-11 13:04:16,2025-12-12 18:32:50,2025-12-13 10:56:43,Tánger Med,Ceuta,S,0
ESC-2025-001253,9997361,Río Voyager III,NAV013,M02,granel_solido,descarga,Clínker,34247.9,0,2025-12-11 19:45:41,2025-12-12 03:29:15,2025-12-14 19:24:56,Funchal,Tánger Med,S,0
ESC-2025-000620,9387047,Doña Breeze III,NAV001,M02,granel_solido,mixta,Cereal,24436.7,0,2025-12-12 01:28:49,2025-12-12 05:19:40,2025-12-14 08:59:38,Nueva York,Funchal,S,0
ESC-2025-005839,9380283,Estrella Dawn IV,NAV029,M05,granel_liquido,carga,GNL,43355.1,0,2025-12-12 05:05:58,2025-12-12 05:25:10,2025-12-13 02:45:30,Lisboa,Nueva York,S,0
ESC-2025-002211,9525699,Marisma Express I,NAV013,M11,carga_general,descarga,Palés,5773.5,0,2025-12-12 07:51:18,2025-12-13 02:53:47,2025-12-14 11:54:49,Valencia,Ceuta,S,0
ESC-2025-003709,9131761,Southern Trader,NAV032,M07,ro_ro,descarga,Vehículos,24050.2,0,2025-12-12 10:06:35,2025-12-12 10:37:13,2025-12-12 23:42:25,Santos,Génova,S,0
ESC-2025-002720,9634581,Luz Dawn V,NAV017,M12,granel_liquido,mixta,Productos químicos,5724.2,0,2025-12-12 11:59:43,2025-12-12 14:36:30,2025-12-13 16:38:45,Nueva York,Nueva York,S,0
ESC-2025-002033,9444792,Blue Pride V,NAV012,M01,contenedores,carga,Contenedores,11445.5,936,2025-12-13 00:43:15,2025-12-13 04:19:10,2025-12-14 09:02:03,Santos,Funchal,S,0
ESC-2025-000020,9118032,Atlantic Horizon,NAV032,M03,granel_solido,mixta,Pirita,31719.6,0,2025-12-13 01:43:07,2025-12-13 04:38:17,2025-12-15 21:58:44,Abiyán,Rotterdam,S,0
ESC-2025-003575,9097903,Odiel Carrier,NAV006,M06,granel_liquido,mixta,GNL,13823.8,0,2025-12-13 03:29:58,2025-12-13 06:35:26,2025-12-14 11:47:55,Amberes,Abiyán,S,0
ESC-2025-000615,9750165,Golden Navigator,NAV014,M03,granel_solido,carga,Cereal,13777.8,0,2025-12-13 05:55:11,2025-12-13 07:26:10,2025-12-14 15:51:25,Abiyán,Funchal,S,0
ESC-2025-000804,9806017,Río Star,NAV027,M01,contenedores,mixta,Contenedores,9142.3,673,2025-12-13 06:31:19,2025-12-13 12:53:38,2025-12-15 00:20:42,Algeciras,Las Palmas,S,0
ESC-2025-005321,9296860,Delta Mar III,NAV007,M12,granel_liquido,carga,Productos químicos,7479.6,0,2025-12-13 10:35:10,2025-12-14 05:42:33,2025-12-14 22:26:16,Lisboa,Lisboa,S,0
ESC-2025-000556,9154933,Iberian Star V,NAV009,M06,granel_liquido,carga,Biocombustible,36753.1,0,2025-12-13 11:43:47,2025-12-13 22:49:23,2025-12-15 16:45:00,Abiyán,Génova,S,0
ESC-2025-005837,9088330,Southern Fortune I,NAV003,M05,granel_liquido,mixta,Ácido sulfúrico,81295.7,0,2025-12-13 14:15:26,2025-12-13 18:26:14,2025-12-15 02:38:04,Nueva York,Dakar,S,0
ESC-2025-004446,9465057,Costa Pride I,NAV004,M11,carga_general,descarga,Maquinaria,5353.3,0,2025-12-13 15:30:42,2025-12-13 18:51:40,2025-12-15 05:56:09,Santa Cruz de Tenerife,Sines,S,0
ESC-2025-004876,9145425,Costa Express,NAV032,M12,granel_liquido,descarga,Productos químicos,83478.8,0,2025-12-13 20:12:48,2025-12-14 07:18:43,2025-12-15 15:39:17,Abiyán,Rotterdam,S,0
ESC-2025-002789,9495507,Costa Bay,NAV040,M01,contenedores,descarga,Contenedores,14662.2,1563,2025-12-13 20:36:08,2025-12-14 00:46:46,2025-12-15 14:16:38,Houston,Houston,S,0
ESC-2025-003899,9544918,Luz Sol,NAV034,M12,granel_liquido,descarga,Ácido sulfúrico,24747.5,0,2025-12-13 21:29:26,2025-12-14 00:31:19,2025-12-15 11:48:08,Nueva York,Houston,S,0
ESC-2025-004471,9435818,Estrella Breeze,NAV033,M01,contenedores,descarga,Contenedores,5561.4,520,2025-12-14 00:31:31,2025-12-14 04:33:17,2025-12-14 07:24:49,Le Havre,Abiyán,S,0
ESC-2025-006452,9621766,Delta Trader IV,NAV006,M01,contenedores,descarga,Contenedores,11825.9,1259,2025-12-14 01:23:01,2025-12-14 02:26:51,2025-12-15 03:25:32,Le Havre,Ceuta,S,0
ESC-2025-003887,9482093,Southern Marina,NAV039,M12,granel_liquido,mixta,GNL,28681.7,0,2025-12-14 03:58:36,2025-12-14 18:13:40,2025-12-15 06:06:09,Ceuta,Génova,S,0
ESC-2025-003322,9368390,Doña Spirit IV,NAV003,M01,contenedores,mixta,Contenedores,12412.9,1090,2025-12-14 06:43:42,2025-12-14 10:53:40,2025-12-15 06:21:06,Tánger Med,Las Palmas,S,0
ESC-2025-005339,9098672,Punta Dawn,NAV035,M04,granel_liquido,descarga,Productos químicos,41483.1,0,2025-12-14 18:17:20,2025-12-14 18:28:50,2025-12-15 22:03:13,Funchal,Tánger Med,S,0
ESC-2025-005033,9543823,Aurora Mar IV,NAV036,M02,granel_solido,carga,Cereal,28827.6,0,2025-12-14 19:34:55,2025-12-14 22:36:01,2025-12-17 02:33:59,Algeciras,Dakar,S,0
ESC-2025-001784,9218076,Doña Horizon,NAV012,M03,granel_solido,mixta,Clínker,13907.2,0,2025-12-14 20:32:31,2025-12-15 12:34:26,2025-12-16 22:43:24,Valencia,Ceuta,S,0
ESC-2025-000312,9132703,Cabo Breeze,NAV019,M04,granel_liquido,carga,Biocombustible,57281.8,0,2025-12-14 20:36:50,2025-12-15 00:19:59,2025-12-16 08:54:13,Sines,Tánger Med,S,0
ESC-2025-005776,9160126,Río Marina V,NAV008,M12,granel_liquido,descarga,Gasóleo,26332.7,0,2025-12-14 20:47:00,2025-12-14 22:32:52,2025-12-16 06:12:11,Amberes,Las Palmas,S,0
ESC-2025-005568,9594248,Costa Fortune,NAV015,M02,granel_solido,descarga,Concentrado de cobre,36506.1,0,2025-12-14 23:56:08,2025-12-15 05:38:54,2025-12-18 02:01:08,Casablanca,Casablanca,S,0
ESC-2025-005237,9276638,Estrella Dawn,NAV008,M10,pesca,carga,Pescado fresco,10.4,0,2025-12-15 06:51:04,2025-12-15 07:12:28,2025-12-15 09:12:28,Las Palmas,Ceuta,N,0
ESC-2025-004139,9320221,Tinto Pride,NAV024,M08,fruta_refrigerada,mixta,Fruta tropical,8889.5,0,2025-12-15 08:33:49,2025-12-15 09:59:57,2025-12-17 01:56:12,Las Palmas,Génova,S,0
ESC-2025-003068,9482093,Southern Marina,NAV039,M04,granel_liquido,mixta,Gasóleo,15418.6,0,2025-12-15 14:23:01,2025-12-15 14:28:13,2025-12-17 01:10:33,Amberes,Lisboa,S,0
ESC-2025-000537,9089059,Costa Voyager I,NAV035,M02,granel_solido,mixta,Clínker,31811.5,0,2025-12-15 14:35:50,2025-12-15 16:01:09,2025-12-16 13:35:14,Génova,Las Palmas,S,0
ESC-2025-003739,9874595,Nordic Breeze,NAV020,M11,carga_general,mixta,Bobinas de acero,6722.7,0,2025-12-15 15:26:08,2025-12-15 16:20:47,2025-12-16 22:30:02,Dakar,Dakar,S,0
ESC-2025-004676,9092329,Tinto Star,NAV017,M03,granel_solido,mixta,Concentrado de cobre,27210.5,0,2025-12-15 16:58:32,2025-12-15 18:45:03,2025-12-17 21:15:43,Amberes,Casablanca,S,0
ESC-2025-005360,9230268,Luz Express,NAV022,M01,contenedores,descarga,Contenedores,13080.4,1316,2025-12-15 17:03:51,2025-12-16 06:16:42,2025-12-16 21:27:58,Amberes,Funchal,S,0
ESC-2025-004279,9864447,Iberian Dawn II,NAV008,M02,granel_solido,mixta,Clínker,24259.1,0,2025-12-15 22:48:08,2025-12-16 08:16:32,2025-12-18 11:24:11,Funchal,Ceuta,S,0
ESC-2025-005706,9207479,Punta Fortune,NAV034,M01,contenedores,mixta,Contenedores,14888.3,1363,2025-12-16 08:29:41,2025-12-16 21:20:18,2025-12-18 00:06:22,Hamburgo,Casablanca,S,0
ESC-2025-002853,9119555,Iberian Breeze,NAV010,M12,granel_liquido,carga,Biocombustible,63031.9,0,2025-12-16 12:45:15,2025-12-17 06:07:42,2025-12-18 10:26:30,Hamburgo,Génova,S,0
ESC-2025-001061,9443229,Blue Dawn,NAV010,M05,granel_liquido,carga,Ácido sulfúrico,41900.1,0,2025-12-16 14:50:41,2025-12-16 16:47:51,2025-12-18 02:05:15,Lisboa,Génova,S,0
ESC-2025-002191,9220328,Odiel Carrier II,NAV022,M02,granel_solido,mixta,Fertilizantes,13657.6,0,2025-12-16 18:52:40,2025-12-17 01:59:47,2025-12-19 17:13:21,Amberes,Las Palmas,S,0
ESC-2025-002766,9272931,Southern Pioneer,NAV020,M02,granel_solido,mixta,Cereal,38520.6,0,2025-12-16 21:13:52,2025-12-17 01:24:03,2025-12-19 11:15:07,Rotterdam,Valencia,S,0
ESC-2025-002392,9990105,Blue Carrier V,NAV035,M03,granel_solido,carga,Clínker,18971.9,0,2025-12-16 21:18:41,2025-12-16 22:15:09,2025-12-19 02:17:27,Algeciras,Génova,S,0
ESC-2025-005953,9207558,Marisma Spirit III,NAV017,M12,granel_liquido,carga,Ácido sulfúrico,24315.6,0,2025-12-16 21:18:51,17/12/2025 14:27,2025-12-19 06:30:39,Dakar,Valencia,S,0
ESC-2025-000816,9105396,Río Dawn,NAV006,M11,carga_general,carga,Maquinaria,11251.9,0,2025-12-16 22:00:28,2025-12-17 00:31:04,2025-12-18 11:10:42,Lisboa,Houston,S,0
ESC-2025-000808,9153252,Estrella Carrier,NAV007,M02,granel_solido,carga,Concentrado de cobre,22152.4,0,2025-12-16 22:36:34,2025-12-17 01:32:20,2025-12-18 18:54:55,Santa Cruz de Tenerife,Santos,S,0
ESC-2025-000160,9878230,Delta Sol I,NAV011,M08,fruta_refrigerada,mixta,Fruta tropical,8491.2,0,2025-12-16 23:54:41,2025-12-17 02:58:16,2025-12-17 14:40:19,Amberes,Ceuta,S,0
ESC-2025-001376,9994606,Nordic Venture III,NAV037,M02,granel_solido,mixta,Clínker,50293.7,0,2025-12-17 00:24:14,2025-12-17 04:42:40,2025-12-18 03:51:16,Dakar,Ceuta,S,0
ESC-2025-003928,9095888,Estrella Pioneer,NAV010,M03,granel_solido,carga,Cereal,39919.8,0,2025-12-17 01:14:24,18/12/2025 08:05,2025-12-20 10:34:42,Ceuta,Valencia,S,0
ESC-2025-000343,9145425,Costa Express,NAV032,M04,granel_liquido,descarga,Crudo,87280.0,0,2025-12-17 04:00:52,2025-12-17 04:16:02,2025-12-18 01:59:10,Sines,Amberes,S,0
ESC-2025-006094,9030022,Costa Fortune V,NAV007,M10,pesca,carga,Pescado fresco,13.9,0,2025-12-17 06:31:08,2025-12-17 06:34:33,2025-12-17 12:05:54,Dakar,Algeciras,S,0
ESC-2025-001914,9353993,Southern Horizon,NAV039,M04,granel_liquido,descarga,Biocombustible,71949.2,0,2025-12-17 06:54:11,2025-12-17 12:15:49,2025-12-18 11:29:16,Las Palmas,Génova,S,0
ESC-2025-001980,9634581,Luz Dawn V,NAV017,M06,granel_liquido,carga,Productos químicos,7364.4,0,2025-12-17 11:57:36,2025-12-17 17:15:43,2025-12-18 17:23:41,Le Havre,Casablanca,S,0
ESC-2025-004203,9589475,Cabo Fortune,NAV007,M01,contenedores,carga,Contenedores,6760.3,566,2025-12-17 14:12:40,2025-12-17 14:52:56,2025-12-18 06:00:58,Las Palmas,Lisboa,S,0
ESC-2025-003001,9554494,Tinto Wave IV,NAV004,M07,ro_ro,carga,Vehículos,24407.8,0,2025-12-17 14:42:12,2025-12-17 16:00:25,2025-12-18 05:40:01,Las Palmas,Funchal,S,0
ESC-2025-001844,9396517,Atlantic Voyager III,NAV035,M08,fruta_refrigerada,mixta,Fruta tropical,13756.8,0,2025-12-17 19:59:04,2025-12-17 20:23:01,2025-12-18 22:31:25,Le Havre,Houston,S,0
ESC-2025-000634,9977737,Marisma Voyager,NAV033,M11,carga_general,carga,Bobinas de acero,5547.0,0,2025-12-17 21:56:14,2025-12-18 13:50:18,2025-12-20 07:12:10,Houston,Lisboa,S,0
ESC-2025-002022,9661716,  AURORA HORIZON ,NAV002,M06,granel_liquido,descarga,Crudo,28393.8,0,2025-12-18 05:07:46,2025-12-18 05:30:00,2025-12-19 06:05:36,Houston,Houston,S,0
ESC-2025-000023,9311945,Blue Fortune III,NAV037,M10,pesca,descarga,Pescado fresco,22.7,0,2025-12-18 06:01:59,2025-12-18 06:18:23,2025-12-18 12:29:51,Tánger Med,Tánger Med,N,0
ESC-2025-005342,9465851,Luz Glory IV,NAV008,M02,granel_solido,carga,Pirita,21940.7,0,2025-12-18 07:01:19,2025-12-18 07:11:52,2025-12-20 16:45:56,Nueva York,Valencia,S,0
ESC-2025-004317,9560857,Tinto Breeze,NAV019,M05,granel_liquido,descarga,Productos químicos,22129.5,0,2025-12-18 09:04:16,2025-12-18 10:10:07,2025-12-19 13:51:19,Le Havre,Santa Cruz de Tenerife,S,0
ESC-2025-004464,9655248,Southern Pioneer I,NAV017,M12,granel_liquido,descarga,Biocombustible,12900.6,0,2025-12-18 09:50:27,2025-12-18 16:06:55,2025-12-19 11:09:43,Santos,Las Palmas,S,0
ESC-2025-000624,9368223,Iberian Navigator,NAV010,M10,pesca,carga,Pescado fresco,20.3,0,2025-12-18 10:21:47,2025-12-18 10:24:05,2025-12-18 15:26:57,Santos,Ceuta,N,0
ESC-2025-003955,9929338,Tinto Venture I,NAV017,M06,granel_liquido,carga,Productos químicos,85341.8,0,2025-12-18 14:07:04,2025-12-19 01:31:41,2025-12-20 01:49:15,Tánger Med,Dakar,S,0
ESC-2025-003076,9227118,Silver Sol,NAV013,M02,granel_solido,carga,Fertilizantes,41614.7,0,2025-12-18 17:10:33,2025-12-18 18:22:18,2025-12-20 18:27:34,Ceuta,Funchal,S,0
ESC-2025-004721,9125293,Nordic Bay,NAV020,M04,granel_liquido,mixta,Crudo,38789.1,0,2025-12-18 19:52:38,2025-12-18 23:26:45,2025-12-20 16:12:23,Lisboa,Amberes,S,0
ESC-2025-000513,9323998,Odiel Mar I,NAV003,M08,fruta_refrigerada,descarga,Fresa y frutos rojos,12202.2,0,2025-12-19 08:30:10,2025-12-19 14:41:53,2025-12-21 03:54:28,Dakar,Houston,S,0
ESC-2025-004554,9782431,Iberian Wave,NAV016,M05,granel_liquido,descarga,Ácido sulfúrico,80449.2,0,2025-12-19 09:27:59,2025-12-19 11:46:27,2025-12-20 05:10:49,Rotterdam,Sines,S,0
ESC-2025-003846,9105396,Río Dawn,NAV006,M11,carga_general,descarga,Maquinaria,9289.8,0,2025-12-19 13:01:27,2025-12-19 13:21:02,2025-12-20 17:18:28,Las Palmas,Lisboa,S,0
ESC-2025-001619,9473468,Nordic Fortune,NAV029,M10,pesca,descarga,Pescado fresco,36.7,0,2025-12-19 20:26:23,2025-12-19 20:31:42,2025-12-20 01:30:56,Ceuta,Hamburgo,N,0
ESC-2025-005560,9095888,Estrella Pioneer,NAV010,M02,granel_solido,mixta,Concentrado de cobre,20381.0,0,2025-12-20 02:49:52,2025-12-20 03:10:45,2025-12-22 09:08:12,Casablanca,Dakar,S,0
ESC-2025-002802,9043055,Ocean Venture,NAV012,M10,pesca,carga,Pescado fresco,28.2,0,2025-12-20 07:13:38,2025-12-20 07:24:21,2025-12-20 14:34:06,Tánger Med,Las Palmas,N,0
ESC-2025-001864,9513804,Silver Navigator,NAV010,M04,granel_liquido,descarga,Biocombustible,91377.3,0,2025-12-20 08:14:46,2025-12-20 11:37:07,2025-12-22 04:34:26,Dakar,Santa Cruz de Tenerife,S,0
ESC-2025-006184,9994606,Nordic Venture III,NAV037,M03,granel_solido,carga,Clínker,27253.1,0,2025-12-20 08:49:08,2025-12-20 15:36:13,2025-12-23 00:09:18,Las Palmas,Dakar,S,0
ESC-2025-005528,9351828,Iberian Spirit,NAV008,M04,granel_liquido,mixta,GNL,25349.8,0,2025-12-20 10:10:45,2025-12-20 10:59:38,2025-12-21 19:55:12,Hamburgo,Houston,S,0
ESC-2025-005305,9260500,Southern Venture,NAV003,M01,contenedores,descarga,Contenedores,7297.2,632,2025-12-20 11:43:07,2025-12-20 15:45:23,2025-12-21 09:54:39,Valencia,Houston,S,0
ESC-2025-001770,9677117,Iberian Pride,NAV017,M02,granel_solido,descarga,Cereal,20931.0,0,2025-12-20 11:59:21,2025-12-20 16:03:07,2025-12-23 04:05:34,Houston,Casablanca,S,0
ESC-2025-006204,9654488,Delta Sol,NAV035,M03,granel_solido,descarga,Pirita,38652.6,0,2025-12-20 12:32:36,2025-12-20 20:22:51,2025-12-22 11:04:08,Funchal,Génova,S,0
ESC-2025-004518,9207479,Punta Fortune,NAV034,M01,contenedores,mixta,Contenedores,3951.8,320,2025-12-20 14:21:27,2025-12-20 21:57:32,2025-12-21 18:15:18,Amberes,Tánger Med,S,0
ESC-2025-003671,9554494,Tinto Wave IV,NAV004,M07,ro_ro,mixta,Semirremolques,20436.1,0,2025-12-20 14:22:30,2025-12-20 17:16:22,2025-12-21 05:28:17,Sines,Santa Cruz de Tenerife,S,0
ESC-2025-004385,9361641,Luz Pride,NAV024,M07,ro_ro,carga,Semirremolques,14307.2,0,2025-12-20 17:00:03,2025-12-20 17:56:09,2025-12-21 03:35:32,Funchal,Génova,S,0
ESC-2025-001937,9597721,Cabo Navigator,NAV038,M12,granel_liquido,descarga,Biocombustible,25317.9,0,2025-12-20 18:08:27,2025-12-21 00:25:09,2025-12-22 14:57:17,Nueva York,Nueva York,S,0
ESC-2025-002721,9159373,Delta Star,NAV005,M01,contenedores,mixta,Contenedores,8730.5,924,2025-12-21 03:11:30,2025-12-21 03:33:24,2025-12-22 00:29:00,Lisboa,Tánger Med,S,0
ESC-2025-006300,9089059,Costa Voyager I,NAV035,M03,granel_solido,mixta,Pirita,19463.2,0,2025-12-21 03:51:59,2025-12-21 15:29:45,2025-12-24 03:33:46,Lisboa,Ceuta,S,0
ESC-2025-003380,9397987,Tinto Express,NAV012,M01,contenedores,mixta,Contenedores,14412.5,1197,2025-12-21 10:44:56,2025-12-21 20:55:30,2025-12-22 16:24:39,Rotterdam,Amberes,S,0
ESC-2025-002976,9406518,Tinto Voyager,NAV016,M06,granel_liquido,descarga,Gasóleo,33518.0,0,2025-12-21 18:34:56,2025-12-22 13:57:22,2025-12-24 06:12:30,Ceuta,Funchal,S,0
ESC-2025-001806,9471769,Ocean Pride,NAV030,M11,carga_general,carga,Palés,4586.1,0,2025-12-21 20:27:04,2025-12-22 00:51:39,2025-12-22 20:27:51,Santos,Tánger Med,S,0
ESC-2025-001154,9199622,Costa Pride,NAV033,M11,carga_general,mixta,Bobinas de acero,4823.9,0,2025-12-21 21:02:01,2025-12-21 21:54:58,2025-12-23 13:09:07,Abiyán,Santos,S,0
ESC-2025-001824,9708813,Doña Venture,NAV035,M05,granel_liquido,descarga,Crudo,32420.4,0,2025-12-21 23:09:11,2025-12-22 04:13:20,2025-12-23 02:39:23,Nueva York,Rotterdam,S,0
ESC-2025-003685,9521198,Blue Bay III,NAV036,M10,pesca,descarga,Pescado fresco,37.5,0,2025-12-22 00:42:05,2025-12-22 00:44:11,2025-12-22 09:26:51,Valencia,Casablanca,N,0
ESC-2025-001274,9738167,Silver Venture,NAV013,M09,pasajeros,mixta,Pasajeros,0.0,0,2025-12-22 01:31:06,22/12/2025 02:10,2025-12-22 11:19:19,Valencia,Funchal,S,2727
ESC-2025-002150,9520261,Nordic Express V,NAV017,M07,ro_ro,descarga,Semirremolques,22374.4,0,2025-12-22 03:03:25,2025-12-22 08:53:32,2025-12-22 23:29:58,Valencia,Houston,S,0
ESC-2025-001635,9387047,Doña Breeze III,NAV001,M03,granel_solido,carga,Pirita,34192.8,0,2025-12-22 05:52:22,2025-12-22 06:37:26,2025-12-23 15:29:31,Sines,Nueva York,S,0
ESC-2025-004857,9132703,Cabo Breeze,NAV019,M06,granel_liquido,descarga,Productos químicos,37433.8,0,2025-12-22 09:27:17,2025-12-22 19:41:21,2025-12-24 03:08:47,Sines,Hamburgo,S,0
ESC-2025-004003,9412543,Estrella Sol,NAV033,M12,granel_liquido,carga,GNL,21518.5,0,2025-12-22 13:56:22,2025-12-22 16:14:36,2025-12-23 19:08:49,Nueva York,Ceuta,S,0
ESC-2025-005830,9141546,Blue Express I,NAV037,M04,granel_liquido,carga,GNL,27164.5,0,2025-12-22 17:38:15,2025-12-23 04:37:00,2025-12-24 05:37:13,Santos,Las Palmas,S,0
ESC-2025-005515,9093816,Costa Glory II,NAV006,M10,pesca,descarga,Pescado fresco,11.3,0,2025-12-23 04:09:03,2025-12-23 04:41:54,2025-12-23 10:25:32,Tánger Med,Ceuta,S,0
ESC-2025-002996,9826108,Marisma Carrier,NAV005,M04,granel_liquido,descarga,Productos químicos,11892.4,0,2025-12-23 07:24:17,23/12/2025 07:48,2025-12-24 14:23:31,Santos,Rotterdam,S,0
ESC-2025-001084,9355367,Delta Navigator I,NAV012,M01,contenedores,carga,Contenedores,8227.6,637,2025-12-23 10:13:14,2025-12-23 13:27:58,2025-12-24 22:18:39,Funchal,Dakar,S,0
ESC-2025-000395,9554494,Tinto Wave IV,NAV004,M07,ro_ro,mixta,Vehículos,27171.7,0,2025-12-23 14:03:38,2025-12-23 14:34:18,2025-12-24 01:44:57,Houston,Las Palmas,S,0
ESC-2025-004839,9625803,Costa Marina,NAV026,M06,granel_liquido,descarga,Productos químicos,76672.2,0,2025-12-23 14:10:09,2025-12-23 16:42:48,2025-12-24 12:34:37,Amberes,Casablanca,S,0
ESC-2025-002110,9704348,Punta Glory,NAV002,M08,fruta_refrigerada,mixta,Cítricos,9626.4,0,2025-12-23 14:49:53,2025-12-23 15:49:13,2025-12-24 19:49:43,Algeciras,Dakar,S,0
ESC-2025-002406,9153252,Estrella Carrier,NAV007,M02,granel_solido,descarga,Cereal,21930.6,0,2025-12-23 18:14:23,2025-12-23 21:58:42,2025-12-26 12:22:51,Santa Cruz de Tenerife,Amberes,S,0
ESC-2025-001266,9171371,Ocean Pioneer,NAV025,M02,granel_solido,descarga,Cereal,13943.3,0,2025-12-23 19:31:30,2025-12-24 04:35:45,2025-12-26 01:49:41,Génova,Houston,S,0
ESC-2025-004517,9467031,Cabo Star,NAV008,M11,carga_general,carga,Maquinaria,11257.7,0,2025-12-24 00:22:13,2025-12-24 01:33:20,2025-12-24 21:01:47,Lisboa,Dakar,S,0
ESC-2025-003263,9260500,Southern Venture,NAV003,M01,contenedores,mixta,Contenedores,9113.0,757,2025-12-24 03:51:01,2025-12-24 04:29:00,2025-12-25 06:10:55,Amberes,Santos,S,0
ESC-2025-003263,9260500,Southern Venture,NAV003,M01,contenedores,mixta,Contenedores,9113.0,757,2025-12-24 03:51:01,2025-12-24 04:29:00,2025-12-25 06:10:55,Amberes,Santos,S,0
ESC-2025-002245,9806017,Río Star,NAV027,M01,contenedores,mixta,Contenedores,8690.8,694,2025-12-24 08:20:32,24/12/2025 09:57,2025-12-25 09:07:46,Rotterdam,Santa Cruz de Tenerife,S,0
ESC-2025-002321,9647021,Punta Pride,NAV035,M04,granel_liquido,descarga,Gasóleo,40258.5,0,2025-12-24 09:37:07,2025-12-24 12:15:07,2025-12-25 14:23:00,Funchal,Sines,S,0
ESC-2025-001981,9454072,Silver Dawn I,NAV036,M08,fruta_refrigerada,mixta,Fruta tropical,12539.8,0,2025-12-24 12:06:34,2025-12-24 17:24:10,2025-12-26 05:13:00,Valencia,Santos,S,0
ESC-2025-005754,9392119,Odiel Voyager II,NAV025,M07,ro_ro,carga,Semirremolques,28280.1,0,2025-12-24 16:17:31,2025-12-24 16:47:05,2025-12-25 05:31:11,Las Palmas,Las Palmas,S,0
ESC-2025-000391,9321201,Estrella Voyager,NAV020,M01,contenedores,descarga,Contenedores,9237.3,988,2025-12-24 20:26:23,2025-12-25 01:38:11,2025-12-26 08:40:33,Nueva York,Génova,S,0
ESC-2025-003888,9093816,Costa Glory II,NAV006,M10,pesca,mixta,Pescado fresco,21.6,0,2025-12-24 23:01:04,2025-12-24 23:31:40,2025-12-25 08:20:15,Tánger Med,Lisboa,S,0
ESC-2025-003295,9503445,Ocean Mar,NAV034,M06,granel_liquido,mixta,Crudo,53309.1,0,2025-12-25 01:05:51,2025-12-25 11:25:41,2025-12-26 05:35:48,Lisboa,Rotterdam,S,0
ESC-2025-003299,9536624,Silver Star III,NAV012,M01,contenedores,mixta,Contenedores,8046.0,731,2025-12-25 08:09:07,2025-12-25 09:54:38,2025-12-26 08:41:07,Amberes,Funchal,S,0
ESC-2025-005737,9025699,Iberian Trader I,NAV001,M12,granel_liquido,descarga,Crudo,68290.7,0,2025-12-25 12:49:07,2025-12-25 21:22:16,2025-12-27 00:15:05,Rotterdam,Funchal,S,0
ESC-2025-004759,9141546,Blue Express I,NAV037,M06,granel_liquido,carga,Gasóleo,42792.4,0,2025-12-25 13:55:57,2025-12-25 20:49:19,2025-12-27 20:56:55,Funchal,Lisboa,S,0
ESC-2025-004847,9520261,Nordic Express V,NAV017,M07,ro_ro,mixta,Vehículos,19015.9,0,2025-12-25 14:04:10,2025-12-25 19:20:16,2025-12-26 08:46:44,Génova,Santos,S,0
ESC-2025-005154,9405186,Tinto Star II,NAV037,,contenedores,carga,Contenedores,2830.8,305,2025-12-25 23:16:26,2025-12-26 11:14:22,2025-12-27 12:04:49,Valencia,Dakar,S,0
ESC-2025-000874,9871880,Costa Sol,NAV028,M05,granel_liquido,descarga,Productos químicos,36418.1,0,2025-12-26 05:30:56,2025-12-26 08:05:01,2025-12-28 03:57:28,Casablanca,Sines,S,0
ESC-2025-001738,9898084,Marisma Fortune,NAV013,M05,granel_liquido,descarga,Productos químicos,52050.5,0,2025-12-26 07:10:01,2025-12-26 17:58:30,2025-12-28 00:33:44,Dakar,Le Havre,S,0
ESC-2025-002937,9217412,Costa Pride III,NAV014,M06,granel_liquido,carga,Crudo,75017.2,0,2025-12-26 07:34:24,2025-12-26 16:24:10,2025-12-27 16:00:30,Lisboa,Nueva York,S,0
ESC-2025-002072,9418834,Costa Navigator V,NAV035,M02,granel_solido,carga,Cereal,35663.4,0,2025-12-26 14:43:28,2025-12-27 02:23:55,2025-12-29 12:00:04,Nueva York,Amberes,S,0
ESC-2025-002695,9429601,Marisma Spirit IV,NAV040,M03,granel_solido,mixta,Pirita,23483.8,0,2025-12-26 18:20:50,2025-12-26 19:01:15,2025-12-28 22:52:27,Lisboa,Nueva York,S,0
ESC-2025-000466,9042219,Marisma Trader,NAV015,M02,granel_solido,carga,Fertilizantes,17959.1,0,2025-12-26 22:55:54,2025-12-27 00:39:24,2025-12-29 01:06:28,Abiyán,Lisboa,S,0
ESC-2025-005355,9732890,Tinto Marina,NAV033,M04,granel_liquido,descarga,GNL,13251.1,0,2025-12-27 06:47:32,2025-12-27 11:27:18,2025-12-28 12:55:45,Santa Cruz de Tenerife,Ceuta,S,0
ESC-2025-001232,9936135,Luz Dawn,NAV008,M02,granel_solido,descarga,Cereal,34421.2,0,2025-12-27 09:16:05,2025-12-27 13:16:30,2025-12-28 23:52:52,Hamburgo,Hamburgo,S,0
ESC-2025-000365,9022130,Golden Spirit,NAV017,M08,fruta_refrigerada,mixta,Fruta tropical,11649800.0,0,2025-12-27 11:22:31,2025-12-27 11:56:30,2025-12-28 15:07:56,Lisboa,Abiyán,S,0
ESC-2025-001423,9521198,Blue Bay III,NAV036,M10,pesca,descarga,Pescado fresco,18.9,0,2025-12-27 14:50:57,2025-12-27 15:18:11,2025-12-27 20:26:02,Sines,Rotterdam,N,0
ESC-2025-001095,9207558,Marisma Spirit III,NAV017,M12,granel_liquido,mixta,Gasóleo,22736.8,0,2025-12-27 17:34:29,2025-12-27 18:37:18,2025-12-29 04:38:28,Le Havre,Casablanca,S,0
ESC-2025-006040,9472995,Blue Trader,NAV028,M02,granel_solido,mixta,Fertilizantes,43693.2,0,2025-12-27 18:30:02,2025-12-28 12:20:19,2025-12-30 19:04:08,Las Palmas,Algeciras,S,0
ESC-2025-003678,9574614,Aurora Mar V,NAV029,M01,contenedores,descarga,Contenedores,3208.7,335,2025-12-27 19:42:36,2025-12-28 04:41:35,2025-12-29 07:17:16,Santos,Sines,S,0
ESC-2025-003249,9521198,Blue Bay III,NAV036,M10,pesca,mixta,Pescado fresco,45.6,0,2025-12-27 20:02:50,2025-12-27 20:15:09,2025-12-28 03:45:15,Ceuta,Casablanca,S,0
ESC-2025-000110,9263394,Odiel Horizon,NAV034,M10,pesca,carga,Pescado fresco,36.1,0,2025-12-27 20:57:44,2025-12-27 21:03:02,2025-12-28 01:19:37,Abiyán,Abiyán,S,0
ESC-2025-005338,9311490,Río Trader IV,NAV033,M10,pesca,descarga,Pescado fresco,16.5,0,2025-12-28 02:20:49,2025-12-28 02:35:58,2025-12-28 05:43:46,Lisboa,Rotterdam,N,0
ESC-2025-003567,9633628,Blue Pride,NAV033,M01,contenedores,descarga,Contenedores,3128.7,329,2025-12-28 04:38:24,2025-12-28 09:42:16,2025-12-29 20:19:31,Sines,Hamburgo,S,0
ESC-2025-004476,9058751,Río Voyager,NAV009,M04,granel_liquido,mixta,Ácido sulfúrico,23923.6,0,2025-12-28 08:44:02,2025-12-28 13:10:36,2025-12-29 12:34:06,Lisboa,Abiyán,S,0
ESC-2025-000352,9952402,Punta Pioneer,NAV032,M10,pesca,descarga,Pescado fresco,76.8,0,2025-12-28 10:21:35,28/12/2025 10:22,2025-12-28 17:35:51,Amberes,Le Havre,S,0
ESC-2025-003254,9845685,Costa Fortune IV,NAV037,M11,carga_general,mixta,Bobinas de acero,10233.4,0,2025-12-28 13:13:02,2025-12-28 13:13:48,2025-12-29 10:19:16,Rotterdam,Santa Cruz de Tenerife,S,0
ESC-2025-004084,9513804,Silver Navigator,NAV010,M05,granel_liquido,descarga,Crudo,64715.4,0,2025-12-28 15:21:25,2025-12-28 17:17:44,2025-12-29 13:02:03,Sines,Las Palmas,S,0
ESC-2025-000596,9472995,Blue Trader,NAV028,M02,granel_solido,mixta,Clínker,33297.6,0,2025-12-28 22:03:39,2025-12-29 03:03:42,2025-12-31 15:10:47,Valencia,Sines,S,0
ESC-2025-001819,9368223,Iberian Navigator,NAV010,M10,pesca,mixta,Pescado fresco,75.0,0,2025-12-29 00:10:19,2025-12-29 00:23:35,2025-12-29 06:49:17,Funchal,Houston,N,0
ESC-2025-000899,9597721,Cabo Navigator,NAV038,M04,granel_liquido,mixta,Biocombustible,29741.5,0,2025-12-29 00:45:11,2025-12-29 19:46:48,2025-12-31 09:31:51,Dakar,Sines,S,0
ESC-2025-005552,9634581,Luz Dawn V,NAV017,M12,granel_liquido,descarga,Crudo,11526.4,0,2025-12-29 02:22:09,2025-12-29 06:43:22,2025-12-30 21:06:34,Las Palmas,Sines,S,0
ESC-2025-006266,9387047,Doña Breeze III,NAV001,M02,granel_solido,mixta,Clínker,23648.8,0,2025-12-29 03:05:02,2025-12-29 04:38:19,2025-12-31 15:52:42,Valencia,Nueva York,S,0
ESC-2025-002835,9957799,Río Sol,NAV006,M04,granel_liquido,mixta,Gasóleo,70964.4,0,2025-12-29 03:53:11,2025-12-29 15:38:22,2025-12-30 16:52:44,Funchal,Génova,S,0
ESC-2025-003108,9415882,  SOUTHERN STAR II ,NAV016,M02,granel_solido,carga,Fertilizantes,19379.1,0,2025-12-29 04:27:26,2025-12-29 22:56:03,2026-01-01 14:44:50,Houston,Casablanca,S,0
ESC-2025-002190,9600396,Estrella Pioneer V,NAV007,M10,pesca,mixta,Pescado fresco,20.7,0,2025-12-29 05:14:40,2025-12-29 05:47:11,2025-12-29 09:52:08,Sines,Casablanca,S,0
ESC-2025-001817,9260500,Southern Venture,NAV003,M01,contenedores,carga,Contenedores,5072.9,450,2025-12-29 12:09:50,2025-12-29 12:25:46,2025-12-30 12:56:12,Le Havre,Ceuta,S,0
ESC-2025-006402,9684976,Marisma Sol III,NAV008,M04,granel_liquido,mixta,GNL,21547.6,0,2025-12-29 14:04:07,2025-12-29 19:29:48,2025-12-30 16:16:55,Houston,Lisboa,S,0
ESC-2025-001229,9531090,Iberian Marina,NAV031,M03,granel_solido,mixta,Clínker,21211.6,0,2025-12-30 02:55:44,2025-12-30 04:13:28,2026-01-02 06:38:33,Santa Cruz de Tenerife,Amberes,S,0
ESC-2025-001159,9311490,Río Trader IV,NAV033,M10,pesca,carga,Pescado fresco,25.9,0,2025-12-30 03:58:21,2025-12-30 03:58:30,2025-12-30 08:37:00,Nueva York,Santa Cruz de Tenerife,N,0
ESC-2025-001081,9159373,Delta Star,NAV005,M01,contenedores,mixta,Contenedores,11083.2,1003,2025-12-30 05:43:18,2025-12-30 11:27:01,2025-12-31 02:50:28,Casablanca,Houston,S,0
ESC-2025-000584,9556313,Punta Bay,NAV018,M11,carga_general,carga,Maquinaria,6907.5,0,2025-12-30 06:11:05,2025-12-30 06:30:42,2025-12-31 10:34:49,Génova,Nueva York,S,0
ESC-2025-000196,9353993,Southern Horizon,NAV039,M12,granel_liquido,carga,Productos químicos,64095.4,0,2025-12-30 08:33:15,2025-12-30 12:35:28,2025-12-31 14:52:59,Génova,Lisboa,S,0
ESC-2025-000730,9342255,Blue Fortune II,NAV034,M02,granel_solido,carga,Pirita,24786.4,0,2025-12-30 08:48:04,2025-12-30 10:29:53,2026-01-01 04:55:47,Nueva York,Ceuta,S,0
ESC-2025-005378,9816622,Río Fortune,NAV010,M11,carga_general,mixta,Bobinas de acero,10640.8,0,2025-12-30 14:40:09,2025-12-30 18:49:33,2025-12-31 11:52:51,Algeciras,Le Havre,S,0
ESC-2025-002496,9467031,Cabo Star,NAV008,M11,carga_general,descarga,Madera,12248.6,0,2025-12-30 17:22:11,2025-12-30 18:35:58,2026-01-01 17:03:01,Amberes,Funchal,S,0
ESC-2025-005893,9550230,Nordic Carrier,NAV011,M11,carga_general,mixta,Madera,4388.0,0,2025-12-30 22:10:11,2025-12-31 19:23:20,2026-01-02 00:14:38,Génova,Abiyán,S,0
ESC-2025-006465,9218076,Doña Horizon,NAV012,M02,granel_solido,descarga,Concentrado de cobre,23119.8,0,2025-12-31 02:10:02,2025-12-31 04:20:42,2026-01-02 07:45:43,Houston,Hamburgo,S,0
ESC-2025-003413,9938640,Estrella Spirit I,NAV002,M11,carga_general,descarga,Palés,7623.1,0,2025-12-31 02:32:40,2025-12-31 02:48:32,2025-12-31 15:30:32,Casablanca,Algeciras,S,0
ESC-2025-005010,9521198,Blue Bay III,NAV036,M10,pesca,carga,Pescado fresco,79.6,0,2025-12-31 11:15:27,2025-12-31 11:17:15,2025-12-31 17:34:08,Funchal,Sines,N,0
ESC-2025-001226,9089059,Costa Voyager I,NAV035,M02,granel_solido,mixta,Concentrado de cobre,28991.7,0,2025-12-31 12:41:32,2025-12-31 21:20:21,2026-01-02 21:47:49,Valencia,Sines,S,0
ESC-2025-006254,9141546,Blue Express I,NAV037,M06,granel_liquido,carga,Ácido sulfúrico,40323.0,0,2025-12-31 18:51:33,2026-01-01 00:14:23,2026-01-02 04:35:23,Abiyán,Tánger Med,S,0
ESC-2025-004682,9922976,Río Horizon II,NAV034,M04,granel_liquido,mixta,Ácido sulfúrico,35746.7,0,2025-12-31 19:27:18,2026-01-01 09:47:56,2026-01-02 13:00:55,Amberes,Hamburgo,S,0
ESC-2025-005771,9126132,Atlantic Venture,NAV018,M12,granel_liquido,carga,Productos químicos,43944.4,0,2025-12-31 19:58:14,2026-01-01 17:46:42,2026-01-03 11:41:41,Valencia,Algeciras,S,0
ESC-2025-004514,9392119,Odiel Voyager II,NAV025,M07,ro_ro,descarga,Vehículos,22222.0,0,2025-12-31 20:10:01,2025-12-31 21:20:40,2026-01-01 04:59:58,Hamburgo,Amberes,S,0
ESC-2025-006057,9435818,Estrella Breeze,NAV033,M01,contenedores,mixta,Contenedores,3927.1,286,2025-12-31 22:55:22,2026-01-01 02:54:19,2026-01-01 19:44:47,Génova,Amberes,S,0
