fecha,id_cliente,nps,comentario
2024-02-27,CLI0001,7,
2024-07-23,CLI0001,6,
2025-06-03,CLI0001,7,jornada técnica sobre digitalización portuaria
2024-12-18,CLI0002,8,excelente coordinación con la terminal
2025-04-17,CLI0002,8,excelente coordinación con la terminal
2025-08-22,CLI0002,5,servicio lento y caro
2025-12-25,CLI0002,3,perdimos la conexión del reefer
2024-02-04,CLI0003,9,gran trabajo del equipo de estiba
2024-12-07,CLI0003,5,servicio lento y caro
2025-03-24,CLI0003,9,rapidez en la descarga
2025-08-19,CLI0003,8,cadena de frío perfecta
2025-12-12,CLI0003,7,publicadas las tarifas del próximo año
2024-03-19,CLI0004,6,visita institucional a la terminal
2024-05-24,CLI0004,7,reunión sobre la ampliación del muelle sur
2024-09-20,CLI0004,7,visita institucional a la terminal
2025-02-18,CLI0004,9,operativa impecable
2025-04-06,CLI0004,8,excelente coordinación con la terminal
2024-04-26,CLI0005,10,cadena de frío perfecta
2024-08-17,CLI0005,9,operativa impecable
2025-03-14,CLI0005,7,hoy atraca un nuevo portacontenedores
2025-04-11,CLI0005,9,muy buena atención comercial
2024-06-07,CLI0006,8,operativa impecable
2024-12-28,CLI0006,10,puntualidad en el atraque
2025-01-15,CLI0006,10,excelente coordinación con la terminal
2025-06-22,CLI0006,9,excelente coordinación con la terminal
2025-09-06,CLI0006,7,jornada técnica sobre digitalización portuaria
2024-09-25,CLI0007,9,excelente coordinación con la terminal
2024-12-27,CLI0007,6,hoy atraca un nuevo portacontenedores
2025-06-13,CLI0007,8,operativa impecable
2025-08-14,CLI0007,7,nuevo servicio semanal con Canarias
2024-02-02,CLI0008,9,gran trabajo del equipo de estiba
2024-05-22,CLI0008,7,publicadas las tarifas del próximo año
2024-07-08,CLI0008,8,cadena de frío perfecta
2024-10-19,CLI0008,8,cadena de frío perfecta
2025-01-19,CLI0008,8,operativa impecable
2025-05-08,CLI0008,6,publicadas las tarifas del próximo año
2025-12-22,CLI0008,9,operativa impecable
2024-02-14,CLI0009,7,hoy atraca un nuevo portacontenedores
2024-06-22,CLI0009,8,excelente coordinación con la terminal
2024-09-25,CLI0009,9,excelente coordinación con la terminal
2025-01-24,CLI0009,10,puntualidad en el atraque
2025-08-19,CLI0009,4,retrasos en la descarga de contenedores
2025-12-22,CLI0009,4,perdimos la conexión del reefer
2024-04-20,CLI0010,6,
2024-09-03,CLI0010,5,colas de camiones en la puerta
2024-10-11,CLI0010,7,publicadas las tarifas del próximo año
2025-02-16,CLI0010,10,operativa impecable
2025-04-11,CLI0010,6,reunión sobre la ampliación del muelle sur
2025-09-08,CLI0010,10,la campaña de fresa ha ido genial
2025-10-08,CLI0010,8,excelente coordinación con la terminal
2024-05-27,CLI0011,8,muy buena atención comercial
2024-08-24,CLI0011,10,cadena de frío perfecta
2024-10-07,CLI0011,8,rapidez en la descarga
2025-01-07,CLI0011,7,
2025-11-22,CLI0011,8,la campaña de fresa ha ido genial
2024-03-14,CLI0012,10,gran trabajo del equipo de estiba
2024-04-01,CLI0012,9,excelente coordinación con la terminal
2024-07-07,CLI0012,10,rapidez en la descarga
2024-11-06,CLI0012,9,la campaña de fresa ha ido genial
2025-05-21,CLI0012,8,puntualidad en el atraque
2025-07-07,CLI0012,10,gran trabajo del equipo de estiba
2025-10-27,CLI0012,8,muy buena atención comercial
2024-01-10,CLI0013,9,gran trabajo del equipo de estiba
2024-04-24,CLI0013,8,muy buena atención comercial
2024-09-27,CLI0013,10,cadena de frío perfecta
2025-02-20,CLI0013,6,nuevo servicio semanal con Canarias
2025-06-15,CLI0013,9,excelente coordinación con la terminal
2025-10-25,CLI0013,10,operativa impecable
2024-05-14,CLI0014,10,gran trabajo del equipo de estiba
2024-11-26,CLI0014,8,muy buena atención comercial
2025-03-27,CLI0014,9,operativa impecable
2025-08-24,CLI0014,8,cadena de frío perfecta
2025-12-08,CLI0014,8,operativa impecable
2024-02-02,CLI0015,7,publicadas las tarifas del próximo año
2024-06-20,CLI0015,10,rapidez en la descarga
2024-07-06,CLI0015,8,puntualidad en el atraque
2024-10-27,CLI0015,5,perdimos la conexión del reefer
2025-04-19,CLI0015,9,operativa impecable
2025-07-20,CLI0015,8,muy buena atención comercial
2025-11-26,CLI0015,9,puntualidad en el atraque
2024-02-01,CLI0016,6,publicadas las tarifas del próximo año
2024-06-15,CLI0016,10,muy buena atención comercial
2024-08-21,CLI0016,10,gran trabajo del equipo de estiba
2024-03-05,CLI0017,8,excelente coordinación con la terminal
2024-06-14,CLI0017,8,cadena de frío perfecta
2024-09-10,CLI0017,10,excelente coordinación con la terminal
2025-01-14,CLI0017,6,reunión sobre la ampliación del muelle sur
2025-06-02,CLI0017,8,operativa impecable
2025-09-14,CLI0017,6,reunión sobre la ampliación del muelle sur
2025-10-13,CLI0017,7,reunión sobre la ampliación del muelle sur
2024-03-28,CLI0018,8,cadena de frío perfecta
2024-04-13,CLI0018,8,puntualidad en el atraque
2024-11-16,CLI0018,7,jornada técnica sobre digitalización portuaria
2025-02-06,CLI0018,8,gran trabajo del equipo de estiba
2025-08-22,CLI0018,8,puntualidad en el atraque
2025-12-20,CLI0018,7,nuevo servicio semanal con Canarias
2024-05-11,CLI0019,8,puntualidad en el atraque
2024-09-12,CLI0019,8,cadena de frío perfecta
2025-03-03,CLI0019,8,excelente coordinación con la terminal
2025-09-08,CLI0019,10,muy buena atención comercial
2024-02-27,CLI0020,6,nuevo servicio semanal con Canarias
2024-05-22,CLI0020,8,cadena de frío perfecta
2024-10-23,CLI0020,10,rapidez en la descarga
2025-09-23,CLI0020,9,muy buena atención comercial
2024-01-21,CLI0021,8,la campaña de fresa ha ido genial
2024-12-04,CLI0021,9,cadena de frío perfecta
2025-05-05,CLI0021,9,rapidez en la descarga
2025-08-05,CLI0021,9,excelente coordinación con la terminal
2024-05-19,CLI0022,8,operativa impecable
2024-07-17,CLI0022,8,rapidez en la descarga
2024-11-25,CLI0022,8,la campaña de fresa ha ido genial
2025-03-01,CLI0022,9,rapidez en la descarga
2025-05-02,CLI0022,8,operativa impecable
2025-09-06,CLI0022,7,hoy atraca un nuevo portacontenedores
2024-06-16,CLI0023,9,excelente coordinación con la terminal
2024-08-15,CLI0023,9,cadena de frío perfecta
2024-10-01,CLI0023,9,puntualidad en el atraque
2025-01-19,CLI0023,8,rapidez en la descarga
2025-08-08,CLI0023,6,visita institucional a la terminal
2025-12-17,CLI0023,6,
2024-02-12,CLI0024,7,reunión sobre la ampliación del muelle sur
2024-06-14,CLI0024,10,muy buena atención comercial
2024-09-10,CLI0024,9,cadena de frío perfecta
2024-10-04,CLI0024,8,puntualidad en el atraque
2025-06-08,CLI0024,10,muy buena atención comercial
2025-08-08,CLI0024,9,rapidez en la descarga
2024-06-11,CLI0025,8,muy buena atención comercial
2024-08-09,CLI0025,9,rapidez en la descarga
2025-01-09,CLI0025,9,puntualidad en el atraque
2025-04-04,CLI0025,7,jornada técnica sobre digitalización portuaria
2025-07-19,CLI0025,9,operativa impecable
2024-09-12,CLI0026,9,muy buena atención comercial
2024-11-19,CLI0026,7,publicadas las tarifas del próximo año
2025-03-05,CLI0026,10,puntualidad en el atraque
2025-08-24,CLI0026,8,muy buena atención comercial
2025-11-01,CLI0026,7,reunión sobre la ampliación del muelle sur
2024-03-14,CLI0027,7,visita institucional a la terminal
2024-04-18,CLI0027,7,jornada técnica sobre digitalización portuaria
2024-10-01,CLI0027,9,gran trabajo del equipo de estiba
2025-05-10,CLI0027,7,hoy atraca un nuevo portacontenedores
2025-10-01,CLI0027,9,gran trabajo del equipo de estiba
2024-02-16,CLI0028,8,la campaña de fresa ha ido genial
2024-06-12,CLI0028,9,muy buena atención comercial
2024-08-14,CLI0028,9,muy buena atención comercial
2025-03-24,CLI0028,9,la campaña de fresa ha ido genial
2025-08-01,CLI0028,8,operativa impecable
2025-12-01,CLI0028,6,nuevo servicio semanal con Canarias
2024-02-08,CLI0029,6,publicadas las tarifas del próximo año
2024-05-28,CLI0029,7,hoy atraca un nuevo portacontenedores
2024-10-09,CLI0029,10,puntualidad en el atraque
2025-02-03,CLI0029,8,excelente coordinación con la terminal
2025-07-09,CLI0029,9,excelente coordinación con la terminal
2024-03-22,CLI0030,7,visita institucional a la terminal
2024-05-09,CLI0030,10,rapidez en la descarga
2025-04-22,CLI0030,7,visita institucional a la terminal
2025-08-09,CLI0030,10,operativa impecable
2025-10-14,CLI0030,10,gran trabajo del equipo de estiba
2024-06-27,CLI0031,7,publicadas las tarifas del próximo año
2024-09-28,CLI0031,7,hoy atraca un nuevo portacontenedores
2024-11-16,CLI0031,10,gran trabajo del equipo de estiba
2025-06-18,CLI0031,10,rapidez en la descarga
2024-03-07,CLI0032,8,la campaña de fresa ha ido genial
2024-09-05,CLI0032,10,operativa impecable
2025-12-09,CLI0032,6,
2024-03-10,CLI0033,10,excelente coordinación con la terminal
2024-06-20,CLI0033,8,excelente coordinación con la terminal
2024-11-20,CLI0033,10,gran trabajo del equipo de estiba
2025-04-26,CLI0033,10,gran trabajo del equipo de estiba
2025-07-13,CLI0033,5,esperas interminables en fondeo
2025-11-17,CLI0033,5,mala comunicación con la terminal
2024-04-13,CLI0034,7,publicadas las tarifas del próximo año
2024-11-25,CLI0034,10,operativa impecable
2025-06-11,CLI0034,9,excelente coordinación con la terminal
2025-09-22,CLI0034,9,rapidez en la descarga
2024-01-24,CLI0035,9,muy buena atención comercial
2024-04-28,CLI0035,8,gran trabajo del equipo de estiba
2024-07-07,CLI0035,9,gran trabajo del equipo de estiba
2024-11-25,CLI0035,9,excelente coordinación con la terminal
2025-03-06,CLI0035,7,
2025-07-04,CLI0035,6,reunión sobre la ampliación del muelle sur
2024-01-11,CLI0036,8,puntualidad en el atraque
2025-06-23,CLI0036,10,gran trabajo del equipo de estiba
2025-09-22,CLI0036,8,muy buena atención comercial
2025-11-12,CLI0036,7,nuevo servicio semanal con Canarias
2024-07-04,CLI0037,10,gran trabajo del equipo de estiba
2024-10-08,CLI0037,8,gran trabajo del equipo de estiba
2024-03-22,CLI0038,9,gran trabajo del equipo de estiba
2024-05-28,CLI0038,9,operativa impecable
2024-07-21,CLI0038,8,excelente coordinación con la terminal
2024-10-23,CLI0038,10,puntualidad en el atraque
2025-03-28,CLI0038,5,retrasos en la descarga de contenedores
2025-06-22,CLI0038,9,operativa impecable
2025-08-06,CLI0038,4,mala comunicación con la terminal
2025-12-19,CLI0038,9,excelente coordinación con la terminal
2024-11-10,CLI0039,9,la campaña de fresa ha ido genial
2025-01-07,CLI0039,8,puntualidad en el atraque
2025-05-13,CLI0039,7,
2025-11-11,CLI0039,6,reunión sobre la ampliación del muelle sur
2024-03-16,CLI0040,7,reunión sobre la ampliación del muelle sur
2024-04-20,CLI0040,8,rapidez en la descarga
2024-09-17,CLI0040,7,jornada técnica sobre digitalización portuaria
2024-10-18,CLI0040,6,nuevo servicio semanal con Canarias
2025-01-18,CLI0040,8,operativa impecable
2025-10-11,CLI0040,6,nuevo servicio semanal con Canarias
2024-03-08,CLI0041,6,publicadas las tarifas del próximo año
2024-06-21,CLI0041,9,la campaña de fresa ha ido genial
2024-08-09,CLI0041,4,esperas interminables en fondeo
2024-11-05,CLI0041,8,gran trabajo del equipo de estiba
2025-02-23,CLI0041,6,hoy atraca un nuevo portacontenedores
2025-04-22,CLI0041,10,muy buena atención comercial
2025-07-13,CLI0041,10,operativa impecable
2025-10-09,CLI0041,6,
2024-02-06,CLI0042,6,
2024-08-10,CLI0042,7,jornada técnica sobre digitalización portuaria
2025-02-19,CLI0042,10,muy buena atención comercial
2025-10-28,CLI0042,4,esperas interminables en fondeo
2024-04-18,CLI0043,8,rapidez en la descarga
2024-10-27,CLI0043,9,cadena de frío perfecta
2025-04-06,CLI0043,8,puntualidad en el atraque
2025-12-02,CLI0043,8,la campaña de fresa ha ido genial
2024-03-20,CLI0044,8,operativa impecable
2024-11-15,CLI0044,10,cadena de frío perfecta
2025-12-08,CLI0044,8,cadena de frío perfecta
2024-06-23,CLI0045,8,rapidez en la descarga
2024-09-25,CLI0045,8,puntualidad en el atraque
2025-04-15,CLI0045,6,visita institucional a la terminal
2025-09-14,CLI0045,6,reunión sobre la ampliación del muelle sur
2025-12-28,CLI0045,6,reunión sobre la ampliación del muelle sur
2024-01-21,CLI0046,9,rapidez en la descarga
2024-05-11,CLI0046,10,excelente coordinación con la terminal
2024-09-01,CLI0046,9,cadena de frío perfecta
2024-10-23,CLI0046,10,puntualidad en el atraque
2025-08-13,CLI0046,6,jornada técnica sobre digitalización portuaria
2025-10-02,CLI0046,5,colas de camiones en la puerta
2024-02-26,CLI0047,7,publicadas las tarifas del próximo año
2024-05-17,CLI0047,10,muy buena atención comercial
2024-08-13,CLI0047,9,excelente coordinación con la terminal
2024-10-05,CLI0047,8,puntualidad en el atraque
2025-03-06,CLI0047,9,cadena de frío perfecta
2025-10-21,CLI0047,9,excelente coordinación con la terminal
2024-02-10,CLI0048,10,puntualidad en el atraque
2024-05-20,CLI0048,5,mala comunicación con la terminal
2024-07-27,CLI0048,10,operativa impecable
2024-11-06,CLI0048,6,
2025-01-06,CLI0048,8,excelente coordinación con la terminal
2025-06-15,CLI0048,8,la campaña de fresa ha ido genial
2025-08-14,CLI0048,6,hoy atraca un nuevo portacontenedores
2025-11-15,CLI0048,6,hoy atraca un nuevo portacontenedores
2024-03-07,CLI0049,8,puntualidad en el atraque
2024-08-01,CLI0049,8,muy buena atención comercial
2025-06-21,CLI0049,10,muy buena atención comercial
2025-09-25,CLI0049,5,colas de camiones en la puerta
2025-12-19,CLI0049,7,reunión sobre la ampliación del muelle sur
2025-05-25,CLI0050,8,gran trabajo del equipo de estiba
2025-07-14,CLI0050,7,nuevo servicio semanal con Canarias
2025-10-16,CLI0050,8,la campaña de fresa ha ido genial
2024-01-10,CLI0051,9,muy buena atención comercial
2024-06-17,CLI0051,9,puntualidad en el atraque
2024-08-11,CLI0051,10,cadena de frío perfecta
2025-02-24,CLI0051,7,hoy atraca un nuevo portacontenedores
2025-10-27,CLI0051,8,gran trabajo del equipo de estiba
2024-02-17,CLI0052,7,jornada técnica sobre digitalización portuaria
2024-06-10,CLI0052,10,cadena de frío perfecta
2024-08-26,CLI0052,9,muy buena atención comercial
2025-02-04,CLI0052,10,rapidez en la descarga
2025-04-24,CLI0052,7,
2025-07-18,CLI0052,7,visita institucional a la terminal
2025-10-21,CLI0052,5,mala comunicación con la terminal
2024-03-19,CLI0053,9,puntualidad en el atraque
2024-07-22,CLI0053,9,excelente coordinación con la terminal
2024-10-19,CLI0053,8,la campaña de fresa ha ido genial
2025-03-05,CLI0053,8,rapidez en la descarga
2025-06-12,CLI0053,8,operativa impecable
2025-12-09,CLI0053,8,operativa impecable
2024-01-17,CLI0054,6,nuevo servicio semanal con Canarias
2024-06-19,CLI0054,10,rapidez en la descarga
2024-09-15,CLI0054,10,excelente coordinación con la terminal
2024-10-24,CLI0054,8,gran trabajo del equipo de estiba
2025-05-05,CLI0054,7,hoy atraca un nuevo portacontenedores
2025-08-28,CLI0054,10,muy buena atención comercial
2024-06-05,CLI0055,5,colas de camiones en la puerta
2024-08-22,CLI0055,8,rapidez en la descarga
2025-01-03,CLI0055,9,gran trabajo del equipo de estiba
2025-06-27,CLI0055,8,gran trabajo del equipo de estiba
2024-01-28,CLI0056,7,
2024-08-24,CLI0056,6,visita institucional a la terminal
2024-12-15,CLI0056,7,publicadas las tarifas del próximo año
2025-04-21,CLI0056,7,reunión sobre la ampliación del muelle sur
2025-09-26,CLI0056,10,cadena de frío perfecta
2024-06-07,CLI0057,7,nuevo servicio semanal con Canarias
2024-07-18,CLI0057,10,la campaña de fresa ha ido genial
2025-03-15,CLI0057,8,la campaña de fresa ha ido genial
2025-09-11,CLI0057,9,muy buena atención comercial
2025-10-14,CLI0057,6,
2024-01-27,CLI0058,7,reunión sobre la ampliación del muelle sur
2024-08-21,CLI0058,10,excelente coordinación con la terminal
2024-12-21,CLI0058,10,cadena de frío perfecta
2025-03-14,CLI0058,6,jornada técnica sobre digitalización portuaria
2025-05-10,CLI0058,8,rapidez en la descarga
2025-10-17,CLI0058,8,la campaña de fresa ha ido genial
2024-02-24,CLI0059,7,
2025-05-10,CLI0059,9,excelente coordinación con la terminal
2025-07-28,CLI0059,10,la campaña de fresa ha ido genial
2025-11-12,CLI0059,9,operativa impecable
2024-05-02,CLI0060,9,rapidez en la descarga
2024-09-20,CLI0060,8,la campaña de fresa ha ido genial
2024-12-12,CLI0060,10,puntualidad en el atraque
2025-03-22,CLI0060,10,operativa impecable
2025-05-25,CLI0060,9,muy buena atención comercial
2025-07-23,CLI0060,6,visita institucional a la terminal
2024-02-09,CLI0061,9,excelente coordinación con la terminal
2024-09-19,CLI0061,9,cadena de frío perfecta
2025-06-25,CLI0061,8,cadena de frío perfecta
2025-08-18,CLI0061,10,excelente coordinación con la terminal
2024-03-08,CLI0062,6,jornada técnica sobre digitalización portuaria
2024-05-09,CLI0062,7,
2024-07-17,CLI0062,9,gran trabajo del equipo de estiba
2024-12-07,CLI0062,10,excelente coordinación con la terminal
2025-01-08,CLI0062,8,excelente coordinación con la terminal
2025-04-21,CLI0062,7,visita institucional a la terminal
2024-01-13,CLI0063,9,gran trabajo del equipo de estiba
2024-06-28,CLI0063,7,hoy atraca un nuevo portacontenedores
2024-10-23,CLI0063,10,puntualidad en el atraque
2025-01-06,CLI0063,9,excelente coordinación con la terminal
2025-04-23,CLI0063,7,publicadas las tarifas del próximo año
2025-09-21,CLI0063,10,gran trabajo del equipo de estiba
2024-02-24,CLI0064,8,puntualidad en el atraque
2024-05-13,CLI0064,8,rapidez en la descarga
2024-12-05,CLI0064,8,rapidez en la descarga
2025-03-06,CLI0064,7,visita institucional a la terminal
2025-05-26,CLI0064,8,la campaña de fresa ha ido genial
2025-08-12,CLI0064,6,nuevo servicio semanal con Canarias
2025-11-24,CLI0064,7,nuevo servicio semanal con Canarias
2024-03-13,CLI0065,9,rapidez en la descarga
2024-08-09,CLI0065,6,
2025-01-27,CLI0065,9,puntualidad en el atraque
2025-05-28,CLI0065,8,la campaña de fresa ha ido genial
2024-01-11,CLI0066,8,operativa impecable
2024-06-09,CLI0066,9,puntualidad en el atraque
2025-02-03,CLI0066,6,hoy atraca un nuevo portacontenedores
2025-04-10,CLI0066,9,excelente coordinación con la terminal
2025-08-11,CLI0066,10,gran trabajo del equipo de estiba
2025-10-13,CLI0066,8,rapidez en la descarga
2024-01-03,CLI0067,5,mala comunicación con la terminal
2024-08-09,CLI0067,6,reunión sobre la ampliación del muelle sur
2024-12-19,CLI0067,7,jornada técnica sobre digitalización portuaria
2025-01-07,CLI0067,9,la campaña de fresa ha ido genial
2025-08-19,CLI0067,8,operativa impecable
2025-11-28,CLI0067,9,la campaña de fresa ha ido genial
2024-04-14,CLI0068,6,nuevo servicio semanal con Canarias
2024-09-15,CLI0068,6,nuevo servicio semanal con Canarias
2024-12-25,CLI0068,8,gran trabajo del equipo de estiba
2025-03-09,CLI0068,6,hoy atraca un nuevo portacontenedores
2025-06-23,CLI0068,6,jornada técnica sobre digitalización portuaria
2025-11-22,CLI0068,6,hoy atraca un nuevo portacontenedores
2024-01-18,CLI0069,8,puntualidad en el atraque
2024-05-24,CLI0069,9,muy buena atención comercial
2024-08-03,CLI0069,8,excelente coordinación con la terminal
2024-10-10,CLI0069,10,excelente coordinación con la terminal
2025-06-09,CLI0069,10,rapidez en la descarga
2025-07-13,CLI0069,6,
2024-03-01,CLI0070,9,rapidez en la descarga
2024-06-27,CLI0070,10,puntualidad en el atraque
2025-01-07,CLI0070,7,nuevo servicio semanal con Canarias
2025-04-10,CLI0070,8,puntualidad en el atraque
2025-08-27,CLI0070,9,operativa impecable
2024-02-14,CLI0071,10,puntualidad en el atraque
2024-08-14,CLI0071,9,gran trabajo del equipo de estiba
2024-10-09,CLI0071,6,hoy atraca un nuevo portacontenedores
2025-03-08,CLI0071,8,rapidez en la descarga
2025-05-08,CLI0071,9,gran trabajo del equipo de estiba
2025-07-20,CLI0071,9,operativa impecable
2025-11-20,CLI0071,8,excelente coordinación con la terminal
2024-01-17,CLI0072,8,puntualidad en el atraque
2024-04-23,CLI0072,5,retrasos en la descarga de contenedores
2024-11-12,CLI0072,8,puntualidad en el atraque
2025-03-03,CLI0072,9,la campaña de fresa ha ido genial
2025-05-09,CLI0072,9,excelente coordinación con la terminal
2025-12-26,CLI0072,4,perdimos la conexión del reefer
2024-05-04,CLI0073,9,operativa impecable
2024-08-07,CLI0073,9,muy buena atención comercial
2025-01-02,CLI0073,9,cadena de frío perfecta
2025-06-07,CLI0073,7,visita institucional a la terminal
2025-08-25,CLI0073,7,reunión sobre la ampliación del muelle sur
2025-10-17,CLI0073,9,operativa impecable
2024-02-15,CLI0074,5,otra vez sin fecha de atraque
2024-04-08,CLI0074,8,excelente coordinación con la terminal
2024-09-13,CLI0074,7,
2024-10-23,CLI0074,7,nuevo servicio semanal con Canarias
2025-05-10,CLI0074,10,puntualidad en el atraque
2024-02-10,CLI0075,9,puntualidad en el atraque
2024-05-10,CLI0075,7,
2024-11-26,CLI0075,10,operativa impecable
2025-01-17,CLI0075,9,operativa impecable
2025-06-16,CLI0075,5,esperas interminables en fondeo
2025-11-27,CLI0075,7,reunión sobre la ampliación del muelle sur
2024-04-07,CLI0076,9,muy buena atención comercial
2024-07-20,CLI0076,7,reunión sobre la ampliación del muelle sur
2024-11-09,CLI0076,7,reunión sobre la ampliación del muelle sur
2025-01-08,CLI0076,7,
2024-01-15,CLI0077,8,operativa impecable
2024-06-01,CLI0077,8,gran trabajo del equipo de estiba
2024-07-22,CLI0077,8,excelente coordinación con la terminal
2025-02-17,CLI0077,10,la campaña de fresa ha ido genial
2025-09-05,CLI0077,10,la campaña de fresa ha ido genial
2025-12-19,CLI0077,6,jornada técnica sobre digitalización portuaria
2024-01-24,CLI0078,9,rapidez en la descarga
2024-04-08,CLI0078,10,operativa impecable
2024-08-03,CLI0078,5,esperas interminables en fondeo
2025-06-24,CLI0078,10,operativa impecable
2025-07-15,CLI0078,5,perdimos la conexión del reefer
2025-11-28,CLI0078,3,colas de camiones en la puerta
2024-05-26,CLI0079,7,nuevo servicio semanal con Canarias
2024-08-04,CLI0079,7,nuevo servicio semanal con Canarias
2025-02-08,CLI0079,9,rapidez en la descarga
2025-05-12,CLI0079,9,muy buena atención comercial
2025-07-09,CLI0079,9,excelente coordinación con la terminal
2025-11-20,CLI0079,7,jornada técnica sobre digitalización portuaria
2024-10-27,CLI0080,9,puntualidad en el atraque
2025-02-20,CLI0080,7,publicadas las tarifas del próximo año
2025-06-01,CLI0080,10,rapidez en la descarga
2025-08-17,CLI0080,8,la campaña de fresa ha ido genial
2025-12-01,CLI0080,9,cadena de frío perfecta
2024-03-25,CLI0081,8,gran trabajo del equipo de estiba
2024-07-13,CLI0081,9,cadena de frío perfecta
2024-12-11,CLI0081,9,gran trabajo del equipo de estiba
2025-05-10,CLI0081,9,rapidez en la descarga
2025-07-01,CLI0081,5,la grúa vuelve a estar parada
2025-10-27,CLI0081,5,colas de camiones en la puerta
2024-02-20,CLI0082,8,gran trabajo del equipo de estiba
2024-09-23,CLI0082,10,gran trabajo del equipo de estiba
2024-11-09,CLI0082,6,
2025-03-27,CLI0082,7,publicadas las tarifas del próximo año
2025-04-25,CLI0082,10,la campaña de fresa ha ido genial
2025-09-13,CLI0082,8,operativa impecable
2025-12-02,CLI0082,8,rapidez en la descarga
2024-02-02,CLI0083,9,muy buena atención comercial
2024-08-22,CLI0083,7,reunión sobre la ampliación del muelle sur
2024-12-03,CLI0083,9,muy buena atención comercial
2025-01-20,CLI0083,7,reunión sobre la ampliación del muelle sur
2025-05-01,CLI0083,6,jornada técnica sobre digitalización portuaria
2025-09-14,CLI0083,5,otra vez sin fecha de atraque
2025-10-06,CLI0083,4,otra vez sin fecha de atraque
2024-05-09,CLI0084,8,rapidez en la descarga
2024-11-09,CLI0084,7,
2025-03-28,CLI0084,7,visita institucional a la terminal
2025-06-23,CLI0084,9,excelente coordinación con la terminal
2024-06-09,CLI0085,10,operativa impecable
2024-12-01,CLI0085,7,nuevo servicio semanal con Canarias
2025-04-09,CLI0085,7,reunión sobre la ampliación del muelle sur
2025-07-07,CLI0085,7,publicadas las tarifas del próximo año
2024-03-26,CLI0086,9,operativa impecable
2024-06-02,CLI0086,10,excelente coordinación con la terminal
2024-08-02,CLI0086,8,la campaña de fresa ha ido genial
2025-03-07,CLI0086,8,gran trabajo del equipo de estiba
2025-04-10,CLI0086,8,puntualidad en el atraque
2025-08-11,CLI0086,7,reunión sobre la ampliación del muelle sur
2025-10-06,CLI0086,8,gran trabajo del equipo de estiba
2024-03-23,CLI0087,6,visita institucional a la terminal
2024-05-09,CLI0087,6,visita institucional a la terminal
2024-09-21,CLI0087,8,la campaña de fresa ha ido genial
2024-12-08,CLI0087,10,cadena de frío perfecta
2025-02-21,CLI0087,8,excelente coordinación con la terminal
2025-05-13,CLI0087,8,puntualidad en el atraque
2025-08-05,CLI0087,6,nuevo servicio semanal con Canarias
2025-12-25,CLI0087,5,otra vez sin fecha de atraque
2024-04-26,CLI0088,8,operativa impecable
2024-09-13,CLI0088,8,puntualidad en el atraque
2024-11-08,CLI0088,7,
2025-01-16,CLI0088,10,operativa impecable
2025-11-13,CLI0088,8,gran trabajo del equipo de estiba
2024-03-25,CLI0089,7,
2024-04-20,CLI0089,9,rapidez en la descarga
2024-07-09,CLI0089,8,excelente coordinación con la terminal
2024-12-12,CLI0089,7,jornada técnica sobre digitalización portuaria
2025-06-28,CLI0089,10,rapidez en la descarga
2025-09-19,CLI0089,8,puntualidad en el atraque
2025-11-03,CLI0089,7,jornada técnica sobre digitalización portuaria
2024-06-06,CLI0090,10,excelente coordinación con la terminal
2024-11-05,CLI0090,8,la campaña de fresa ha ido genial
2025-05-22,CLI0090,9,gran trabajo del equipo de estiba
2025-11-17,CLI0090,7,nuevo servicio semanal con Canarias
2024-04-22,CLI0091,9,rapidez en la descarga
2024-10-08,CLI0091,9,gran trabajo del equipo de estiba
2025-02-18,CLI0091,10,puntualidad en el atraque
2025-05-04,CLI0091,10,operativa impecable
2025-08-11,CLI0091,9,rapidez en la descarga
2024-03-27,CLI0092,7,visita institucional a la terminal
2024-06-06,CLI0092,9,cadena de frío perfecta
2025-05-13,CLI0092,10,operativa impecable
2025-07-19,CLI0092,9,la campaña de fresa ha ido genial
2025-12-13,CLI0092,5,retrasos en la descarga de contenedores
2024-04-17,CLI0093,7,
2024-07-27,CLI0093,9,rapidez en la descarga
2024-12-01,CLI0093,9,puntualidad en el atraque
2025-03-19,CLI0093,6,
2024-05-07,CLI0094,6,jornada técnica sobre digitalización portuaria
2024-12-05,CLI0094,7,publicadas las tarifas del próximo año
2025-03-18,CLI0094,8,operativa impecable
2025-09-20,CLI0094,9,la campaña de fresa ha ido genial
2025-12-15,CLI0094,10,la campaña de fresa ha ido genial
2024-10-11,CLI0095,8,rapidez en la descarga
2025-06-04,CLI0095,6,reunión sobre la ampliación del muelle sur
2025-12-21,CLI0095,6,hoy atraca un nuevo portacontenedores
2024-03-21,CLI0096,8,la campaña de fresa ha ido genial
2024-05-01,CLI0096,10,operativa impecable
2024-08-04,CLI0096,8,rapidez en la descarga
2024-11-05,CLI0096,7,
2025-06-11,CLI0096,10,la campaña de fresa ha ido genial
2025-07-01,CLI0096,9,cadena de frío perfecta
2025-12-07,CLI0096,7,hoy atraca un nuevo portacontenedores
2024-02-25,CLI0097,10,excelente coordinación con la terminal
2024-06-15,CLI0097,7,hoy atraca un nuevo portacontenedores
2024-07-26,CLI0097,9,puntualidad en el atraque
2024-11-01,CLI0097,9,puntualidad en el atraque
2025-03-24,CLI0097,10,la campaña de fresa ha ido genial
2025-04-23,CLI0097,9,la campaña de fresa ha ido genial
2025-09-04,CLI0097,9,gran trabajo del equipo de estiba
2025-10-07,CLI0097,7,
2024-05-05,CLI0098,10,excelente coordinación con la terminal
2024-08-15,CLI0098,8,puntualidad en el atraque
2025-06-22,CLI0098,8,puntualidad en el atraque
2025-11-08,CLI0098,7,hoy atraca un nuevo portacontenedores
2024-04-10,CLI0099,7,publicadas las tarifas del próximo año
2024-09-09,CLI0099,7,nuevo servicio semanal con Canarias
2024-12-06,CLI0099,9,gran trabajo del equipo de estiba
2025-07-22,CLI0099,7,nuevo servicio semanal con Canarias
2025-12-12,CLI0099,7,visita institucional a la terminal
2024-04-27,CLI0100,9,puntualidad en el atraque
2024-08-25,CLI0100,9,la campaña de fresa ha ido genial
2024-10-01,CLI0100,9,puntualidad en el atraque
2025-04-15,CLI0100,7,publicadas las tarifas del próximo año
2025-07-09,CLI0100,6,reunión sobre la ampliación del muelle sur
2025-11-28,CLI0100,3,perdimos la conexión del reefer
2024-04-04,CLI0101,8,la campaña de fresa ha ido genial
2024-08-12,CLI0101,10,la campaña de fresa ha ido genial
2025-12-08,CLI0101,10,excelente coordinación con la terminal
2024-01-20,CLI0102,10,rapidez en la descarga
2024-04-16,CLI0102,8,muy buena atención comercial
2024-07-11,CLI0102,9,cadena de frío perfecta
2024-10-25,CLI0102,10,gran trabajo del equipo de estiba
2025-07-16,CLI0102,7,hoy atraca un nuevo portacontenedores
2024-02-08,CLI0103,8,la campaña de fresa ha ido genial
2024-04-01,CLI0103,8,gran trabajo del equipo de estiba
2024-08-21,CLI0103,9,operativa impecable
2024-11-28,CLI0103,6,jornada técnica sobre digitalización portuaria
2025-02-24,CLI0103,8,excelente coordinación con la terminal
2025-05-10,CLI0103,10,excelente coordinación con la terminal
2025-09-17,CLI0103,9,puntualidad en el atraque
2025-11-10,CLI0103,8,rapidez en la descarga
2024-07-21,CLI0104,9,rapidez en la descarga
2024-10-21,CLI0104,10,excelente coordinación con la terminal
2025-04-05,CLI0104,8,muy buena atención comercial
2025-08-17,CLI0104,6,hoy atraca un nuevo portacontenedores
2025-12-03,CLI0104,6,hoy atraca un nuevo portacontenedores
2024-02-13,CLI0105,6,nuevo servicio semanal con Canarias
2024-05-09,CLI0105,5,esperas interminables en fondeo
2024-07-04,CLI0105,8,excelente coordinación con la terminal
2025-03-14,CLI0105,9,rapidez en la descarga
2025-06-25,CLI0105,10,rapidez en la descarga
2025-11-06,CLI0105,9,cadena de frío perfecta
2024-04-20,CLI0106,8,la campaña de fresa ha ido genial
2024-08-04,CLI0106,7,publicadas las tarifas del próximo año
2024-12-12,CLI0106,6,
2025-01-24,CLI0106,10,muy buena atención comercial
2025-08-05,CLI0106,9,cadena de frío perfecta
2025-11-22,CLI0106,9,operativa impecable
2024-02-04,CLI0107,9,muy buena atención comercial
2024-05-25,CLI0107,8,operativa impecable
2024-10-24,CLI0107,8,gran trabajo del equipo de estiba
2025-09-07,CLI0107,6,visita institucional a la terminal
2024-01-12,CLI0108,8,rapidez en la descarga
2024-06-11,CLI0108,8,muy buena atención comercial
2024-12-18,CLI0108,8,rapidez en la descarga
2025-02-18,CLI0108,8,rapidez en la descarga
2025-04-26,CLI0108,7,hoy atraca un nuevo portacontenedores
2024-08-20,CLI0109,10,puntualidad en el atraque
2024-11-27,CLI0109,5,perdimos la conexión del reefer
2025-01-05,CLI0109,5,retrasos en la descarga de contenedores
2025-05-14,CLI0109,10,la campaña de fresa ha ido genial
2025-08-24,CLI0109,8,rapidez en la descarga
2025-10-03,CLI0109,8,excelente coordinación con la terminal
2024-04-15,CLI0110,8,operativa impecable
2024-10-28,CLI0110,7,visita institucional a la terminal
2025-02-15,CLI0110,8,operativa impecable
2025-05-08,CLI0110,10,operativa impecable
2025-09-21,CLI0110,9,gran trabajo del equipo de estiba
2024-02-26,CLI0111,10,la campaña de fresa ha ido genial
2024-04-25,CLI0111,6,
2024-09-23,CLI0111,9,excelente coordinación con la terminal
2025-03-25,CLI0111,10,operativa impecable
2025-04-26,CLI0111,9,gran trabajo del equipo de estiba
2025-09-21,CLI0111,6,hoy atraca un nuevo portacontenedores
2025-12-02,CLI0111,7,visita institucional a la terminal
2024-03-05,CLI0112,6,hoy atraca un nuevo portacontenedores
2024-04-12,CLI0112,8,gran trabajo del equipo de estiba
2024-10-02,CLI0112,7,hoy atraca un nuevo portacontenedores
2025-04-14,CLI0112,10,puntualidad en el atraque
2024-05-28,CLI0113,8,la campaña de fresa ha ido genial
2024-09-19,CLI0113,9,cadena de frío perfecta
2024-11-27,CLI0113,8,gran trabajo del equipo de estiba
2025-02-05,CLI0113,10,la campaña de fresa ha ido genial
2025-10-08,CLI0113,9,operativa impecable
2024-05-13,CLI0114,10,cadena de frío perfecta
2024-08-01,CLI0114,8,cadena de frío perfecta
2025-02-25,CLI0114,9,excelente coordinación con la terminal
2025-06-11,CLI0114,9,cadena de frío perfecta
2025-09-16,CLI0114,10,gran trabajo del equipo de estiba
2025-10-22,CLI0114,6,visita institucional a la terminal
2024-09-01,CLI0115,9,cadena de frío perfecta
2025-02-02,CLI0115,8,gran trabajo del equipo de estiba
2025-05-05,CLI0115,10,excelente coordinación con la terminal
2025-07-04,CLI0115,9,la campaña de fresa ha ido genial
2025-10-08,CLI0115,10,muy buena atención comercial
2024-02-22,CLI0116,8,gran trabajo del equipo de estiba
2024-07-18,CLI0116,8,cadena de frío perfecta
2025-03-06,CLI0116,8,excelente coordinación con la terminal
2025-05-25,CLI0116,7,
2025-12-06,CLI0116,5,mala comunicación con la terminal
2024-03-26,CLI0117,9,cadena de frío perfecta
2024-05-16,CLI0117,9,rapidez en la descarga
2024-09-22,CLI0117,9,la campaña de fresa ha ido genial
2024-12-13,CLI0117,10,operativa impecable
2025-03-25,CLI0117,6,visita institucional a la terminal
2025-04-13,CLI0117,7,publicadas las tarifas del próximo año
2025-07-01,CLI0117,9,cadena de frío perfecta
2024-01-21,CLI0118,10,gran trabajo del equipo de estiba
2024-04-13,CLI0118,8,muy buena atención comercial
2024-11-06,CLI0118,9,rapidez en la descarga
2025-05-02,CLI0118,7,visita institucional a la terminal
2024-03-13,CLI0119,9,excelente coordinación con la terminal
2024-04-11,CLI0119,8,puntualidad en el atraque
2024-08-17,CLI0119,7,hoy atraca un nuevo portacontenedores
2024-12-27,CLI0119,10,rapidez en la descarga
2025-08-22,CLI0119,10,muy buena atención comercial
2025-12-11,CLI0119,8,muy buena atención comercial
2024-03-04,CLI0120,8,operativa impecable
2024-04-25,CLI0120,9,operativa impecable
2025-03-07,CLI0120,7,visita institucional a la terminal
2025-06-27,CLI0120,5,la grúa vuelve a estar parada
2025-09-11,CLI0120,7,visita institucional a la terminal
2025-10-03,CLI0120,3,otra vez sin fecha de atraque
2024-03-22,CLI0121,9,operativa impecable
2024-08-27,CLI0121,10,la campaña de fresa ha ido genial
2024-10-03,CLI0121,9,cadena de frío perfecta
2025-04-10,CLI0121,8,gran trabajo del equipo de estiba
2025-07-24,CLI0121,8,excelente coordinación con la terminal
2024-01-15,CLI0122,8,muy buena atención comercial
2024-07-23,CLI0122,9,excelente coordinación con la terminal
2025-02-15,CLI0122,9,gran trabajo del equipo de estiba
2025-07-06,CLI0122,4,retrasos en la descarga de contenedores
2024-01-03,CLI0123,8,gran trabajo del equipo de estiba
2024-04-17,CLI0123,9,la campaña de fresa ha ido genial
2024-12-27,CLI0123,8,la campaña de fresa ha ido genial
2025-02-10,CLI0123,7,jornada técnica sobre digitalización portuaria
2025-06-17,CLI0123,7,jornada técnica sobre digitalización portuaria
2025-09-20,CLI0123,8,cadena de frío perfecta
2025-11-18,CLI0123,9,rapidez en la descarga
2024-03-27,CLI0124,7,jornada técnica sobre digitalización portuaria
2024-12-12,CLI0124,8,muy buena atención comercial
2025-08-20,CLI0124,7,hoy atraca un nuevo portacontenedores
2025-12-03,CLI0124,7,reunión sobre la ampliación del muelle sur
2024-02-12,CLI0125,6,
2025-01-03,CLI0125,9,muy buena atención comercial
2025-04-18,CLI0125,7,hoy atraca un nuevo portacontenedores
2025-09-14,CLI0125,7,reunión sobre la ampliación del muelle sur
2024-06-27,CLI0126,6,nuevo servicio semanal con Canarias
2024-11-11,CLI0126,8,operativa impecable
2025-03-25,CLI0126,8,puntualidad en el atraque
2025-04-02,CLI0126,9,la campaña de fresa ha ido genial
2025-12-07,CLI0126,7,visita institucional a la terminal
2024-02-09,CLI0127,8,gran trabajo del equipo de estiba
2024-04-11,CLI0127,8,rapidez en la descarga
2024-11-24,CLI0127,8,cadena de frío perfecta
2025-12-25,CLI0127,4,la grúa vuelve a estar parada
2024-04-02,CLI0128,7,jornada técnica sobre digitalización portuaria
2024-08-21,CLI0128,9,cadena de frío perfecta
2024-12-28,CLI0128,9,operativa impecable
2025-08-05,CLI0128,9,la campaña de fresa ha ido genial
2025-12-25,CLI0128,8,excelente coordinación con la terminal
2024-03-05,CLI0129,7,reunión sobre la ampliación del muelle sur
2024-08-21,CLI0129,9,muy buena atención comercial
2025-03-08,CLI0129,9,cadena de frío perfecta
2025-09-01,CLI0129,9,gran trabajo del equipo de estiba
2024-07-28,CLI0130,9,excelente coordinación con la terminal
2025-01-04,CLI0130,9,operativa impecable
2025-10-25,CLI0130,9,muy buena atención comercial
2024-05-25,CLI0131,9,muy buena atención comercial
2024-08-22,CLI0131,6,
2024-10-24,CLI0131,9,cadena de frío perfecta
2025-08-27,CLI0131,8,operativa impecable
2024-06-02,CLI0132,9,cadena de frío perfecta
2024-10-06,CLI0132,10,gran trabajo del equipo de estiba
2025-02-01,CLI0132,8,la campaña de fresa ha ido genial
2025-10-27,CLI0132,10,rapidez en la descarga
2024-03-14,CLI0133,8,excelente coordinación con la terminal
2024-05-14,CLI0133,10,rapidez en la descarga
2024-09-09,CLI0133,7,publicadas las tarifas del próximo año
2025-02-16,CLI0133,7,hoy atraca un nuevo portacontenedores
2025-09-11,CLI0133,9,muy buena atención comercial
2025-10-05,CLI0133,10,excelente coordinación con la terminal
2024-03-07,CLI0134,8,cadena de frío perfecta
2025-01-26,CLI0134,7,reunión sobre la ampliación del muelle sur
2025-05-22,CLI0134,7,hoy atraca un nuevo portacontenedores
2025-08-17,CLI0134,7,jornada técnica sobre digitalización portuaria
2025-12-28,CLI0134,9,puntualidad en el atraque
2024-10-02,CLI0135,10,gran trabajo del equipo de estiba
2024-01-22,CLI0136,9,la campaña de fresa ha ido genial
2024-06-15,CLI0136,6,hoy atraca un nuevo portacontenedores
2024-09-09,CLI0136,6,visita institucional a la terminal
2024-10-06,CLI0136,9,puntualidad en el atraque
2025-09-14,CLI0136,8,cadena de frío perfecta
2025-12-13,CLI0136,10,rapidez en la descarga
2024-06-22,CLI0137,10,excelente coordinación con la terminal
2024-09-27,CLI0137,10,puntualidad en el atraque
2024-11-16,CLI0137,10,la campaña de fresa ha ido genial
2025-04-27,CLI0137,9,la campaña de fresa ha ido genial
2025-12-11,CLI0137,9,cadena de frío perfecta
2024-04-15,CLI0138,9,excelente coordinación con la terminal
2024-09-01,CLI0138,7,jornada técnica sobre digitalización portuaria
2025-10-11,CLI0138,9,puntualidad en el atraque
2024-01-01,CLI0139,8,muy buena atención comercial
2024-05-04,CLI0139,9,excelente coordinación con la terminal
2024-07-25,CLI0139,10,rapidez en la descarga
2025-02-22,CLI0139,10,muy buena atención comercial
2025-05-05,CLI0139,7,jornada técnica sobre digitalización portuaria
2025-08-21,CLI0139,5,colas de camiones en la puerta
2024-03-20,CLI0140,5,colas de camiones en la puerta
2024-08-18,CLI0140,10,la campaña de fresa ha ido genial
2025-01-08,CLI0140,7,
2025-12-08,CLI0140,5,la grúa vuelve a estar parada
2024-03-12,CLI0141,7,reunión sobre la ampliación del muelle sur
2024-05-09,CLI0141,9,operativa impecable
2024-12-15,CLI0141,8,gran trabajo del equipo de estiba
2025-02-21,CLI0141,9,muy buena atención comercial
2025-04-23,CLI0141,9,cadena de frío perfecta
2025-11-24,CLI0141,6,
2024-04-15,CLI0142,9,cadena de frío perfecta
2024-09-02,CLI0142,9,cadena de frío perfecta
2025-01-05,CLI0142,9,cadena de frío perfecta
2025-06-21,CLI0142,4,la grúa vuelve a estar parada
2025-07-09,CLI0142,9,excelente coordinación con la terminal
2025-11-12,CLI0142,7,
2024-01-08,CLI0143,8,rapidez en la descarga
2024-04-05,CLI0143,10,la campaña de fresa ha ido genial
2024-09-09,CLI0143,8,cadena de frío perfecta
2024-11-19,CLI0143,8,gran trabajo del equipo de estiba
2025-06-25,CLI0143,7,publicadas las tarifas del próximo año
2025-09-17,CLI0143,5,mala comunicación con la terminal
2025-12-05,CLI0143,8,gran trabajo del equipo de estiba
2024-01-04,CLI0144,7,
2024-06-15,CLI0144,8,puntualidad en el atraque
2024-10-17,CLI0144,10,muy buena atención comercial
2025-01-25,CLI0144,8,operativa impecable
2025-05-21,CLI0144,10,la campaña de fresa ha ido genial
2025-08-09,CLI0144,5,retrasos en la descarga de contenedores
2024-01-10,CLI0145,8,cadena de frío perfecta
2024-06-02,CLI0145,8,muy buena atención comercial
2024-11-03,CLI0145,10,rapidez en la descarga
2025-09-24,CLI0145,8,puntualidad en el atraque
2025-10-04,CLI0145,9,excelente coordinación con la terminal
2024-06-26,CLI0146,7,hoy atraca un nuevo portacontenedores
2024-12-20,CLI0146,7,hoy atraca un nuevo portacontenedores
2025-01-18,CLI0146,8,rapidez en la descarga
2025-04-22,CLI0146,6,
2025-07-07,CLI0146,5,esperas interminables en fondeo
2025-11-15,CLI0146,7,reunión sobre la ampliación del muelle sur
2024-06-04,CLI0147,9,rapidez en la descarga
2024-07-05,CLI0147,9,cadena de frío perfecta
2024-11-28,CLI0147,8,operativa impecable
2025-10-20,CLI0147,8,operativa impecable
2024-07-22,CLI0148,9,excelente coordinación con la terminal
2025-09-03,CLI0148,10,cadena de frío perfecta
2024-03-11,CLI0149,9,excelente coordinación con la terminal
2024-05-27,CLI0149,8,la campaña de fresa ha ido genial
2024-07-13,CLI0149,6,hoy atraca un nuevo portacontenedores
2025-03-18,CLI0149,9,puntualidad en el atraque
2025-05-24,CLI0149,8,cadena de frío perfecta
2025-08-08,CLI0149,8,cadena de frío perfecta
2025-10-25,CLI0149,8,puntualidad en el atraque
2024-02-24,CLI0150,6,nuevo servicio semanal con Canarias
2024-06-12,CLI0150,7,visita institucional a la terminal
2024-08-20,CLI0150,8,la campaña de fresa ha ido genial
2025-01-04,CLI0150,7,publicadas las tarifas del próximo año
2025-10-28,CLI0150,10,la campaña de fresa ha ido genial
2024-03-20,CLI0151,9,cadena de frío perfecta
2024-04-11,CLI0151,10,cadena de frío perfecta
2024-11-17,CLI0151,7,visita institucional a la terminal
2025-12-05,CLI0151,10,rapidez en la descarga
2024-02-19,CLI0152,9,muy buena atención comercial
2024-04-11,CLI0152,10,operativa impecable
2024-07-01,CLI0152,7,hoy atraca un nuevo portacontenedores
2024-11-18,CLI0152,6,jornada técnica sobre digitalización portuaria
2025-03-03,CLI0152,10,cadena de frío perfecta
2025-04-17,CLI0152,9,rapidez en la descarga
2025-12-08,CLI0152,10,cadena de frío perfecta
2024-03-03,CLI0153,9,gran trabajo del equipo de estiba
2024-10-14,CLI0153,7,visita institucional a la terminal
2025-03-09,CLI0153,7,reunión sobre la ampliación del muelle sur
2025-08-03,CLI0153,7,reunión sobre la ampliación del muelle sur
2024-03-11,CLI0154,10,cadena de frío perfecta
2024-06-17,CLI0154,8,cadena de frío perfecta
2024-08-09,CLI0154,6,publicadas las tarifas del próximo año
2025-03-13,CLI0154,8,operativa impecable
2025-06-15,CLI0154,9,rapidez en la descarga
2025-07-25,CLI0154,9,cadena de frío perfecta
2025-10-23,CLI0154,9,puntualidad en el atraque
2024-05-17,CLI0155,8,gran trabajo del equipo de estiba
2024-08-18,CLI0155,7,nuevo servicio semanal con Canarias
2024-12-03,CLI0155,10,puntualidad en el atraque
2025-04-12,CLI0155,6,nuevo servicio semanal con Canarias
2025-08-26,CLI0155,8,puntualidad en el atraque
2025-01-07,CLI0156,6,nuevo servicio semanal con Canarias
2025-05-08,CLI0156,8,excelente coordinación con la terminal
2025-09-01,CLI0156,9,rapidez en la descarga
2024-02-22,CLI0157,6,
2024-05-20,CLI0157,9,rapidez en la descarga
2024-10-21,CLI0157,10,gran trabajo del equipo de estiba
2025-02-10,CLI0157,6,reunión sobre la ampliación del muelle sur
2025-11-16,CLI0157,5,otra vez sin fecha de atraque
2024-03-20,CLI0158,8,muy buena atención comercial
2024-04-15,CLI0158,10,excelente coordinación con la terminal
2025-03-14,CLI0158,8,cadena de frío perfecta
2025-11-09,CLI0158,8,puntualidad en el atraque
2024-02-21,CLI0159,8,la campaña de fresa ha ido genial
2024-05-02,CLI0159,9,operativa impecable
2024-09-16,CLI0159,8,gran trabajo del equipo de estiba
2024-11-24,CLI0159,9,puntualidad en el atraque
2025-01-24,CLI0159,8,la campaña de fresa ha ido genial
2025-06-27,CLI0159,9,operativa impecable
2025-07-10,CLI0159,8,operativa impecable
2025-12-01,CLI0159,9,cadena de frío perfecta
2024-05-27,CLI0160,8,cadena de frío perfecta
2024-07-18,CLI0160,9,cadena de frío perfecta
2024-10-05,CLI0160,5,servicio lento y caro
2025-01-20,CLI0160,6,
2025-06-12,CLI0160,8,rapidez en la descarga
2025-08-19,CLI0160,6,jornada técnica sobre digitalización portuaria
2024-02-21,CLI0161,10,gran trabajo del equipo de estiba
2024-05-26,CLI0161,7,nuevo servicio semanal con Canarias
2024-11-01,CLI0161,6,jornada técnica sobre digitalización portuaria
2025-02-05,CLI0161,9,rapidez en la descarga
2025-04-17,CLI0161,7,visita institucional a la terminal
2025-09-23,CLI0161,6,jornada técnica sobre digitalización portuaria
2025-11-01,CLI0161,8,puntualidad en el atraque
2024-03-20,CLI0162,8,muy buena atención comercial
2024-04-02,CLI0162,9,excelente coordinación con la terminal
2024-07-24,CLI0162,10,la campaña de fresa ha ido genial
2024-12-18,CLI0162,6,publicadas las tarifas del próximo año
2025-02-05,CLI0162,8,gran trabajo del equipo de estiba
2025-05-26,CLI0162,8,puntualidad en el atraque
2025-11-17,CLI0162,9,la campaña de fresa ha ido genial
2024-05-06,CLI0163,7,jornada técnica sobre digitalización portuaria
2024-07-10,CLI0163,6,publicadas las tarifas del próximo año
2024-11-25,CLI0163,8,puntualidad en el atraque
2025-05-18,CLI0163,10,puntualidad en el atraque
2025-08-08,CLI0163,4,esperas interminables en fondeo
2025-12-16,CLI0163,8,excelente coordinación con la terminal
2024-02-02,CLI0164,9,cadena de frío perfecta
2024-05-25,CLI0164,10,muy buena atención comercial
2024-08-20,CLI0164,9,cadena de frío perfecta
2024-11-09,CLI0164,6,
2025-03-12,CLI0164,7,publicadas las tarifas del próximo año
2025-08-02,CLI0164,5,la grúa vuelve a estar parada
2025-10-03,CLI0164,5,servicio lento y caro
2024-01-22,CLI0165,9,puntualidad en el atraque
2024-06-03,CLI0165,7,reunión sobre la ampliación del muelle sur
2024-09-01,CLI0165,6,reunión sobre la ampliación del muelle sur
2024-12-05,CLI0165,6,publicadas las tarifas del próximo año
2025-12-17,CLI0165,5,esperas interminables en fondeo
2024-09-01,CLI0166,10,operativa impecable
2024-12-26,CLI0166,9,la campaña de fresa ha ido genial
2025-07-12,CLI0166,10,puntualidad en el atraque
2024-05-28,CLI0167,9,gran trabajo del equipo de estiba
2024-09-12,CLI0167,7,visita institucional a la terminal
2025-02-23,CLI0167,10,rapidez en la descarga
2025-06-13,CLI0167,8,operativa impecable
2025-08-13,CLI0167,5,mala comunicación con la terminal
2025-11-27,CLI0167,5,perdimos la conexión del reefer
2025-02-15,CLI0168,9,rapidez en la descarga
2024-02-02,CLI0169,9,excelente coordinación con la terminal
2024-06-19,CLI0169,8,muy buena atención comercial
2025-05-26,CLI0169,8,operativa impecable
2025-10-11,CLI0169,6,publicadas las tarifas del próximo año
2024-05-04,CLI0170,8,gran trabajo del equipo de estiba
2025-02-25,CLI0170,8,muy buena atención comercial
2025-05-02,CLI0170,10,la campaña de fresa ha ido genial
2025-07-14,CLI0170,10,muy buena atención comercial
2025-11-05,CLI0170,7,jornada técnica sobre digitalización portuaria
2024-06-24,CLI0171,10,excelente coordinación con la terminal
2024-09-21,CLI0171,8,operativa impecable
2024-12-27,CLI0171,8,excelente coordinación con la terminal
2025-02-19,CLI0171,7,visita institucional a la terminal
2025-06-07,CLI0171,10,gran trabajo del equipo de estiba
2025-08-28,CLI0171,9,puntualidad en el atraque
2024-01-22,CLI0172,4,colas de camiones en la puerta
2024-04-07,CLI0172,6,visita institucional a la terminal
2024-07-26,CLI0172,6,visita institucional a la terminal
2024-10-20,CLI0172,6,jornada técnica sobre digitalización portuaria
2025-02-07,CLI0172,9,excelente coordinación con la terminal
2025-09-02,CLI0172,8,muy buena atención comercial
2025-10-16,CLI0172,7,hoy atraca un nuevo portacontenedores
2024-02-01,CLI0173,6,
2024-06-18,CLI0173,7,
2024-08-27,CLI0173,7,
2024-12-28,CLI0173,10,rapidez en la descarga
2025-03-20,CLI0173,6,nuevo servicio semanal con Canarias
2025-06-21,CLI0173,10,muy buena atención comercial
2025-08-10,CLI0173,7,jornada técnica sobre digitalización portuaria
2025-11-08,CLI0173,9,rapidez en la descarga
2024-04-12,CLI0174,6,nuevo servicio semanal con Canarias
2024-07-17,CLI0174,10,cadena de frío perfecta
2025-03-16,CLI0174,8,la campaña de fresa ha ido genial
2025-04-11,CLI0174,8,puntualidad en el atraque
2025-07-23,CLI0174,9,puntualidad en el atraque
2025-10-11,CLI0174,10,operativa impecable
2024-08-01,CLI0175,8,operativa impecable
2024-12-08,CLI0175,10,operativa impecable
2025-07-25,CLI0175,10,cadena de frío perfecta
2024-01-22,CLI0176,6,visita institucional a la terminal
2024-09-05,CLI0176,7,publicadas las tarifas del próximo año
2024-12-07,CLI0176,10,operativa impecable
2024-07-20,CLI0177,6,nuevo servicio semanal con Canarias
2025-05-14,CLI0177,9,excelente coordinación con la terminal
2025-09-27,CLI0177,9,operativa impecable
2024-02-12,CLI0178,7,jornada técnica sobre digitalización portuaria
2024-04-16,CLI0178,8,excelente coordinación con la terminal
2024-08-04,CLI0178,10,excelente coordinación con la terminal
2024-12-19,CLI0178,7,reunión sobre la ampliación del muelle sur
2025-01-14,CLI0178,10,excelente coordinación con la terminal
2025-05-26,CLI0178,9,muy buena atención comercial
2024-01-05,CLI0179,10,la campaña de fresa ha ido genial
2024-07-17,CLI0179,6,
2024-11-09,CLI0179,6,jornada técnica sobre digitalización portuaria
2025-03-03,CLI0179,10,cadena de frío perfecta
2025-04-16,CLI0179,8,rapidez en la descarga
2025-12-09,CLI0179,10,gran trabajo del equipo de estiba
2024-01-04,CLI0180,10,puntualidad en el atraque
2024-07-03,CLI0180,10,gran trabajo del equipo de estiba
2024-11-05,CLI0180,10,rapidez en la descarga
2025-11-15,CLI0180,9,puntualidad en el atraque
2024-05-27,CLI0181,8,excelente coordinación con la terminal
2024-07-15,CLI0181,10,operativa impecable
2025-02-21,CLI0181,10,excelente coordinación con la terminal
2025-05-24,CLI0181,10,la campaña de fresa ha ido genial
2025-07-25,CLI0181,6,hoy atraca un nuevo portacontenedores
2025-12-04,CLI0181,6,visita institucional a la terminal
2024-03-14,CLI0182,9,puntualidad en el atraque
2024-04-26,CLI0182,9,gran trabajo del equipo de estiba
2024-09-13,CLI0182,7,
2024-10-08,CLI0182,9,muy buena atención comercial
2025-04-23,CLI0182,7,jornada técnica sobre digitalización portuaria
2024-06-22,CLI0183,8,cadena de frío perfecta
2025-03-21,CLI0183,10,muy buena atención comercial
2025-09-13,CLI0183,6,visita institucional a la terminal
2025-10-07,CLI0183,10,operativa impecable
2024-06-22,CLI0184,9,excelente coordinación con la terminal
2024-10-25,CLI0184,10,puntualidad en el atraque
2025-02-20,CLI0184,9,operativa impecable
2025-06-16,CLI0184,6,publicadas las tarifas del próximo año
2025-09-14,CLI0184,10,muy buena atención comercial
2025-11-11,CLI0184,8,cadena de frío perfecta
2024-01-20,CLI0185,8,la campaña de fresa ha ido genial
2025-03-23,CLI0185,6,reunión sobre la ampliación del muelle sur
2025-04-26,CLI0185,9,operativa impecable
2025-09-25,CLI0185,10,cadena de frío perfecta
2025-10-07,CLI0185,10,puntualidad en el atraque
2024-03-23,CLI0186,7,reunión sobre la ampliación del muelle sur
2024-06-09,CLI0186,10,gran trabajo del equipo de estiba
2024-07-10,CLI0186,10,gran trabajo del equipo de estiba
2024-10-19,CLI0186,9,excelente coordinación con la terminal
2025-02-16,CLI0186,9,operativa impecable
2025-04-18,CLI0186,10,gran trabajo del equipo de estiba
2025-07-15,CLI0186,10,muy buena atención comercial
2025-12-20,CLI0186,6,nuevo servicio semanal con Canarias
2024-03-24,CLI0187,10,excelente coordinación con la terminal
2024-06-12,CLI0187,10,rapidez en la descarga
2024-11-19,CLI0187,9,rapidez en la descarga
2025-03-25,CLI0187,8,la campaña de fresa ha ido genial
2025-04-10,CLI0187,10,excelente coordinación con la terminal
2024-06-06,CLI0188,9,la campaña de fresa ha ido genial
2024-09-12,CLI0188,6,publicadas las tarifas del próximo año
2025-02-08,CLI0188,9,puntualidad en el atraque
2025-05-17,CLI0188,9,muy buena atención comercial
2024-02-08,CLI0189,9,cadena de frío perfecta
2024-06-25,CLI0189,8,cadena de frío perfecta
2024-09-02,CLI0189,10,excelente coordinación con la terminal
2025-12-13,CLI0189,5,mala comunicación con la terminal
2024-02-14,CLI0190,4,la grúa vuelve a estar parada
2024-06-20,CLI0190,7,visita institucional a la terminal
2024-09-10,CLI0190,8,gran trabajo del equipo de estiba
2025-01-24,CLI0190,6,reunión sobre la ampliación del muelle sur
2025-11-25,CLI0190,5,la grúa vuelve a estar parada
2024-01-06,CLI0191,10,operativa impecable
2024-04-16,CLI0191,7,hoy atraca un nuevo portacontenedores
2025-01-24,CLI0191,7,hoy atraca un nuevo portacontenedores
2025-04-09,CLI0191,8,puntualidad en el atraque
2025-07-06,CLI0191,10,muy buena atención comercial
2025-11-27,CLI0191,9,cadena de frío perfecta
2024-06-21,CLI0192,6,
2024-08-01,CLI0192,6,nuevo servicio semanal con Canarias
2025-04-24,CLI0192,9,gran trabajo del equipo de estiba
2025-09-12,CLI0192,8,muy buena atención comercial
2025-11-02,CLI0192,4,otra vez sin fecha de atraque
2024-02-24,CLI0193,9,gran trabajo del equipo de estiba
2024-07-10,CLI0193,6,reunión sobre la ampliación del muelle sur
2024-11-06,CLI0193,9,excelente coordinación con la terminal
2025-03-26,CLI0193,8,cadena de frío perfecta
2025-04-26,CLI0193,5,mala comunicación con la terminal
2025-07-20,CLI0193,3,servicio lento y caro
2024-02-24,CLI0194,10,la campaña de fresa ha ido genial
2024-08-24,CLI0194,8,gran trabajo del equipo de estiba
2025-08-02,CLI0194,10,gran trabajo del equipo de estiba
2024-03-01,CLI0195,9,puntualidad en el atraque
2024-06-22,CLI0195,8,excelente coordinación con la terminal
2024-07-09,CLI0195,8,muy buena atención comercial
2024-12-11,CLI0195,6,
2025-03-04,CLI0195,8,operativa impecable
2025-06-20,CLI0195,8,puntualidad en el atraque
2025-08-10,CLI0195,6,publicadas las tarifas del próximo año
2025-10-18,CLI0195,5,la grúa vuelve a estar parada
2024-05-20,CLI0196,6,
2024-12-28,CLI0196,5,la grúa vuelve a estar parada
2025-01-24,CLI0196,9,cadena de frío perfecta
2025-06-08,CLI0196,9,la campaña de fresa ha ido genial
2025-12-11,CLI0196,10,excelente coordinación con la terminal
2024-03-21,CLI0197,9,puntualidad en el atraque
2024-06-24,CLI0197,10,operativa impecable
2025-09-22,CLI0197,6,nuevo servicio semanal con Canarias
2025-11-01,CLI0197,8,cadena de frío perfecta
2024-02-04,CLI0198,9,la campaña de fresa ha ido genial
2024-09-23,CLI0198,10,rapidez en la descarga
2025-03-06,CLI0198,10,operativa impecable
2025-07-11,CLI0198,9,cadena de frío perfecta
2025-12-03,CLI0198,10,muy buena atención comercial
2024-01-23,CLI0199,9,la campaña de fresa ha ido genial
2024-09-25,CLI0199,9,muy buena atención comercial
2024-12-12,CLI0199,9,cadena de frío perfecta
2025-03-17,CLI0199,8,la campaña de fresa ha ido genial
2025-04-08,CLI0199,7,visita institucional a la terminal
2025-09-27,CLI0199,2,la grúa vuelve a estar parada
2025-10-07,CLI0199,7,
2024-01-21,CLI0200,9,puntualidad en el atraque
2024-06-20,CLI0200,9,puntualidad en el atraque
2024-11-23,CLI0200,7,hoy atraca un nuevo portacontenedores
2025-02-04,CLI0200,7,nuevo servicio semanal con Canarias
2025-07-24,CLI0200,8,muy buena atención comercial
2025-11-28,CLI0200,7,reunión sobre la ampliación del muelle sur
2025-06-03,CLI0201,9,rapidez en la descarga
2024-02-08,CLI0202,9,muy buena atención comercial
2024-07-21,CLI0202,10,gran trabajo del equipo de estiba
2024-11-19,CLI0202,8,excelente coordinación con la terminal
2025-05-02,CLI0202,4,colas de camiones en la puerta
2025-08-14,CLI0202,10,excelente coordinación con la terminal
2024-01-24,CLI0203,4,retrasos en la descarga de contenedores
2024-04-22,CLI0203,8,muy buena atención comercial
2025-02-17,CLI0203,10,puntualidad en el atraque
2025-05-16,CLI0203,10,excelente coordinación con la terminal
2025-07-15,CLI0203,9,gran trabajo del equipo de estiba
2025-10-02,CLI0203,10,la campaña de fresa ha ido genial
2024-04-08,CLI0204,7,jornada técnica sobre digitalización portuaria
2024-08-13,CLI0204,7,jornada técnica sobre digitalización portuaria
2025-06-10,CLI0204,9,rapidez en la descarga
2025-08-01,CLI0204,8,operativa impecable
2025-10-17,CLI0204,8,la campaña de fresa ha ido genial
2024-03-28,CLI0205,8,excelente coordinación con la terminal
2024-08-18,CLI0205,9,cadena de frío perfecta
2024-11-16,CLI0205,7,jornada técnica sobre digitalización portuaria
2025-09-14,CLI0205,9,cadena de frío perfecta
2025-11-09,CLI0205,6,nuevo servicio semanal con Canarias
2024-03-19,CLI0206,6,jornada técnica sobre digitalización portuaria
2024-05-09,CLI0206,8,operativa impecable
2024-11-27,CLI0206,9,excelente coordinación con la terminal
2025-04-14,CLI0206,7,reunión sobre la ampliación del muelle sur
2025-11-02,CLI0206,9,operativa impecable
2024-11-10,CLI0207,8,cadena de frío perfecta
2025-02-21,CLI0207,7,visita institucional a la terminal
2025-07-22,CLI0207,9,muy buena atención comercial
2024-01-06,CLI0208,8,gran trabajo del equipo de estiba
2024-09-23,CLI0208,8,rapidez en la descarga
2025-10-19,CLI0208,7,visita institucional a la terminal
2024-04-08,CLI0209,10,gran trabajo del equipo de estiba
2024-07-21,CLI0209,8,excelente coordinación con la terminal
2024-11-15,CLI0209,6,jornada técnica sobre digitalización portuaria
2025-06-26,CLI0209,9,la campaña de fresa ha ido genial
2025-09-09,CLI0209,5,perdimos la conexión del reefer
2025-12-07,CLI0209,9,operativa impecable
2024-07-04,CLI0210,7,publicadas las tarifas del próximo año
2024-10-27,CLI0210,8,muy buena atención comercial
2025-03-19,CLI0210,9,rapidez en la descarga
2025-04-15,CLI0210,7,
2025-07-02,CLI0210,9,la campaña de fresa ha ido genial
2025-12-21,CLI0210,7,hoy atraca un nuevo portacontenedores
2025-03-07,CLI0211,10,excelente coordinación con la terminal
2025-04-09,CLI0211,5,otra vez sin fecha de atraque
2025-08-13,CLI0211,10,gran trabajo del equipo de estiba
2025-11-17,CLI0211,8,muy buena atención comercial
2024-06-28,CLI0212,6,publicadas las tarifas del próximo año
2024-09-26,CLI0212,8,gran trabajo del equipo de estiba
2024-12-02,CLI0212,6,hoy atraca un nuevo portacontenedores
2025-05-06,CLI0212,8,gran trabajo del equipo de estiba
2025-10-17,CLI0212,7,hoy atraca un nuevo portacontenedores
2024-05-28,CLI0213,8,muy buena atención comercial
2025-03-14,CLI0213,9,puntualidad en el atraque
2025-04-11,CLI0213,9,la campaña de fresa ha ido genial
2025-08-15,CLI0213,10,excelente coordinación con la terminal
2024-04-18,CLI0214,8,gran trabajo del equipo de estiba
2024-09-28,CLI0214,10,rapidez en la descarga
2024-11-07,CLI0214,10,puntualidad en el atraque
2025-03-15,CLI0214,6,nuevo servicio semanal con Canarias
2025-06-25,CLI0214,6,hoy atraca un nuevo portacontenedores
2025-07-19,CLI0214,5,perdimos la conexión del reefer
2025-10-01,CLI0214,7,
2024-03-21,CLI0215,7,reunión sobre la ampliación del muelle sur
2024-06-01,CLI0215,9,gran trabajo del equipo de estiba
2024-09-01,CLI0215,9,la campaña de fresa ha ido genial
2024-12-04,CLI0215,9,la campaña de fresa ha ido genial
2025-06-07,CLI0215,5,servicio lento y caro
2025-07-27,CLI0215,9,rapidez en la descarga
2025-12-19,CLI0215,9,la campaña de fresa ha ido genial
2024-02-20,CLI0216,9,muy buena atención comercial
2024-05-15,CLI0216,5,retrasos en la descarga de contenedores
2024-09-10,CLI0216,8,operativa impecable
2025-03-28,CLI0216,8,gran trabajo del equipo de estiba
2025-06-21,CLI0216,10,operativa impecable
2025-10-23,CLI0216,9,puntualidad en el atraque
2024-11-01,CLI0217,8,excelente coordinación con la terminal
2025-02-02,CLI0217,8,operativa impecable
2025-05-01,CLI0217,9,operativa impecable
2025-09-21,CLI0217,5,la grúa vuelve a estar parada
2024-09-17,CLI0218,9,gran trabajo del equipo de estiba
2024-12-20,CLI0218,6,
2025-03-03,CLI0218,6,reunión sobre la ampliación del muelle sur
2025-06-09,CLI0218,8,la campaña de fresa ha ido genial
2025-09-20,CLI0218,8,la campaña de fresa ha ido genial
2025-10-21,CLI0218,10,muy buena atención comercial
2024-03-27,CLI0219,9,muy buena atención comercial
2024-07-14,CLI0219,9,muy buena atención comercial
2025-01-17,CLI0219,9,rapidez en la descarga
2025-07-22,CLI0219,9,operativa impecable
2025-10-26,CLI0219,10,gran trabajo del equipo de estiba
2024-02-06,CLI0220,10,muy buena atención comercial
2024-05-08,CLI0220,9,excelente coordinación con la terminal
2024-08-23,CLI0220,9,operativa impecable
2024-11-18,CLI0220,10,gran trabajo del equipo de estiba
2025-12-16,CLI0220,8,gran trabajo del equipo de estiba
2024-03-27,CLI0221,9,puntualidad en el atraque
2024-07-03,CLI0221,10,muy buena atención comercial
2024-11-23,CLI0221,9,excelente coordinación con la terminal
2024-09-06,CLI0222,8,la campaña de fresa ha ido genial
2025-02-11,CLI0222,5,servicio lento y caro
2025-06-27,CLI0222,7,visita institucional a la terminal
2024-02-09,CLI0223,8,excelente coordinación con la terminal
2024-06-18,CLI0223,8,gran trabajo del equipo de estiba
2025-03-22,CLI0223,7,reunión sobre la ampliación del muelle sur
2025-06-25,CLI0223,7,hoy atraca un nuevo portacontenedores
2024-07-20,CLI0224,9,gran trabajo del equipo de estiba
2025-04-08,CLI0224,8,la campaña de fresa ha ido genial
2025-09-24,CLI0224,7,reunión sobre la ampliación del muelle sur
2025-12-01,CLI0224,9,muy buena atención comercial
2024-06-21,CLI0225,9,gran trabajo del equipo de estiba
2024-08-13,CLI0225,8,puntualidad en el atraque
2024-11-02,CLI0225,9,muy buena atención comercial
2025-01-10,CLI0225,7,publicadas las tarifas del próximo año
2025-06-27,CLI0225,9,la campaña de fresa ha ido genial
2025-10-20,CLI0225,8,rapidez en la descarga
2024-05-08,CLI0226,8,muy buena atención comercial
2024-09-04,CLI0226,10,excelente coordinación con la terminal
2024-10-20,CLI0226,6,nuevo servicio semanal con Canarias
2025-04-04,CLI0226,7,nuevo servicio semanal con Canarias
2025-09-23,CLI0226,9,muy buena atención comercial
2024-03-22,CLI0227,9,muy buena atención comercial
2024-11-24,CLI0227,10,muy buena atención comercial
2025-03-22,CLI0227,8,puntualidad en el atraque
2025-12-12,CLI0227,8,operativa impecable
2024-05-22,CLI0228,8,puntualidad en el atraque
2024-09-25,CLI0228,6,visita institucional a la terminal
2024-10-12,CLI0228,10,operativa impecable
2025-03-24,CLI0228,6,jornada técnica sobre digitalización portuaria
2025-06-26,CLI0228,7,nuevo servicio semanal con Canarias
2025-12-13,CLI0228,5,otra vez sin fecha de atraque
2024-04-16,CLI0229,7,jornada técnica sobre digitalización portuaria
2025-02-06,CLI0229,7,publicadas las tarifas del próximo año
2025-06-23,CLI0229,10,puntualidad en el atraque
2024-07-04,CLI0230,6,jornada técnica sobre digitalización portuaria
2024-12-01,CLI0230,9,cadena de frío perfecta
2025-01-23,CLI0230,7,nuevo servicio semanal con Canarias
2025-07-07,CLI0230,8,gran trabajo del equipo de estiba
2025-10-01,CLI0230,7,publicadas las tarifas del próximo año
2024-01-25,CLI0231,8,rapidez en la descarga
2024-04-23,CLI0231,7,hoy atraca un nuevo portacontenedores
2024-12-14,CLI0231,10,la campaña de fresa ha ido genial
2025-02-25,CLI0231,9,la campaña de fresa ha ido genial
2025-06-04,CLI0231,7,visita institucional a la terminal
2025-12-27,CLI0231,8,cadena de frío perfecta
2024-04-19,CLI0232,6,hoy atraca un nuevo portacontenedores
2024-09-10,CLI0232,10,muy buena atención comercial
2024-12-01,CLI0232,8,puntualidad en el atraque
2025-01-07,CLI0232,10,la campaña de fresa ha ido genial
2025-05-07,CLI0232,5,mala comunicación con la terminal
2024-12-07,CLI0233,6,visita institucional a la terminal
2025-04-19,CLI0233,10,rapidez en la descarga
2025-09-06,CLI0233,6,reunión sobre la ampliación del muelle sur
2025-12-07,CLI0233,8,operativa impecable
2024-01-03,CLI0234,9,excelente coordinación con la terminal
2024-09-26,CLI0234,9,muy buena atención comercial
2025-11-23,CLI0234,8,gran trabajo del equipo de estiba
2024-03-24,CLI0235,9,gran trabajo del equipo de estiba
2024-06-04,CLI0235,7,reunión sobre la ampliación del muelle sur
2024-07-18,CLI0235,7,nuevo servicio semanal con Canarias
2024-11-05,CLI0235,10,la campaña de fresa ha ido genial
2025-12-11,CLI0235,9,muy buena atención comercial
2024-01-24,CLI0236,6,jornada técnica sobre digitalización portuaria
2024-04-11,CLI0236,6,reunión sobre la ampliación del muelle sur
2024-12-17,CLI0236,8,rapidez en la descarga
2025-02-20,CLI0236,8,muy buena atención comercial
2025-05-25,CLI0236,7,reunión sobre la ampliación del muelle sur
2025-08-13,CLI0236,3,servicio lento y caro
2024-02-13,CLI0237,10,rapidez en la descarga
2024-04-21,CLI0237,8,puntualidad en el atraque
2024-09-08,CLI0237,7,hoy atraca un nuevo portacontenedores
2024-11-05,CLI0237,7,publicadas las tarifas del próximo año
2025-01-25,CLI0237,9,rapidez en la descarga
2025-06-16,CLI0237,6,hoy atraca un nuevo portacontenedores
2025-12-16,CLI0237,10,excelente coordinación con la terminal
2025-04-18,CLI0238,9,la campaña de fresa ha ido genial
2025-08-18,CLI0238,10,la campaña de fresa ha ido genial
2024-01-26,CLI0239,10,operativa impecable
2024-04-21,CLI0239,8,rapidez en la descarga
2024-11-05,CLI0239,9,muy buena atención comercial
2025-07-01,CLI0239,10,cadena de frío perfecta
2025-12-04,CLI0239,10,rapidez en la descarga
2024-04-17,CLI0240,5,servicio lento y caro
2025-02-06,CLI0240,8,operativa impecable
2025-07-26,CLI0240,9,operativa impecable
2025-11-28,CLI0240,9,cadena de frío perfecta
2024-01-19,CLI0241,8,operativa impecable
2024-04-24,CLI0241,5,colas de camiones en la puerta
2024-11-16,CLI0241,8,operativa impecable
2025-05-22,CLI0241,10,rapidez en la descarga
2025-09-20,CLI0241,7,hoy atraca un nuevo portacontenedores
2024-02-16,CLI0242,7,reunión sobre la ampliación del muelle sur
2024-06-05,CLI0242,8,rapidez en la descarga
2024-12-07,CLI0242,9,cadena de frío perfecta
2025-06-13,CLI0242,10,cadena de frío perfecta
2025-10-18,CLI0242,8,puntualidad en el atraque
2024-03-21,CLI0243,8,cadena de frío perfecta
2024-06-04,CLI0243,9,cadena de frío perfecta
2024-07-20,CLI0243,6,visita institucional a la terminal
2025-03-03,CLI0243,6,publicadas las tarifas del próximo año
2025-05-18,CLI0243,10,la campaña de fresa ha ido genial
2025-08-27,CLI0243,9,gran trabajo del equipo de estiba
2024-04-23,CLI0244,8,operativa impecable
2024-09-19,CLI0244,8,muy buena atención comercial
2024-11-17,CLI0244,9,cadena de frío perfecta
2025-09-22,CLI0244,7,publicadas las tarifas del próximo año
2025-12-22,CLI0244,10,puntualidad en el atraque
2024-01-13,CLI0245,10,la campaña de fresa ha ido genial
2024-07-22,CLI0245,8,gran trabajo del equipo de estiba
2024-12-27,CLI0245,6,
2025-03-25,CLI0245,7,
2025-05-24,CLI0245,9,cadena de frío perfecta
2024-03-01,CLI0246,9,la campaña de fresa ha ido genial
2024-05-20,CLI0246,9,rapidez en la descarga
2024-10-26,CLI0246,7,reunión sobre la ampliación del muelle sur
2025-01-15,CLI0246,10,excelente coordinación con la terminal
2025-04-09,CLI0246,9,rapidez en la descarga
2025-08-20,CLI0246,10,cadena de frío perfecta
2024-10-24,CLI0247,8,operativa impecable
2025-02-17,CLI0247,8,la campaña de fresa ha ido genial
2025-05-20,CLI0247,6,nuevo servicio semanal con Canarias
2025-09-12,CLI0247,9,rapidez en la descarga
2024-05-20,CLI0248,9,cadena de frío perfecta
2025-02-21,CLI0248,8,puntualidad en el atraque
2025-05-28,CLI0248,10,excelente coordinación con la terminal
2025-12-18,CLI0248,7,reunión sobre la ampliación del muelle sur
2024-05-06,CLI0249,8,gran trabajo del equipo de estiba
2025-02-27,CLI0249,8,puntualidad en el atraque
2025-06-18,CLI0249,3,retrasos en la descarga de contenedores
2025-09-28,CLI0249,10,excelente coordinación con la terminal
2024-03-22,CLI0250,9,rapidez en la descarga
2024-09-11,CLI0250,9,gran trabajo del equipo de estiba
2025-02-03,CLI0250,8,gran trabajo del equipo de estiba
2025-05-25,CLI0250,8,rapidez en la descarga
2025-08-12,CLI0250,10,rapidez en la descarga
2025-11-21,CLI0250,8,operativa impecable
2024-06-25,CLI0251,5,retrasos en la descarga de contenedores
2025-02-14,CLI0251,9,muy buena atención comercial
2025-06-08,CLI0251,6,reunión sobre la ampliación del muelle sur
2024-02-10,CLI0252,7,visita institucional a la terminal
2024-06-08,CLI0252,9,gran trabajo del equipo de estiba
2024-10-12,CLI0252,7,jornada técnica sobre digitalización portuaria
2025-01-15,CLI0252,8,gran trabajo del equipo de estiba
2025-05-18,CLI0252,9,rapidez en la descarga
2024-05-07,CLI0253,8,cadena de frío perfecta
2024-12-20,CLI0253,8,cadena de frío perfecta
2025-03-23,CLI0253,6,reunión sobre la ampliación del muelle sur
2025-05-07,CLI0253,8,rapidez en la descarga
2025-09-22,CLI0253,6,
2025-11-27,CLI0253,8,puntualidad en el atraque
2024-03-05,CLI0254,7,nuevo servicio semanal con Canarias
2024-04-21,CLI0254,7,hoy atraca un nuevo portacontenedores
2024-08-08,CLI0254,6,publicadas las tarifas del próximo año
2024-12-20,CLI0254,10,puntualidad en el atraque
2025-08-12,CLI0254,9,gran trabajo del equipo de estiba
2024-02-10,CLI0255,7,
2024-06-25,CLI0255,8,operativa impecable
2024-08-22,CLI0255,8,la campaña de fresa ha ido genial
2025-01-07,CLI0255,4,mala comunicación con la terminal
2025-10-16,CLI0255,9,gran trabajo del equipo de estiba
2024-02-11,CLI0256,10,la campaña de fresa ha ido genial
2024-06-10,CLI0256,7,jornada técnica sobre digitalización portuaria
2024-08-09,CLI0256,5,la grúa vuelve a estar parada
2024-10-09,CLI0256,8,rapidez en la descarga
2025-03-09,CLI0256,8,cadena de frío perfecta
2025-06-14,CLI0256,10,rapidez en la descarga
2025-08-13,CLI0256,7,reunión sobre la ampliación del muelle sur
2024-06-12,CLI0257,7,nuevo servicio semanal con Canarias
2024-08-11,CLI0257,5,la grúa vuelve a estar parada
2024-12-16,CLI0257,8,puntualidad en el atraque
2025-01-10,CLI0257,7,publicadas las tarifas del próximo año
2025-06-26,CLI0257,10,rapidez en la descarga
2025-07-02,CLI0257,8,puntualidad en el atraque
2025-11-05,CLI0257,7,publicadas las tarifas del próximo año
2024-03-03,CLI0258,9,gran trabajo del equipo de estiba
2024-10-01,CLI0258,7,nuevo servicio semanal con Canarias
2025-02-25,CLI0258,10,rapidez en la descarga
2025-12-16,CLI0258,8,muy buena atención comercial
2024-01-08,CLI0259,9,puntualidad en el atraque
2024-07-05,CLI0259,8,gran trabajo del equipo de estiba
2024-12-02,CLI0259,10,operativa impecable
2025-01-14,CLI0259,8,puntualidad en el atraque
2025-04-13,CLI0259,7,jornada técnica sobre digitalización portuaria
2025-09-13,CLI0259,9,muy buena atención comercial
2024-03-08,CLI0260,10,muy buena atención comercial
2024-04-03,CLI0260,8,gran trabajo del equipo de estiba
2024-09-23,CLI0260,9,excelente coordinación con la terminal
2025-01-26,CLI0260,7,jornada técnica sobre digitalización portuaria
2025-05-02,CLI0260,8,rapidez en la descarga
2025-07-02,CLI0260,9,puntualidad en el atraque
2024-06-18,CLI0261,7,reunión sobre la ampliación del muelle sur
2024-11-12,CLI0261,9,muy buena atención comercial
2025-01-09,CLI0261,9,muy buena atención comercial
2024-01-02,CLI0262,10,rapidez en la descarga
2024-09-21,CLI0262,8,operativa impecable
2024-11-19,CLI0262,10,puntualidad en el atraque
2025-02-19,CLI0262,9,puntualidad en el atraque
2025-07-10,CLI0262,8,excelente coordinación con la terminal
2025-12-03,CLI0262,5,retrasos en la descarga de contenedores
2024-05-26,CLI0263,10,rapidez en la descarga
2024-09-04,CLI0263,7,visita institucional a la terminal
2024-12-27,CLI0263,8,cadena de frío perfecta
2025-02-22,CLI0263,7,visita institucional a la terminal
2025-05-07,CLI0263,6,visita institucional a la terminal
2025-07-20,CLI0263,9,gran trabajo del equipo de estiba
2025-10-03,CLI0263,8,rapidez en la descarga
2024-03-03,CLI0264,9,gran trabajo del equipo de estiba
2024-05-07,CLI0264,10,muy buena atención comercial
2024-08-11,CLI0264,9,gran trabajo del equipo de estiba
2024-10-04,CLI0264,10,cadena de frío perfecta
2025-03-11,CLI0264,10,rapidez en la descarga
2025-05-27,CLI0264,7,publicadas las tarifas del próximo año
2025-08-27,CLI0264,7,hoy atraca un nuevo portacontenedores
2024-06-17,CLI0265,9,excelente coordinación con la terminal
2024-08-23,CLI0265,10,rapidez en la descarga
2025-10-17,CLI0265,5,otra vez sin fecha de atraque
2024-01-02,CLI0266,8,muy buena atención comercial
2024-06-27,CLI0266,8,gran trabajo del equipo de estiba
2024-08-04,CLI0266,8,la campaña de fresa ha ido genial
2024-12-04,CLI0266,9,cadena de frío perfecta
2025-03-11,CLI0266,10,cadena de frío perfecta
2025-04-02,CLI0266,7,publicadas las tarifas del próximo año
2024-01-11,CLI0267,10,operativa impecable
2024-05-19,CLI0267,9,muy buena atención comercial
2024-10-27,CLI0267,7,
2025-01-18,CLI0267,9,cadena de frío perfecta
2025-05-26,CLI0267,9,excelente coordinación con la terminal
2024-01-23,CLI0268,9,operativa impecable
2024-06-26,CLI0268,8,la campaña de fresa ha ido genial
2024-07-19,CLI0268,8,muy buena atención comercial
2024-12-22,CLI0268,10,rapidez en la descarga
2025-03-18,CLI0268,8,operativa impecable
2025-06-23,CLI0268,7,publicadas las tarifas del próximo año
2025-09-22,CLI0268,4,retrasos en la descarga de contenedores
2024-02-12,CLI0269,9,muy buena atención comercial
2024-04-18,CLI0269,10,gran trabajo del equipo de estiba
2024-08-11,CLI0269,7,
2024-12-02,CLI0269,8,excelente coordinación con la terminal
2025-02-03,CLI0269,6,reunión sobre la ampliación del muelle sur
2025-08-13,CLI0269,7,reunión sobre la ampliación del muelle sur
2025-10-03,CLI0269,10,la campaña de fresa ha ido genial
2024-02-07,CLI0270,6,
2024-04-16,CLI0270,7,
2024-11-23,CLI0270,6,hoy atraca un nuevo portacontenedores
2025-01-10,CLI0270,10,muy buena atención comercial
2025-12-01,CLI0270,9,gran trabajo del equipo de estiba
2024-03-27,CLI0271,9,muy buena atención comercial
2024-05-27,CLI0271,10,puntualidad en el atraque
2024-10-26,CLI0271,7,jornada técnica sobre digitalización portuaria
2025-02-01,CLI0271,7,reunión sobre la ampliación del muelle sur
2025-05-16,CLI0271,10,muy buena atención comercial
2025-08-16,CLI0271,8,la campaña de fresa ha ido genial
2025-12-02,CLI0271,9,la campaña de fresa ha ido genial
2024-02-03,CLI0272,9,rapidez en la descarga
2024-06-28,CLI0272,8,muy buena atención comercial
2024-07-21,CLI0272,9,rapidez en la descarga
2025-10-11,CLI0272,7,
2024-01-21,CLI0273,8,puntualidad en el atraque
2024-10-10,CLI0273,10,puntualidad en el atraque
2025-06-09,CLI0273,9,operativa impecable
2025-10-17,CLI0273,10,puntualidad en el atraque
2024-01-10,CLI0274,8,gran trabajo del equipo de estiba
2024-05-10,CLI0274,10,operativa impecable
2025-03-19,CLI0274,9,puntualidad en el atraque
2025-05-22,CLI0274,10,cadena de frío perfecta
2025-08-19,CLI0274,7,reunión sobre la ampliación del muelle sur
2025-11-03,CLI0274,10,la campaña de fresa ha ido genial
2024-03-22,CLI0275,10,operativa impecable
2024-06-11,CLI0275,7,publicadas las tarifas del próximo año
2024-11-19,CLI0275,8,operativa impecable
2025-01-05,CLI0275,6,hoy atraca un nuevo portacontenedores
2025-09-16,CLI0275,10,muy buena atención comercial
2025-12-15,CLI0275,7,publicadas las tarifas del próximo año
2024-05-19,CLI0276,7,nuevo servicio semanal con Canarias
2024-09-03,CLI0276,8,muy buena atención comercial
2024-12-26,CLI0276,10,excelente coordinación con la terminal
2025-01-20,CLI0276,9,excelente coordinación con la terminal
2025-05-10,CLI0276,9,operativa impecable
2025-07-03,CLI0276,7,hoy atraca un nuevo portacontenedores
2025-12-10,CLI0276,8,rapidez en la descarga
2024-03-05,CLI0277,7,nuevo servicio semanal con Canarias
2024-08-01,CLI0277,10,rapidez en la descarga
2024-11-16,CLI0277,7,hoy atraca un nuevo portacontenedores
2025-04-19,CLI0277,8,operativa impecable
2025-10-25,CLI0277,4,otra vez sin fecha de atraque
2024-01-17,CLI0278,6,hoy atraca un nuevo portacontenedores
2024-05-02,CLI0278,7,hoy atraca un nuevo portacontenedores
2024-08-12,CLI0278,10,gran trabajo del equipo de estiba
2024-10-08,CLI0278,7,reunión sobre la ampliación del muelle sur
2025-03-05,CLI0278,5,perdimos la conexión del reefer
2025-05-04,CLI0278,8,la campaña de fresa ha ido genial
2025-07-04,CLI0278,10,muy buena atención comercial
2025-11-18,CLI0278,8,puntualidad en el atraque
2024-02-26,CLI0279,9,la campaña de fresa ha ido genial
2024-04-10,CLI0279,6,
2024-10-08,CLI0279,10,la campaña de fresa ha ido genial
2025-04-23,CLI0279,8,la campaña de fresa ha ido genial
2025-09-25,CLI0279,9,operativa impecable
2024-01-26,CLI0280,10,puntualidad en el atraque
2024-04-24,CLI0280,9,excelente coordinación con la terminal
2024-08-02,CLI0280,8,excelente coordinación con la terminal
2024-11-21,CLI0280,8,la campaña de fresa ha ido genial
2025-03-01,CLI0280,10,rapidez en la descarga
2025-06-09,CLI0280,8,operativa impecable
2025-10-28,CLI0280,8,puntualidad en el atraque
2024-01-18,CLI0281,9,rapidez en la descarga
2024-06-25,CLI0281,10,operativa impecable
2024-07-19,CLI0281,8,muy buena atención comercial
2024-11-14,CLI0281,8,gran trabajo del equipo de estiba
2025-01-08,CLI0281,8,muy buena atención comercial
2025-06-20,CLI0281,8,operativa impecable
2025-07-06,CLI0281,7,visita institucional a la terminal
2025-10-14,CLI0281,7,jornada técnica sobre digitalización portuaria
2024-06-02,CLI0282,6,publicadas las tarifas del próximo año
2024-10-28,CLI0282,9,operativa impecable
2025-03-19,CLI0282,5,retrasos en la descarga de contenedores
2025-08-06,CLI0282,6,reunión sobre la ampliación del muelle sur
2025-12-10,CLI0282,8,rapidez en la descarga
2024-02-26,CLI0283,10,operativa impecable
2024-04-04,CLI0283,8,la campaña de fresa ha ido genial
2024-07-03,CLI0283,8,cadena de frío perfecta
2024-12-24,CLI0283,9,cadena de frío perfecta
2025-07-05,CLI0283,5,la grúa vuelve a estar parada
2025-11-25,CLI0283,6,nuevo servicio semanal con Canarias
2024-11-21,CLI0284,8,operativa impecable
2025-01-15,CLI0284,10,operativa impecable
2025-07-11,CLI0284,8,operativa impecable
2025-11-16,CLI0284,9,operativa impecable
2024-02-06,CLI0285,10,cadena de frío perfecta
2024-05-22,CLI0285,7,
2024-11-27,CLI0285,9,puntualidad en el atraque
2025-03-07,CLI0285,7,jornada técnica sobre digitalización portuaria
2025-04-03,CLI0285,7,nuevo servicio semanal con Canarias
2025-09-18,CLI0285,6,jornada técnica sobre digitalización portuaria
2025-11-24,CLI0285,4,la grúa vuelve a estar parada
2024-11-06,CLI0286,9,la campaña de fresa ha ido genial
2025-01-06,CLI0286,7,jornada técnica sobre digitalización portuaria
2025-05-01,CLI0286,9,puntualidad en el atraque
2024-02-12,CLI0287,7,reunión sobre la ampliación del muelle sur
2024-09-22,CLI0287,8,gran trabajo del equipo de estiba
2025-08-25,CLI0287,9,excelente coordinación con la terminal
2025-10-08,CLI0287,10,gran trabajo del equipo de estiba
2024-02-19,CLI0288,9,operativa impecable
2024-04-18,CLI0288,9,muy buena atención comercial
2024-07-07,CLI0288,8,excelente coordinación con la terminal
2024-10-10,CLI0288,8,la campaña de fresa ha ido genial
2025-06-15,CLI0288,7,visita institucional a la terminal
2025-07-09,CLI0288,8,cadena de frío perfecta
2025-10-23,CLI0288,9,rapidez en la descarga
2025-02-15,CLI0289,7,
2025-04-10,CLI0289,4,mala comunicación con la terminal
2025-07-26,CLI0289,8,muy buena atención comercial
2025-11-10,CLI0289,6,visita institucional a la terminal
2024-03-28,CLI0290,10,gran trabajo del equipo de estiba
2024-08-26,CLI0290,8,excelente coordinación con la terminal
2025-03-19,CLI0290,10,gran trabajo del equipo de estiba
2025-08-19,CLI0290,10,la campaña de fresa ha ido genial
2025-10-13,CLI0290,7,jornada técnica sobre digitalización portuaria
2024-02-20,CLI0291,10,excelente coordinación con la terminal
2024-04-10,CLI0291,9,operativa impecable
2024-07-21,CLI0291,8,cadena de frío perfecta
2024-12-11,CLI0291,9,rapidez en la descarga
2025-06-01,CLI0291,9,muy buena atención comercial
2025-09-22,CLI0291,6,jornada técnica sobre digitalización portuaria
2024-02-13,CLI0292,7,nuevo servicio semanal con Canarias
2024-04-03,CLI0292,8,puntualidad en el atraque
2024-08-27,CLI0292,9,muy buena atención comercial
2024-11-14,CLI0292,10,excelente coordinación con la terminal
2025-01-02,CLI0292,10,puntualidad en el atraque
2025-07-22,CLI0292,9,muy buena atención comercial
2025-10-24,CLI0292,10,gran trabajo del equipo de estiba
2025-02-13,CLI0293,8,cadena de frío perfecta
2025-09-24,CLI0293,9,rapidez en la descarga
2025-10-09,CLI0293,9,rapidez en la descarga
2024-03-22,CLI0294,7,publicadas las tarifas del próximo año
2024-04-15,CLI0294,9,muy buena atención comercial
2024-07-14,CLI0294,10,cadena de frío perfecta
2024-10-23,CLI0294,9,muy buena atención comercial
2025-06-08,CLI0294,9,gran trabajo del equipo de estiba
2025-08-03,CLI0294,8,muy buena atención comercial
2024-05-19,CLI0295,10,gran trabajo del equipo de estiba
2024-08-04,CLI0295,9,operativa impecable
2025-05-10,CLI0295,5,servicio lento y caro
2025-09-18,CLI0295,6,nuevo servicio semanal con Canarias
2024-05-26,CLI0296,8,excelente coordinación con la terminal
2024-09-05,CLI0296,7,publicadas las tarifas del próximo año
2024-10-21,CLI0296,10,excelente coordinación con la terminal
2025-03-10,CLI0296,7,nuevo servicio semanal con Canarias
2025-05-24,CLI0296,9,rapidez en la descarga
2025-08-03,CLI0296,6,hoy atraca un nuevo portacontenedores
2024-02-24,CLI0297,8,la campaña de fresa ha ido genial
2024-06-22,CLI0297,9,gran trabajo del equipo de estiba
2024-07-19,CLI0297,6,nuevo servicio semanal con Canarias
2025-01-04,CLI0297,9,cadena de frío perfecta
2025-04-10,CLI0297,7,
2025-10-19,CLI0297,6,reunión sobre la ampliación del muelle sur
2024-04-14,CLI0298,7,
2024-09-04,CLI0298,8,muy buena atención comercial
2024-11-21,CLI0298,7,visita institucional a la terminal
2025-01-27,CLI0298,10,cadena de frío perfecta
2025-04-25,CLI0298,8,muy buena atención comercial
2025-09-01,CLI0298,9,gran trabajo del equipo de estiba
2025-11-13,CLI0298,7,reunión sobre la ampliación del muelle sur
2024-01-28,CLI0299,7,publicadas las tarifas del próximo año
2025-03-02,CLI0299,9,puntualidad en el atraque
2025-08-26,CLI0299,9,cadena de frío perfecta
2025-12-13,CLI0299,8,excelente coordinación con la terminal
2024-02-06,CLI0300,9,gran trabajo del equipo de estiba
2024-04-06,CLI0300,6,nuevo servicio semanal con Canarias
2025-01-12,CLI0300,8,cadena de frío perfecta
2025-06-05,CLI0300,8,gran trabajo del equipo de estiba
2025-11-09,CLI0300,6,visita institucional a la terminal
2024-03-06,CLI0301,8,la campaña de fresa ha ido genial
2024-09-05,CLI0301,10,puntualidad en el atraque
2024-10-23,CLI0301,8,puntualidad en el atraque
2025-03-21,CLI0301,10,excelente coordinación con la terminal
2025-06-23,CLI0301,8,excelente coordinación con la terminal
2025-08-27,CLI0301,10,muy buena atención comercial
2025-12-04,CLI0301,8,gran trabajo del equipo de estiba
2024-03-07,CLI0302,7,nuevo servicio semanal con Canarias
2024-05-13,CLI0302,8,puntualidad en el atraque
2024-07-10,CLI0302,8,puntualidad en el atraque
2025-03-18,CLI0302,8,puntualidad en el atraque
2024-02-11,CLI0303,9,cadena de frío perfecta
2024-05-15,CLI0303,10,rapidez en la descarga
2024-10-27,CLI0303,10,operativa impecable
2025-01-07,CLI0303,8,rapidez en la descarga
2025-05-26,CLI0303,8,gran trabajo del equipo de estiba
2025-09-11,CLI0303,5,esperas interminables en fondeo
2025-03-21,CLI0304,8,excelente coordinación con la terminal
2025-09-22,CLI0304,7,publicadas las tarifas del próximo año
2024-02-03,CLI0305,8,rapidez en la descarga
2024-06-10,CLI0305,6,publicadas las tarifas del próximo año
2024-08-19,CLI0305,8,operativa impecable
2024-11-27,CLI0305,5,otra vez sin fecha de atraque
2025-01-22,CLI0305,6,
2025-05-11,CLI0305,9,rapidez en la descarga
2025-07-04,CLI0305,7,
2025-12-24,CLI0305,8,cadena de frío perfecta
2024-01-08,CLI0306,10,cadena de frío perfecta
2024-06-04,CLI0306,10,excelente coordinación con la terminal
2024-09-09,CLI0306,9,muy buena atención comercial
2024-12-16,CLI0306,10,rapidez en la descarga
2025-07-18,CLI0306,9,excelente coordinación con la terminal
2025-11-12,CLI0306,10,muy buena atención comercial
2024-04-28,CLI0307,7,
2024-09-10,CLI0307,10,gran trabajo del equipo de estiba
2024-10-02,CLI0307,8,gran trabajo del equipo de estiba
2025-01-13,CLI0307,7,visita institucional a la terminal
2025-04-20,CLI0307,7,hoy atraca un nuevo portacontenedores
2025-09-20,CLI0307,8,excelente coordinación con la terminal
2024-04-06,CLI0308,10,excelente coordinación con la terminal
2024-08-20,CLI0308,8,muy buena atención comercial
2024-10-23,CLI0308,7,hoy atraca un nuevo portacontenedores
2025-03-25,CLI0308,8,rapidez en la descarga
2025-04-03,CLI0308,8,gran trabajo del equipo de estiba
2025-10-26,CLI0308,8,rapidez en la descarga
2024-03-11,CLI0309,8,operativa impecable
2024-09-16,CLI0309,9,gran trabajo del equipo de estiba
2024-12-03,CLI0309,8,muy buena atención comercial
2025-01-07,CLI0309,7,publicadas las tarifas del próximo año
2025-04-26,CLI0309,10,rapidez en la descarga
2025-08-06,CLI0309,6,hoy atraca un nuevo portacontenedores
2025-12-10,CLI0309,8,cadena de frío perfecta
2024-02-09,CLI0310,6,
2024-05-20,CLI0310,10,puntualidad en el atraque
2024-08-25,CLI0310,9,rapidez en la descarga
2024-12-25,CLI0310,9,excelente coordinación con la terminal
2025-09-04,CLI0310,9,muy buena atención comercial
2025-11-05,CLI0310,7,reunión sobre la ampliación del muelle sur
2024-02-05,CLI0311,8,la campaña de fresa ha ido genial
2024-05-22,CLI0311,6,reunión sobre la ampliación del muelle sur
2024-07-07,CLI0311,9,excelente coordinación con la terminal
2024-10-23,CLI0311,9,excelente coordinación con la terminal
2025-02-03,CLI0311,10,cadena de frío perfecta
2025-04-16,CLI0311,10,cadena de frío perfecta
2025-11-01,CLI0311,3,esperas interminables en fondeo
2024-01-19,CLI0312,8,cadena de frío perfecta
2024-05-28,CLI0312,8,operativa impecable
2024-08-04,CLI0312,10,muy buena atención comercial
2025-06-24,CLI0312,7,hoy atraca un nuevo portacontenedores
2025-09-18,CLI0312,6,
2025-12-25,CLI0312,4,esperas interminables en fondeo
2024-11-24,CLI0313,10,puntualidad en el atraque
2025-05-24,CLI0313,6,visita institucional a la terminal
2025-07-12,CLI0313,5,mala comunicación con la terminal
2025-12-21,CLI0313,7,publicadas las tarifas del próximo año
2024-03-07,CLI0314,8,rapidez en la descarga
2024-07-14,CLI0314,8,rapidez en la descarga
2025-08-20,CLI0314,8,cadena de frío perfecta
2024-03-01,CLI0315,7,hoy atraca un nuevo portacontenedores
2024-06-07,CLI0315,9,rapidez en la descarga
2024-09-01,CLI0315,9,operativa impecable
2024-12-12,CLI0315,10,excelente coordinación con la terminal
2025-03-16,CLI0315,9,muy buena atención comercial
2025-04-01,CLI0315,10,operativa impecable
2024-06-10,CLI0316,7,jornada técnica sobre digitalización portuaria
2025-03-06,CLI0316,6,nuevo servicio semanal con Canarias
2025-04-10,CLI0316,8,muy buena atención comercial
2025-07-01,CLI0316,9,puntualidad en el atraque
2024-04-03,CLI0317,5,mala comunicación con la terminal
2024-08-08,CLI0317,9,gran trabajo del equipo de estiba
2025-01-23,CLI0317,5,retrasos en la descarga de contenedores
2025-04-03,CLI0317,9,excelente coordinación con la terminal
2025-08-09,CLI0317,6,jornada técnica sobre digitalización portuaria
2024-01-09,CLI0318,8,excelente coordinación con la terminal
2024-04-21,CLI0318,9,operativa impecable
2025-01-26,CLI0318,4,servicio lento y caro
2025-05-13,CLI0318,8,excelente coordinación con la terminal
2025-07-22,CLI0318,7,
2025-10-03,CLI0318,7,reunión sobre la ampliación del muelle sur
2024-03-21,CLI0319,10,gran trabajo del equipo de estiba
2024-05-15,CLI0319,9,cadena de frío perfecta
2024-08-23,CLI0319,7,reunión sobre la ampliación del muelle sur
2024-11-23,CLI0319,10,gran trabajo del equipo de estiba
2025-03-21,CLI0319,8,operativa impecable
2025-06-10,CLI0319,9,cadena de frío perfecta
2025-12-10,CLI0319,9,gran trabajo del equipo de estiba
2024-02-14,CLI0320,10,muy buena atención comercial
2024-06-26,CLI0320,9,puntualidad en el atraque
2024-07-03,CLI0320,9,puntualidad en el atraque
2024-11-10,CLI0320,10,rapidez en la descarga
2025-06-22,CLI0320,6,reunión sobre la ampliación del muelle sur
2025-09-18,CLI0320,10,operativa impecable
2024-02-25,CLI0321,10,puntualidad en el atraque
2024-09-15,CLI0321,7,visita institucional a la terminal
2024-12-07,CLI0321,8,cadena de frío perfecta
2025-05-16,CLI0321,10,muy buena atención comercial
2025-07-03,CLI0321,7,hoy atraca un nuevo portacontenedores
2025-11-18,CLI0321,9,la campaña de fresa ha ido genial
2024-02-28,CLI0322,9,puntualidad en el atraque
2024-07-07,CLI0322,9,gran trabajo del equipo de estiba
2024-12-02,CLI0322,7,reunión sobre la ampliación del muelle sur
2025-05-01,CLI0322,7,jornada técnica sobre digitalización portuaria
2025-08-01,CLI0322,3,esperas interminables en fondeo
2024-05-03,CLI0323,10,rapidez en la descarga
2024-07-25,CLI0323,10,la campaña de fresa ha ido genial
2024-11-23,CLI0323,6,jornada técnica sobre digitalización portuaria
2025-09-28,CLI0323,9,rapidez en la descarga
2024-01-09,CLI0324,7,visita institucional a la terminal
2024-06-14,CLI0324,5,colas de camiones en la puerta
2024-09-18,CLI0324,7,publicadas las tarifas del próximo año
2024-10-07,CLI0324,8,la campaña de fresa ha ido genial
2025-02-19,CLI0324,10,muy buena atención comercial
2025-05-28,CLI0324,7,visita institucional a la terminal
2025-08-07,CLI0324,10,cadena de frío perfecta
2024-05-02,CLI0325,6,publicadas las tarifas del próximo año
2024-11-23,CLI0325,8,muy buena atención comercial
2025-03-03,CLI0325,10,excelente coordinación con la terminal
2025-09-05,CLI0325,9,gran trabajo del equipo de estiba
2025-11-24,CLI0325,8,muy buena atención comercial
2024-03-10,CLI0326,8,cadena de frío perfecta
2024-04-07,CLI0326,6,reunión sobre la ampliación del muelle sur
2024-07-28,CLI0326,8,gran trabajo del equipo de estiba
2024-10-28,CLI0326,7,nuevo servicio semanal con Canarias
2025-05-10,CLI0326,9,excelente coordinación con la terminal
2025-10-20,CLI0326,8,rapidez en la descarga
2024-01-23,CLI0327,10,rapidez en la descarga
2024-05-04,CLI0327,6,nuevo servicio semanal con Canarias
2024-07-16,CLI0327,10,puntualidad en el atraque
2024-10-16,CLI0327,9,operativa impecable
2025-02-16,CLI0327,7,jornada técnica sobre digitalización portuaria
2025-05-23,CLI0327,8,puntualidad en el atraque
2025-12-05,CLI0327,8,excelente coordinación con la terminal
2024-03-22,CLI0328,9,operativa impecable
2024-06-15,CLI0328,9,la campaña de fresa ha ido genial
2024-09-19,CLI0328,6,publicadas las tarifas del próximo año
2024-11-18,CLI0328,10,muy buena atención comercial
2025-03-16,CLI0328,6,jornada técnica sobre digitalización portuaria
2025-04-20,CLI0328,7,visita institucional a la terminal
2025-07-20,CLI0328,7,hoy atraca un nuevo portacontenedores
2025-10-21,CLI0328,5,la grúa vuelve a estar parada
2024-01-23,CLI0329,8,excelente coordinación con la terminal
2024-12-13,CLI0329,10,rapidez en la descarga
2025-05-03,CLI0329,10,excelente coordinación con la terminal
2024-02-03,CLI0330,9,rapidez en la descarga
2024-05-28,CLI0330,9,operativa impecable
2024-07-04,CLI0330,9,excelente coordinación con la terminal
2024-12-18,CLI0330,8,operativa impecable
2024-02-17,CLI0331,10,la campaña de fresa ha ido genial
2024-08-24,CLI0331,8,operativa impecable
2024-11-09,CLI0331,8,operativa impecable
2025-02-05,CLI0331,6,hoy atraca un nuevo portacontenedores
2025-06-12,CLI0331,9,muy buena atención comercial
2025-09-25,CLI0331,8,excelente coordinación con la terminal
2025-10-25,CLI0331,10,operativa impecable
2024-06-12,CLI0332,10,excelente coordinación con la terminal
2024-09-01,CLI0332,6,jornada técnica sobre digitalización portuaria
2024-11-11,CLI0332,7,visita institucional a la terminal
2025-03-17,CLI0332,10,puntualidad en el atraque
2025-06-12,CLI0332,8,rapidez en la descarga
2025-09-16,CLI0332,6,
2025-12-12,CLI0332,4,esperas interminables en fondeo
2024-02-15,CLI0333,8,gran trabajo del equipo de estiba
2024-09-03,CLI0333,9,puntualidad en el atraque
2024-11-12,CLI0333,9,cadena de frío perfecta
2025-03-04,CLI0333,6,visita institucional a la terminal
2025-04-13,CLI0333,7,
2025-08-24,CLI0333,5,mala comunicación con la terminal
2024-01-26,CLI0334,9,la campaña de fresa ha ido genial
2024-11-20,CLI0334,9,la campaña de fresa ha ido genial
2025-08-09,CLI0334,6,hoy atraca un nuevo portacontenedores
2025-12-14,CLI0334,9,muy buena atención comercial
2024-05-18,CLI0335,9,excelente coordinación con la terminal
2024-09-18,CLI0335,8,la campaña de fresa ha ido genial
2024-10-19,CLI0335,8,gran trabajo del equipo de estiba
2025-05-28,CLI0335,8,muy buena atención comercial
2025-09-26,CLI0335,6,reunión sobre la ampliación del muelle sur
2024-02-23,CLI0336,7,hoy atraca un nuevo portacontenedores
2024-06-18,CLI0336,9,rapidez en la descarga
2024-08-19,CLI0336,9,operativa impecable
2025-04-10,CLI0336,7,hoy atraca un nuevo portacontenedores
2025-09-11,CLI0336,8,la campaña de fresa ha ido genial
2025-11-21,CLI0336,7,hoy atraca un nuevo portacontenedores
2024-03-01,CLI0337,8,cadena de frío perfecta
2024-04-06,CLI0337,6,hoy atraca un nuevo portacontenedores
2024-12-13,CLI0337,8,gran trabajo del equipo de estiba
2025-01-25,CLI0337,8,puntualidad en el atraque
2025-09-25,CLI0337,7,visita institucional a la terminal
2025-10-10,CLI0337,5,retrasos en la descarga de contenedores
2024-04-20,CLI0338,8,excelente coordinación con la terminal
2024-08-27,CLI0338,7,nuevo servicio semanal con Canarias
2025-06-22,CLI0338,7,publicadas las tarifas del próximo año
2025-08-24,CLI0338,9,puntualidad en el atraque
2025-11-15,CLI0338,7,publicadas las tarifas del próximo año
2024-03-05,CLI0339,9,cadena de frío perfecta
2024-05-20,CLI0339,6,hoy atraca un nuevo portacontenedores
2024-11-20,CLI0339,8,puntualidad en el atraque
2025-06-06,CLI0339,9,cadena de frío perfecta
2025-09-23,CLI0339,7,jornada técnica sobre digitalización portuaria
2025-10-11,CLI0339,8,muy buena atención comercial
2024-04-21,CLI0340,5,otra vez sin fecha de atraque
2024-08-18,CLI0340,10,operativa impecable
2025-08-07,CLI0340,7,reunión sobre la ampliación del muelle sur
2025-10-02,CLI0340,10,excelente coordinación con la terminal
2025-01-12,CLI0341,9,puntualidad en el atraque
2024-05-12,CLI0342,6,reunión sobre la ampliación del muelle sur
2024-12-04,CLI0342,9,rapidez en la descarga
2025-06-10,CLI0342,9,cadena de frío perfecta
2025-08-25,CLI0342,7,
2025-10-01,CLI0342,10,la campaña de fresa ha ido genial
2024-03-13,CLI0343,6,visita institucional a la terminal
2024-05-25,CLI0343,6,reunión sobre la ampliación del muelle sur
2025-04-05,CLI0343,5,esperas interminables en fondeo
2024-03-20,CLI0344,9,cadena de frío perfecta
2024-08-26,CLI0344,10,la campaña de fresa ha ido genial
2024-12-16,CLI0344,8,puntualidad en el atraque
2025-03-25,CLI0344,7,publicadas las tarifas del próximo año
2025-08-27,CLI0344,9,la campaña de fresa ha ido genial
2024-03-08,CLI0345,10,rapidez en la descarga
2024-09-02,CLI0345,5,retrasos en la descarga de contenedores
2024-12-07,CLI0345,9,excelente coordinación con la terminal
2025-05-12,CLI0345,10,puntualidad en el atraque
2025-07-23,CLI0345,2,servicio lento y caro
2025-10-17,CLI0345,5,colas de camiones en la puerta
2024-02-13,CLI0346,6,nuevo servicio semanal con Canarias
2024-04-06,CLI0346,9,excelente coordinación con la terminal
2024-07-01,CLI0346,8,la campaña de fresa ha ido genial
2024-12-09,CLI0346,5,otra vez sin fecha de atraque
2025-03-07,CLI0346,8,la campaña de fresa ha ido genial
2025-05-26,CLI0346,7,nuevo servicio semanal con Canarias
2025-07-08,CLI0346,9,excelente coordinación con la terminal
2025-12-24,CLI0346,9,operativa impecable
2024-05-14,CLI0347,7,jornada técnica sobre digitalización portuaria
2024-08-15,CLI0347,9,cadena de frío perfecta
2024-10-27,CLI0347,7,nuevo servicio semanal con Canarias
2025-08-20,CLI0347,8,la campaña de fresa ha ido genial
2025-11-24,CLI0347,7,
2024-08-18,CLI0348,6,publicadas las tarifas del próximo año
2024-12-20,CLI0348,8,cadena de frío perfecta
2025-01-25,CLI0348,8,gran trabajo del equipo de estiba
2025-05-19,CLI0348,7,hoy atraca un nuevo portacontenedores
2025-09-16,CLI0348,7,
2024-01-13,CLI0349,8,excelente coordinación con la terminal
2024-09-16,CLI0349,7,jornada técnica sobre digitalización portuaria
2025-01-28,CLI0349,9,cadena de frío perfecta
2024-02-13,CLI0350,8,excelente coordinación con la terminal
2024-05-26,CLI0350,7,hoy atraca un nuevo portacontenedores
2024-07-14,CLI0350,9,muy buena atención comercial
2024-11-06,CLI0350,8,excelente coordinación con la terminal
2025-06-18,CLI0350,7,nuevo servicio semanal con Canarias
2025-07-07,CLI0350,9,excelente coordinación con la terminal
2025-11-09,CLI0350,9,gran trabajo del equipo de estiba
2024-05-20,CLI0351,8,puntualidad en el atraque
2024-08-11,CLI0351,10,excelente coordinación con la terminal
2024-12-14,CLI0351,7,
2025-04-18,CLI0351,7,nuevo servicio semanal con Canarias
2025-07-05,CLI0351,8,la campaña de fresa ha ido genial
2025-10-18,CLI0351,10,gran trabajo del equipo de estiba
2024-02-12,CLI0352,7,hoy atraca un nuevo portacontenedores
2024-09-06,CLI0352,8,muy buena atención comercial
2025-01-09,CLI0352,7,
2025-10-07,CLI0352,5,esperas interminables en fondeo
2024-02-21,CLI0353,8,operativa impecable
2024-06-01,CLI0353,10,operativa impecable
2024-08-23,CLI0353,8,cadena de frío perfecta
2025-04-28,CLI0353,7,jornada técnica sobre digitalización portuaria
2025-09-10,CLI0353,9,operativa impecable
2025-11-14,CLI0353,6,publicadas las tarifas del próximo año
2024-03-12,CLI0354,6,nuevo servicio semanal con Canarias
2024-09-09,CLI0354,7,publicadas las tarifas del próximo año
2024-11-07,CLI0354,9,cadena de frío perfecta
2025-02-06,CLI0354,7,nuevo servicio semanal con Canarias
2025-04-26,CLI0354,10,muy buena atención comercial
2025-08-28,CLI0354,10,la campaña de fresa ha ido genial
2025-12-20,CLI0354,9,gran trabajo del equipo de estiba
2024-03-06,CLI0355,7,
2024-05-23,CLI0355,8,excelente coordinación con la terminal
2025-01-18,CLI0355,9,gran trabajo del equipo de estiba
2025-05-25,CLI0355,8,puntualidad en el atraque
2025-09-05,CLI0355,10,cadena de frío perfecta
2025-12-26,CLI0355,9,rapidez en la descarga
2024-03-19,CLI0356,9,la campaña de fresa ha ido genial
2024-06-01,CLI0356,8,operativa impecable
2024-08-25,CLI0356,7,visita institucional a la terminal
2024-12-20,CLI0356,8,cadena de frío perfecta
2025-06-06,CLI0356,8,puntualidad en el atraque
2025-08-07,CLI0356,7,publicadas las tarifas del próximo año
2024-03-09,CLI0357,8,la campaña de fresa ha ido genial
2025-02-02,CLI0357,7,publicadas las tarifas del próximo año
2025-06-22,CLI0357,10,puntualidad en el atraque
2025-12-02,CLI0357,8,operativa impecable
2024-04-20,CLI0358,8,puntualidad en el atraque
2024-08-27,CLI0358,7,publicadas las tarifas del próximo año
2025-08-23,CLI0358,5,colas de camiones en la puerta
2024-06-27,CLI0359,8,operativa impecable
2024-09-18,CLI0359,4,mala comunicación con la terminal
2024-12-22,CLI0359,9,la campaña de fresa ha ido genial
2025-03-28,CLI0359,10,rapidez en la descarga
2025-08-07,CLI0359,10,operativa impecable
2025-10-24,CLI0359,10,gran trabajo del equipo de estiba
2024-04-09,CLI0360,9,gran trabajo del equipo de estiba
2024-11-09,CLI0360,7,nuevo servicio semanal con Canarias
2025-01-24,CLI0360,7,visita institucional a la terminal
2025-04-09,CLI0360,10,operativa impecable
2025-08-06,CLI0360,6,nuevo servicio semanal con Canarias
2025-11-16,CLI0360,7,visita institucional a la terminal
2024-02-12,CLI0361,10,gran trabajo del equipo de estiba
2024-04-25,CLI0361,9,muy buena atención comercial
2025-05-11,CLI0361,9,excelente coordinación con la terminal
2025-07-27,CLI0361,9,rapidez en la descarga
2024-01-02,CLI0362,5,otra vez sin fecha de atraque
2024-06-03,CLI0362,9,rapidez en la descarga
2024-07-06,CLI0362,10,la campaña de fresa ha ido genial
2024-10-10,CLI0362,9,cadena de frío perfecta
2025-01-02,CLI0362,7,reunión sobre la ampliación del muelle sur
2025-07-28,CLI0362,3,esperas interminables en fondeo
2025-10-17,CLI0362,1,perdimos la conexión del reefer
2024-02-22,CLI0363,10,gran trabajo del equipo de estiba
2024-06-19,CLI0363,10,cadena de frío perfecta
2024-09-08,CLI0363,8,rapidez en la descarga
2025-04-13,CLI0363,7,publicadas las tarifas del próximo año
2025-08-09,CLI0363,7,publicadas las tarifas del próximo año
2025-10-25,CLI0363,6,reunión sobre la ampliación del muelle sur
2024-11-18,CLI0364,10,operativa impecable
2025-01-17,CLI0364,9,operativa impecable
2025-06-14,CLI0364,5,mala comunicación con la terminal
2025-09-04,CLI0364,9,cadena de frío perfecta
2025-10-16,CLI0364,6,
2024-01-20,CLI0365,9,muy buena atención comercial
2024-05-27,CLI0365,10,cadena de frío perfecta
2024-08-18,CLI0365,10,operativa impecable
2025-04-19,CLI0365,9,excelente coordinación con la terminal
2025-08-01,CLI0365,7,visita institucional a la terminal
2024-05-16,CLI0366,10,muy buena atención comercial
2024-09-25,CLI0366,8,gran trabajo del equipo de estiba
2024-11-17,CLI0366,9,puntualidad en el atraque
2025-04-11,CLI0366,6,jornada técnica sobre digitalización portuaria
2025-07-09,CLI0366,4,servicio lento y caro
2025-10-27,CLI0366,7,reunión sobre la ampliación del muelle sur
2024-09-27,CLI0367,8,excelente coordinación con la terminal
2024-12-10,CLI0367,10,gran trabajo del equipo de estiba
2025-02-15,CLI0367,10,gran trabajo del equipo de estiba
2025-06-05,CLI0367,9,puntualidad en el atraque
2025-08-08,CLI0367,5,retrasos en la descarga de contenedores
2024-05-21,CLI0368,9,rapidez en la descarga
2024-12-08,CLI0368,9,la campaña de fresa ha ido genial
2025-03-28,CLI0368,5,retrasos en la descarga de contenedores
2025-06-02,CLI0368,6,hoy atraca un nuevo portacontenedores
2025-10-28,CLI0368,7,reunión sobre la ampliación del muelle sur
2024-01-28,CLI0369,7,nuevo servicio semanal con Canarias
2024-05-09,CLI0369,8,puntualidad en el atraque
2024-09-27,CLI0369,7,hoy atraca un nuevo portacontenedores
2024-12-06,CLI0369,6,nuevo servicio semanal con Canarias
2025-02-16,CLI0369,8,muy buena atención comercial
2025-04-12,CLI0369,9,rapidez en la descarga
2025-12-07,CLI0369,8,gran trabajo del equipo de estiba
2024-08-03,CLI0370,7,jornada técnica sobre digitalización portuaria
2024-12-27,CLI0370,10,rapidez en la descarga
2025-12-27,CLI0370,6,visita institucional a la terminal
2024-02-06,CLI0371,10,muy buena atención comercial
2024-06-04,CLI0371,7,nuevo servicio semanal con Canarias
2024-09-01,CLI0371,8,operativa impecable
2025-02-06,CLI0371,9,muy buena atención comercial
2025-07-15,CLI0371,5,mala comunicación con la terminal
2025-10-18,CLI0371,5,retrasos en la descarga de contenedores
2024-05-23,CLI0372,8,rapidez en la descarga
2025-01-03,CLI0372,9,excelente coordinación con la terminal
2025-12-01,CLI0372,8,muy buena atención comercial
2024-01-07,CLI0373,8,cadena de frío perfecta
2024-08-05,CLI0373,6,visita institucional a la terminal
2025-03-12,CLI0373,7,jornada técnica sobre digitalización portuaria
2025-05-07,CLI0373,5,servicio lento y caro
2025-08-22,CLI0373,8,gran trabajo del equipo de estiba
2024-02-26,CLI0374,7,visita institucional a la terminal
2024-04-01,CLI0374,8,puntualidad en el atraque
2024-12-04,CLI0374,8,rapidez en la descarga
2025-03-03,CLI0374,8,cadena de frío perfecta
2025-04-13,CLI0374,9,operativa impecable
2025-08-18,CLI0374,9,operativa impecable
2025-10-22,CLI0374,8,muy buena atención comercial
2024-04-13,CLI0375,6,visita institucional a la terminal
2024-07-23,CLI0375,7,visita institucional a la terminal
2025-01-16,CLI0375,8,gran trabajo del equipo de estiba
2025-07-18,CLI0375,10,excelente coordinación con la terminal
2025-11-26,CLI0375,10,excelente coordinación con la terminal
2024-08-16,CLI0376,9,la campaña de fresa ha ido genial
2025-07-10,CLI0376,9,cadena de frío perfecta
2025-10-23,CLI0376,7,visita institucional a la terminal
2024-09-04,CLI0377,6,hoy atraca un nuevo portacontenedores
2024-12-19,CLI0377,9,operativa impecable
2025-02-08,CLI0377,10,rapidez en la descarga
2025-05-22,CLI0377,10,cadena de frío perfecta
2025-09-24,CLI0377,3,otra vez sin fecha de atraque
2024-03-10,CLI0378,9,puntualidad en el atraque
2024-08-07,CLI0378,10,operativa impecable
2024-10-09,CLI0378,8,gran trabajo del equipo de estiba
2025-02-16,CLI0378,8,puntualidad en el atraque
2025-06-18,CLI0378,9,gran trabajo del equipo de estiba
2025-07-22,CLI0378,10,rapidez en la descarga
2024-04-12,CLI0379,7,publicadas las tarifas del próximo año
2024-09-02,CLI0379,10,muy buena atención comercial
2025-04-23,CLI0379,9,rapidez en la descarga
2025-08-20,CLI0379,9,rapidez en la descarga
2025-10-08,CLI0379,8,excelente coordinación con la terminal
2024-03-09,CLI0380,6,jornada técnica sobre digitalización portuaria
2024-04-01,CLI0380,7,
2024-08-02,CLI0380,8,la campaña de fresa ha ido genial
2024-10-20,CLI0380,8,muy buena atención comercial
2025-01-22,CLI0380,9,rapidez en la descarga
2025-04-11,CLI0380,8,muy buena atención comercial
2025-11-18,CLI0380,7,reunión sobre la ampliación del muelle sur
2024-05-06,CLI0381,8,rapidez en la descarga
2024-07-11,CLI0381,10,operativa impecable
2024-12-26,CLI0381,6,nuevo servicio semanal con Canarias
2025-04-14,CLI0381,8,puntualidad en el atraque
2025-10-17,CLI0381,4,perdimos la conexión del reefer
2024-06-01,CLI0382,7,
2025-02-01,CLI0382,10,operativa impecable
2025-08-27,CLI0382,5,perdimos la conexión del reefer
2024-06-24,CLI0383,9,cadena de frío perfecta
2024-08-22,CLI0383,7,jornada técnica sobre digitalización portuaria
2024-12-03,CLI0383,6,publicadas las tarifas del próximo año
2025-03-24,CLI0383,8,excelente coordinación con la terminal
2025-05-08,CLI0383,9,operativa impecable
2025-09-18,CLI0383,6,nuevo servicio semanal con Canarias
2025-12-26,CLI0383,8,cadena de frío perfecta
2024-06-28,CLI0384,10,puntualidad en el atraque
2024-12-03,CLI0384,8,operativa impecable
2025-06-20,CLI0384,9,la campaña de fresa ha ido genial
2025-07-22,CLI0384,9,gran trabajo del equipo de estiba
2025-11-24,CLI0384,10,puntualidad en el atraque
2024-01-17,CLI0385,7,reunión sobre la ampliación del muelle sur
2025-03-01,CLI0385,8,cadena de frío perfecta
2025-05-26,CLI0385,7,publicadas las tarifas del próximo año
2025-07-22,CLI0385,7,reunión sobre la ampliación del muelle sur
2024-10-27,CLI0386,10,excelente coordinación con la terminal
2025-03-16,CLI0386,8,operativa impecable
2025-11-10,CLI0386,7,hoy atraca un nuevo portacontenedores
2024-03-28,CLI0387,10,rapidez en la descarga
2024-04-12,CLI0387,5,retrasos en la descarga de contenedores
2024-09-08,CLI0387,9,cadena de frío perfecta
2024-10-03,CLI0387,10,puntualidad en el atraque
2025-02-15,CLI0387,9,gran trabajo del equipo de estiba
2025-12-25,CLI0387,6,hoy atraca un nuevo portacontenedores
2024-04-19,CLI0388,7,publicadas las tarifas del próximo año
2024-08-04,CLI0388,8,operativa impecable
2024-11-10,CLI0388,9,muy buena atención comercial
2025-03-05,CLI0388,8,excelente coordinación con la terminal
2025-06-04,CLI0388,7,jornada técnica sobre digitalización portuaria
2025-11-12,CLI0388,2,mala comunicación con la terminal
2024-03-25,CLI0389,9,muy buena atención comercial
2024-04-25,CLI0389,8,excelente coordinación con la terminal
2024-10-03,CLI0389,6,
2025-06-15,CLI0389,7,reunión sobre la ampliación del muelle sur
2025-07-17,CLI0389,9,cadena de frío perfecta
2025-10-28,CLI0389,8,rapidez en la descarga
2024-01-02,CLI0390,7,nuevo servicio semanal con Canarias
2025-05-21,CLI0390,9,gran trabajo del equipo de estiba
2025-08-27,CLI0390,8,muy buena atención comercial
2025-12-12,CLI0390,7,publicadas las tarifas del próximo año
2024-08-16,CLI0391,8,operativa impecable
2024-10-10,CLI0391,10,puntualidad en el atraque
2025-01-01,CLI0391,7,
2025-04-22,CLI0391,9,rapidez en la descarga
2025-11-27,CLI0391,7,
2024-03-19,CLI0392,7,nuevo servicio semanal con Canarias
2024-09-06,CLI0392,8,cadena de frío perfecta
2024-10-06,CLI0392,10,muy buena atención comercial
2025-03-20,CLI0392,9,rapidez en la descarga
2025-11-20,CLI0392,9,rapidez en la descarga
2024-03-22,CLI0393,10,gran trabajo del equipo de estiba
2024-05-04,CLI0393,6,reunión sobre la ampliación del muelle sur
2024-07-05,CLI0393,9,muy buena atención comercial
2024-10-23,CLI0393,8,cadena de frío perfecta
2025-05-14,CLI0393,6,nuevo servicio semanal con Canarias
2024-03-16,CLI0394,7,visita institucional a la terminal
2024-04-09,CLI0394,9,muy buena atención comercial
2024-11-27,CLI0394,9,gran trabajo del equipo de estiba
2025-01-13,CLI0394,8,gran trabajo del equipo de estiba
2025-09-26,CLI0394,6,visita institucional a la terminal
2025-11-01,CLI0394,9,rapidez en la descarga
2024-02-14,CLI0395,9,cadena de frío perfecta
2024-05-12,CLI0395,7,jornada técnica sobre digitalización portuaria
2024-10-10,CLI0395,7,
2025-06-20,CLI0395,9,cadena de frío perfecta
2024-04-27,CLI0396,8,rapidez en la descarga
2024-08-07,CLI0396,8,gran trabajo del equipo de estiba
2024-11-10,CLI0396,9,puntualidad en el atraque
2025-04-03,CLI0396,10,cadena de frío perfecta
2025-08-27,CLI0396,7,reunión sobre la ampliación del muelle sur
2024-01-16,CLI0397,10,excelente coordinación con la terminal
2024-10-19,CLI0397,8,puntualidad en el atraque
2025-02-17,CLI0397,9,gran trabajo del equipo de estiba
2025-06-21,CLI0397,10,la campaña de fresa ha ido genial
2025-12-14,CLI0397,8,muy buena atención comercial
2024-09-27,CLI0398,7,reunión sobre la ampliación del muelle sur
2024-11-04,CLI0398,7,visita institucional a la terminal
2025-02-23,CLI0398,8,operativa impecable
2025-05-06,CLI0398,9,operativa impecable
2024-09-14,CLI0399,8,rapidez en la descarga
2025-05-19,CLI0399,7,nuevo servicio semanal con Canarias
2025-09-21,CLI0399,9,puntualidad en el atraque
2025-11-14,CLI0399,8,excelente coordinación con la terminal
2024-02-10,CLI0400,9,rapidez en la descarga
2024-06-06,CLI0400,8,rapidez en la descarga
2024-07-07,CLI0400,8,operativa impecable
2024-11-25,CLI0400,6,visita institucional a la terminal
2025-07-04,CLI0400,4,otra vez sin fecha de atraque
2025-11-02,CLI0400,5,retrasos en la descarga de contenedores
